region;response;run;contrast_type;frac_area;PF_minus_SF_early;PF_minus_SF_intermediate;PF_minus_SF_advanced
CBA;Temp;1;Spatially adjusted;0,01;-0,169745183887372;-0,169394773901402;-0,210964985687998
CBA;Temp;1;Spatially adjusted;0,0302040816326531;-0,16543498271173;-0,165760625641653;-0,204988097147584
CBA;Temp;1;Spatially adjusted;0,0504081632653061;-0,161062942445369;-0,162068627083272;-0,198965520268011
CBA;Temp;1;Spatially adjusted;0,0706122448979592;-0,156567223997534;-0,158260927927635;-0,192851566710115
CBA;Temp;1;Spatially adjusted;0,0908163265306122;-0,151885988277503;-0,154279677876108;-0,186600548134731
CBA;Temp;1;Spatially adjusted;0,111020408163265;-0,146957396194555;-0,150067026630058;-0,1801667762027
CBA;Temp;1;Spatially adjusted;0,131224489795918;-0,141719608657944;-0,145565123890865;-0,173504562574863
CBA;Temp;1;Spatially adjusted;0,151428571428571;-0,136110786576943;-0,140716119359894;-0,166568218912055
CBA;Temp;1;Spatially adjusted;0,171632653061224;-0,130069090860829;-0,135462162738509;-0,159312056875113
CBA;Temp;1;Spatially adjusted;0,191836734693878;-0,123532682418851;-0,129745403728091;-0,15169038812488
CBA;Temp;1;Spatially adjusted;0,212040816326531;-0,116439722160298;-0,123507992030003;-0,14365752432219
CBA;Temp;1;Spatially adjusted;0,232244897959184;-0,108728370994427;-0,116692077345618;-0,135167777127883
CBA;Temp;1;Spatially adjusted;0,252448979591837;-0,100336789830518;-0,109239809376309;-0,126175458202795
CBA;Temp;1;Spatially adjusted;0,27265306122449;-0,0912031395778214;-0,101093337823439;-0,116634879207769
CBA;Temp;1;Spatially adjusted;0,292857142857143;-0,0812655811456189;-0,0921948123883851;-0,106500351803643
CBA;Temp;1;Spatially adjusted;0,313061224489796;-0,0704622754431767;-0,0824863827725118;-0,0957261876512483
CBA;Temp;1;Spatially adjusted;0,333265306122449;-0,058731383379758;-0,0719101986771982;-0,084266698411426
CBA;Temp;1;Spatially adjusted;0,353469387755102;-0,046045824111232;-0,0604411197513919;-0,072103120360655
CBA;Temp;1;Spatially adjusted;0,373673469387755;-0,0325175497798362;-0,0481848454343918;-0,0593243882379149
CBA;Temp;1;Spatially adjusted;0,393877551020408;-0,018293270774393;-0,0352797851130831;-0,0460463613978419
CBA;Temp;1;Spatially adjusted;0,414081632653061;-0,00351969748373548;-0,0218643481743506;-0,0323848991950548
CBA;Temp;1;Spatially adjusted;0,434285714285714;0,0116564597032998;-0,00807694400507586;-0,0184558609841829
CBA;Temp;1;Spatially adjusted;0,454489795918367;0,0270884903978903;0,0059440180078596;-0,00437510611984848
CBA;Temp;1;Spatially adjusted;0,47469387755102;0,0426296842112066;0,0200601284775672;0,00974150604331925
CBA;Temp;1;Spatially adjusted;0,494897959183674;0,058133330754405;0,0341329780171691;0,0237781161506945
CBA;Temp;1;Spatially adjusted;0,515102040816327;0,0734527196386701;0,0480241572397766;0,0376188648476585
CBA;Temp;1;Spatially adjusted;0,53530612244898;0,0884411404751617;0,0615952567585083;0,0511478927795821
CBA;Temp;1;Spatially adjusted;0,555510204081633;0,102951882875058;0,0747078671864863;0,0642493405918394
CBA;Temp;1;Spatially adjusted;0,575714285714286;0,116838236449524;0,0872235791368183;0,0768073489298047
CBA;Temp;1;Spatially adjusted;0,595918367346939;0,129953490809729;0,0990039832226266;0,0887060584388522
CBA;Temp;1;Spatially adjusted;0,616122448979592;0,142150935566839;0,10991067005703;0,0998296097643561
CBA;Temp;1;Spatially adjusted;0,636326530612245;0,153283860332039;0,119805230253132;0,110062143551698
CBA;Temp;1;Spatially adjusted;0,656530612244898;0,16320555471648;0,128549254424065;0,119287800446244
CBA;Temp;1;Spatially adjusted;0,676734693877551;0,171769308331339;0,136004333182939;0,127390721093374
CBA;Temp;1;Spatially adjusted;0,696938775510204;0,178868535968828;0,142069993653173;0,134287258068415
CBA;Temp;1;Spatially adjusted;0,717142857142857;0,184557153145306;0,146797508999395;0,140022611666542
CBA;Temp;1;Spatially adjusted;0,73734693877551;0,188929200558167;0,150276088896547;0,144674194112884
CBA;Temp;1;Spatially adjusted;0,757551020408163;0,192078718904824;0,152594943019558;0,148319417632564
CBA;Temp;1;Spatially adjusted;0,777755102040816;0,194099748882675;0,153843281043358;0,151035694450712
CBA;Temp;1;Spatially adjusted;0,797959183673469;0,195086331189113;0,154110312642889;0,152900436792454
CBA;Temp;1;Spatially adjusted;0,818163265306122;0,195132506521546;0,15348524749308;0,153991056882919
CBA;Temp;1;Spatially adjusted;0,838367346938776;0,194332315577366;0,152057295268868;0,154384966947234
CBA;Temp;1;Spatially adjusted;0,858571428571429;0,192779799053991;0,149915665645185;0,154159579210528
CBA;Temp;1;Spatially adjusted;0,878775510204082;0,190568997648803;0,14714956829696;0,153392305897928
CBA;Temp;1;Spatially adjusted;0,898979591836735;0,187793952059213;0,143848212899137;0,152160559234563
CBA;Temp;1;Spatially adjusted;0,919183673469388;0,184548702982621;0,140100809126636;0,150541751445555
CBA;Temp;1;Spatially adjusted;0,939387755102041;0,180927291116422;0,135996566654409;0,148613294756039
CBA;Temp;1;Spatially adjusted;0,959591836734694;0,177023757158025;0,131624695157377;0,146452601391143
CBA;Temp;1;Spatially adjusted;0,979795918367347;0,172932141804825;0,127074404310473;0,144137083575988
CBA;Temp;1;Spatially adjusted;1;0,168746485754223;0,122434903788641;0,141744153535708
CBA;Temp;1;Current landscape;0,0269597321748734;-0,153925502413362;-0,182290473654675;-0,326984928236225
CBA;Temp;1;Current landscape;0,072057418525219;0,202732807665456;0,120551069007188;-0,101856851359845
CBA;Temp;1;Current landscape;0,130162566900253;0,153436533347552;0,00898256910360118;-0,248352018999331
CBA;Temp;1;Current landscape;0,175811246037483;0,0615765883282897;-0,0285349670137762;-0,357174235072055
CBA;Temp;1;Current landscape;0,225277200341225;-0,0429474483716028;-0,0260293412990258;-0,278533002638298
CBA;Temp;1;Current landscape;0,275228291749954;0,0778773707212679;-0,0259902737143243;-0,274497635685368
CBA;Temp;1;Current landscape;0,323820769786835;0,00184453222702174;-0,118645621416075;-0,361660898580688
CBA;Temp;1;Current landscape;0,374434590339661;-0,00230481193099763;-0,141191866018584;-0,410730485325971
CBA;Temp;1;Current landscape;0,425799459218979;0,141562550100353;0,0479148661638185;-0,228793815986311
CBA;Temp;1;Current landscape;0,474281787872314;-0,0418310718617931;-0,0542253705734552;-0,397292695900529
CBA;Temp;1;Current landscape;0,527213603258133;-0,0291079008097732;0,00947997743397977;-0,294606465452677
CBA;Temp;1;Current landscape;0,574741840362549;-0,216179728623089;-0,0710209017837009;-0,401022701481836
CBA;Temp;1;Current landscape;0,625683009624481;0,130124951718749;0,181174966786408;-0,136907644688218
CBA;Temp;1;Current landscape;0,675532698631287;-0,170516285828327;-0,0326472349814893;-0,237935757242219
CBA;Temp;1;Current landscape;0,723317801952362;-0,200991868073984;-0,072229577221929;-0,318527356154377
CBA;Temp;1;Current landscape;0,774782598018646;-0,119615367769395;0,0347661615322892;-0,299176581323177
CBA;Temp;1;Current landscape;0,824866652488709;0,21674672399714;0,32051129085918;-0,102231950152735
CBA;Temp;1;Current landscape;0,876155853271484;0,278193160937665;-0,00138417587833928;-0,318288747632373
CBA;Temp;1;Current landscape;0,925547868013382;-0,23061437110168;0,103855513868002;-0,102243414914522
CBA;Temp;1;Current landscape;1;0,00785809982838615;-0,262896240049152;-0,474665968230262
CBA;Temp;2;Spatially adjusted;0,01;-0,151072899365751;-0,144071806564394;-0,180241310776903
CBA;Temp;2;Spatially adjusted;0,0302040816326531;-0,147337370191817;-0,142671083087581;-0,177345338283413
CBA;Temp;2;Spatially adjusted;0,0504081632653061;-0,143540109196469;-0,14119860727244;-0,174383330009245
CBA;Temp;2;Spatially adjusted;0,0706122448979592;-0,139619384558284;-0,139582626780619;-0,171289250173711
CBA;Temp;2;Spatially adjusted;0,0908163265306122;-0,135513464455862;-0,137751389273795;-0,167997062996143
CBA;Temp;2;Spatially adjusted;0,111020408163265;-0,131160617067778;-0,135633142413631;-0,164440732695851
CBA;Temp;2;Spatially adjusted;0,131224489795918;-0,126499110572617;-0,133156133861789;-0,160554223492159
CBA;Temp;2;Spatially adjusted;0,151428571428571;-0,121467213148968;-0,130248611279931;-0,156271499604387
CBA;Temp;2;Spatially adjusted;0,171632653061224;-0,11600319297542;-0,126838822329727;-0,151526525251853
CBA;Temp;2;Spatially adjusted;0,191836734693878;-0,110045318230551;-0,12285501467284;-0,146253264653879
CBA;Temp;2;Spatially adjusted;0,212040816326531;-0,103531857092943;-0,118225435970935;-0,14038568202978
CBA;Temp;2;Spatially adjusted;0,232244897959184;-0,0964010777411879;-0,112878333885671;-0,133857741598884
CBA;Temp;2;Spatially adjusted;0,252448979591837;-0,0885912483538718;-0,106741956078722;-0,126603407580507
CBA;Temp;2;Spatially adjusted;0,27265306122449;-0,0800406371095797;-0,0997445502117422;-0,118556644193969
CBA;Temp;2;Spatially adjusted;0,292857142857143;-0,0706875121868933;-0,0918143639464049;-0,10965141565859
CBA;Temp;2;Spatially adjusted;0,313061224489796;-0,0604701417643945;-0,0828796449443665;-0,0998216861936854
CBA;Temp;2;Spatially adjusted;0,333265306122449;-0,0493267940206756;-0,0728686408673021;-0,0890014200185796
CBA;Temp;2;Spatially adjusted;0,353469387755102;-0,0372305562066479;-0,0617491379122086;-0,0771608394873411
CBA;Temp;2;Spatially adjusted;0,373673469387755;-0,0242937918625294;-0,0496470764174468;-0,0644151994929985
CBA;Temp;2;Spatially adjusted;0,393877551020408;-0,0106636836008711;-0,0367279352567209;-0,0509160130633362
CBA;Temp;2;Spatially adjusted;0,414081632653061;0,00351258596577608;-0,0231571933037351;-0,0368147932261316
CBA;Temp;2;Spatially adjusted;0,434285714285714;0,0180878342248647;-0,00910032943218653;-0,0222630530091728
CBA;Temp;2;Spatially adjusted;0,454489795918367;0,0329148785638367;0,00527717748421352;-0,00741230544023708
CBA;Temp;2;Spatially adjusted;0,47469387755102;0,0478465363701517;0,019809848571775;0,00758593645289452
CBA;Temp;2;Spatially adjusted;0,494897959183674;0,0627356250312587;0,0343322049567867;0,0225801596424411
CBA;Temp;2;Spatially adjusted;0,515102040816327;0,0774349619346104;0,0486787677655549;0,0374188511006217
CBA;Temp;2;Spatially adjusted;0,53530612244898;0,0917973644676451;0,0626840581243684;0,0519504977996554
CBA;Temp;2;Spatially adjusted;0,555510204081633;0,105675650017826;0,0761825971595371;0,0660235867117578
CBA;Temp;2;Spatially adjusted;0,575714285714286;0,118922635972599;0,0890089059973462;0,0794866048091585
CBA;Temp;2;Spatially adjusted;0,595918367346939;0,131391139719415;0,100997505764099;0,0921880390640624
CBA;Temp;2;Spatially adjusted;0,616122448979592;0,142933978645729;0,111982917586097;0,103976376448696
CBA;Temp;2;Spatially adjusted;0,636326530612245;0,153403970138978;0,121799662589634;0,114700103935277
CBA;Temp;2;Spatially adjusted;0,656530612244898;0,162653931586629;0,130282261901009;0,124207708496023
CBA;Temp;2;Spatially adjusted;0,676734693877551;0,170536680376117;0,13726523664652;0,132347677103155
CBA;Temp;2;Spatially adjusted;0,696938775510204;0,176945339281065;0,142628032592246;0,13900957336875
CBA;Temp;2;Spatially adjusted;0,717142857142857;0,181934252619726;0,14642979406338;0,144247267464284
CBA;Temp;2;Spatially adjusted;0,73734693877551;0,185598070096521;0,148774590024892;0,148155706201095
CBA;Temp;2;Spatially adjusted;0,757551020408163;0,188031441415866;0,149766489441756;0,150829836390521
CBA;Temp;2;Spatially adjusted;0,777755102040816;0,189329016282183;0,149509561278947;0,152364604843907
CBA;Temp;2;Spatially adjusted;0,797959183673469;0,189585444399889;0,148107874501441;0,152854958372579
CBA;Temp;2;Spatially adjusted;0,818163265306122;0,188895375473408;0,145665498074202;0,152395843787879
CBA;Temp;2;Spatially adjusted;0,838367346938776;0,187353459207152;0,142286500962211;0,151082207901144
CBA;Temp;2;Spatially adjusted;0,858571428571429;0,185054345305545;0,138074952130435;0,149008997523712
CBA;Temp;2;Spatially adjusted;0,878775510204082;0,182092683473005;0,133134920543849;0,14627115946692
CBA;Temp;2;Spatially adjusted;0,898979591836735;0,178563123413948;0,127570475167424;0,142963640542103
CBA;Temp;2;Spatially adjusted;0,919183673469388;0,174560314832799;0,121485684966139;0,139181387560601
CBA;Temp;2;Spatially adjusted;0,939387755102041;0,170178907433968;0,114984618904959;0,135019347333749
CBA;Temp;2;Spatially adjusted;0,959591836734694;0,165513550921883;0,108171345948861;0,130572466672888
CBA;Temp;2;Spatially adjusted;0,979795918367347;0,16065889500096;0,101149935062818;0,125935692389351
CBA;Temp;2;Spatially adjusted;1;0,155709589375618;0,0940244552118052;0,121203971294477
CBA;Temp;2;Current landscape;0,0277646463364363;0,166845445119435;0,290705066205522;0,168592848342762
CBA;Temp;2;Current landscape;0,0723076909780502;0,230908281510178;0,10778478554079;-0,232866278911214
CBA;Temp;2;Current landscape;0,129118263721466;0,00319080743004463;-0,114595495272287;-0,359972945377159
CBA;Temp;2;Current landscape;0,178754806518555;0,0515381895288769;-0,0834274927143781;-0,36579893951436
CBA;Temp;2;Current landscape;0,226354718208313;-0,0130996794425577;-0,0708134648693104;-0,323378668986624
CBA;Temp;2;Current landscape;0,275489389896393;0,000145083284827763;-0,0673738508502737;-0,325297910531731
CBA;Temp;2;Current landscape;0,323196053504944;-0,0946846793552503;-0,149619906254458;-0,39432125176501
CBA;Temp;2;Current landscape;0,373382091522217;0,103818303634725;-0,0980299727553557;-0,314301743775413
CBA;Temp;2;Current landscape;0,427091956138611;0,191197828478657;-0,0597030356714967;-0,200580098362646
CBA;Temp;2;Current landscape;0,474190831184387;0,0434117421507629;-0,0402773292267931;-0,315778020809876
CBA;Temp;2;Current landscape;0,522423386573792;-0,0628811119380508;0,00359493924227294;-0,251872701054126
CBA;Temp;2;Current landscape;0,573881804943085;-0,121770368833488;0,0591586495060419;-0,314958358077842
CBA;Temp;2;Current landscape;0,624649375677109;0,11209372581439;0,184586813799655;-0,140442040353211
CBA;Temp;2;Current landscape;0,676104366779327;-0,153158322622428;0,0444855583683719;-0,223099070528345
CBA;Temp;2;Current landscape;0,725155651569366;-0,214805795148703;-0,156373493020972;-0,375572651568994
CBA;Temp;2;Current landscape;0,769977271556854;-0,252114500871578;-0,0809901707165182;-0,426054598753776
CBA;Temp;2;Current landscape;0,827952265739441;0,0962494374898597;0,199939976285734;-0,222452800703664
CBA;Temp;2;Current landscape;0,874947279691696;0,287381422219543;0,00407560612224955;-0,311189938493833
CBA;Temp;2;Current landscape;0,926777124404907;-0,273265253444688;0,051733960625576;-0,150101338054736
CBA;Temp;2;Current landscape;1;-0,0590164745155732;-0,342564439655913;-0,548943139270143
CBA;Temp;3;Spatially adjusted;0,01;-0,173132364719525;-0,165912702584581;-0,181785373927418
CBA;Temp;3;Spatially adjusted;0,0302040816326531;-0,167655453181606;-0,163122138073231;-0,178938047216842
CBA;Temp;3;Spatially adjusted;0,0504081632653061;-0,162126475365124;-0,160269658570314;-0,176024192662563
CBA;Temp;3;Spatially adjusted;0,0706122448979592;-0,156493364991508;-0,157293349084267;-0,172977282420863
CBA;Temp;3;Spatially adjusted;0,0908163265306122;-0,150704055782196;-0,154131294623518;-0,169730788648042
CBA;Temp;3;Spatially adjusted;0,111020408163265;-0,144706481458623;-0,15072158019651;-0,166218183500384
CBA;Temp;3;Spatially adjusted;0,131224489795918;-0,13844857574222;-0,147002290811667;-0,162372939134187
CBA;Temp;3;Spatially adjusted;0,151428571428571;-0,13187827235442;-0,142911511477429;-0,158128527705745
CBA;Temp;3;Spatially adjusted;0,171632653061224;-0,12494350501666;-0,138387327202228;-0,153418421371342
CBA;Temp;3;Spatially adjusted;0,191836734693878;-0,117592207450379;-0,133367822994501;-0,148176092287279
CBA;Temp;3;Spatially adjusted;0,212040816326531;-0,109772313377;-0,127791083862675;-0,142335012609838
CBA;Temp;3;Spatially adjusted;0,232244897959184;-0,101431756517968;-0,121595194815189;-0,135828654495317
CBA;Temp;3;Spatially adjusted;0,252448979591837;-0,0925184705947082;-0,11471824086048;-0,128590490100009
CBA;Temp;3;Spatially adjusted;0,27265306122449;-0,0829803893286645;-0,107098307006975;-0,120553991580206
CBA;Temp;3;Spatially adjusted;0,292857142857143;-0,0727654464412595;-0,0986734782631089;-0,111652631092191
CBA;Temp;3;Spatially adjusted;0,313061224489796;-0,0618215756539371;-0,0893818396373227;-0,101819880792267
CBA;Temp;3;Spatially adjusted;0,333265306122449;-0,0500967106881269;-0,0791614761380437;-0,0909892128367211
CBA;Temp;3;Spatially adjusted;0,353469387755102;-0,0375693090305198;-0,0679849391769807;-0,0791298555362907
CBA;Temp;3;Spatially adjusted;0,373673469387755;-0,0243399232287942;-0,0559626457789761;-0,0663540618194958
CBA;Temp;3;Spatially adjusted;0,393877551020408;-0,0105396295958755;-0,0432394793721222;-0,0528098407693065
CBA;Temp;3;Spatially adjusted;0,414081632653061;0,00370049555528595;-0,029960323384536;-0,038645201468686
CBA;Temp;3;Spatially adjusted;0,434285714285714;0,0182493759117683;-0,0162700612443167;-0,0240081530005938
CBA;Temp;3;Spatially adjusted;0,454489795918367;0,032975935160632;-0,00231357637958141;-0,0090467044480107
CBA;Temp;3;Spatially adjusted;0,47469387755102;0,0477490969889445;0,0117642477815707;0,00609113510610726
CBA;Temp;3;Spatially adjusted;0,494897959183674;0,0624377850837732;0,0258185278110332;0,0212573565787935
CBA;Temp;3;Spatially adjusted;0,515102040816327;0,0769109231321785;0,0397043802806927;0,0363039508870777
CBA;Temp;3;Spatially adjusted;0,53530612244898;0,0910374348212386;0,0532769217624391;0,0510829089479969
CBA;Temp;3;Spatially adjusted;0,555510204081633;0,10468624383801;0,0663912688281805;0,0654462216785845
CBA;Temp;3;Spatially adjusted;0,575714285714286;0,117726273869557;0,0789025380497925;0,0792458799958702
CBA;Temp;3;Spatially adjusted;0,595918367346939;0,130026448602955;0,0906658459991796;0,0923338748168945
CBA;Temp;3;Spatially adjusted;0,616122448979592;0,141455691725259;0,101536309248232;0,104562197058691
CBA;Temp;3;Spatially adjusted;0,636326530612245;0,151882926923548;0,111369044368839;0,115782837638285
CBA;Temp;3;Spatially adjusted;0,656530612244898;0,161177077884879;0,120019167932895;0,125847787472718
CBA;Temp;3;Spatially adjusted;0,676734693877551;0,16920706829632;0,127341796512297;0,13460903747902
CBA;Temp;3;Spatially adjusted;0,696938775510204;0,175878201614413;0,133231531192081;0,141958368722548
CBA;Temp;3;Spatially adjusted;0,717142857142857;0,18124130037361;0,137740911109898;0,147946722861921
CBA;Temp;3;Spatially adjusted;0,73734693877551;0,185383566877839;0,140961959916549;0,15266483170409
CBA;Temp;3;Spatially adjusted;0,757551020408163;0,188392203431018;0,142986701262828;0,156203427055988
CBA;Temp;3;Spatially adjusted;0,777755102040816;0,190354412337086;0,143907158799532;0,158653240724568
CBA;Temp;3;Spatially adjusted;0,797959183673469;0,19135739589996;0,143815356177459;0,160105004516769
CBA;Temp;3;Spatially adjusted;0,818163265306122;0,191488356423573;0,142803317047409;0,160649450239536
CBA;Temp;3;Spatially adjusted;0,838367346938776;0,190834496211842;0,140963065060181;0,160377309699815
CBA;Temp;3;Spatially adjusted;0,858571428571429;0,189483017568701;0,138386623866566;0,159379314704541
CBA;Temp;3;Spatially adjusted;0,878775510204082;0,187521122798074;0,135166017117371;0,157746197060664
CBA;Temp;3;Spatially adjusted;0,898979591836735;0,185036014203892;0,131393268463384;0,155568688575126
CBA;Temp;3;Spatially adjusted;0,919183673469388;0,182114894090073;0,127160401555411;0,152937521054874
CBA;Temp;3;Spatially adjusted;0,939387755102041;0,17884496476055;0,122559440044249;0,149943426306844
CBA;Temp;3;Spatially adjusted;0,959591836734694;0,175313428519253;0,117682407580691;0,146677136137985
CBA;Temp;3;Spatially adjusted;0,979795918367347;0,171607487670098;0,112621327815539;0,143229382355237
CBA;Temp;3;Spatially adjusted;1;0,167814344517016;0,107468224399589;0,139690896765547
CBA;Temp;3;Current landscape;0,0282969363033772;0,144029450072434;0,0960149587207013;0,00284511411454602
CBA;Temp;3;Current landscape;0,0768662095069885;0,221943094608527;0,196513461619631;-0,0603899823796539
CBA;Temp;3;Current landscape;0,129977285861969;0,135267626506451;0,0885719318476603;-0,183481773170374
CBA;Temp;3;Current landscape;0,174292907118798;0,138670328597243;0,0698770403151094;-0,170467433053023
CBA;Temp;3;Current landscape;0,22993329167366;-0,147447750096013;-0,150696570949762;-0,43903130446834
CBA;Temp;3;Current landscape;0,275734484195709;-0,0806466134152686;-0,130044124473983;-0,31403030889749
CBA;Temp;3;Current landscape;0,324103444814682;-0,0707051455745678;-0,188912071539058;-0,42949080677127
CBA;Temp;3;Current landscape;0,37593400478363;0,0488573148311424;-0,10967740779413;-0,381849722111109
CBA;Temp;3;Current landscape;0,425928175449371;0,20623766816205;0,0322454233026797;-0,229965037820143
CBA;Temp;3;Current landscape;0,475646823644638;0,0327066221805303;-0,0182489367489609;-0,267217574553857
CBA;Temp;3;Current landscape;0,523772954940796;-0,0686433649072917;-0,0969642015245284;-0,343539900537145
CBA;Temp;3;Current landscape;0,576909601688385;-0,0825335605992024;0,0218718325337832;-0,287670008205446
CBA;Temp;3;Current landscape;0,627150177955627;0,0231337402169309;0,0422632885440066;-0,26310193453854
CBA;Temp;3;Current landscape;0,675992488861084;-0,132609292747436;0,0601164081600736;-0,191606567385925
CBA;Temp;3;Current landscape;0,726926147937775;-0,168355640572198;-0,0559004774619076;-0,312626209500102
CBA;Temp;3;Current landscape;0,770597934722901;-0,0427662320205684;0,187926738620927;-0,0953236610439703
CBA;Temp;3;Current landscape;0,823873996734619;0,113662471242044;0,209504008548137;-0,202687402339063
CBA;Temp;3;Current landscape;0,876879453659058;0,178325551245397;-0,11160660456024;-0,41753971817452
CBA;Temp;3;Current landscape;0,928258240222931;-0,23058807781451;0,0918040530209119;-0,10307589587152
CBA;Temp;3;Current landscape;1;0,0070119239005848;-0,27961231298103;-0,482497923759443
CBA;Temp;4;Spatially adjusted;0,01;-0,133468463946727;-0,145370214540563;-0,144568744891508
CBA;Temp;4;Spatially adjusted;0,0302040816326531;-0,131782340284534;-0,143505542681144;-0,14536608253097
CBA;Temp;4;Spatially adjusted;0,0504081632653061;-0,130023930278696;-0,141571870512998;-0,14606954458565
CBA;Temp;4;Spatially adjusted;0,0706122448979592;-0,128120947585575;-0,139500197727404;-0,146585255470765
CBA;Temp;4;Spatially adjusted;0,0908163265306122;-0,126001105861537;-0,137221524015626;-0,146819339601532
CBA;Temp;4;Spatially adjusted;0,111020408163265;-0,123592118762932;-0,134666849068942;-0,146677921393167
CBA;Temp;4;Spatially adjusted;0,131224489795918;-0,120821699946124;-0,13176717257862;-0,146067125260888
CBA;Temp;4;Spatially adjusted;0,151428571428571;-0,117617563067473;-0,128453494235945;-0,144893075619915
CBA;Temp;4;Spatially adjusted;0,171632653061224;-0,113907421783331;-0,12465681373218;-0,143061896885467
CBA;Temp;4;Spatially adjusted;0,191836734693878;-0,109618989750068;-0,120308130758598;-0,14047971347275
CBA;Temp;4;Spatially adjusted;0,212040816326531;-0,104679980624034;-0,115338445006483;-0,137052649796992
CBA;Temp;4;Spatially adjusted;0,232244897959184;-0,0990181080615926;-0,109678756167096;-0,132686830273411
CBA;Temp;4;Spatially adjusted;0,252448979591837;-0,092561085719101;-0,103260063931717;-0,127288379317218
CBA;Temp;4;Spatially adjusted;0,27265306122449;-0,0852366272529217;-0,0960133679916204;-0,120763421343632
CBA;Temp;4;Spatially adjusted;0,292857142857143;-0,0769724463194095;-0,0878696680380742;-0,113018080767876
CBA;Temp;4;Spatially adjusted;0,313061224489796;-0,0676962565749228;-0,0787599637623515;-0,103958482005158
CBA;Temp;4;Spatially adjusted;0,333265306122449;-0,0573357716758238;-0,0686152548557324;-0,0934907494707033
CBA;Temp;4;Spatially adjusted;0,353469387755102;-0,0458573638639024;-0,0574058129206598;-0,0815708232744932
CBA;Temp;4;Spatially adjusted;0,373673469387755;-0,0333820397226425;-0,0452589972042752;-0,0683539063055996
CBA;Temp;4;Spatially adjusted;0,393877551020408;-0,0200694644209669;-0,032341438864897;-0,0540450171478604
CBA;Temp;4;Spatially adjusted;0,414081632653061;-0,00607930312780169;-0,0188197690608334;-0,0388491743851169
CBA;Temp;4;Spatially adjusted;0,434285714285714;0,0084287789879447;-0,0048606189504099;-0,0229713966012
CBA;Temp;4;Spatially adjusted;0,454489795918367;0,0232951167573567;0,00936938030806189;-0,00661670237995438
CBA;Temp;4;Spatially adjusted;0,47469387755102;0,0383600450114976;0,0237035975562669;0,0100098896947891
CBA;Temp;4;Spatially adjusted;0,494897959183674;0,0534638985814624;0,0379754016358902;0,0267033610391856
CBA;Temp;4;Spatially adjusted;0,515102040816327;0,0684470122983285;0,052018161388613;0,0432586930693972
CBA;Temp;4;Spatially adjusted;0,53530612244898;0,0831497209931769;0,0656652456561204;0,0594708672015898
CBA;Temp;4;Spatially adjusted;0,555510204081633;0,0974123594970848;0,0787500232801008;0,0751348648519219
CBA;Temp;4;Spatially adjusted;0,575714285714286;0,111075262641144;0,0911058631022321;0,0900456674365522
CBA;Temp;4;Spatially adjusted;0,595918367346939;0,123978765256418;0,102566133964203;0,103998256371654
CBA;Temp;4;Spatially adjusted;0,616122448979592;0,135963202174004;0,112964204707698;0,116787613073374
CBA;Temp;4;Spatially adjusted;0,636326530612245;0,146868908224974;0,122133444174398;0,12820871895789
CBA;Temp;4;Spatially adjusted;0,656530612244898;0,156536218240412;0,12990722120599;0,138056555441349
CBA;Temp;4;Spatially adjusted;0,676734693877551;0,164805467051401;0,13611890464416;0,14612610393992
CBA;Temp;4;Spatially adjusted;0,696938775510204;0,17155982666689;0,140647642739808;0,152267175077164
CBA;Temp;4;Spatially adjusted;0,717142857142857;0,176853817807348;0,143555701380695;0,156548896306223
CBA;Temp;4;Spatially adjusted;0,73734693877551;0,180784798371104;0,144951125863813;0,159095224287647
CBA;Temp;4;Spatially adjusted;0,757551020408163;0,183450126256496;0,144941961486136;0,16003011568198
CBA;Temp;4;Spatially adjusted;0,777755102040816;0,184947159361862;0,14363625354466;0,159477527149772
CBA;Temp;4;Spatially adjusted;0,797959183673469;0,185373255585532;0,141142047336363;0,157561415351559
CBA;Temp;4;Spatially adjusted;0,818163265306122;0,184825772825846;0,137567388158228;0,154405736947894
CBA;Temp;4;Spatially adjusted;0,838367346938776;0,183402068981145;0,133020321307235;0,150134448599317
CBA;Temp;4;Spatially adjusted;0,858571428571429;0,181199501949752;0,127608892080374;0,144871506966382
CBA;Temp;4;Spatially adjusted;0,878775510204082;0,178315429630011;0,121441145774629;0,138740868709625
CBA;Temp;4;Spatially adjusted;0,898979591836735;0,174847209920259;0,114625127686981;0,131866490489596
CBA;Temp;4;Spatially adjusted;0,919183673469388;0,170892200718825;0,107268883114411;0,124372328966839
CBA;Temp;4;Spatially adjusted;0,939387755102041;0,16654775992405;0,0994804573539092;0,116382340801906
CBA;Temp;4;Spatially adjusted;0,959591836734694;0,161911245434265;0,091367895702458;0,108020482655327
CBA;Temp;4;Spatially adjusted;0,979795918367347;0,157080015147812;0,0830392434570371;0,0994107111876623
CBA;Temp;4;Spatially adjusted;1;0,152151426963023;0,0746025459146296;0,0906769830594563
CBA;Temp;4;Current landscape;0,0283756777644157;0,273723957815051;0,275141450072727;0,0719046216745127
CBA;Temp;4;Current landscape;0,0745690166950226;0,263500544103522;0,23972566290702;0,0916899493285257
CBA;Temp;4;Current landscape;0,126393705606461;0,158106285502413;0,058873356736239;-0,157436511809799
CBA;Temp;4;Current landscape;0,173031762242317;0,0973703760329414;-0,0196824921921284;-0,342050782891356
CBA;Temp;4;Current landscape;0,225960776209831;-0,0404898599787487;-0,0895807842467313;-0,371334323118081
CBA;Temp;4;Current landscape;0,275596082210541;0,0886810416354571;-0,0460073445677836;-0,325695343455276
CBA;Temp;4;Current landscape;0,321590691804886;-0,0208207366804842;-0,214191929322514;-0,410688034310848
CBA;Temp;4;Current landscape;0,37609013915062;0,0417202943520429;-0,137846279702;-0,442003075764369
CBA;Temp;4;Current landscape;0,426275312900543;0,156633882225112;0,0334652922348297;-0,259348363711563
CBA;Temp;4;Current landscape;0,47368249297142;0,0441488129956227;-0,00611104503702009;-0,247743123647329
CBA;Temp;4;Current landscape;0,525927275419235;-0,0919532417516145;-0,0593250756385153;-0,295867859346476
CBA;Temp;4;Current landscape;0,575088798999786;-0,186577138039855;0,0257530131949117;-0,298348577960919
CBA;Temp;4;Current landscape;0,624415099620819;0,0795664673072629;0,164380705288696;-0,122736567489589
CBA;Temp;4;Current landscape;0,676142513751984;-0,181481631773703;0,00984282754482635;-0,225313573231535
CBA;Temp;4;Current landscape;0,726508259773254;-0,0899896652570646;0,026213678539726;-0,221578694491001
CBA;Temp;4;Current landscape;0,774588346481323;-0,208629542879628;-0,0193330266468301;-0,361341529895263
CBA;Temp;4;Current landscape;0,820661783218384;0,175741028475091;0,27410318691479;-0,140816074021512
CBA;Temp;4;Current landscape;0,870901226997375;0,250385748315118;-0,0412373890322826;-0,351660128532171
CBA;Temp;4;Current landscape;0,927762508392334;-0,42548084129729;-0,111594682880813;-0,311495330564778
CBA;Temp;4;Current landscape;1;0,071257685023518;-0,224860200899201;-0,434933081710444
CBA;Temp;5;Spatially adjusted;0,01;-0,16881046411482;-0,173178850593416;-0,193522282291092
CBA;Temp;5;Spatially adjusted;0,0302040816326531;-0,164128925364786;-0,169025558745741;-0,190429799660713
CBA;Temp;5;Spatially adjusted;0,0504081632653061;-0,159389861639003;-0,164812950762311;-0,187264156073137
CBA;Temp;5;Spatially adjusted;0,0706122448979592;-0,154535747961727;-0,160481710507387;-0,183952190571169
CBA;Temp;5;Spatially adjusted;0,0908163265306122;-0,149509059357207;-0,155972521845207;-0,180420742197612
CBA;Temp;5;Spatially adjusted;0,111020408163265;-0,144252270849702;-0,151226068640028;-0,176596649995261
CBA;Temp;5;Spatially adjusted;0,131224489795918;-0,138707857463455;-0,146183034756099;-0,172406753006925
CBA;Temp;5;Spatially adjusted;0,151428571428571;-0,132818294222734;-0,140784104057669;-0,167777890275406
CBA;Temp;5;Spatially adjusted;0,171632653061224;-0,126526056151768;-0,134969960408991;-0,162636900843509
CBA;Temp;5;Spatially adjusted;0,191836734693878;-0,119773618274831;-0,128681287674311;-0,156910623754033
CBA;Temp;5;Spatially adjusted;0,212040816326531;-0,112503455616167;-0,121858769717878;-0,150525898049782
CBA;Temp;5;Spatially adjusted;0,232244897959184;-0,104658043200033;-0,114443090403949;-0,143409562773563
CBA;Temp;5;Spatially adjusted;0,252448979591837;-0,096179856050675;-0,106374933596761;-0,135488456968172
CBA;Temp;5;Spatially adjusted;0,27265306122449;-0,08701136919235;-0,0975949831605796;-0,126689419676417
CBA;Temp;5;Spatially adjusted;0,292857142857143;-0,0770950576493057;-0,0880439229596419;-0,116939289941101
CBA;Temp;5;Spatially adjusted;0,313061224489796;-0,0663733964458046;-0,0776624368582084;-0,106164906805024
CBA;Temp;5;Spatially adjusted;0,333265306122449;-0,0547888606060916;-0,0663912087205176;-0,0942931093109891
CBA;Temp;5;Spatially adjusted;0,353469387755102;-0,0423166278312834;-0,0542064425806821;-0,08129156630525
CBA;Temp;5;Spatially adjusted;0,373673469387755;-0,029062686529933;-0,0412264231522137;-0,0672912658478815
CBA;Temp;5;Spatially adjusted;0,393877551020408;-0,0151657277874548;-0,0276049553184912;-0,0524640258024078
CBA;Temp;5;Spatially adjusted;0,414081632653061;-0,000764442689266787;-0,0134958439628754;-0,0369816640323393
CBA;Temp;5;Spatially adjusted;0,434285714285714;0,0140024776792096;0,000947106031254918;-0,0210159984012144
CBA;Temp;5;Spatially adjusted;0,454489795918367;0,0289963422325705;0,0155700897805318;-0,00473884677254688
CBA;Temp;5;Spatially adjusted;0,47469387755102;0,0440784598853945;0,0302193024015836;0,0116779729901424
CBA;Temp;5;Spatially adjusted;0,494897959183674;0,0591101395522635;0,0447409390110352;0,0280626430233255
CBA;Temp;5;Spatially adjusted;0,515102040816327;0,0739526901477667;0,0589811947255221;0,0442433454634852
CBA;Temp;5;Spatially adjusted;0,53530612244898;0,0884674205864791;0,0727862646616693;0,0600482624470935
CBA;Temp;5;Spatially adjusted;0,555510204081633;0,102515639782993;0,0860023439361051;0,0753055761106296
CBA;Temp;5;Spatially adjusted;0,575714285714286;0,115958656651895;0,0984756276654615;0,0898434685905762
CBA;Temp;5;Spatially adjusted;0,595918367346939;0,128657780107766;0,110052310966367;0,103490122023405
CBA;Temp;5;Spatially adjusted;0,616122448979592;0,140474319065188;0,120578588955446;0,116073718545589
CBA;Temp;5;Spatially adjusted;0,636326530612245;0,151269582438747;0,129900656749328;0,127422440293614
CBA;Temp;5;Spatially adjusted;0,656530612244898;0,160904879143029;0,137864709464647;0,137364469403956
CBA;Temp;5;Spatially adjusted;0,676734693877551;0,169241518092612;0,14431694221803;0,145727988013093
CBA;Temp;5;Spatially adjusted;0,696938775510204;0,176178895766743;0,149146534532132;0,152388047155217
CBA;Temp;5;Spatially adjusted;0,717142857142857;0,181768758903271;0,152414603553765;0,157407173455411
CBA;Temp;5;Spatially adjusted;0,73734693877551;0,1861009418047;0,154225250835751;0,16089476243646
CBA;Temp;5;Spatially adjusted;0,757551020408163;0,189265278773544;0,15468257793092;0,162960209621168
CBA;Temp;5;Spatially adjusted;0,777755102040816;0,191351604112299;0,15389068639211;0,163712910532333
CBA;Temp;5;Spatially adjusted;0,797959183673469;0,19244975212348;0,151953677772152;0,163262260692743
CBA;Temp;5;Spatially adjusted;0,818163265306122;0,19264955710959;0,148975653623875;0,1617176556252
CBA;Temp;5;Spatially adjusted;0,838367346938776;0,192040853373147;0,145060715500115;0,159188490852493
CBA;Temp;5;Spatially adjusted;0,858571428571429;0,19071347521664;0,140312964953701;0,155784161897426
CBA;Temp;5;Spatially adjusted;0,878775510204082;0,188757256942587;0,134836503537461;0,151614064282789
CBA;Temp;5;Spatially adjusted;0,898979591836735;0,186262032853495;0,128735432804231;0,146787593531375
CBA;Temp;5;Spatially adjusted;0,919183673469388;0,183317637251868;0,122113854306843;0,141414145165985
CBA;Temp;5;Spatially adjusted;0,939387755102041;0,180013904440212;0,115075869598122;0,135603114709411
CBA;Temp;5;Spatially adjusted;0,959591836734694;0,176440668721035;0,107725580230913;0,129463897684452
CBA;Temp;5;Spatially adjusted;0,979795918367347;0,172687764396844;0,100167087758038;0,123105889613903
CBA;Temp;5;Spatially adjusted;1;0,168845025770153;0,0925044937323349;0,116638486020555
CBA;Temp;5;Current landscape;0,031574510037899;0,219890878756669;0,139316831015069;0,0959329659563544
CBA;Temp;5;Current landscape;0,0703256949782372;-0,0792321025649656;-0,121511261326198;-0,270880383135136
CBA;Temp;5;Current landscape;0,126180574297905;0,0492171879016148;-0,0478123242618871;-0,159278179512985
CBA;Temp;5;Current landscape;0,175296008586884;0,108290685240934;-0,0110680800981378;-0,287619216933685
CBA;Temp;5;Current landscape;0,228955820202827;-0,0872553033125989;-0,104656115283884;-0,437713451131479
CBA;Temp;5;Current landscape;0,277330160140991;-0,0940294978774219;-0,126854955598606;-0,371477384950332
CBA;Temp;5;Current landscape;0,323875784873962;-0,0820456742770936;-0,13029904329105;-0,437272324364589
CBA;Temp;5;Current landscape;0,376530945301056;0,113761402543812;-0,00314198561627066;-0,302917766600633
CBA;Temp;5;Current landscape;0,425894051790237;0,172509595627059;-0,0419197340841428;-0,301751519793115
CBA;Temp;5;Current landscape;0,477559953927994;0,0431358404356388;0,0080830052714802;-0,283245909715937
CBA;Temp;5;Current landscape;0,526361763477325;-0,0588143410647604;-0,0429453099892498;-0,35038678569213
CBA;Temp;5;Current landscape;0,576557099819184;-0,17232760993349;0,0231682630998122;-0,332443018834336
CBA;Temp;5;Current landscape;0,626518547534943;0,0846967609604015;0,124557030242556;-0,156914938191449
CBA;Temp;5;Current landscape;0,676731079816818;-0,181680292836024;0,0491925784941607;-0,237653995218807
CBA;Temp;5;Current landscape;0,723935067653656;-0,216053780947306;-0,103280481160304;-0,32939635033668
CBA;Temp;5;Current landscape;0,773794621229172;-0,187986267034198;-0,0335854929776218;-0,370146303296615
CBA;Temp;5;Current landscape;0,825303494930267;0,223112304865371;0,318255676292317;-0,0964241053320585
CBA;Temp;5;Current landscape;0,873916029930115;0,227230038781808;-0,0665339741536535;-0,375758578297468
CBA;Temp;5;Current landscape;0,925527691841125;-0,145840061159067;0,168735866206479;-0,030759627207317
CBA;Temp;5;Current landscape;1;0,0249969520174318;-0,273865352352839;-0,477786024650079
CBA;Temp;6;Spatially adjusted;0,01;-0,182400548540269;-0,176627651471314;-0,207837085405341
CBA;Temp;6;Spatially adjusted;0,0302040816326531;-0,175718253546329;-0,171534978935568;-0,201676383054636
CBA;Temp;6;Spatially adjusted;0,0504081632653061;-0,169002010444604;-0,166400750474079;-0,195472874318135
CBA;Temp;6;Spatially adjusted;0,0706122448979592;-0,162217871127293;-0,161183410161097;-0,189183752810035
CBA;Temp;6;Spatially adjusted;0,0908163265306122;-0,155331887486618;-0,15584140207087;-0,182766212144536
CBA;Temp;6;Spatially adjusted;0,111020408163265;-0,148310111414784;-0,150333170277666;-0,176177445935846
CBA;Temp;6;Spatially adjusted;0,131224489795918;-0,141118594803988;-0,144617158855727;-0,169374647798158
CBA;Temp;6;Spatially adjusted;0,151428571428571;-0,133723389546457;-0,13865181187931;-0,162315011345676
CBA;Temp;6;Spatially adjusted;0,171632653061224;-0,1260905475344;-0,13239557342267;-0,154955730192604
CBA;Temp;6;Spatially adjusted;0,191836734693878;-0,11818612066002;-0,125806887560064;-0,147253997953143
CBA;Temp;6;Spatially adjusted;0,212040816326531;-0,109976160815524;-0,118844198365736;-0,13916700824149
CBA;Temp;6;Spatially adjusted;0,232244897959184;-0,101426719893137;-0,111465949913949;-0,130651954671851
CBA;Temp;6;Spatially adjusted;0,252448979591837;-0,0925038497850501;-0,10363058627895;-0,121666030858421
CBA;Temp;6;Spatially adjusted;0,27265306122449;-0,0831736023834857;-0,0952965515350002;-0,112166430415407
CBA;Temp;6;Spatially adjusted;0,292857142857143;-0,0734020295806488;-0,0864222897563458;-0,102110346957012
CBA;Temp;6;Spatially adjusted;0,313061224489796;-0,0631551832687514;-0,0769662450172461;-0,0914549740974309
CBA;Temp;6;Spatially adjusted;0,333265306122449;-0,0523991153400054;-0,0668868613919535;-0,0801575054508632
CBA;Temp;6;Spatially adjusted;0,353469387755102;-0,0411193748678791;-0,0561673129309206;-0,0682007094389618
CBA;Temp;6;Spatially adjusted;0,373673469387755;-0,0293794996509043;-0,0448896935893899;-0,0556696537131636
CBA;Temp;6;Spatially adjusted;0,393877551020408;-0,0172625246688654;-0,0331608272988007;-0,0426749807323468
CBA;Temp;6;Spatially adjusted;0,414081632653061;-0,00485148490156107;-0,0210875379906064;-0,0293273329553934
CBA;Temp;6;Spatially adjusted;0,434285714285714;0,00777058467121705;-0,00877664959624269;-0,0157373528411853
CBA;Temp;6;Spatially adjusted;0,454489795918367;0,0205206490696881;0,00366501395285113;-0,00201568284860798
CBA;Temp;6;Spatially adjusted;0,47469387755102;0,0333156733140498;0,0161306287252252;0,0117270345634637
CBA;Temp;6;Spatially adjusted;0,494897959183674;0,0460726224245178;0,0285133707894403;0,0253801569361443
CBA;Temp;6;Spatially adjusted;0,515102040816327;0,058708461421304;0,0407064162140536;0,0388330418105518
CBA;Temp;6;Spatially adjusted;0,53530612244898;0,0711401553246063;0,0526029410676188;0,0519750467278008
CBA;Temp;6;Spatially adjusted;0,555510204081633;0,0832846691546436;0,0640961214186966;0,0646955292290166
CBA;Temp;6;Spatially adjusted;0,575714285714286;0,0950589679316174;0,0750791333358443;0,0768838468553099
CBA;Temp;6;Spatially adjusted;0,595918367346939;0,106380016675743;0,0854451528876119;0,0884293571478096
CBA;Temp;6;Spatially adjusted;0,616122448979592;0,117164780407229;0,0950873561425709;0,0992214176476196
CBA;Temp;6;Spatially adjusted;0,636326530612245;0,127330224146277;0,103898919169264;0,109149385895872
CBA;Temp;6;Spatially adjusted;0,656530612244898;0,136793312913106;0,11177301803626;0,118102619433675
CBA;Temp;6;Spatially adjusted;0,676734693877551;0,145471011727924;0,118602828812108;0,125970475802152
CBA;Temp;6;Spatially adjusted;0,696938775510204;0,153303170867265;0,124311322304177;0,132673211490026
CBA;Temp;6;Spatially adjusted;0,717142857142857;0,160321181633048;0,128940648275069;0,138254678776452
CBA;Temp;6;Spatially adjusted;0,73734693877551;0,166579320583498;0,1325627512262;0,142789628888199
CBA;Temp;6;Spatially adjusted;0,757551020408163;0,172131864276857;0,135249575658975;0,146352813052026
CBA;Temp;6;Spatially adjusted;0,777755102040816;0,177033089271355;0,137073066074809;0,149018982494692
CBA;Temp;6;Spatially adjusted;0,797959183673469;0,181337272125244;0,138105166975112;0,150862888442965
CBA;Temp;6;Spatially adjusted;0,818163265306122;0,185098689396753;0,1384178228613;0,15195928212361
CBA;Temp;6;Spatially adjusted;0,838367346938776;0,188371617644123;0,138082978234785;0,152382914763386
CBA;Temp;6;Spatially adjusted;0,858571428571429;0,191210333425587;0,137172577596971;0,152208537589054
CBA;Temp;6;Spatially adjusted;0,878775510204082;0,193669113299386;0,135758565449276;0,151510901827386
CBA;Temp;6;Spatially adjusted;0,898979591836735;0,195802233823763;0,133912886293111;0,150364758705138
CBA;Temp;6;Spatially adjusted;0,919183673469388;0,197663971556945;0,131707484629885;0,148844859449071
CBA;Temp;6;Spatially adjusted;0,939387755102041;0,19930860305718;0,129214304961014;0,147025955285955
CBA;Temp;6;Spatially adjusted;0,959591836734694;0,200790404882699;0,126505291787907;0,144982797442548
CBA;Temp;6;Spatially adjusted;0,979795918367347;0,202163653591743;0,123652389611976;0,142790137145614
CBA;Temp;6;Spatially adjusted;1;0,203482625742552;0,120727542934635;0,140522725621921
CBA;Temp;6;Current landscape;0,0246061440557241;0,0658651143666091;0,0420434607396452;-0,14754744247297
CBA;Temp;6;Current landscape;0,0696782171726227;0,416937120754529;0,295609902929137;0,203581701401141
CBA;Temp;6;Current landscape;0,127116367220879;0,0914291271199872;-0,019669839546463;-0,261060031945284
CBA;Temp;6;Current landscape;0,173971146345139;0,0109808181177691;-0,0473632866158198;-0,445798640030063
CBA;Temp;6;Current landscape;0,22718571126461;-0,0692465292911138;-0,0949833096537382;-0,325675859572133
CBA;Temp;6;Current landscape;0,276668608188629;-0,0763773008921405;-0,104983278883594;-0,395761746901773
CBA;Temp;6;Current landscape;0,321450293064117;-0,0504024445862612;-0,103952261304116;-0,341271766410674
CBA;Temp;6;Current landscape;0,37593400478363;0,0468259530301296;-0,0773564272223268;-0,395330510502745
CBA;Temp;6;Current landscape;0,426205113530159;0,167428344311272;0,12755981792359;-0,198505816602331
CBA;Temp;6;Current landscape;0,476121634244919;0,0461722445893571;-0,0580582727658019;-0,355041346620492
CBA;Temp;6;Current landscape;0,524731159210205;-0,0607011374990556;0,0351985990409283;-0,231811917879423
CBA;Temp;6;Current landscape;0,577133029699326;-0,0937129984892238;0,0244258684038812;-0,352764926157331
CBA;Temp;6;Current landscape;0,625239551067352;0,0424447138693758;0,113265517909575;-0,18309980345364
CBA;Temp;6;Current landscape;0,674481153488159;-0,237727892109668;-0,0420688484013354;-0,30805487007332
CBA;Temp;6;Current landscape;0,724593102931976;-0,17580305676513;-0,0766103344488691;-0,285729964007334
CBA;Temp;6;Current landscape;0,776292532682419;-0,0729438406270475;0,116461753243488;-0,179165874246351
CBA;Temp;6;Current landscape;0,824504554271698;0,151192697913011;0,245254916831797;-0,173503041837161
CBA;Temp;6;Current landscape;0,877308666706085;0,332100507906532;0,0381733738068348;-0,276195999615155
CBA;Temp;6;Current landscape;0,930167019367218;-0,156256026943417;0,15346479544549;-0,0524489535495221
CBA;Temp;6;Current landscape;1;0,10437428008057;-0,197456805399433;-0,410227329625194
CBA;Temp;7;Spatially adjusted;0,01;-0,149153114247078;-0,136783685983922;-0,175118912295876
CBA;Temp;7;Spatially adjusted;0,0302040816326531;-0,145032658535296;-0,136367284810571;-0,172677004194497
CBA;Temp;7;Spatially adjusted;0,0504081632653061;-0,140864325845666;-0,135871785053819;-0,170164981432603
CBA;Temp;7;Spatially adjusted;0,0706122448979592;-0,13660023920033;-0,135218088130269;-0,167512729349678
CBA;Temp;7;Spatially adjusted;0,0908163265306122;-0,132192521621452;-0,134327095456516;-0,164650133285203
CBA;Temp;7;Spatially adjusted;0,111020408163265;-0,127593296131181;-0,133119708449168;-0,161507078578669
CBA;Temp;7;Spatially adjusted;0,131224489795918;-0,122754685751666;-0,131516828524816;-0,158013450569555
CBA;Temp;7;Spatially adjusted;0,151428571428571;-0,11762881350505;-0,129439357100068;-0,154099134597349
CBA;Temp;7;Spatially adjusted;0,171632653061224;-0,112167802413492;-0,126808195591522;-0,149694016001533
CBA;Temp;7;Spatially adjusted;0,191836734693878;-0,106323775499142;-0,123544245415776;-0,144727980121594
CBA;Temp;7;Spatially adjusted;0,212040816326531;-0,100048855784149;-0,11956840798943;-0,139130912297013
CBA;Temp;7;Spatially adjusted;0,232244897959184;-0,0932951662906625;-0,114801584729083;-0,132832697867276
CBA;Temp;7;Spatially adjusted;0,252448979591837;-0,0860148300408383;-0,109164677051343;-0,125763222171869
CBA;Temp;7;Spatially adjusted;0,27265306122449;-0,0781599700568272;-0,102578586372797;-0,117852370550274
CBA;Temp;7;Spatially adjusted;0,292857142857143;-0,0696827093607766;-0,0949642141100568;-0,109030028341977
CBA;Temp;7;Spatially adjusted;0,313061224489796;-0,0605351709748341;-0,0862424616797171;-0,09922608088646
CBA;Temp;7;Spatially adjusted;0,333265306122449;-0,0506694779211614;-0,0763342304983787;-0,088370413523208
CBA;Temp;7;Spatially adjusted;0,353469387755102;-0,0400628280780104;-0,0652029300046628;-0,0764309968912578
CBA;Temp;7;Spatially adjusted;0,373673469387755;-0,0287927187481181;-0,0529820017252796;-0,0635281428278276
CBA;Temp;7;Spatially adjusted;0,393877551020408;-0,0169617220902971;-0,0398473952089589;-0,0498202484696861
CBA;Temp;7;Spatially adjusted;0,414081632653061;-0,00467241026339593;-0,02597506000442;-0,0354657109535985
CBA;Temp;7;Spatially adjusted;0,434285714285714;0,00797264457375846;-0,0115409456604034;-0,0206229274163441
CBA;Temp;7;Spatially adjusted;0,454489795918367;0,0208708702623284;0,0032789982743715;-0,00545029499468441
CBA;Temp;7;Spatially adjusted;0,47469387755102;0,0339196946434868;0,0183088222511678;0,00989378917460826
CBA;Temp;7;Spatially adjusted;0,494897959183674;0,0470165455583853;0,0333725767212556;0,0252509279547688
CBA;Temp;7;Spatially adjusted;0,515102040816327;0,0600588508482076;0,0482943121359156;0,0404627242090214
CBA;Temp;7;Spatially adjusted;0,53530612244898;0,0729440383541089;0,0628980789464073;0,0553707808006045
CBA;Temp;7;Spatially adjusted;0,555510204081633;0,0855695359172586;0,077007927604015;0,0698167005927353
CBA;Temp;7;Spatially adjusted;0,575714285714286;0,0978327713788296;0,0904479085599945;0,0836420864486627
CBA;Temp;7;Spatially adjusted;0,595918367346939;0,109631172579984;0,10304207226563;0,0966885412316074
CBA;Temp;7;Spatially adjusted;0,616122448979592;0,120862167361874;0,114614469172185;0,108797667804797
CBA;Temp;7;Spatially adjusted;0,636326530612245;0,131423183565691;0,124989149730936;0,119811069031467
CBA;Temp;7;Spatially adjusted;0,656530612244898;0,141211649032584;0,133990164393147;0,129570347774852
CBA;Temp;7;Spatially adjusted;0,676734693877551;0,150124991603725;0,141441563610098;0,137917106898172
CBA;Temp;7;Spatially adjusted;0,696938775510204;0,15808791880357;0,147214697393188;0,144735712503685
CBA;Temp;7;Spatially adjusted;0,717142857142857;0,165134256889736;0,151370113994417;0,150081583649666
CBA;Temp;7;Spatially adjusted;0,73734693877551;0,171325111803142;0,154015661225895;0,154052902633421
CBA;Temp;7;Spatially adjusted;0,757551020408163;0,1767215894847;0,155259186899755;0,156747851752254
CBA;Temp;7;Spatially adjusted;0,777755102040816;0,181384795875314;0,15520853882812;0,158264613303466
CBA;Temp;7;Spatially adjusted;0,797959183673469;0,185375836915902;0,153971564823117;0,15870136958436
CBA;Temp;7;Spatially adjusted;0,818163265306122;0,188755818547374;0,151656112696863;0,158156302892237
CBA;Temp;7;Spatially adjusted;0,838367346938776;0,191585846710638;0,148370030261489;0,156727595524398
CBA;Temp;7;Spatially adjusted;0,858571428571429;0,193927027346607;0,144221165329117;0,154513429778145
CBA;Temp;7;Spatially adjusted;0,878775510204082;0,195840466396199;0,139317365711872;0,15161198795078
CBA;Temp;7;Spatially adjusted;0,898979591836735;0,197387269800316;0,13376647922188;0,148121452339606
CBA;Temp;7;Spatially adjusted;0,919183673469388;0,198628543499883;0,127676353671266;0,144140005241923
CBA;Temp;7;Spatially adjusted;0,939387755102041;0,199625393435799;0,121154836872151;0,139765828955028
CBA;Temp;7;Spatially adjusted;0,959591836734694;0,200438925548973;0,114309776636663;0,135097105776232
CBA;Temp;7;Spatially adjusted;0,979795918367347;0,201130245780327;0,107249020776926;0,130232018002832
CBA;Temp;7;Spatially adjusted;1;0,201760460070776;0,100080417105065;0,125268747932132
CBA;Temp;7;Current landscape;0,0305681545287371;0,220500750409403;0,255962985293621;0,0478986416787599
CBA;Temp;7;Current landscape;0,0736729502677917;0,059121456338616;0,0700863916823344;-0,124794818000758
CBA;Temp;7;Current landscape;0,13056617975235;0,0984978927343896;0,0161516104895263;-0,195158153088794
CBA;Temp;7;Current landscape;0,173821017146111;0,0271286751103794;-0,0392737459509185;-0,290097212469448
CBA;Temp;7;Current landscape;0,228558152914047;-0,0204106219190585;-0,104190313880654;-0,325066705412457
CBA;Temp;7;Current landscape;0,27683812379837;0,03794251522217;-0,0979921716767684;-0,385615853925639
CBA;Temp;7;Current landscape;0,32539376616478;-0,0517908445139739;-0,165560711010059;-0,453372586760924
CBA;Temp;7;Current landscape;0,374287217855453;0,0613775205252232;-0,0489515202953825;-0,300903012057965
CBA;Temp;7;Current landscape;0,42781925201416;0,150784548502333;0,0417472887909618;-0,231996254585848
CBA;Temp;7;Current landscape;0,474400788545609;0,105529919972515;0,0303897880905453;-0,208080536991336
CBA;Temp;7;Current landscape;0,527287900447845;-0,042573353733772;0,0126898918618252;-0,329904590347084
CBA;Temp;7;Current landscape;0,575774013996124;-0,0879488657640266;-0,00869308191164464;-0,360622124220718
CBA;Temp;7;Current landscape;0,625061869621277;0,0997317924220944;0,140653624314467;-0,205192592611137
CBA;Temp;7;Current landscape;0,674143195152283;-0,130117889101864;0,057274761593483;-0,181394486425702
CBA;Temp;7;Current landscape;0,724279880523682;-0,135419858971133;-0,0569678722727858;-0,265259014360396
CBA;Temp;7;Current landscape;0,773653149604797;-0,134991139060396;0,0347029626607664;-0,333147861028696
CBA;Temp;7;Current landscape;0,823485255241394;0,187064586448194;0,28200301960986;-0,137522461338442
CBA;Temp;7;Current landscape;0,874129056930542;0,147665369531683;-0,149829490925423;-0,463724383470321
CBA;Temp;7;Current landscape;0,930397152900696;-0,217602151457317;0,0869448188867352;-0,113587457550487
CBA;Temp;7;Current landscape;1;0,0420351408927111;-0,275938092886644;-0,481730569040646
CBA;Temp;8;Spatially adjusted;0,01;-0,164618056683164;-0,159057956706093;-0,188299530467528
CBA;Temp;8;Spatially adjusted;0,0302040816326531;-0,160620762903765;-0,156304370207916;-0,184345589940708
CBA;Temp;8;Spatially adjusted;0,0504081632653061;-0,156563887560221;-0,153486622073309;-0,180332392997727
CBA;Temp;8;Spatially adjusted;0,0706122448979592;-0,152387849088402;-0,150540550665838;-0,176200683222426
CBA;Temp;8;Spatially adjusted;0,0908163265306122;-0,148033065924153;-0,147401994349064;-0,171891204198641
CBA;Temp;8;Spatially adjusted;0,111020408163265;-0,14343995650335;-0,144006791486564;-0,167344699510206
CBA;Temp;8;Spatially adjusted;0,131224489795918;-0,138548939261835;-0,140290780441905;-0,162501912740968
CBA;Temp;8;Spatially adjusted;0,151428571428571;-0,133300432635483;-0,136189799578656;-0,157303587474757
CBA;Temp;8;Spatially adjusted;0,171632653061224;-0,127634855060144;-0,131639687260375;-0,15169046729542
CBA;Temp;8;Spatially adjusted;0,191836734693878;-0,121492624971676;-0,126576281850639;-0,145603295786792
CBA;Temp;8;Spatially adjusted;0,212040816326531;-0,114814160805935;-0,120935421713011;-0,13898281653271
CBA;Temp;8;Spatially adjusted;0,232244897959184;-0,107539880998797;-0,114652945211063;-0,131769773117018
CBA;Temp;8;Spatially adjusted;0,252448979591837;-0,09961020398611;-0,107664690708358;-0,123904909123549
CBA;Temp;8;Spatially adjusted;0,27265306122449;-0,0909655482037266;-0,0999064965684653;-0,115328968136144
CBA;Temp;8;Spatially adjusted;0,292857142857143;-0,0815463320875196;-0,0913142011549546;-0,105982693738643
CBA;Temp;8;Spatially adjusted;0,313061224489796;-0,0712929740733372;-0,0818236428313917;-0,0958068295148813
CBA;Temp;8;Spatially adjusted;0,333265306122449;-0,0601458925970526;-0,0713706599613424;-0,0847421190486983
CBA;Temp;8;Spatially adjusted;0,353469387755102;-0,0480784338280351;-0,059927636484975;-0,0727627734950325
CBA;Temp;8;Spatially adjusted;0,373673469387755;-0,0351956548697885;-0,0476131386488135;-0,0599768742932234
CBA;Temp;8;Spatially adjusted;0,393877551020408;-0,0216355405593518;-0,0345822782759839;-0,0465259704537004
CBA;Temp;8;Spatially adjusted;0,414081632653061;-0,00753607573372506;-0,0209901671896056;-0,0325516109869071
CBA;Temp;8;Spatially adjusted;0,434285714285714;0,00696475477004555;-0,00699191721281167;-0,0181953449032726
CBA;Temp;8;Spatially adjusted;0,454489795918367;0,0217289661149493;0,00725735983127862;-0,0035987212132369
CBA;Temp;8;Spatially adjusted;0,47469387755102;0,0366185734639508;0,0216025521195498;0,0110967110727671
CBA;Temp;8;Spatially adjusted;0,494897959183674;0,0514955919800251;0,0358885478288649;0,0257494029443031
CBA;Temp;8;Spatially adjusted;0,515102040816327;0,0662220368261579;0,0499602351361013;0,0402178053909346
CBA;Temp;8;Spatially adjusted;0,53530612244898;0,0806599231653138;0,063662502218147;0,0543603694022252
CBA;Temp;8;Spatially adjusted;0,555510204081633;0,0946712661604714;0,0768402372518686;0,0680355459677422
CBA;Temp;8;Spatially adjusted;0,575714285714286;0,108118080974613;0,0893383284141471;0,0811017860770456
CBA;Temp;8;Spatially adjusted;0,595918367346939;0,120862382770696;0,101001663881853;0,0934175407197024
CBA;Temp;8;Spatially adjusted;0,616122448979592;0,132766186711713;0,111675131831866;0,104841260885273
CBA;Temp;8;Spatially adjusted;0,636326530612245;0,143691507960629;0,121203620441062;0,115231397563331
CBA;Temp;8;Spatially adjusted;0,656530612244898;0,153500361680422;0,12943201788632;0,12444640174343
CBA;Temp;8;Spatially adjusted;0,676734693877551;0,162054763034067;0,13620521234451;0,132344724415137
CBA;Temp;8;Spatially adjusted;0,696938775510204;0,169254229211575;0,14141071807564;0,138823597971001
CBA;Temp;8;Spatially adjusted;0,717142857142857;0,175148285511106;0,145106553672218;0,143935380415464
CBA;Temp;8;Spatially adjusted;0,73734693877551;0,179823959257863;0,147393363809879;0,147771211155948
CBA;Temp;8;Spatially adjusted;0,757551020408163;0,183368277777042;0,148371793164266;0,150422229599894
CBA;Temp;8;Spatially adjusted;0,777755102040816;0,18586826839384;0,148142486411011;0,151979575154716
CBA;Temp;8;Spatially adjusted;0,797959183673469;0,187410958433457;0,146806088225748;0,152534387227846
CBA;Temp;8;Spatially adjusted;0,818163265306122;0,18808337522109;0,144463243284122;0,152177805226707
CBA;Temp;8;Spatially adjusted;0,838367346938776;0,187972546081937;0,141214596261761;0,151000968558733
CBA;Temp;8;Spatially adjusted;0,858571428571429;0,187165498341201;0,137160791834308;0,149095016631343
CBA;Temp;8;Spatially adjusted;0,878775510204082;0,185749259324073;0,132402474677399;0,146551088851965
CBA;Temp;8;Spatially adjusted;0,898979591836735;0,183810856355755;0,127040289466667;0,143460324628034
CBA;Temp;8;Spatially adjusted;0,919183673469388;0,181437316761446;0,121174880877753;0,139913863366964
CBA;Temp;8;Spatially adjusted;0,939387755102041;0,178715667866346;0,114906893586287;0,136002844476188
CBA;Temp;8;Spatially adjusted;0,959591836734694;0,175732936995644;0,108336972267917;0,131818407363134
CBA;Temp;8;Spatially adjusted;0,979795918367347;0,172576151474548;0,101565761598273;0,127451691435223
CBA;Temp;8;Spatially adjusted;1;0,169332338628262;0,0946939062529886;0,122993836099891
CBA;Temp;8;Current landscape;0,0264182984828949;0,0290669262423968;0,0133273691564995;-0,130648755250775
CBA;Temp;8;Current landscape;0,0704970061779022;0,0353081995368889;-0,114195962699849;-0,323240159104873
CBA;Temp;8;Current landscape;0,128641486167908;0,0777762205998194;-0,00143100617816572;-0,178534240179928
CBA;Temp;8;Current landscape;0,173249617218971;-0,0380201751817673;-0,059373252955325;-0,351323987462429
CBA;Temp;8;Current landscape;0,227497979998589;-0,0669974737234931;-0,0636815336611249;-0,255058934602225
CBA;Temp;8;Current landscape;0,273524045944214;-0,0652622515089831;-0,149874150113348;-0,335661804606286
CBA;Temp;8;Current landscape;0,322602719068527;-0,0697560380691975;-0,130736695656744;-0,408340688598397
CBA;Temp;8;Current landscape;0,375479400157928;0,0972264738813351;-0,100579543323647;-0,392853475116873
CBA;Temp;8;Current landscape;0,423549592494965;0,220074898182197;0,0436925409474576;-0,237687858325227
CBA;Temp;8;Current landscape;0,472959339618683;0,173321053650877;0,0990465756439463;-0,180427111645738
CBA;Temp;8;Current landscape;0,527444541454315;-0,140887905847819;-0,0212357068179543;-0,207195400575525
CBA;Temp;8;Current landscape;0,574054926633835;-0,0795982110492517;0,0254433666525316;-0,286392085146851
CBA;Temp;8;Current landscape;0,624187052249908;0,0549065813718528;0,109552517769512;-0,245724549445491
CBA;Temp;8;Current landscape;0,67472904920578;-0,160012592591567;0,0710858597371917;-0,188309077970359
CBA;Temp;8;Current landscape;0,725274682044983;-0,217770184592592;-0,107378978365983;-0,416752931545553
CBA;Temp;8;Current landscape;0,776135861873627;-0,158775584772314;0,0149039677661413;-0,284000102279308
CBA;Temp;8;Current landscape;0,823181986808777;0,254263617316511;0,353904702712679;-0,0625122417607571
CBA;Temp;8;Current landscape;0,874467015266418;0,154157956124326;-0,135337007035755;-0,446131002882332
CBA;Temp;8;Current landscape;0,926968693733215;-0,172114962853243;0,143985524655754;-0,0537271570513767
CBA;Temp;8;Current landscape;1;0,0375968481352018;-0,257690976955217;-0,460208603043629
CBA;Temp;9;Spatially adjusted;0,01;-0,178394231287797;-0,17445803651075;-0,229501912564878
CBA;Temp;9;Spatially adjusted;0,0302040816326531;-0,172654771803344;-0,169558896983652;-0,221859988696906
CBA;Temp;9;Spatially adjusted;0,0504081632653061;-0,16686263321607;-0,16461561616207;-0,214181144140348
CBA;Temp;9;Spatially adjusted;0,0706122448979592;-0,160965136423147;-0,159584052751519;-0,206428458206602
CBA;Temp;9;Spatially adjusted;0,0908163265306122;-0,154909602321748;-0,154420065457519;-0,19856501020708
CBA;Temp;9;Spatially adjusted;0,111020408163265;-0,148643351809042;-0,14907951298558;-0,190553879453194
CBA;Temp;9;Spatially adjusted;0,131224489795918;-0,142113705782212;-0,143518254041226;-0,182358145256345
CBA;Temp;9;Spatially adjusted;0,151428571428571;-0,135267985138434;-0,137692147329965;-0,173940886927944
CBA;Temp;9;Spatially adjusted;0,171632653061224;-0,12805351077488;-0,131557051557316;-0,165265183779404
CBA;Temp;9;Spatially adjusted;0,191836734693878;-0,120417603588724;-0,125068825428794;-0,156294115122126
CBA;Temp;9;Spatially adjusted;0,212040816326531;-0,11230758447714;-0,118183327649923;-0,146990760267521
CBA;Temp;9;Spatially adjusted;0,232244897959184;-0,10367077433731;-0,110856416926204;-0,137318198526994
CBA;Temp;9;Spatially adjusted;0,252448979591837;-0,0944544940663938;-0,103043951963166;-0,127239509211957
CBA;Temp;9;Spatially adjusted;0,27265306122449;-0,08460606456158;-0,0947017914663171;-0,116717771633819
CBA;Temp;9;Spatially adjusted;0,292857142857143;-0,0740728067200429;-0,0857857941411808;-0,105716065103984
CBA;Temp;9;Spatially adjusted;0,313061224489796;-0,0628020414389461;-0,0762518186932688;-0,0941974689338636
CBA;Temp;9;Spatially adjusted;0,333265306122449;-0,0507410896154781;-0,0660557238280966;-0,0821250624348657
CBA;Temp;9;Spatially adjusted;0,353469387755102;-0,0378686828496697;-0,0551793350878569;-0,069485286628943
CBA;Temp;9;Spatially adjusted;0,373673469387755;-0,0242891955530276;-0,0437083453614413;-0,0563580293802666
CBA;Temp;9;Spatially adjusted;0,393877551020408;-0,0101384128399182;-0,0317544143744257;-0,0428465402635503
CBA;Temp;9;Spatially adjusted;0,414081632653061;0,00444788017529163;-0,0194292018523754;-0,0290540688534975
CBA;Temp;9;Spatially adjusted;0,434285714285714;0,0193338983782283;-0,00684436752086626;-0,0150838647248293
CBA;Temp;9;Spatially adjusted;0,454489795918367;0,0343838566545323;0,00588842889453645;-0,00103917745226312
CBA;Temp;9;Spatially adjusted;0,47469387755102;0,0494619698898333;0,0186575276682639;0,0129767433894941
CBA;Temp;9;Spatially adjusted;0,494897959183674;0,0644324529697578;0,0313512690747402;0,0268606482257283
CBA;Temp;9;Spatially adjusted;0,515102040816327;0,0791595207799425;0,0438579933884;0,0405092874817221
CBA;Temp;9;Spatially adjusted;0,53530612244898;0,0935073882060173;0,0560660408836711;0,0538194115827686
CBA;Temp;9;Spatially adjusted;0,555510204081633;0,107340270133619;0,067863751834981;0,0666877709541431
CBA;Temp;9;Spatially adjusted;0,575714285714286;0,120522381448374;0,0791394665167644;0,0790111160211424
CBA;Temp;9;Spatially adjusted;0,595918367346939;0,13291793703592;0,0897815252034455;0,0906861972090454
CBA;Temp;9;Spatially adjusted;0,616122448979592;0,144391151781885;0,099678268169459;0,101609764943145
CBA;Temp;9;Spatially adjusted;0,636326530612245;0,154806240571897;0,108718035689233;0,111678569648724
CBA;Temp;9;Spatially adjusted;0,656530612244898;0,164027418291603;0,116789168037197;0,120789361751068
CBA;Temp;9;Spatially adjusted;0,676734693877551;0,171918899826618;0,123780005487781;0,128838891675464
CBA;Temp;9;Spatially adjusted;0,696938775510204;0,178382796345179;0,129609914463664;0,135753248440412
CBA;Temp;9;Spatially adjusted;0,717142857142857;0,183472804145875;0,13432236598053;0,141575875437233
CBA;Temp;9;Spatially adjusted;0,73734693877551;0,187280515809903;0,137991857202319;0,146379554650483
CBA;Temp;9;Spatially adjusted;0,757551020408163;0,189897523918454;0,140692885292957;0,150237068064694
CBA;Temp;9;Spatially adjusted;0,777755102040816;0,191415421052714;0,142499947416383;0,153221197664404
CBA;Temp;9;Spatially adjusted;0,797959183673469;0,191925799793871;0,14348754073653;0,155404725434167
CBA;Temp;9;Spatially adjusted;0,818163265306122;0,191520252723127;0,143730162417331;0,15686043335851
CBA;Temp;9;Spatially adjusted;0,838367346938776;0,190290372421661;0,143302309622726;0,157661103421983
CBA;Temp;9;Spatially adjusted;0,858571428571429;0,188327751470677;0,142278479516644;0,157879517609128
CBA;Temp;9;Spatially adjusted;0,878775510204082;0,185723982451357;0,140733169263022;0,157588457904485
CBA;Temp;9;Spatially adjusted;0,898979591836735;0,182570657944886;0,138740876025793;0,156860706292591
CBA;Temp;9;Spatially adjusted;0,919183673469388;0,178959370532471;0,136376096968895;0,155769044757989
CBA;Temp;9;Spatially adjusted;0,939387755102041;0,174981712795287;0,133713329256256;0,154386255285225
CBA;Temp;9;Spatially adjusted;0,959591836734694;0,170729277314528;0,130827070051815;0,152785119858837
CBA;Temp;9;Spatially adjusted;0,979795918367347;0,166293656671389;0,127791816519505;0,151038420463365
CBA;Temp;9;Spatially adjusted;1;0,16176644344706;0,124682065823258;0,149218939083351
CBA;Temp;9;Current landscape;0,0226361025124788;0,338920920112543;0,295926783163807;0,0868627038954699
CBA;Temp;9;Current landscape;0,0727158561348915;0,117178181691394;0,0178374724712675;-0,176172460164118
CBA;Temp;9;Current landscape;0,126430913805962;0,305007600413102;0,20659756551035;-0,0250535491796207
CBA;Temp;9;Current landscape;0,175033718347549;0,091993442274596;0,0650226639061522;-0,188286373220418
CBA;Temp;9;Current landscape;0,227959305047989;0,0394726927055729;-0,00250628212609527;-0,233447048897418
CBA;Temp;9;Current landscape;0,27450430393219;-0,244795312074302;-0,159716929691271;-0,457986822903926
CBA;Temp;9;Current landscape;0,325313687324524;-0,164587430865161;-0,108604073070179;-0,350120815506699
CBA;Temp;9;Current landscape;0,378035426139832;-0,0393266615876051;-0,10276252925701;-0,39142871372686
CBA;Temp;9;Current landscape;0,425741642713547;0,135171536186512;0,0647170060626578;-0,142297024857559
CBA;Temp;9;Current landscape;0,474133968353272;-0,00632571713336816;-0,056423663527255;-0,300067903835693
CBA;Temp;9;Current landscape;0,524606466293335;0,126908060893804;0,0483784237001217;-0,232063929300189
CBA;Temp;9;Current landscape;0,575441658496857;-0,0729515766757949;0,0541369318121348;-0,274789075323795
CBA;Temp;9;Current landscape;0,625634759664536;0,0918322109474055;0,137100962824064;-0,184415808193624
CBA;Temp;9;Current landscape;0,675695836544037;-0,103734050003474;0,0666719663394702;-0,160943002634117
CBA;Temp;9;Current landscape;0,7231205701828;-0,239036408522605;-0,152303309470089;-0,333026950244577
CBA;Temp;9;Current landscape;0,775426089763641;-0,0734638405245214;0,0631992785441256;-0,298425794229239
CBA;Temp;9;Current landscape;0,827618420124054;0,184529850137203;0,287458965580818;-0,127621023846071
CBA;Temp;9;Current landscape;0,873559385538101;0,326732651370673;0,04922696203149;-0,260526752847181
CBA;Temp;9;Current landscape;0,92563784122467;-0,0940585468195572;0,242981357125061;0,0416592958625124
CBA;Temp;9;Current landscape;1;-0,043199694429255;-0,304942963005001;-0,512396366200168
CBA;Temp;10;Spatially adjusted;0,01;-0,160623319985028;-0,172111037968197;-0,181481183970408
CBA;Temp;10;Spatially adjusted;0,0302040816326531;-0,156939951749493;-0,167531762446401;-0,178473615564371
CBA;Temp;10;Spatially adjusted;0,0504081632653061;-0,153189851630753;-0,162904417969102;-0,175401365085467
CBA;Temp;10;Spatially adjusted;0,0706122448979592;-0,149306287745603;-0,158180935580774;-0,172199750460816
CBA;Temp;10;Spatially adjusted;0,0908163265306122;-0,145222528210848;-0,153313246325915;-0,168804089617559
CBA;Temp;10;Spatially adjusted;0,111020408163265;-0,140871841143277;-0,148253281249005;-0,165149700482814
CBA;Temp;10;Spatially adjusted;0,131224489795918;-0,136187494659687;-0,142952971394543;-0,161171900983717
CBA;Temp;10;Spatially adjusted;0,151428571428571;-0,131102756876878;-0,13736424780701;-0,156806009047394
CBA;Temp;10;Spatially adjusted;0,171632653061224;-0,125550895911644;-0,1314390415309;-0,151987342600979
CBA;Temp;10;Spatially adjusted;0,191836734693878;-0,11946517988078;-0,125129283610701;-0,146651219571595
CBA;Temp;10;Spatially adjusted;0,212040816326531;-0,112778876901089;-0,118386905090897;-0,140732957886375
CBA;Temp;10;Spatially adjusted;0,232244897959184;-0,105425255089362;-0,111163837015983;-0,13416787547245
CBA;Temp;10;Spatially adjusted;0,252448979591837;-0,097337582562389;-0,103412010430439;-0,126891290256943
CBA;Temp;10;Spatially adjusted;0,27265306122449;-0,0884491274369808;-0,0950833563787654;-0,118838520166989
CBA;Temp;10;Spatially adjusted;0,292857142857143;-0,0786931578299281;-0,0861298059054398;-0,109944883129717
CBA;Temp;10;Spatially adjusted;0,313061224489796;-0,0680029418580261;-0,0765032900549585;-0,100145697072254
CBA;Temp;10;Spatially adjusted;0,333265306122449;-0,0563117476380697;-0,0661557398718031;-0,0893762799217299
CBA;Temp;10;Spatially adjusted;0,353469387755102;-0,0435909188663182;-0,0550673417503553;-0,0776070459046778
CBA;Temp;10;Spatially adjusted;0,373673469387755;-0,0299641015568923;-0,0433313034845071;-0,0649487944452503
CBA;Temp;10;Spatially adjusted;0,393877551020408;-0,0155930173033667;-0,0310690882180467;-0,0515474212670206
CBA;Temp;10;Spatially adjusted;0,414081632653061;-0,000639387699326477;-0,0184021590947658;-0,0375488220935374
CBA;Temp;10;Spatially adjusted;0,434285714285714;0,0147350656616609;-0,00545197925844221;-0,0230988926483704
CBA;Temp;10;Spatially adjusted;0,454489795918367;0,0303686211860139;0,00765998814713242;-0,00834352865507171
CBA;Temp;10;Spatially adjusted;0,47469387755102;0,0460995572801473;0,0208122799781734;0,00657137416278886
CBA;Temp;10;Spatially adjusted;0,494897959183674;0,0617661523504864;0,0338834330908995;0,0214999200816628
CBA;Temp;10;Spatially adjusted;0,515102040816327;0,0772066848034534;0,0467519843415261;0,0362962133779767
CBA;Temp;10;Spatially adjusted;0,53530612244898;0,0922594330454665;0,0592964705862578;0,0508143583281751
CBA;Temp;10;Spatially adjusted;0,555510204081633;0,106762675482951;0,0713954286813205;0,0649084592086986
CBA;Temp;10;Spatially adjusted;0,575714285714286;0,120554690522326;0,0829273954829191;0,0784326202959811
CBA;Temp;10;Spatially adjusted;0,595918367346939;0,133473756570012;0,0937709078472757;0,0912409458664669
CBA;Temp;10;Spatially adjusted;0,616122448979592;0,145358152032433;0,103804502630602;0,103187540196593
CBA;Temp;10;Spatially adjusted;0,636326530612245;0,156046155316005;0,112906716689114;0,114126507562798
CBA;Temp;10;Spatially adjusted;0,656530612244898;0,165376044827159;0,120956086879019;0,123911952241521
CBA;Temp;10;Spatially adjusted;0,676734693877551;0,173186098972309;0,12783115005654;0,132397978509207
CBA;Temp;10;Spatially adjusted;0,696938775510204;0,179359065975138;0,133444184540977;0,139478061951781
CBA;Temp;10;Spatially adjusted;0,717142857142857;0,183955573328355;0,137842434504005;0,145203163393166
CBA;Temp;10;Spatially adjusted;0,73734693877551;0,187080718341942;0,141106885580385;0,149663614966773
CBA;Temp;10;Spatially adjusted;0,757551020408163;0,188839598325867;0,143318523404869;0,152949748806016
CBA;Temp;10;Spatially adjusted;0,777755102040816;0,189337310590108;0,144558333612224;0,155151897044309
CBA;Temp;10;Spatially adjusted;0,797959183673469;0,18867895244464;0,144907301837215;0,156360391815056
CBA;Temp;10;Spatially adjusted;0,818163265306122;0,186969621199431;0,144446413714594;0,156665565251682
CBA;Temp;10;Spatially adjusted;0,838367346938776;0,184314414164454;0,143256654879124;0,156157749487594
CBA;Temp;10;Spatially adjusted;0,858571428571429;0,180818428649687;0,141419010965571;0,154927276656199
CBA;Temp;10;Spatially adjusted;0,878775510204082;0,176586761965108;0,139014467608693;0,153064478890922
CBA;Temp;10;Spatially adjusted;0,898979591836735;0,171724511420685;0,13612401044325;0,150659688325163
CBA;Temp;10;Spatially adjusted;0,919183673469388;0,166336774326396;0,132828625104001;0,147803237092344
CBA;Temp;10;Spatially adjusted;0,939387755102041;0,160528647992209;0,12920929722571;0,144585457325874
CBA;Temp;10;Spatially adjusted;0,959591836734694;0,154405229728098;0,12534701244314;0,141096681159166
CBA;Temp;10;Spatially adjusted;0,979795918367347;0,148071616844042;0,121322756391042;0,137427240725632
CBA;Temp;10;Spatially adjusted;1;0,141632906650006;0,117217514704187;0,133667468158684
CBA;Temp;10;Current landscape;0,0197199042886496;0,101577515679718;0,120164957443805;-0,0179969541822018
CBA;Temp;10;Current landscape;0,0756187215447426;0,0639465173979126;0,0132638020449214;-0,207186038084057
CBA;Temp;10;Current landscape;0,125278383493423;0,116522137358093;0,0100191639433405;-0,188716784332033
CBA;Temp;10;Current landscape;0,173249617218971;0,0151688092981352;-0,106056099026759;-0,317238197841249
CBA;Temp;10;Current landscape;0,230427131056786;-0,174152703512984;-0,180834571700508;-0,410426887305476
CBA;Temp;10;Current landscape;0,275919303297997;0,119762771699481;-0,0119868974933155;-0,364145456983518
CBA;Temp;10;Current landscape;0,321454912424088;-0,0311501163874013;-0,153413924727953;-0,42856174496842
CBA;Temp;10;Current landscape;0,3765849173069;0,0936799203521588;0,00390529863761202;-0,315202648729318
CBA;Temp;10;Current landscape;0,425212442874909;0,120901964461225;0,0306594489069809;-0,253720913872314
CBA;Temp;10;Current landscape;0,473427847027779;0,0695174641017786;-0,0152618785992402;-0,233896386593905
CBA;Temp;10;Current landscape;0,524403154850006;-0,103137821106316;0,0238298953406471;-0,249628577903657
CBA;Temp;10;Current landscape;0,574584364891052;-0,0946429431198155;0,165551387103424;-0,214960788185973
CBA;Temp;10;Current landscape;0,626477122306824;0,0888761262734192;0,15428118035587;-0,126854531678891
CBA;Temp;10;Current landscape;0,672561049461365;-0,0922016581223453;0,0897555868495985;-0,142439801309752
CBA;Temp;10;Current landscape;0,72344046831131;-0,125030145177174;-0,0173080210602627;-0,23047841836641
CBA;Temp;10;Current landscape;0,776683211326599;-0,0429855478924246;0,152602825804863;-0,201279799366883
CBA;Temp;10;Current landscape;0,824285268783569;0,141364806322613;0,25087845657314;-0,170315626693235
CBA;Temp;10;Current landscape;0,872830033302307;0,253848320755083;-0,016405276770957;-0,333195076673899
CBA;Temp;10;Current landscape;0,930109560489655;-0,120679041960543;0,222746552748458;0,0141138911696714
CBA;Temp;10;Current landscape;1;0,0339327182468239;-0,216613007796351;-0,433632238121632
CBA;Temp;11;Spatially adjusted;0,01;-0,160164269956493;-0,147605864428265;-0,189687330841664
CBA;Temp;11;Spatially adjusted;0,0302040816326531;-0,155727400753261;-0,145239069586758;-0,185571203250756
CBA;Temp;11;Spatially adjusted;0,0504081632653061;-0,151235668521263;-0,14281059235914;-0,181400918510583
CBA;Temp;11;Spatially adjusted;0,0706122448979592;-0,146634210231742;-0,140258750359305;-0,177122319471888
CBA;Temp;11;Spatially adjusted;0,0908163265306122;-0,141868162855943;-0,13752186120114;-0,172681248985409
CBA;Temp;11;Spatially adjusted;0,111020408163265;-0,136882663365089;-0,134538242498536;-0,168023549901875
CBA;Temp;11;Spatially adjusted;0,131224489795918;-0,131622848730437;-0,131246211865385;-0,163095065072032
CBA;Temp;11;Spatially adjusted;0,151428571428571;-0,126033855923211;-0,127584086915579;-0,157841637346614
CBA;Temp;11;Spatially adjusted;0,171632653061224;-0,120060821914652;-0,123490185263009;-0,152209109576358
CBA;Temp;11;Spatially adjusted;0,191836734693878;-0,113648883675999;-0,118902824521559;-0,146143324612005
CBA;Temp;11;Spatially adjusted;0,212040816326531;-0,106743178178494;-0,113760322305122;-0,139590125304292
CBA;Temp;11;Spatially adjusted;0,232244897959184;-0,0992888423933778;-0,108000996227595;-0,132495354503956
CBA;Temp;11;Spatially adjusted;0,252448979591837;-0,0912310132918783;-0,101563163902863;-0,124804855061733
CBA;Temp;11;Spatially adjusted;0,27265306122449;-0,082514827845241;-0,0943851429448124;-0,116464469828358
CBA;Temp;11;Spatially adjusted;0,292857142857143;-0,0730854230247076;-0,0864052509673456;-0,107420041654574
CBA;Temp;11;Spatially adjusted;0,313061224489796;-0,0628879358015091;-0,0775618055843417;-0,0976174133911165
CBA;Temp;11;Spatially adjusted;0,333265306122449;-0,0518675031468874;-0,0677931244096968;-0,0870024278887271
CBA;Temp;11;Spatially adjusted;0,353469387755102;-0,0399999932435904;-0,0570715888754911;-0,075550804926646
CBA;Temp;11;Spatially adjusted;0,373673469387755;-0,0273841991203909;-0,0455058356865834;-0,0633577719981595
CBA;Temp;11;Spatially adjusted;0,393877551020408;-0,0141496450175822;-0,0332385653660197;-0,0505484335250657
CBA;Temp;11;Spatially adjusted;0,414081632653061;-0,000425855175446799;-0,0204124784368531;-0,0372478939291554
CBA;Temp;11;Spatially adjusted;0,434285714285714;0,0136576461657292;-0,00717027542212279;-0,0235812576322196
CBA;Temp;11;Spatially adjusted;0,454489795918367;0,0279713347656632;0,00634534315511459;-0,0096736290560564
CBA;Temp;11;Spatially adjusted;0,47469387755102;0,0423856863840584;0,0199916767718094;0,00434988737754338
CBA;Temp;11;Spatially adjusted;0,494897959183674;0,0567711767806394;0,033626024904919;0,0183641872467852
CBA;Temp;11;Spatially adjusted;0,515102040816327;0,0709982817151129;0,0471056870313937;0,0322441661298782
CBA;Temp;11;Spatially adjusted;0,53530612244898;0,0849374769471964;0,060287962628184;0,0458647196050208
CBA;Temp;11;Spatially adjusted;0,555510204081633;0,0984592382366003;0,0730301511722402;0,059100743250422
CBA;Temp;11;Spatially adjusted;0,575714285714286;0,111434041343049;0,0851895521405197;0,0718271326442981
CBA;Temp;11;Spatially adjusted;0,595918367346939;0,123732362026235;0,0966234650099693;0,0839187833648438
CBA;Temp;11;Spatially adjusted;0,616122448979592;0,13522467604589;0,107189189257536;0,0952505909902683
CBA;Temp;11;Spatially adjusted;0,636326530612245;0,145781459161729;0,11674402436018;0,105697451098781
CBA;Temp;11;Spatially adjusted;0,656530612244898;0,155273187133457;0,125145269794849;0,115134259268586
CBA;Temp;11;Spatially adjusted;0,676734693877551;0,163570335720785;0,13225022503849;0,123435911077888
CBA;Temp;11;Spatially adjusted;0,696938775510204;0,170578760802908;0,137954962475181;0,130511280558345
CBA;Temp;11;Spatially adjusted;0,717142857142857;0,176345838736893;0,142310646117423;0,136405155555401
CBA;Temp;11;Spatially adjusted;0,73734693877551;0,180954325999277;0,145407212884852;0,141196302367948
CBA;Temp;11;Spatially adjusted;0,757551020408163;0,184486979066609;0,147334599697103;0,144963487294877
CBA;Temp;11;Spatially adjusted;0,777755102040816;0,187026554415432;0,148182743473797;0,147785476635086
CBA;Temp;11;Spatially adjusted;0,797959183673469;0,188655808522292;0,148041581134567;0,14974103668747
CBA;Temp;11;Spatially adjusted;0,818163265306122;0,189457497863714;0,147001049599041;0,150908933750916
CBA;Temp;11;Spatially adjusted;0,838367346938776;0,189514378916265;0,14515108578685;0,151367934124327
CBA;Temp;11;Spatially adjusted;0,858571428571429;0,188909208156467;0,142581626617623;0,151196804106586
CBA;Temp;11;Spatially adjusted;0,878775510204082;0,187724742060873;0,139382609010994;0,150474309996593
CBA;Temp;11;Spatially adjusted;0,898979591836735;0,186043737106026;0,135643969886583;0,149279218093238
CBA;Temp;11;Spatially adjusted;0,919183673469388;0,183948949768464;0,131455646164028;0,147690294695416
CBA;Temp;11;Spatially adjusted;0,939387755102041;0,181523136524739;0,126907574762953;0,145786306102021
CBA;Temp;11;Spatially adjusted;0,959591836734694;0,178849053851376;0,122089692602991;0,143646018611946
CBA;Temp;11;Spatially adjusted;0,979795918367347;0,176009458224932;0,117091936603771;0,141348198524081
CBA;Temp;11;Spatially adjusted;1;0,173087106121947;0,112004243684918;0,138971612137325
CBA;Temp;11;Current landscape;0,0292790206149221;0,0982522428393047;0,0948694069238556;-0,104801007125168
CBA;Temp;11;Current landscape;0,0704565122723579;0,219518606100451;0,090568637782674;-0,13047054036667
CBA;Temp;11;Current landscape;0,128524750471115;0,140283183383499;0,0648968380331354;-0,113393511660394
CBA;Temp;11;Current landscape;0,177509441971779;0,0645293538127589;-0,0284481901489144;-0,28529620702011
CBA;Temp;11;Current landscape;0,229005008935928;-0,0604381338521947;-0,0882626710087564;-0,305297805663283
CBA;Temp;11;Current landscape;0,273755952715874;-0,053480446148189;-0,180596065016857;-0,415528290519131
CBA;Temp;11;Current landscape;0,322635352611542;0,0347880495714286;-0,0553596051285474;-0,322640741056755
CBA;Temp;11;Current landscape;0,373995542526245;-0,0156022623027745;-0,10937012441428;-0,379570394793905
CBA;Temp;11;Current landscape;0,425468981266022;0,0350085443427588;-0,0754649718553004;-0,355244620806506
CBA;Temp;11;Current landscape;0,471817821264267;-0,0258955557585239;-0,0550236438759022;-0,36786455716992
CBA;Temp;11;Current landscape;0,527395367622375;-0,0648547135914193;0,00205446259382924;-0,29228810455356
CBA;Temp;11;Current landscape;0,574934244155884;-0,0887891812541426;0,101017630751219;-0,280716371174929
CBA;Temp;11;Current landscape;0,622113585472107;0,0987149082250909;0,162620068866818;-0,195298973156206
CBA;Temp;11;Current landscape;0,67461746931076;-0,140983678602066;0,0148756380943986;-0,279934037686399
CBA;Temp;11;Current landscape;0,728448212146759;-0,176900495149539;-0,0363196427726216;-0,272534025868804
CBA;Temp;11;Current landscape;0,775729298591614;-0,0793186493139544;0,0613582421541636;-0,287851285097815
CBA;Temp;11;Current landscape;0,827078819274902;0,109865507001484;0,213218126862223;-0,208296913279682
CBA;Temp;11;Current landscape;0,873050689697266;0,0347344937016523;-0,248276890423828;-0,562997971117287
CBA;Temp;11;Current landscape;0,925546586513519;-0,0532013212183919;0,274162394728084;0,072277039154617
CBA;Temp;11;Current landscape;1;0,0324946465679687;-0,249099121553904;-0,454306213274414
CBA;Temp;12;Spatially adjusted;0,01;-0,165166009044032;-0,178954425736336;-0,22255777781621
CBA;Temp;12;Spatially adjusted;0,0302040816326531;-0,161508292048097;-0,175576404315798;-0,216656915114214
CBA;Temp;12;Spatially adjusted;0,0504081632653061;-0,157784528612972;-0,172134579068072;-0,210698072408839
CBA;Temp;12;Spatially adjusted;0,0706122448979592;-0,153928672299489;-0,168565146165982;-0,204623269696686
CBA;Temp;12;Spatially adjusted;0,0908163265306122;-0,149874676668457;-0,164804301782336;-0,19837452697438
CBA;Temp;12;Spatially adjusted;0,111020408163265;-0,145556495280694;-0,160788242089954;-0,19189386423853
CBA;Temp;12;Spatially adjusted;0,131224489795918;-0,140908081697017;-0,156453163261656;-0,185123301485749
CBA;Temp;12;Spatially adjusted;0,151428571428571;-0,135863389478242;-0,15173526147025;-0,178004858712658
CBA;Temp;12;Spatially adjusted;0,171632653061224;-0,130356372185194;-0,146570732888556;-0,170480555915862
CBA;Temp;12;Spatially adjusted;0,191836734693878;-0,124320983378684;-0,14089577368939;-0,162492413091986
CBA;Temp;12;Spatially adjusted;0,212040816326531;-0,11769117661953;-0,134646580045569;-0,153982450237635
CBA;Temp;12;Spatially adjusted;0,232244897959184;-0,110400905468548;-0,127759348129906;-0,144892687349429
CBA;Temp;12;Spatially adjusted;0,252448979591837;-0,102384123486562;-0,120170274115218;-0,135165144423983
CBA;Temp;12;Spatially adjusted;0,27265306122449;-0,0935747842343808;-0,111815554174321;-0,124741841457904
CBA;Temp;12;Spatially adjusted;0,292857142857143;-0,0839068412728281;-0,102631384480031;-0,113564798447815
CBA;Temp;12;Spatially adjusted;0,313061224489796;-0,073314248162724;-0,0925539612051693;-0,101576035390323
CBA;Temp;12;Spatially adjusted;0,333265306122449;-0,0617309584648744;-0,081519480522541;-0,0887175722820466
CBA;Temp;12;Spatially adjusted;0,353469387755102;-0,0491280289070701;-0,0695013213740729;-0,0749670580898787
CBA;Temp;12;Spatially adjusted;0,373673469387755;-0,0356249288849284;-0,0566215937781003;-0,0604446576618081
CBA;Temp;12;Spatially adjusted;0,393877551020408;-0,0213782309610409;-0,0430395905220706;-0,0453061648161075
CBA;Temp;12;Spatially adjusted;0,414081632653061;-0,00654450769799908;-0,0289146043934281;-0,0297073733710569
CBA;Temp;12;Spatially adjusted;0,434285714285714;0,00871966834161597;-0,0144059281796096;-0,0138040771449148
CBA;Temp;12;Spatially adjusted;0,454489795918367;0,0242577245952127;0,00032714533194067;0,00224793004404233
CBA;Temp;12;Spatially adjusted;0,47469387755102;0,039913088500203;0,0151253233537751;0,0182928543775418
CBA;Temp;12;Spatially adjusted;0,494897959183674;0,0555291874939954;0,0298293130984568;0,0341749020373072
CBA;Temp;12;Spatially adjusted;0,515102040816327;0,0709494490140123;0,0442798217785381;0,04973827920508
CBA;Temp;12;Spatially adjusted;0,53530612244898;0,0860173004976588;0,0583175566065819;0,0648271920625803
CBA;Temp;12;Spatially adjusted;0,555510204081633;0,100576169382343;0,0717832247951371;0,0792858467915387
CBA;Temp;12;Spatially adjusted;0,575714285714286;0,114469483105488;0,0845175335567667;0,092958449573679
CBA;Temp;12;Spatially adjusted;0,595918367346939;0,127540669104494;0,0963611901040231;0,105689206590739
CBA;Temp;12;Spatially adjusted;0,616122448979592;0,139633154816778;0,107154901649473;0,117322324024439
CBA;Temp;12;Spatially adjusted;0,636326530612245;0,150590367679762;0,116739375405661;0,127702008056517
CBA;Temp;12;Spatially adjusted;0,656530612244898;0,160255735130839;0,124955318585155;0,136672464868688
CBA;Temp;12;Spatially adjusted;0,676734693877551;0,168472684607437;0,131643438400502;0,144077900642696
CBA;Temp;12;Spatially adjusted;0,696938775510204;0,175127457625486;0,136688564988756;0,149806412351392
CBA;Temp;12;Spatially adjusted;0,717142857142857;0,180277552015031;0,140152020184892;0,153921660132177
CBA;Temp;12;Spatially adjusted;0,73734693877551;0,184023279684642;0,1421392487484;0,156531194913573
CBA;Temp;12;Spatially adjusted;0,757551020408163;0,186464952542877;0,142755695438741;0,157742567624112
CBA;Temp;12;Spatially adjusted;0,777755102040816;0,187702882498311;0,142106805015391;0,157663329192321
CBA;Temp;12;Spatially adjusted;0,797959183673469;0,187837381459499;0,140298022237829;0,156401030546725
CBA;Temp;12;Spatially adjusted;0,818163265306122;0,186968761335024;0,137434791865527;0,154063222615854
CBA;Temp;12;Spatially adjusted;0,838367346938776;0,18519733403344;0,133622558657958;0,150757456328233
CBA;Temp;12;Spatially adjusted;0,858571428571429;0,182623411463325;0,128966767374596;0,146591282612391
CBA;Temp;12;Spatially adjusted;0,878775510204082;0,179347305533241;0,123572862774918;0,141672252396855
CBA;Temp;12;Spatially adjusted;0,898979591836735;0,175469328151753;0,117546289618392;0,136107916610154
CBA;Temp;12;Spatially adjusted;0,919183673469388;0,171089791227431;0,110992492664497;0,130005826180817
CBA;Temp;12;Spatially adjusted;0,939387755102041;0,166309006668836;0,104016916672709;0,123473532037369
CBA;Temp;12;Spatially adjusted;0,959591836734694;0,161227286384548;0,0967250064024974;0,116618585108341
CBA;Temp;12;Spatially adjusted;0,979795918367347;0,155944942283117;0,0892222066133357;0,109548536322251
CBA;Temp;12;Spatially adjusted;1;0,150562286273125;0,0816139620647043;0,102370936607638
CBA;Temp;12;Current landscape;0,0263351928442717;0,272726256878055;0,24538858918385;0,129490924800749
CBA;Temp;12;Current landscape;0,0747204571962357;0,056311355458746;0,00345473750450509;-0,210333189454001
CBA;Temp;12;Current landscape;0,121262989938259;0,0520479354042003;-0,0271516564960379;-0,308487977507177
CBA;Temp;12;Current landscape;0,175920188426971;0,0969509166957465;-0,0647095323916851;-0,251217380525237
CBA;Temp;12;Current landscape;0,225960776209831;0,0266777519552193;-0,0727277260272707;-0,36994729967234
CBA;Temp;12;Current landscape;0,273342043161392;-0,048992582013657;-0,0953292517530819;-0,336827670357724
CBA;Temp;12;Current landscape;0,325055927038193;-0,092529271251351;-0,159101179066891;-0,365517822131086
CBA;Temp;12;Current landscape;0,377472817897797;-0,0319609425495884;-0,164306296715104;-0,473474297816214
CBA;Temp;12;Current landscape;0,426789134740829;0,113607446648366;-0,0297159539490615;-0,26682056378306
CBA;Temp;12;Current landscape;0,474198877811432;0,183193172985607;0,118167073625187;-0,141596711961462
CBA;Temp;12;Current landscape;0,524230450391769;-0,0266352685476683;0,00634137543608659;-0,272215996230528
CBA;Temp;12;Current landscape;0,572302252054215;-0,0899129556695968;0,0114790265433093;-0,276130156024028
CBA;Temp;12;Current landscape;0,625652313232422;0,0896272766004493;0,107596661543123;-0,117970239575808
CBA;Temp;12;Current landscape;0,673536717891693;-0,117267501551019;0,0551577513200066;-0,168257146131019
CBA;Temp;12;Current landscape;0,725452452898026;-0,100887521090581;-0,0133517189822818;-0,221291445088919
CBA;Temp;12;Current landscape;0,775383949279785;-0,16899429222034;-0,00265092696163194;-0,360785062228398
CBA;Temp;12;Current landscape;0,821471929550171;0,256688076773358;0,353501625319197;-0,0617264072873915
CBA;Temp;12;Current landscape;0,877060055732727;0,206456317694887;-0,0839652373130768;-0,395553677546967
CBA;Temp;12;Current landscape;0,927546918392181;-0,174215426682643;0,143900088406063;-0,0593795948255576
CBA;Temp;12;Current landscape;1;0,0287055213818945;-0,264237852994128;-0,476534083990103
CBA;Temp;13;Spatially adjusted;0,01;-0,123937948346526;-0,143674242101099;-0,142734842185426
CBA;Temp;13;Spatially adjusted;0,0302040816326531;-0,124450885512264;-0,142827840013211;-0,143644577514198
CBA;Temp;13;Spatially adjusted;0,0504081632653061;-0,124868976605335;-0,141903128963435;-0,144457494685366
CBA;Temp;13;Spatially adjusted;0,0706122448979592;-0,125097375553096;-0,140821799989869;-0,145076775541334
CBA;Temp;13;Spatially adjusted;0,0908163265306122;-0,125041236282875;-0,139505544130614;-0,145405601924491
CBA;Temp;13;Spatially adjusted;0,111020408163265;-0,124605712722026;-0,137876052423785;-0,145347155677243
CBA;Temp;13;Spatially adjusted;0,131224489795918;-0,123695958797878;-0,135855015907477;-0,144804618641984
CBA;Temp;13;Spatially adjusted;0,151428571428571;-0,122217128437782;-0,13336412561981;-0,143681172661111
CBA;Temp;13;Spatially adjusted;0,171632653061224;-0,120074375569079;-0,130325072598872;-0,141879999577029
CBA;Temp;13;Spatially adjusted;0,191836734693878;-0,117172854119101;-0,126659547882785;-0,139304281232125
CBA;Temp;13;Spatially adjusted;0,212040816326531;-0,113417718015199;-0,122289242509638;-0,135857199468806
CBA;Temp;13;Spatially adjusted;0,232244897959184;-0,108714121184711;-0,117135847517549;-0,13144193612947
CBA;Temp;13;Spatially adjusted;0,252448979591837;-0,102967217554973;-0,111121053944618;-0,125961673056505
CBA;Temp;13;Spatially adjusted;0,27265306122449;-0,0960821610533422;-0,10416655282895;-0,119319592092317
CBA;Temp;13;Spatially adjusted;0,292857142857143;-0,0879641056071421;-0,0961940352086543;-0,111418875079305
CBA;Temp;13;Spatially adjusted;0,313061224489796;-0,0785182051437232;-0,0871251921218317;-0,102162703859868
CBA;Temp;13;Spatially adjusted;0,333265306122449;-0,0676496135904259;-0,0768817146065892;-0,0914542602764001
CBA;Temp;13;Spatially adjusted;0,353469387755102;-0,0553138513034206;-0,0654288562979772;-0,0792483843189586
CBA;Temp;13;Spatially adjusted;0,373673469387755;-0,0416679043541919;-0,0529061212188253;-0,0657065485682722
CBA;Temp;13;Spatially adjusted;0,393877551020408;-0,026919125243051;-0,0394965759889097;-0,0510418837527205
CBA;Temp;13;Spatially adjusted;0,414081632653061;-0,0112748664703055;-0,0253832872279993;-0,0354675206006796
CBA;Temp;13;Spatially adjusted;0,434285714285714;0,00505751946372257;-0,0107493215558705;-0,0191965898405435
CBA;Temp;13;Spatially adjusted;0,454489795918367;0,0218706800587256;0,00422225440770063;-0,0024422222006919
CBA;Temp;13;Spatially adjusted;0,47469387755102;0,0389572628143817;0,0193483740429485;0,0145824515904955
CBA;Temp;13;Spatially adjusted;0,494897959183674;0,0561099152303939;0,0344459707300864;0,0316643008046356
CBA;Temp;13;Spatially adjusted;0,515102040816327;0,0731212848064473;0,0493319778493486;0,0485901947133449
CBA;Temp;13;Spatially adjusted;0,53530612244898;0,089784019042213;0,0638233287809591;0,0651470025882368
CBA;Temp;13;Spatially adjusted;0,555510204081633;0,105890765437398;0,0777369569051452;0,0811215937009315
CBA;Temp;13;Spatially adjusted;0,575714285714286;0,121234171491675;0,0908897956021306;0,0963008373230494
CBA;Temp;13;Spatially adjusted;0,595918367346939;0,135606884704739;0,103098778252143;0,1104716027262
CBA;Temp;13;Spatially adjusted;0,616122448979592;0,148801552576273;0,114180838235409;0,123420759182004
CBA;Temp;13;Spatially adjusted;0,636326530612245;0,160610822605971;0,123952908932154;0,134935175962081
CBA;Temp;13;Spatially adjusted;0,656530612244898;0,17082734229351;0,1322319237226;0,144801722338041
CBA;Temp;13;Spatially adjusted;0,676734693877551;0,17924375913859;0,138834815986982;0,152807267581508
CBA;Temp;13;Spatially adjusted;0,696938775510204;0,185708190384094;0,143628396762413;0,158795808292378
CBA;Temp;13;Spatially adjusted;0,717142857142857;0,190290632245745;0,146678987713617;0,162839850383673
CBA;Temp;13;Spatially adjusted;0,73734693877551;0,193116550682465;0,148102788162209;0,165069027096703
CBA;Temp;13;Spatially adjusted;0,757551020408163;0,194311411653171;0,148015997429805;0,165612971672765
CBA;Temp;13;Spatially adjusted;0,777755102040816;0,194000681116801;0,146534814838013;0,164601317353171
CBA;Temp;13;Spatially adjusted;0,797959183673469;0,192309825032268;0,143775439708463;0,162163697379221
CBA;Temp;13;Spatially adjusted;0,818163265306122;0,189364309358496;0,139854071362752;0,158429744992223
CBA;Temp;13;Spatially adjusted;0,838367346938776;0,185289600054418;0,134886909122507;0,15352909343348
CBA;Temp;13;Spatially adjusted;0,858571428571429;0,18021116307894;0,128990152309342;0,147591375944295
CBA;Temp;13;Spatially adjusted;0,878775510204082;0,174254464391009;0,122280000244871;0,14074622576598
CBA;Temp;13;Spatially adjusted;0,898979591836735;0,167544969949528;0,114872652250703;0,133123276139834
CBA;Temp;13;Spatially adjusted;0,919183673469388;0,16020814571343;0,10688430764846;0,124852160307164
CBA;Temp;13;Spatially adjusted;0,939387755102041;0,152369457641637;0,098431165759763;0,116062511509274
CBA;Temp;13;Spatially adjusted;0,959591836734694;0,144154371693073;0,0896294259062174;0,106883962987467
CBA;Temp;13;Spatially adjusted;0,979795918367347;0,135688353826662;0,0805952874094409;0,0974461479830566
CBA;Temp;13;Spatially adjusted;1;0,127096870001324;0,0714449495910472;0,0878786997373382
CBA;Temp;13;Current landscape;0,0292398985475302;0,0954969934690624;0,0576543691945588;-0,0524930791106861
CBA;Temp;13;Current landscape;0,0736729502677917;0,201994004177713;0,0805326591937856;-0,116198696629109
CBA;Temp;13;Current landscape;0,130371481180191;0,0504525350460447;-0,0426226326846901;-0,320300280760872
CBA;Temp;13;Current landscape;0,174744606018066;0,105532895380371;0,00310315685859308;-0,238569936620529
CBA;Temp;13;Current landscape;0,226971983909607;-0,0223694180705429;-0,0910768416576637;-0,307263725736032
CBA;Temp;13;Current landscape;0,275060519576073;0,0494797927642594;0,0258483282940887;-0,221241415529754
CBA;Temp;13;Current landscape;0,326224595308304;-0,0366350960104214;-0,146583771082241;-0,4471669915193
CBA;Temp;13;Current landscape;0,378191903233529;0,0259445918348007;-0,046193946567314;-0,377963035818706
CBA;Temp;13;Current landscape;0,425521045923233;0,155104842165922;-0,0353252145850398;-0,271037313916231
CBA;Temp;13;Current landscape;0,4754798412323;0,0971055520355364;0,0436329347353457;-0,152344363004001
CBA;Temp;13;Current landscape;0,526484429836273;-0,185920747838367;-0,09068627988594;-0,329706528389803
CBA;Temp;13;Current landscape;0,573886215686798;-0,195017346975533;0,0309001247767462;-0,224808282058451
CBA;Temp;13;Current landscape;0,625412225723267;0,0558316717011351;0,0834748828102185;-0,225165779136685
CBA;Temp;13;Current landscape;0,675468504428864;-0,166951299387172;0,0426198697306361;-0,219721446238918
CBA;Temp;13;Current landscape;0,728187620639801;-0,0771729324643502;0,0103109997042239;-0,251986213239775
CBA;Temp;13;Current landscape;0,774162530899048;-0,0528485337468645;0,0765050035770898;-0,263746299561571
CBA;Temp;13;Current landscape;0,822143375873566;0,175796570033537;0,277162301668113;-0,139429794924094
CBA;Temp;13;Current landscape;0,881385147571564;0,173838405949571;-0,108974752320776;-0,421721276158166
CBA;Temp;13;Current landscape;0,92908388376236;-0,115632061368686;0,209966837327809;0,00598280976450027
CBA;Temp;13;Current landscape;1;0,08274602401778;-0,198702208505924;-0,41286095064201
CBA;Temp;14;Spatially adjusted;0,01;-0,179333230129444;-0,154574092120189;-0,202283495513598
CBA;Temp;14;Spatially adjusted;0,0302040816326531;-0,174052132154188;-0,153143852152141;-0,19848708963837
CBA;Temp;14;Spatially adjusted;0,0504081632653061;-0,168710884163712;-0,151636559262588;-0,194620779544952
CBA;Temp;14;Spatially adjusted;0,0706122448979592;-0,163249336142798;-0,149975160530037;-0,190614661015147
CBA;Temp;14;Spatially adjusted;0,0908163265306122;-0,157607338076229;-0,148082603032975;-0,186398829830754
CBA;Temp;14;Spatially adjusted;0,111020408163265;-0,151724739948779;-0,145881833849909;-0,181903381773591
CBA;Temp;14;Spatially adjusted;0,131224489795918;-0,145541391745237;-0,143295800059335;-0,177058412625463
CBA;Temp;14;Spatially adjusted;0,151428571428571;-0,138997143450382;-0,140247448739746;-0,171794018168168
CBA;Temp;14;Spatially adjusted;0,171632653061224;-0,132031845048985;-0,136659726969643;-0,166040294183524
CBA;Temp;14;Spatially adjusted;0,191836734693878;-0,124585346525844;-0,132455581827529;-0,159727336453326
CBA;Temp;14;Spatially adjusted;0,212040816326531;-0,11659749786573;-0,127557960391901;-0,152785240759386
CBA;Temp;14;Spatially adjusted;0,232244897959184;-0,108008149053418;-0,121889809741251;-0,14514410288351
CBA;Temp;14;Spatially adjusted;0,252448979591837;-0,0987571500737054;-0,11537407695408;-0,136734018607505
CBA;Temp;14;Spatially adjusted;0,27265306122449;-0,0887843509113608;-0,107933709108888;-0,127485083713179
CBA;Temp;14;Spatially adjusted;0,292857142857143;-0,0780296015511617;-0,0994916532841685;-0,117327393982329
CBA;Temp;14;Spatially adjusted;0,313061224489796;-0,0664327519779029;-0,089970856558427;-0,106191045196777
CBA;Temp;14;Spatially adjusted;0,333265306122449;-0,053933652176358;-0,0792942660101588;-0,0940061331383149
CBA;Temp;14;Spatially adjusted;0,353469387755102;-0,0405074488877553;-0,0674268476800215;-0,0807419431021472
CBA;Temp;14;Spatially adjusted;0,373673469387755;-0,0262704758791443;-0,0545016434573711;-0,0665245184370491
CBA;Temp;14;Spatially adjusted;0,393877551020408;-0,0113743636740224;-0,0406937141937043;-0,0515190920051758
CBA;Temp;14;Spatially adjusted;0,414081632653061;0,00402925720412384;-0,0261781207405249;-0,0358908966686897
CBA;Temp;14;Spatially adjusted;0,434285714285714;0,0197887562317867;-0,0111299239493512;-0,0198051652897639
CBA;Temp;14;Spatially adjusted;0,454489795918367;0,0357525028854866;0,00427581532832022;-0,00342713073054668
CBA;Temp;14;Spatially adjusted;0,47469387755102;0,0517688666417087;0,0198640362409712;0,013077974146789
CBA;Temp;14;Spatially adjusted;0,494897959183674;0,0676862169769628;0,0354596779371015;0,0295449164800843
CBA;Temp;14;Spatially adjusted;0,515102040816327;0,0833529233677659;0,0508876795652036;0,0458084634071767
CBA;Temp;14;Spatially adjusted;0,53530612244898;0,0986173552906067;0,0659729802737665;0,0617033820659003
CBA;Temp;14;Spatially adjusted;0,555510204081633;0,113327882221995;0,0805405192112865;0,0770644395940998
CBA;Temp;14;Spatially adjusted;0,575714285714286;0,127332873638437;0,0944152355262489;0,0917264031296021
CBA;Temp;14;Spatially adjusted;0,595918367346939;0,140480699016443;0,107422068367157;0,105524039810252
CBA;Temp;14;Spatially adjusted;0,616122448979592;0,152619727832501;0,119385956882493;0,118292116773883
CBA;Temp;14;Spatially adjusted;0,636326530612245;0,163598329563126;0,130131840220756;0,129865401158337
CBA;Temp;14;Spatially adjusted;0,656530612244898;0,173264873684818;0,139484657530438;0,140078660101448
CBA;Temp;14;Spatially adjusted;0,676734693877551;0,18146772967409;0,14726934796003;0,148766660741053
CBA;Temp;14;Spatially adjusted;0,696938775510204;0,188097364997347;0,153358185672147;0,155809318308325
CBA;Temp;14;Spatially adjusted;0,717142857142857;0,193212639080681;0,157812784885891;0,161267140407787
CBA;Temp;14;Spatially adjusted;0,73734693877551;0,196914509340079;0,16074209483449;0,165245782737287
CBA;Temp;14;Spatially adjusted;0,757551020408163;0,199303933191548;0,162255064751161;0,167850900994679
CBA;Temp;14;Spatially adjusted;0,777755102040816;0,200481868051071;0,162460643869139;0,169188150877822
CBA;Temp;14;Spatially adjusted;0,797959183673469;0,200549271334651;0,161467781421642;0,169363188084571
CBA;Temp;14;Spatially adjusted;0,818163265306122;0,199607100458273;0,159385426641897;0,168481668312776
CBA;Temp;14;Spatially adjusted;0,838367346938776;0,197756312837942;0,15632252876313;0,166649247260292
CBA;Temp;14;Spatially adjusted;0,858571428571429;0,195097865889647;0,152388037018564;0,163971580624974
CBA;Temp;14;Spatially adjusted;0,878775510204082;0,191732717029392;0,147690900641425;0,160554324104677
CBA;Temp;14;Spatially adjusted;0,898979591836735;0,187761823673164;0,142340068864932;0,156503133397258
CBA;Temp;14;Spatially adjusted;0,919183673469388;0,183286143236959;0,136444490922322;0,151923664200563
CBA;Temp;14;Spatially adjusted;0,939387755102041;0,17840663313677;0,130113116046807;0,146921572212452
CBA;Temp;14;Spatially adjusted;0,959591836734694;0,173224250788603;0,123454893471624;0,141602513130778
CBA;Temp;14;Spatially adjusted;0,979795918367347;0,167839953608443;0,116578772429982;0,136072142653394
CBA;Temp;14;Spatially adjusted;1;0,162354699012287;0,109593702155124;0,130436116478162
CBA;Temp;14;Current landscape;0,022916354238987;0,292213549342602;0,304671704530886;0,292753684023594
CBA;Temp;14;Current landscape;0,0703256949782372;0,0941368873478936;-0,00516728777407138;-0,242752388473928
CBA;Temp;14;Current landscape;0,126820012927055;0,0202947955884092;-0,0400533816961541;-0,293519968064651
CBA;Temp;14;Current landscape;0,175768300890923;0,0871990409241725;-0,0749665463777269;-0,357209975036646
CBA;Temp;14;Current landscape;0,226588144898415;-0,0958246787237869;-0,123478074178028;-0,441546261286828
CBA;Temp;14;Current landscape;0,273585468530655;-0,147348308263737;-0,144239719959149;-0,354266132815873
CBA;Temp;14;Current landscape;0,323456436395645;-0,0444654318835376;-0,196708835425927;-0,428775851365177
CBA;Temp;14;Current landscape;0,377892762422562;0,102131420551551;-0,0935016842952408;-0,380722427642116
CBA;Temp;14;Current landscape;0,426840841770172;0,186628528472813;0,0453102157115666;-0,20236384405478
CBA;Temp;14;Current landscape;0,472859337925911;-0,00347868989966926;-0,0329518045880874;-0,247506237878113
CBA;Temp;14;Current landscape;0,5232994556427;-0,0721091781734451;-0,0162933812934938;-0,190771910114513
CBA;Temp;14;Current landscape;0,576125532388687;-0,104838253157126;0,0970997629202124;-0,193182366964066
CBA;Temp;14;Current landscape;0,624800890684128;0,134054153061665;0,192102132729605;-0,0684160457130254
CBA;Temp;14;Current landscape;0,674553096294403;-0,0749838880090401;0,114992963230232;-0,115534073281516
CBA;Temp;14;Current landscape;0,727217257022858;-0,209594871045784;-0,14387943022199;-0,363963996408312
CBA;Temp;14;Current landscape;0,779106974601746;-0,186787971272352;-0,0922222215835617;-0,419153455561439
CBA;Temp;14;Current landscape;0,824650228023529;0,212209161538258;0,313010075592239;-0,105566676602308
CBA;Temp;14;Current landscape;0,875565052032471;0,313668387693728;0,0324146722767402;-0,281243165636326
CBA;Temp;14;Current landscape;0,927285552024841;-0,117333110031502;0,211551329969577;0,00822238458503577
CBA;Temp;14;Current landscape;1;0,0264628362974655;-0,246190013266144;-0,456358845472952
CBA;Temp;15;Spatially adjusted;0,01;-0,166855151616662;-0,1437491580628;-0,177849943319291
CBA;Temp;15;Spatially adjusted;0,0302040816326531;-0,163341546705833;-0,142061585015835;-0,175701412018547
CBA;Temp;15;Spatially adjusted;0,0504081632653061;-0,159755234562798;-0,140305593936635;-0,173477073567565
CBA;Temp;15;Spatially adjusted;0,0706122448979592;-0,156023507955371;-0,138412766792964;-0,1711011208161
CBA;Temp;15;Spatially adjusted;0,0908163265306122;-0,15207365965135;-0,136314685552581;-0,168497746613912
CBA;Temp;15;Spatially adjusted;0,111020408163265;-0,147832982418532;-0,13394293218326;-0,165591143810758
CBA;Temp;15;Spatially adjusted;0,131224489795918;-0,14322876902472;-0,131229088652749;-0,162305505256406
CBA;Temp;15;Spatially adjusted;0,151428571428571;-0,138188312237713;-0,128104736928822;-0,158565023800605
CBA;Temp;15;Spatially adjusted;0,171632653061224;-0,13263890482532;-0,124501458979239;-0,154293892293115
CBA;Temp;15;Spatially adjusted;0,191836734693878;-0,126507839555334;-0,120350836771767;-0,149416303583703
CBA;Temp;15;Spatially adjusted;0,212040816326531;-0,119722409195557;-0,11558445227417;-0,143856450522122
CBA;Temp;15;Spatially adjusted;0,232244897959184;-0,112209906513794;-0,110133887454211;-0,137538525958135
CBA;Temp;15;Spatially adjusted;0,252448979591837;-0,103897624277845;-0,103930724279646;-0,130386722741495
CBA;Temp;15;Spatially adjusted;0,27265306122449;-0,0947128552555156;-0,0969065447182516;-0,122325233721966
CBA;Temp;15;Spatially adjusted;0,292857142857143;-0,0845828922146019;-0,0889929307377813;-0,113278251749307
CBA;Temp;15;Spatially adjusted;0,313061224489796;-0,0734350279229048;-0,080121464306;-0,103169969673274
CBA;Temp;15;Spatially adjusted;0,333265306122449;-0,061196555148225;-0,0702237273906761;-0,0919245803436297
CBA;Temp;15;Spatially adjusted;0,353469387755102;-0,0478365885959526;-0,0592692819311722;-0,0795081523018801
CBA;Temp;15;Spatially adjusted;0,373673469387755;-0,033491530721804;-0,0473796097532571;-0,0660542568565248
CBA;Temp;15;Spatially adjusted;0,393877551020408;-0,018339605919099;-0,0347141726542937;-0,0517383410077947
CBA;Temp;15;Spatially adjusted;0,414081632653061;-0,00255903858115047;-0,0214324324316664;-0,036735851755946
CBA;Temp;15;Spatially adjusted;0,434285714285714;0,013671946898743;-0,00769385088272756;-0,0212222361012202
CBA;Temp;15;Spatially adjusted;0,454489795918367;0,0301751261272756;0,00634211019514197;-0,00537294104385566
CBA;Temp;15;Spatially adjusted;0,47469387755102;0,0467722747111239;0,0205159890045756;0,0106365864158988
CBA;Temp;15;Spatially adjusted;0,494897959183674;0,0632851682569822;0,0346683237482033;0,0266308992777979
CBA;Temp;15;Spatially adjusted;0,515102040816327;0,0795355823715482;0,0486396526286619;0,0424345505416035
CBA;Temp;15;Spatially adjusted;0,53530612244898;0,0953452926614986;0,0622705138485706;0,0578720932070702
CBA;Temp;15;Spatially adjusted;0,555510204081633;0,110536074733542;0,0754014456105736;0,0727680802739528
CBA;Temp;15;Spatially adjusted;0,575714285714286;0,124929704194354;0,0878729861172864;0,086947064742013
CBA;Temp;15;Spatially adjusted;0,595918367346939;0,138347956650627;0,0995256735713497;0,100233599610998
CBA;Temp;15;Spatially adjusted;0,616122448979592;0,150612607709057;0,110200046175397;0,112452237880671
CBA;Temp;15;Spatially adjusted;0,636326530612245;0,161545432976336;0,119736642132043;0,123427532550785
CBA;Temp;15;Spatially adjusted;0,656530612244898;0,170968208059143;0,127975999643937;0,132984036621099
CBA;Temp;15;Spatially adjusted;0,676734693877551;0,178702708564177;0,134758656913696;0,140946303091368
CBA;Temp;15;Spatially adjusted;0,696938775510204;0,184619856861293;0,139968564131429;0,147186560342643
CBA;Temp;15;Spatially adjusted;0,717142857142857;0,188787162373025;0,143663319437135;0,151767738281148
CBA;Temp;15;Spatially adjusted;0,73734693877551;0,191321281285052;0,145943932958279;0,154800442194396
CBA;Temp;15;Spatially adjusted;0,757551020408163;0,192338869783072;0,146911414822327;0,156395277369914
CBA;Temp;15;Spatially adjusted;0,777755102040816;0,191956584052782;0,146666775156753;0,156662849095209
CBA;Temp;15;Spatially adjusted;0,797959183673469;0,190291080279867;0,145311024089018;0,155713762657811
CBA;Temp;15;Spatially adjusted;0,818163265306122;0,187459014650024;0,1429451717466;0,15365862334523
CBA;Temp;15;Spatially adjusted;0,838367346938776;0,183577043348951;0,139670228256964;0,150608036444989
CBA;Temp;15;Spatially adjusted;0,858571428571429;0,178761822562333;0,135587203747576;0,146672607244604
CBA;Temp;15;Spatially adjusted;0,878775510204082;0,173130008475866;0,130797108345909;0,141962941031593
CBA;Temp;15;Spatially adjusted;0,898979591836735;0,166798257275243;0,125400952179429;0,136589643093473
CBA;Temp;15;Spatially adjusted;0,919183673469388;0,159883225146153;0,119499745375606;0,130663318717758
CBA;Temp;15;Spatially adjusted;0,939387755102041;0,152501568274296;0,113194498061908;0,124294573191978
CBA;Temp;15;Spatially adjusted;0,959591836734694;0,144769942845358;0,106586220365802;0,117594011803639
CBA;Temp;15;Spatially adjusted;0,979795918367347;0,13680500504503;0,0997759224147607;0,11067223984027
CBA;Temp;15;Spatially adjusted;1;0,128723411059021;0,0928646143362499;0,103639862589375
CBA;Temp;15;Current landscape;0,0289901662617922;0,0985991840850602;0,147576899740073;0,10510792259835
CBA;Temp;15;Current landscape;0,0733966752886772;0,217959701066384;0,0980756743181921;-0,219086092516747
CBA;Temp;15;Current landscape;0,131133154034615;0,003437485077594;0,0321595705398146;-0,203820846699902
CBA;Temp;15;Current landscape;0,174624562263489;0,0430090916259971;0,0604839309278304;-0,227964626714201
CBA;Temp;15;Current landscape;0,226808935403824;-0,011840900512972;-0,0267631845960494;-0,259563358578681
CBA;Temp;15;Current landscape;0,27501505613327;-0,046911736418366;-0,0679664616468116;-0,311962699027092
CBA;Temp;15;Current landscape;0,325145125389099;-0,0728920156338333;-0,084529412204855;-0,340743314608957
CBA;Temp;15;Current landscape;0,374123930931091;0,0730888862219814;-0,0258034278449095;-0,291775305476527
CBA;Temp;15;Current landscape;0,426300168037415;0,275927646329826;0,0590906439951908;-0,16936175070607
CBA;Temp;15;Current landscape;0,474752381443977;-0,0478253954545664;-0,116367828575367;-0,348667440638042
CBA;Temp;15;Current landscape;0,526744276285172;0,068613861923609;0,00329516641587446;-0,320896850799254
CBA;Temp;15;Current landscape;0,572696030139923;-0,124167657319692;0,048315309275317;-0,312964119777423
CBA;Temp;15;Current landscape;0,623725950717926;0,158987049301999;0,209170298817099;-0,0817156614811871
CBA;Temp;15;Current landscape;0,674132108688355;-0,139102389381286;0,038089774492768;-0,187048089667854
CBA;Temp;15;Current landscape;0,722978174686432;-0,182838286182719;-0,0998953496888433;-0,303703082995742
CBA;Temp;15;Current landscape;0,777078330516815;-0,189089413834683;-0,0654602818766179;-0,31254491102878
CBA;Temp;15;Current landscape;0,823233664035797;0,0609387223551181;0,165086634256973;-0,248923172293907
CBA;Temp;15;Current landscape;0,875497102737427;0,256839912701455;-0,0191594544251856;-0,331397716447789
CBA;Temp;15;Current landscape;0,926707357168197;-0,18164934668215;0,158279140154612;-0,0479749275073331
CBA;Temp;15;Current landscape;1;0,0210547546930719;-0,232829001809186;-0,446522592653455
CBA;Temp;16;Spatially adjusted;0,01;-0,172728357157453;-0,149994085940847;-0,200171312187518
CBA;Temp;16;Spatially adjusted;0,0302040816326531;-0,167908085248804;-0,147524611901627;-0,19485095231904
CBA;Temp;16;Spatially adjusted;0,0504081632653061;-0,163031777054321;-0,14499191310378;-0,18948090459665
CBA;Temp;16;Spatially adjusted;0,0706122448979592;-0,158043396288136;-0,14233276478868;-0,184011481166419
CBA;Temp;16;Spatially adjusted;0,0908163265306122;-0,152886906664421;-0,139483942197693;-0,178392994174441
CBA;Temp;16;Spatially adjusted;0,111020408163265;-0,147506271897331;-0,136382220572198;-0,172575755766793
CBA;Temp;16;Spatially adjusted;0,131224489795918;-0,141845455701016;-0,132964375153566;-0,166510078089566
CBA;Temp;16;Spatially adjusted;0,151428571428571;-0,135848421789628;-0,129167181183167;-0,160146273288831
CBA;Temp;16;Spatially adjusted;0,171632653061224;-0,129459133877333;-0,124927413902377;-0,153434653510679
CBA;Temp;16;Spatially adjusted;0,191836734693878;-0,122621555678279;-0,120181848552566;-0,146325530901194
CBA;Temp;16;Spatially adjusted;0,212040816326531;-0,115279650906626;-0,114867260375107;-0,138769217606455
CBA;Temp;16;Spatially adjusted;0,232244897959184;-0,107377383276525;-0,10892042461137;-0,13071602577255
CBA;Temp;16;Spatially adjusted;0,252448979591837;-0,0988587165021357;-0,102278116502735;-0,122116267545557
CBA;Temp;16;Spatially adjusted;0,27265306122449;-0,089667614297607;-0,0948771112905646;-0,112920255071558
CBA;Temp;16;Spatially adjusted;0,292857142857143;-0,079748040377094;-0,0866541842162398;-0,103078300496641
CBA;Temp;16;Spatially adjusted;0,313061224489796;-0,0690439584547562;-0,0775461105211299;-0,0925407159668907
CBA;Temp;16;Spatially adjusted;0,333265306122449;-0,0574993322447526;-0,0674896654466011;-0,0812578136283833
CBA;Temp;16;Spatially adjusted;0,353469387755102;-0,0450901359825089;-0,056457386445679;-0,0692090591573482
CBA;Temp;16;Spatially adjusted;0,373673469387755;-0,0319203859885562;-0,0445648598179389;-0,0564905323505833
CBA;Temp;16;Spatially adjusted;0,393877551020408;-0,018126109104692;-0,0319634340746084;-0,0432274665350292
CBA;Temp;16;Spatially adjusted;0,414081632653061;-0,00384333217272115;-0,0188044577269153;-0,0295450950376228
CBA;Temp;16;Spatially adjusted;0,434285714285714;0,0107919179655518;-0,00523927928607293;-0,0155686511853119
CBA;Temp;16;Spatially adjusted;0,454489795918367;0,0256436144683256;0,00858075273668035;-0,00142336830503353
CBA;Temp;16;Spatially adjusted;0,47469387755102;0,0405757304937922;0,0225042898301311;0,0127655202762789
CBA;Temp;16;Spatially adjusted;0,494897959183674;0,0554522392001537;0,0363799834830445;0,026872781231674
CBA;Temp;16;Spatially adjusted;0,515102040816327;0,0701371137456057;0,0500564851842;0,0407731812342149
CBA;Temp;16;Spatially adjusted;0,53530612244898;0,0844943272883434;0,0633824464223771;0,054341486956961
CBA;Temp;16;Spatially adjusted;0,555510204081633;0,0983878529865692;0,0762065186863445;0,0674524650729786
CBA;Temp;16;Spatially adjusted;0,575714285714286;0,111681663998475;0,0883773534648782;0,0799808822553167
CBA;Temp;16;Spatially adjusted;0,595918367346939;0,124239733482259;0,099743602246761;0,0918015051770418
CBA;Temp;16;Spatially adjusted;0,616122448979592;0,135926034596118;0,110153916520755;0,10278910051121
CBA;Temp;16;Spatially adjusted;0,636326530612245;0,146604540498256;0,119456947775646;0,112818434930883
CBA;Temp;16;Spatially adjusted;0,656530612244898;0,156139224346859;0,127501347500207;0,121764275109118
CBA;Temp;16;Spatially adjusted;0,676734693877551;0,164394059300122;0,134135767183214;0,129501387718975
CBA;Temp;16;Spatially adjusted;0,696938775510204;0,171270438362157;0,139250346904397;0,135939307080665
CBA;Temp;16;Spatially adjusted;0,717142857142857;0,17681943392062;0,142901181107352;0,141126638102993
CBA;Temp;16;Spatially adjusted;0,73734693877551;0,181129538209088;0,145185852826625;0,145146753341919
CBA;Temp;16;Spatially adjusted;0,757551020408163;0,184289243461134;0,14620194509676;0,148083025353404
CBA;Temp;16;Spatially adjusted;0,777755102040816;0,186387041910329;0,146047040952308;0,150018826693394
CBA;Temp;16;Spatially adjusted;0,797959183673469;0,187511425790241;0,144818723427825;0,151037529917858
CBA;Temp;16;Spatially adjusted;0,818163265306122;0,187750887334438;0,14261457555785;0,151222507582744
CBA;Temp;16;Spatially adjusted;0,838367346938776;0,187193918776508;0,139532180376939;0,150657132244014
CBA;Temp;16;Spatially adjusted;0,858571428571429;0,185929012350002;0,135669120919637;0,149424776457629
CBA;Temp;16;Spatially adjusted;0,878775510204082;0,184044660288496;0,131122980220493;0,147608812779538
CBA;Temp;16;Spatially adjusted;0,898979591836735;0,181629354825574;0,125991341314055;0,145292613765704
CBA;Temp;16;Spatially adjusted;0,919183673469388;0,178771588194792;0,12037178723487;0,142559551972084
CBA;Temp;16;Spatially adjusted;0,939387755102041;0,175559852629721;0,114361901017496;0,139492999954637
CBA;Temp;16;Spatially adjusted;0,959591836734694;0,172082640363939;0,108059265696472;0,136176330269315
CBA;Temp;16;Spatially adjusted;0,979795918367347;0,168428443631022;0,10156146430635;0,132692915472081
CBA;Temp;16;Spatially adjusted;1;0,164685754664525;0,0949660798816829;0,129126128118884
CBA;Temp;16;Current landscape;0,0264335311949253;0,016372117968853;0,020714968157364;-0,0549564579646642
CBA;Temp;16;Current landscape;0,0732624754309654;0,252958170626471;0,220625101735635;0,00738613630704066
CBA;Temp;16;Current landscape;0,127911478281021;0,176803517578851;0,112997443507133;-0,120608514910376
CBA;Temp;16;Current landscape;0,17562147974968;0,00545622966749093;-0,0606012831251341;-0,231361976699681
CBA;Temp;16;Current landscape;0,229350313544273;0,00669732586269944;-0,0244388064004291;-0,258706166096921
CBA;Temp;16;Current landscape;0,277336239814758;-0,00659967108805049;-0,091621376907117;-0,368926000634289
CBA;Temp;16;Current landscape;0,325231045484543;-0,104584462772184;-0,143560587689802;-0,330624813678135
CBA;Temp;16;Current landscape;0,376152575016022;0,0604677715926094;-0,0424826894236929;-0,349059358843377
CBA;Temp;16;Current landscape;0,426675885915756;0,164449828951469;-0,0618206874243761;-0,288390232550626
CBA;Temp;16;Current landscape;0,473841607570648;0,0864243808320104;-0,0287162151012481;-0,287564293360024
CBA;Temp;16;Current landscape;0,524529755115509;0,0115637753715987;0,0273647423315779;-0,261325744163582
CBA;Temp;16;Current landscape;0,575400739908219;-0,211062667898698;0,0205002151403413;-0,355475352474876
CBA;Temp;16;Current landscape;0,622089862823486;0,0366138045963424;0,108525167328938;-0,220524229926724
CBA;Temp;16;Current landscape;0,67378431558609;-0,189268858749831;0,00160248955327802;-0,262307366297009
CBA;Temp;16;Current landscape;0,724504888057709;-0,166771999220853;-0,0741341660750976;-0,334618841061801
CBA;Temp;16;Current landscape;0,773069143295288;-0,183871612561966;0,0163544894005234;-0,348844963270984
CBA;Temp;16;Current landscape;0,823183745145798;0,0916722994941992;0,190515733122378;-0,225592998733653
CBA;Temp;16;Current landscape;0,873539030551911;0,279600451577707;-0,00925696291249167;-0,317099087214636
CBA;Temp;16;Current landscape;0,928388953208923;-0,155876060862607;0,161341379830031;-0,0348688299456654
CBA;Temp;16;Current landscape;1;0,0327747555011939;-0,257306096335448;-0,456394653503828
CBA;Temp;17;Spatially adjusted;0,01;-0,169779059244217;-0,172950801590773;-0,186975006655278
CBA;Temp;17;Spatially adjusted;0,0302040816326531;-0,165034568258903;-0,168770328911027;-0,183873968269943
CBA;Temp;17;Spatially adjusted;0,0504081632653061;-0,160229600301371;-0,164538144356179;-0,18070541876606
CBA;Temp;17;Spatially adjusted;0,0706122448979592;-0,155303678399392;-0,160202536051138;-0,177401847025088
CBA;Temp;17;Spatially adjusted;0,0908163265306122;-0,150196325580737;-0,155711792120801;-0,173895741928472
CBA;Temp;17;Spatially adjusted;0,111020408163265;-0,144847064873197;-0,151014200690071;-0,170119592357672
CBA;Temp;17;Spatially adjusted;0,131224489795918;-0,139195419304535;-0,146058049883852;-0,166005887194139
CBA;Temp;17;Spatially adjusted;0,151428571428571;-0,133180911902539;-0,140791627827046;-0,161487115319325
CBA;Temp;17;Spatially adjusted;0,171632653061224;-0,126743065694978;-0,135163222644554;-0,156495765614686
CBA;Temp;17;Spatially adjusted;0,191836734693878;-0,119821403709633;-0,129121122461271;-0,150964326961677
CBA;Temp;17;Spatially adjusted;0,212040816326531;-0,11235544897427;-0,122613615402113;-0,144825288241748
CBA;Temp;17;Spatially adjusted;0,232244897959184;-0,104284724516685;-0,11558898959197;-0,138011138336349
CBA;Temp;17;Spatially adjusted;0,252448979591837;-0,0955487533646426;-0,107995533155751;-0,130454366126944
CBA;Temp;17;Spatially adjusted;0,27265306122449;-0,0860870585459175;-0,0997815342183479;-0,122087460494978
CBA;Temp;17;Spatially adjusted;0,292857142857143;-0,0758391630882933;-0,0908952809046788;-0,112842910321909
CBA;Temp;17;Spatially adjusted;0,313061224489796;-0,0647445900195436;-0,0812850613396314;-0,102653204489183
CBA;Temp;17;Spatially adjusted;0,333265306122449;-0,0527428623674418;-0,0708991636481144;-0,0914508318782623
CBA;Temp;17;Spatially adjusted;0,353469387755102;-0,0398089194631019;-0,0597157895253417;-0,0792055712737074
CBA;Temp;17;Spatially adjusted;0,373673469387755;-0,0260593658509443;-0,0478327949477908;-0,0660363610725305
CBA;Temp;17;Spatially adjusted;0,393877551020408;-0,0116462223787117;-0,0353779494622479;-0,0520994295748523
CBA;Temp;17;Spatially adjusted;0,414081632653061;0,00327849010582781;-0,0224790226155065;-0,0375510050807932
CBA;Temp;17;Spatially adjusted;0,434285714285714;0,018562750754942;-0,00926378395435634;-0,0225473158904848
CBA;Temp;17;Spatially adjusted;0,454489795918367;0,0340545387208628;0,00413999697441625;-0,00724459030403679
CBA;Temp;17;Spatially adjusted;0,47469387755102;0,0496018331558403;0,0176045506240143;0,00820094337841582
CBA;Temp;17;Spatially adjusted;0,494897959183674;0,0650526132121314;0,0310021074476587;0,0236330568567631
CBA;Temp;17;Spatially adjusted;0,515102040816327;0,0802548580419753;0,0442048978985525;0,0388955218308737
CBA;Temp;17;Spatially adjusted;0,53530612244898;0,0950565467976325;0,0570851524299094;0,0538321100006307
CBA;Temp;17;Spatially adjusted;0,555510204081633;0,109305658631332;0,069515101494936;0,0682865930659098
CBA;Temp;17;Spatially adjusted;0,575714285714286;0,122850172695337;0,0813669755468425;0,0821027427265904
CBA;Temp;17;Spatially adjusted;0,595918367346939;0,135538068141891;0,0925130050388425;0,0951243306825447
CBA;Temp;17;Spatially adjusted;0,616122448979592;0,147217324123243;0,102825420424143;0,107195128633656
CBA;Temp;17;Spatially adjusted;0,636326530612245;0,157735919791634;0,112176452155957;0,118158908279799
CBA;Temp;17;Spatially adjusted;0,656530612244898;0,166941834299323;0,120438330687492;0,127859441320851
CBA;Temp;17;Spatially adjusted;0,676734693877551;0,174683046798556;0,127483286471964;0,136140499456697
CBA;Temp;17;Spatially adjusted;0,696938775510204;0,180849714112622;0,133218852098434;0,142888306012281
CBA;Temp;17;Spatially adjusted;0,717142857142857;0,185500703748989;0,137693768699414;0,148158890812866
CBA;Temp;17;Spatially adjusted;0,73734693877551;0,188737060886172;0,14099207954327;0,152050735308784
CBA;Temp;17;Spatially adjusted;0,757551020408163;0,190659830702685;0,143197827898362;0,154662320950365
CBA;Temp;17;Spatially adjusted;0,777755102040816;0,191370058377039;0,144395057033069;0,15609212918795
CBA;Temp;17;Spatially adjusted;0,797959183673469;0,190968789087751;0,144667810215743;0,156438641471865
CBA;Temp;17;Spatially adjusted;0,818163265306122;0,189557068013329;0,144100130714758;0,155800339252448
CBA;Temp;17;Spatially adjusted;0,838367346938776;0,18723594033229;0,142776061798482;0,15427570398003
CBA;Temp;17;Spatially adjusted;0,858571428571429;0,184106451223141;0,140779646735275;0,151963217104942
CBA;Temp;17;Spatially adjusted;0,878775510204082;0,180269645864403;0,138194928793503;0,148961360077521
CBA;Temp;17;Spatially adjusted;0,898979591836735;0,175826569434587;0,135105951241538;0,145368614348104
CBA;Temp;17;Spatially adjusted;0,919183673469388;0,170878267112204;0,13159675734774;0,141283461367017
CBA;Temp;17;Spatially adjusted;0,939387755102041;0,165525784075772;0,127751390380478;0,1368043825846
CBA;Temp;17;Spatially adjusted;0,959591836734694;0,159870165503797;0,123653893608122;0,13202985945118
CBA;Temp;17;Spatially adjusted;0,979795918367347;0,154012456574797;0,119388310299026;0,127058373417096
CBA;Temp;17;Spatially adjusted;1;0,148053702467283;0,115038683721568;0,121988405932676
CBA;Temp;17;Current landscape;0,0250174403190613;0,0482078174469436;0,0837956030139431;-0,0456569297210905
CBA;Temp;17;Current landscape;0,0676474757492542;0,103239026441159;0,0455965275756718;-0,163141310614957
CBA;Temp;17;Current landscape;0,131436027586461;0,0404271463272785;-0,0235753653031452;-0,28262045572701
CBA;Temp;17;Current landscape;0,175944596529007;0,150120376825956;0,061391788365377;-0,230402095247335
CBA;Temp;17;Current landscape;0,227788314223289;0,111655351089716;0,0174317739198209;-0,208429822535212
CBA;Temp;17;Current landscape;0,275256305932999;0,0267868243551526;-0,17676778039306;-0,375146369121186
CBA;Temp;17;Current landscape;0,324992299079895;-0,0348304038052021;-0,139896962746239;-0,48751980860969
CBA;Temp;17;Current landscape;0,377267330884933;0,104606510907146;0,0226935813147797;-0,278002587525883
CBA;Temp;17;Current landscape;0,425930947065353;0,0854136111771133;0,0946411273790702;-0,15696487519471
CBA;Temp;17;Current landscape;0,473499953746796;0,0422166870090805;0,0298176758157211;-0,231642354031067
CBA;Temp;17;Current landscape;0,528427988290787;-0,00248853828890816;0,0391581774435217;-0,218745012126977
CBA;Temp;17;Current landscape;0,5741286277771;-0,159441879359484;0,0225290384431105;-0,285488422272397
CBA;Temp;17;Current landscape;0,626833975315094;0,10933019988066;0,130802225676018;-0,162739411232632
CBA;Temp;17;Current landscape;0,677257835865021;-0,138775181373887;0,0633994908650735;-0,161701857983381
CBA;Temp;17;Current landscape;0,726897001266479;-0,096851195030645;-0,039182538682784;-0,226769066267881
CBA;Temp;17;Current landscape;0,775692939758301;-0,179589982597449;-0,00140239185282098;-0,351571448475166
CBA;Temp;17;Current landscape;0,827468037605286;0,149444881199706;0,252348355955949;-0,165355175077188
CBA;Temp;17;Current landscape;0,874265432357788;0,281933585552398;0,00746992883375697;-0,308157222273934
CBA;Temp;17;Current landscape;0,924724638462067;-0,142039553021913;0,20061204574969;-0,00699436826074518
CBA;Temp;17;Current landscape;1;0,0104562021335006;-0,249082916585518;-0,46856778447598
CBA;Temp;18;Spatially adjusted;0,01;-0,151646116157814;-0,163483511359527;-0,175715541549053
CBA;Temp;18;Spatially adjusted;0,0302040816326531;-0,148107070048191;-0,159690755194951;-0,173620484609419
CBA;Temp;18;Spatially adjusted;0,0504081632653061;-0,144506692273858;-0,155845860467753;-0,171451115219206
CBA;Temp;18;Spatially adjusted;0,0706122448979592;-0,140783651170089;-0,151896688615317;-0,16913312092785
CBA;Temp;18;Spatially adjusted;0,0908163265306122;-0,136876615072204;-0,147791101075022;-0,166592189284767
CBA;Temp;18;Spatially adjusted;0,111020408163265;-0,132724252315466;-0,143476959284246;-0,16375400783939
CBA;Temp;18;Spatially adjusted;0,131224489795918;-0,128265231235165;-0,138902124680378;-0,160544264141141
CBA;Temp;18;Spatially adjusted;0,151428571428571;-0,123438220166598;-0,134014458700783;-0,156888645739443
CBA;Temp;18;Spatially adjusted;0,171632653061224;-0,118181887445051;-0,128761822782856;-0,152712840183721
CBA;Temp;18;Spatially adjusted;0,191836734693878;-0,112434901405809;-0,123092078363968;-0,147942535023411
CBA;Temp;18;Spatially adjusted;0,212040816326531;-0,10613593038417;-0,116953086881505;-0,142503417807934
CBA;Temp;18;Spatially adjusted;0,232244897959184;-0,0992236427154154;-0,110292709772843;-0,136321176086707
CBA;Temp;18;Spatially adjusted;0,252448979591837;-0,0916367067348283;-0,103058808475364;-0,129321497409165
CBA;Temp;18;Spatially adjusted;0,27265306122449;-0,0833137907777051;-0,0951992444264498;-0,121430069324731
CBA;Temp;18;Spatially adjusted;0,292857142857143;-0,0741935631793318;-0,0866618790634774;-0,112572579382832
CBA;Temp;18;Spatially adjusted;0,313061224489796;-0,064214692274998;-0,0773945738238275;-0,102674715132888
CBA;Temp;18;Spatially adjusted;0,333265306122449;-0,0533158463999897;-0,0673451901448878;-0,0916621641243331
CBA;Temp;18;Spatially adjusted;0,353469387755102;-0,0414699112093651;-0,056491752269455;-0,0795014091679178
CBA;Temp;18;Spatially adjusted;0,373673469387755;-0,0287866416372289;-0,0449329356620467;-0,0663221141197461
CBA;Temp;18;Spatially adjusted;0,393877551020408;-0,015410009937451;-0,0327975785926071;-0,0522947380972454
CBA;Temp;18;Spatially adjusted;0,414081632653061;-0,00148398836391195;-0,0202145193310734;-0,0375897402178467
CBA;Temp;18;Spatially adjusted;0,434285714285714;0,0128474508295113;-0,00731259614738633;-0,0223775795989738
CBA;Temp;18;Spatially adjusted;0,454489795918367;0,0274403353889525;0,00577935268850638;-0,00682871535806484
CBA;Temp;18;Spatially adjusted;0,47469387755102;0,0421506930605453;0,0189324889066747;0,00888639338745634
CBA;Temp;18;Spatially adjusted;0,494897959183674;0,0568345515903985;0,0320179742371707;0,0245972875201552
CBA;Temp;18;Spatially adjusted;0,515102040816327;0,0713479387246458;0,0449069704100502;0,0401335079226044
CBA;Temp;18;Spatially adjusted;0,53530612244898;0,0855468822094245;0,0574706391553832;0,0553245954773729
CBA;Temp;18;Spatially adjusted;0,555510204081633;0,0992874097908434;0,0695801422032183;0,0700000910670298
CBA;Temp;18;Spatially adjusted;0,575714285714286;0,112425549215033;0,0811066412836219;0,0839895355741511
CBA;Temp;18;Spatially adjusted;0,595918367346939;0,124817328228133;0,0919212981266497;0,0971224698812989
CBA;Temp;18;Spatially adjusted;0,616122448979592;0,136318774576257;0,101895274462358;0,109228434871046
CBA;Temp;18;Spatially adjusted;0,636326530612245;0,146785916005527;0,110899732020812;0,120136971425964
CBA;Temp;18;Spatially adjusted;0,656530612244898;0,156074780262088;0,118805832532065;0,12967762042862
CBA;Temp;18;Spatially adjusted;0,676734693877551;0,164041395092049;0,125484737726179;0,137679922761585
CBA;Temp;18;Spatially adjusted;0,696938775510204;0,170581056759691;0,13084320772807;0,144019629220615
CBA;Temp;18;Spatially adjusted;0,717142857142857;0,175746135601901;0,134930396242073;0,148757330254224
CBA;Temp;18;Spatially adjusted;0,73734693877551;0,179628270473696;0,137831055367379;0,151999826224102
CBA;Temp;18;Spatially adjusted;0,757551020408163;0,182319100230114;0,139629937203178;0,153853917491947
CBA;Temp;18;Spatially adjusted;0,777755102040816;0,183910263726187;0,140411793848674;0,15442640441945
CBA;Temp;18;Spatially adjusted;0,797959183673469;0,184493399816933;0,14026137740305;0,153824087368307
CBA;Temp;18;Spatially adjusted;0,818163265306122;0,184160147357385;0,1392634399655;0,152153766700213
CBA;Temp;18;Spatially adjusted;0,838367346938776;0,183002145202575;0,13750273363522;0,149522242776868
CBA;Temp;18;Spatially adjusted;0,858571428571429;0,181111032207532;0,135064010511396;0,146036315959957
CBA;Temp;18;Spatially adjusted;0,878775510204082;0,178578447227288;0,132032022693227;0,141802786611184
CBA;Temp;18;Spatially adjusted;0,898979591836735;0,175496029116864;0,128491522279901;0,136928455092242
CBA;Temp;18;Spatially adjusted;0,919183673469388;0,171955416731297;0,124527261370613;0,131520121764822
CBA;Temp;18;Spatially adjusted;0,939387755102041;0,168048248925611;0,120223992064556;0,125684586990623
CBA;Temp;18;Spatially adjusted;0,959591836734694;0,163866164554836;0,115666466460922;0,11952865113134
CBA;Temp;18;Spatially adjusted;0,979795918367347;0,15950080247401;0,110939436658903;0,113159114548665
CBA;Temp;18;Spatially adjusted;1;0,155043801538152;0,106127654757689;0,106682777604298
CBA;Temp;18;Current landscape;0,0289901662617922;0,111616832228531;0,0314334639482965;-0,0978462283202646
CBA;Temp;18;Current landscape;0,0730383172631264;0,234670293294759;0,0983693370418166;-0,115645821473446
CBA;Temp;18;Current landscape;0,126180574297905;0,229716126769791;0,141824268484406;-0,141042070656859
CBA;Temp;18;Current landscape;0,17313127219677;0,0916888542603473;-0,0397676413920358;-0,296983052917408
CBA;Temp;18;Current landscape;0,227788314223289;-0,0929789781268227;-0,124828338739956;-0,396636425914419
CBA;Temp;18;Current landscape;0,276509806513786;0,0246622446257341;-0,187208765559095;-0,355953733570651
CBA;Temp;18;Current landscape;0,326115995645523;-0,0741333424406925;-0,211415064145658;-0,388204727750797
CBA;Temp;18;Current landscape;0,374168068170547;0,00917620157060739;-0,0429698939467862;-0,40388632944757
CBA;Temp;18;Current landscape;0,427329838275909;0,098807935452065;-0,0107454371041946;-0,266451545815695
CBA;Temp;18;Current landscape;0,475901007652283;0,14295012465557;0,108576593119956;-0,166510928968275
CBA;Temp;18;Current landscape;0,520853906869889;0,0481555949626795;0,0239013658490883;-0,270386878387352
CBA;Temp;18;Current landscape;0,57678496837616;-0,0291181947519803;0,141566184490078;-0,24688564239699
CBA;Temp;18;Current landscape;0,624202787876129;-0,00737193208009757;0,0414498208926233;-0,275748794237323
CBA;Temp;18;Current landscape;0,672343909740448;-0,144191261354056;0,0178244662619065;-0,173937247765554
CBA;Temp;18;Current landscape;0,724481970071793;-0,077662058888869;-0,000161404970153711;-0,243327978982915
CBA;Temp;18;Current landscape;0,776130616664886;-0,0983697208995338;0,0277624609037765;-0,29669256372123
CBA;Temp;18;Current landscape;0,820270240306854;0,067342231205874;0,169768835889784;-0,250832501740561
CBA;Temp;18;Current landscape;0,875756740570068;0,22924558770449;-0,0511063497548037;-0,370054243413168
CBA;Temp;18;Current landscape;0,927544116973877;-0,0862831159828943;0,247161046606667;0,0359950920066119
CBA;Temp;18;Current landscape;1;0,00877386753622034;-0,264754403639795;-0,491089578182614
CBA;Temp;19;Spatially adjusted;0,01;-0,173379857405557;-0,186038613120747;-0,187657646453996
CBA;Temp;19;Spatially adjusted;0,0302040816326531;-0,1681406869643;-0,180023541643216;-0,184199870196782
CBA;Temp;19;Spatially adjusted;0,0504081632653061;-0,162849979375018;-0,173971284232575;-0,180680336973744
CBA;Temp;19;Spatially adjusted;0,0706122448979592;-0,157456197489704;-0,167844654955729;-0,177037289819051
CBA;Temp;19;Spatially adjusted;0,0908163265306122;-0,151907804160327;-0,161606467879572;-0,173208971766879
CBA;Temp;19;Spatially adjusted;0,111020408163265;-0,146153262238865;-0,155219537071002;-0,169133625851401
CBA;Temp;19;Spatially adjusted;0,131224489795918;-0,140141034577308;-0,148646676596904;-0,16474949510679
CBA;Temp;19;Spatially adjusted;0,151428571428571;-0,133819584027627;-0,141850700524184;-0,159994822567217
CBA;Temp;19;Spatially adjusted;0,171632653061224;-0,127137373441819;-0,134794422919736;-0,15480785126686
CBA;Temp;19;Spatially adjusted;0,191836734693878;-0,120042865671838;-0,127440657850453;-0,14912682423989
CBA;Temp;19;Spatially adjusted;0,212040816326531;-0,112484523569684;-0,119752219383233;-0,14288998452048
CBA;Temp;19;Spatially adjusted;0,232244897959184;-0,104410809987328;-0,111691921584974;-0,136035575142802
CBA;Temp;19;Spatially adjusted;0,252448979591837;-0,0957701877767505;-0,103222578522569;-0,128501839141038
CBA;Temp;19;Spatially adjusted;0,27265306122449;-0,0865111197899431;-0,0943070042629159;-0,120227019549347
CBA;Temp;19;Spatially adjusted;0,292857142857143;-0,0765820688788637;-0,0849080128729085;-0,111149359401914
CBA;Temp;19;Spatially adjusted;0,313061224489796;-0,0659314978955159;-0,0749884184194407;-0,101207101732907
CBA;Temp;19;Spatially adjusted;0,333265306122449;-0,0545078696918608;-0,06451103496941;-0,0903384895764994
CBA;Temp;19;Spatially adjusted;0,353469387755102;-0,0422891016280751;-0,0534619768960774;-0,0785154472017311
CBA;Temp;19;Spatially adjusted;0,373673469387755;-0,029370929097027;-0,0419205597981147;-0,0658446238170676
CBA;Temp;19;Spatially adjusted;0,393877551020408;-0,0158785419997933;-0,0299893995805647;-0,0524663498658384
CBA;Temp;19;Spatially adjusted;0,414081632653061;-0,00193713023742248;-0,0177711121484769;-0,0385209557913875
CBA;Temp;19;Spatially adjusted;0,434285714285714;0,0123281162890159;-0,00536831340688693;-0,0241487720370408
CBA;Temp;19;Spatially adjusted;0,454489795918367;0,026792007678452;0,00711638073916632;-0,00949012904613156
CBA;Temp;19;Spatially adjusted;0,47469387755102;0,041329354029827;0,0195803543846402;0,00531464273800708
CBA;Temp;19;Spatially adjusted;0,494897959183674;0,0558149654420781;0,0319209916244922;0,0201252128720455
CBA;Temp;19;Spatially adjusted;0,515102040816327;0,0701236520141499;0,0440356765536798;0,034801250912647
CBA;Temp;19;Spatially adjusted;0,53530612244898;0,0841302238449728;0,055821793267171;0,0492024264164783
CBA;Temp;19;Spatially adjusted;0,555510204081633;0,097709491033477;0,0671767258599125;0,0631884089402135
CBA;Temp;19;Spatially adjusted;0,575714285714286;0,110736263678611;0,0779978584268726;0,0766188680405158
CBA;Temp;19;Spatially adjusted;0,595918367346939;0,123085351879304;0,0881825750630085;0,0893534732740484
CBA;Temp;19;Spatially adjusted;0,616122448979592;0,134631565734491;0,0976282598632778;0,101251894197482
CBA;Temp;19;Spatially adjusted;0,636326530612245;0,145249715343116;0,106232296922641;0,112173800367483
CBA;Temp;19;Spatially adjusted;0,656530612244898;0,154814610804113;0,113892070336053;0,121978861340718
CBA;Temp;19;Spatially adjusted;0,676734693877551;0,16320106221642;0,120504964198478;0,130526746673858
CBA;Temp;19;Spatially adjusted;0,696938775510204;0,170318324182794;0,12599743916671;0,137715071685832
CBA;Temp;19;Spatially adjusted;0,717142857142857;0,176213429321269;0,130412262144919;0,143593234744586
CBA;Temp;19;Spatially adjusted;0,73734693877551;0,180967854753707;0,1338212765991;0,148248579980336
CBA;Temp;19;Spatially adjusted;0,757551020408163;0,184663077601975;0,136296325995257;0,151768451523306
CBA;Temp;19;Spatially adjusted;0,777755102040816;0,187380574987927;0,137909253799389;0,1542401935037
CBA;Temp;19;Spatially adjusted;0,797959183673469;0,189201824033418;0,138731903477503;0,155751150051739
CBA;Temp;19;Spatially adjusted;0,818163265306122;0,190208301860324;0,138836118495597;0,15638866529763
CBA;Temp;19;Spatially adjusted;0,838367346938776;0,190481485590475;0,138293742319675;0,156240083371596
CBA;Temp;19;Spatially adjusted;0,858571428571429;0,19010285234576;0,137176618415737;0,155392748403845
CBA;Temp;19;Spatially adjusted;0,878775510204082;0,189153879248028;0,135556590249784;0,153934004524597
CBA;Temp;19;Spatially adjusted;0,898979591836735;0,187716043419137;0,133505501287821;0,151951195864058
CBA;Temp;19;Spatially adjusted;0,919183673469388;0,185870821980945;0,131095194995851;0,149531666552452
CBA;Temp;19;Spatially adjusted;0,939387755102041;0,183699692055317;0,128397514839872;0,146762760719984
CBA;Temp;19;Spatially adjusted;0,959591836734694;0,181284130764109;0,125484304285887;0,143731822496875
CBA;Temp;19;Spatially adjusted;0,979795918367347;0,178705615229184;0,122427406799901;0,14052619601334
CBA;Temp;19;Spatially adjusted;1;0,176045622572392;0,119298665847907;0,137233225399587
CBA;Temp;19;Current landscape;0,0322448201477528;0,236356922485658;0,198828933601888;0,0537108751953284
CBA;Temp;19;Current landscape;0,073051892220974;0,0958876526931185;0,0103962946117626;-0,304622070853934
CBA;Temp;19;Current landscape;0,124641984701157;-0,0201198223721519;-0,119466930303467;-0,341870044570399
CBA;Temp;19;Current landscape;0,174097508192062;0,0659521545824902;0,0192660003032117;-0,246947494676174
CBA;Temp;19;Current landscape;0,225841179490089;-0,0532046509478548;-0,0878298884493916;-0,381239315812532
CBA;Temp;19;Current landscape;0,277520507574081;0,000508331033557852;0,0230136547546067;-0,371462899408641
CBA;Temp;19;Current landscape;0,322602719068527;0,0342987790981262;0,00508017116482407;-0,306751094072062
CBA;Temp;19;Current landscape;0,374520927667618;-0,0397234767887937;-0,0745154085184687;-0,336722549324382
CBA;Temp;19;Current landscape;0,425650298595428;0,315188970665307;0,190897377985113;-0,138525625899121
CBA;Temp;19;Current landscape;0,472883075475693;0,112927703261196;0,00573676944483736;-0,271940862293246
CBA;Temp;19;Current landscape;0,523656070232391;0,0209464422441528;-0,0690935859608963;-0,353178149345432
CBA;Temp;19;Current landscape;0,572592735290527;-0,0699547771802216;0,0679113652260348;-0,283212280971
CBA;Temp;19;Current landscape;0,626703500747681;0,0280055391119625;0,053096073759324;-0,259072484796537
CBA;Temp;19;Current landscape;0,672737240791321;-0,208466347073223;-0,0133392142089299;-0,24336371322082
CBA;Temp;19;Current landscape;0,723084628582001;-0,217842896134847;-0,0929431476250251;-0,271861064813201
CBA;Temp;19;Current landscape;0,777996629476547;-0,123328056532124;0,000143287159112049;-0,346075410924623
CBA;Temp;19;Current landscape;0,821311116218567;0,0629517971465887;0,159760907200003;-0,25544700494186
CBA;Temp;19;Current landscape;0,876451075077057;0,305697416157681;0,0194002917552609;-0,292104799652588
CBA;Temp;19;Current landscape;0,926314234733582;-0,205519672467705;0,118773479858106;-0,084030823937379
CBA;Temp;19;Current landscape;1;0,0296598951557421;-0,252522150629783;-0,464788730359256
CBA;Temp;20;Spatially adjusted;0,01;-0,158645944142556;-0,169806874381099;-0,172017091856262
CBA;Temp;20;Spatially adjusted;0,0302040816326531;-0,155184679277124;-0,165943134297041;-0,169970652748507
CBA;Temp;20;Spatially adjusted;0,0504081632653061;-0,151667072774451;-0,162027031721244;-0,167851931495939
CBA;Temp;20;Spatially adjusted;0,0706122448979592;-0,148036782997313;-0,158006204161971;-0,165588645953747
CBA;Temp;20;Spatially adjusted;0,0908163265306122;-0,144237468308461;-0,153828289127482;-0,163108513977107
CBA;Temp;20;Spatially adjusted;0,111020408163265;-0,140212787070659;-0,149440924126036;-0,160339253421213
CBA;Temp;20;Spatially adjusted;0,131224489795918;-0,135906397646675;-0,144791746665902;-0,157208582141255
CBA;Temp;20;Spatially adjusted;0,151428571428571;-0,131261958399271;-0,139828394255328;-0,153644217992415
CBA;Temp;20;Spatially adjusted;0,171632653061224;-0,126223127691212;-0,134498504402593;-0,149573878829873
CBA;Temp;20;Spatially adjusted;0,191836734693878;-0,120733563885253;-0,128749714615942;-0,144925282508822
CBA;Temp;20;Spatially adjusted;0,212040816326531;-0,114736925344161;-0,122529662403643;-0,139626146884449
CBA;Temp;20;Spatially adjusted;0,232244897959184;-0,108176870430711;-0,115785985273963;-0,133604189811937
CBA;Temp;20;Spatially adjusted;0,252448979591837;-0,100997057507652;-0,10846632073515;-0,126787129146475
CBA;Temp;20;Spatially adjusted;0,27265306122449;-0,0931411449377464;-0,100518306295477;-0,119102682743247
CBA;Temp;20;Spatially adjusted;0,292857142857143;-0,084552791083766;-0,0918895794631993;-0,110478568457438
CBA;Temp;20;Spatially adjusted;0,313061224489796;-0,0751756543084738;-0,0825277777465807;-0,100842504144236
CBA;Temp;20;Spatially adjusted;0,333265306122449;-0,0649533929746262;-0,0723805386538849;-0,0901222076588297
CBA;Temp;20;Spatially adjusted;0,353469387755102;-0,0538585263811982;-0,0614248622055058;-0,0782837465966288
CBA;Temp;20;Spatially adjusted;0,373673469387755;-0,0419790175720038;-0,0497551984704039;-0,0654465875139607
CBA;Temp;20;Spatially adjusted;0,393877551020408;-0,0294316905270513;-0,0374953600296699;-0,051768546707379
CBA;Temp;20;Spatially adjusted;0,414081632653061;-0,0163333692263663;-0,0247691594644053;-0,0374074404734301
CBA;Temp;20;Spatially adjusted;0,434285714285714;-0,00280087764997106;-0,0117004093557043;-0,0225210851086715
CBA;Temp;20;Spatially adjusted;0,454489795918367;0,01104896022213;0,00158707771534949;-0,007267296909653
CBA;Temp;20;Spatially adjusted;0,47469387755102;0,0250993204099075;0,0149694891676475;0,00819610782707514
CBA;Temp;20;Spatially adjusted;0,494897959183674;0,0392333789333499;0,0283230124201062;0,0237113128049558
CBA;Temp;20;Spatially adjusted;0,515102040816327;0,0533343118124314;0,041523834891624;0,0391205017274388
CBA;Temp;20;Spatially adjusted;0,53530612244898;0,0672852950671405;0,0544481440011069;0,0542658582979705
CBA;Temp;20;Spatially adjusted;0,555510204081633;0,0809695047174657;0,0669721271674639;0,0689895662200044
CBA;Temp;20;Spatially adjusted;0,575714285714286;0,0942701167833739;0,0789719718095938;0,0831338091969833
CBA;Temp;20;Spatially adjusted;0,595918367346939;0,107070307284857;0,0903238653464058;0,0965407709323571
CBA;Temp;20;Spatially adjusted;0,616122448979592;0,119253252241894;0,100903995196809;0,109052635129572
CBA;Temp;20;Spatially adjusted;0,636326530612245;0,130702127674457;0,110588548779702;0,120511585492075
CBA;Temp;20;Spatially adjusted;0,656530612244898;0,141300109602554;0,119253713513995;0,130759805723315
CBA;Temp;20;Spatially adjusted;0,676734693877551;0,150930374046141;0,126775676818589;0,139639479526743
CBA;Temp;20;Spatially adjusted;0,696938775510204;0,159506864995471;0,133064459605183;0,147034992933605
CBA;Temp;20;Spatially adjusted;0,717142857142857;0,167066598321814;0,138165416756667;0,152999541286373
CBA;Temp;20;Spatially adjusted;0,73734693877551;0,173677357866701;0,142157736648706;0,157628522255322
CBA;Temp;20;Spatially adjusted;0,757551020408163;0,179406927471671;0,145120607656974;0,161017333510724
CBA;Temp;20;Spatially adjusted;0,777755102040816;0,184323090978253;0,147133218157148;0,163261372722847
CBA;Temp;20;Spatially adjusted;0,797959183673469;0,188493632227978;0,148274756524906;0,164456037561969
CBA;Temp;20;Spatially adjusted;0,818163265306122;0,191986335062374;0,148624411135916;0,164696725698359
CBA;Temp;20;Spatially adjusted;0,838367346938776;0,194868983322984;0,148261370365859;0,1640788348023
CBA;Temp;20;Spatially adjusted;0,858571428571429;0,197209360851332;0,147264822590405;0,162697762544052
CBA;Temp;20;Spatially adjusted;0,878775510204082;0,199075251488953;0,145713956185226;0,160648906593892
CBA;Temp;20;Spatially adjusted;0,898979591836735;0,200534439077384;0,143687959526005;0,158027664622097
CBA;Temp;20;Spatially adjusted;0,919183673469388;0,201654707458147;0,141266020988407;0,154929434298939
CBA;Temp;20;Spatially adjusted;0,939387755102041;0,202503840472783;0,138527328948118;0,151449613294684
CBA;Temp;20;Spatially adjusted;0,959591836734694;0,203149621962819;0,1355510717808;0,147683599279613
CBA;Temp;20;Spatially adjusted;0,979795918367347;0,203659835769798;0,132416437862133;0,143726789923999
CBA;Temp;20;Spatially adjusted;1;0,204102265735237;0,129202615567795;0,13967458289811
CBA;Temp;20;Current landscape;0,0263931062072515;0,250443134033862;0,29311019882886;0,0859783534640464
CBA;Temp;20;Current landscape;0,075291208922863;0,12539484471386;-0,0297645078976991;-0,231923667346692
CBA;Temp;20;Current landscape;0,126180574297905;0,107875697732876;0,0535560141325675;-0,190867393883693
CBA;Temp;20;Current landscape;0,173345297574997;0,0401780003007808;-0,0816870892226582;-0,311906599984731
CBA;Temp;20;Current landscape;0,227348372340202;-0,0976778322999152;-0,168371954985879;-0,441491071068334
CBA;Temp;20;Current landscape;0,274168372154236;-0,0472480496130245;-0,156902407431964;-0,460770421574932
CBA;Temp;20;Current landscape;0,32394927740097;-0,136975319195439;-0,219092470911715;-0,438729400405119
CBA;Temp;20;Current landscape;0,373128324747086;0,166143963091361;0,000535900413979107;-0,275830900000788
CBA;Temp;20;Current landscape;0,425741642713547;0,199367018855551;0,0875041414693776;-0,295253090762554
CBA;Temp;20;Current landscape;0,475178137421608;0,0402867939328466;0,0223895682242983;-0,234055149663277
CBA;Temp;20;Current landscape;0,525939583778381;-0,0931207625955537;-0,00649168636265429;-0,249363029444396
CBA;Temp;20;Current landscape;0,574456393718719;-0,0830166908057493;0,0423173658768263;-0,318432713743629
CBA;Temp;20;Current landscape;0,623213589191437;0,0816895586356417;0,181591655183521;-0,130313307390342
CBA;Temp;20;Current landscape;0,674688696861267;-0,0731679107568546;0,133807482189518;-0,0618883625113966
CBA;Temp;20;Current landscape;0,725842952728271;-0,203539851064136;-0,0402112987997967;-0,255068867722319
CBA;Temp;20;Current landscape;0,773990124464035;-0,147876749962148;0,0377274565958423;-0,25480470813805
CBA;Temp;20;Current landscape;0,82737272977829;0,0817245796706203;0,177613539009176;-0,241286388342033
CBA;Temp;20;Current landscape;0,877049267292023;0,311014849831043;0,0202711072207613;-0,295945714643938
CBA;Temp;20;Current landscape;0,928470134735107;-0,117565517025767;0,196677974355381;-0,0113283876726662
CBA;Temp;20;Current landscape;1;0,0405631963767057;-0,254365211234237;-0,473214267154326
CBA;Temp;21;Spatially adjusted;0,01;-0,158892929125592;-0,157208381039617;-0,17751850326632
CBA;Temp;21;Spatially adjusted;0,0302040816326531;-0,155027997490166;-0,154901825602025;-0,17589947406687
CBA;Temp;21;Spatially adjusted;0,0504081632653061;-0,151102576993463;-0,152527845207157;-0,174199592829151
CBA;Temp;21;Spatially adjusted;0,0706122448979592;-0,147056178774228;-0,150019014897744;-0,172338007514878
CBA;Temp;21;Spatially adjusted;0,0908163265306122;-0,142828313971194;-0,14730790971651;-0,170233866085788
CBA;Temp;21;Spatially adjusted;0,111020408163265;-0,138358493723075;-0,144327104706182;-0,167806316503601
CBA;Temp;21;Spatially adjusted;0,131224489795918;-0,133586229168611;-0,141009174909488;-0,164974506730044
CBA;Temp;21;Spatially adjusted;0,151428571428571;-0,128451031446538;-0,137286695369159;-0,161657584726843
CBA;Temp;21;Spatially adjusted;0,171632653061224;-0,122892411695581;-0,133092241127912;-0,157774698455725
CBA;Temp;21;Spatially adjusted;0,191836734693878;-0,116849881054478;-0,128358387228484;-0,153244995878417
CBA;Temp;21;Spatially adjusted;0,212040816326531;-0,110262950661951;-0,123017708713594;-0,147987624956642
CBA;Temp;21;Spatially adjusted;0,232244897959184;-0,103071131656733;-0,11700278062597;-0,141921733652126
CBA;Temp;21;Spatially adjusted;0,252448979591837;-0,0952139351775649;-0,110246178008339;-0,134966469926603
CBA;Temp;21;Spatially adjusted;0,27265306122449;-0,0866308723631626;-0,102680475903433;-0,127040981741789
CBA;Temp;21;Spatially adjusted;0,292857142857143;-0,0772614543522714;-0,0942382493539782;-0,118064417059411
CBA;Temp;21;Spatially adjusted;0,313061224489796;-0,0670451922836151;-0,0848520734026899;-0,107955923841203
CBA;Temp;21;Spatially adjusted;0,333265306122449;-0,0559215972959244;-0,0744545230923102;-0,0966346500488875
CBA;Temp;21;Spatially adjusted;0,353469387755102;-0,0438641118490821;-0,0630157994900351;-0,0840630664199686
CBA;Temp;21;Spatially adjusted;0,373673469387755;-0,0309819036875574;-0,0506566077610238;-0,0703769347950853
CBA;Temp;21;Spatially adjusted;0,393877551020408;-0,0174180718769641;-0,0375352790948966;-0,0557553397906716
CBA;Temp;21;Spatially adjusted;0,414081632653061;-0,00331571548293041;-0,0238101446812848;-0,040377366023133
CBA;Temp;21;Spatially adjusted;0,434285714285714;0,0111820664289333;-0,00963953570982667;-0,0244220981089036
CBA;Temp;21;Spatially adjusted;0,454489795918367;0,0259321747930024;0,00481821662986093;-0,00806862066439962
CBA;Temp;21;Spatially adjusted;0,47469387755102;0,04079151054367;0,0194047811481468;0,00850398169395206
CBA;Temp;21;Spatially adjusted;0,494897959183674;0,055616974615301;0,0339618266553927;0,0251166243497352
CBA;Temp;21;Spatially adjusted;0,515102040816327;0,0702654679422885;0,0483310219619746;0,0415902226865263
CBA;Temp;21;Spatially adjusted;0,53530612244898;0,0845938914590079;0,0623540358782648;0,0577456920879023
CBA;Temp;21;Spatially adjusted;0,555510204081633;0,0984591460998452;0,0758725372146287;0,0734039479374431
CBA;Temp;21;Spatially adjusted;0,575714285714286;0,111718132799179;0,0887281947814422;0,088385905618722
CBA;Temp;21;Spatially adjusted;0,595918367346939;0,1242277524914;0,100762677389074;0,102512480515323
CBA;Temp;21;Spatially adjusted;0,616122448979592;0,135844906110872;0,11181765384789;0,115604588010818
CBA;Temp;21;Spatially adjusted;0,636326530612245;0,146426494591992;0,121734792968265;0,127483143488792
CBA;Temp;21;Spatially adjusted;0,656530612244898;0,155829418869132;0,130355763560569;0,137969062332822
CBA;Temp;21;Spatially adjusted;0,676734693877551;0,163910579876674;0,137522234435174;0,146883259926479
CBA;Temp;21;Spatially adjusted;0,696938775510204;0,170565987375937;0,143119063256005;0,154094736650528
CBA;Temp;21;Spatially adjusted;0,717142857142857;0,175848086435931;0,147203863101211;0,159664832874466
CBA;Temp;21;Spatially adjusted;0,73734693877551;0,179848430952617;0,149877435902503;0,163702973964959
CBA;Temp;21;Spatially adjusted;0,757551020408163;0,182658574821939;0,151240583591594;0,166318585288689
CBA;Temp;21;Spatially adjusted;0,777755102040816;0,184370071939856;0,151394108100185;0,167621092212322
CBA;Temp;21;Spatially adjusted;0,797959183673469;0,18507447620231;0,150438811359983;0,167719920102538
CBA;Temp;21;Spatially adjusted;0,818163265306122;0,184863341505253;0,148475495302701;0,166724494326008
CBA;Temp;21;Spatially adjusted;0,838367346938776;0,183828221744641;0,145604961860048;0,164744240249412
CBA;Temp;21;Spatially adjusted;0,858571428571429;0,182060670816426;0,141928012963728;0,161888583239424
CBA;Temp;21;Spatially adjusted;0,878775510204082;0,179652242616548;0,137545450545449;0,158266948662707
CBA;Temp;21;Spatially adjusted;0,898979591836735;0,176694491040969;0,132558076536924;0,153988761885948
CBA;Temp;21;Spatially adjusted;0,919183673469388;0,173278969985638;0,12706669286986;0,149163448275818
CBA;Temp;21;Spatially adjusted;0,939387755102041;0,169497233346494;0,12117210147596;0,143900433198993
CBA;Temp;21;Spatially adjusted;0,959591836734694;0,16544083501951;0,114975104286938;0,138309142022138
CBA;Temp;21;Spatially adjusted;0,979795918367347;0,161201328900617;0,108576503234499;0,132499000111942
CBA;Temp;21;Spatially adjusted;1;0,156870268885772;0,102077100250352;0,126579432835065
CBA;Temp;21;Current landscape;0,0263577830046415;0,154587702304735;0,10939209522769;0,00650379626534203
CBA;Temp;21;Current landscape;0,0757674500346184;0,0715431845684975;-0,0514735273541369;-0,234442535597541
CBA;Temp;21;Current landscape;0,126716271042824;0,0125621514282805;0,0034182722251721;-0,21409857854205
CBA;Temp;21;Current landscape;0,177124515175819;0,117164412781719;0,0292768848697023;-0,251801985241833
CBA;Temp;21;Current landscape;0,230333149433136;-0,0302873503864447;-0,0878874171621291;-0,318782261667746
CBA;Temp;21;Current landscape;0,276599287986755;0,0329774132915155;-0,137886212790356;-0,419705360055861
CBA;Temp;21;Current landscape;0,324454426765442;-0,150198238059549;-0,239803088354275;-0,50480151154289
CBA;Temp;21;Current landscape;0,372761487960815;-0,0169273979600675;-0,063365061631341;-0,4492790922498
CBA;Temp;21;Current landscape;0,427564173936844;0,0992534007728807;0,0229899406865641;-0,264271146010675
CBA;Temp;21;Current landscape;0,475277453660965;0,00291256828820607;0,0174702086739842;-0,260310868596555
CBA;Temp;21;Current landscape;0,525863170623779;-0,106424523712626;-0,00145494253589717;-0,271925507951295
CBA;Temp;21;Current landscape;0,572060406208038;-0,115785353852832;0,0188167289469057;-0,260095163287964
CBA;Temp;21;Current landscape;0,624168336391449;0,173149952327506;0,213686917416254;-0,0485187157158151
CBA;Temp;21;Current landscape;0,674316167831421;-0,19905644741235;-0,0229597679123472;-0,249559069164473
CBA;Temp;21;Current landscape;0,724861532449722;-0,230175296094433;-0,13321939203276;-0,398933155543112
CBA;Temp;21;Current landscape;0,775971174240112;-0,13063280420781;0,0603571950922266;-0,273339022802706
CBA;Temp;21;Current landscape;0,82836127281189;0,108314463873157;0,213194663250459;-0,202617911203934
CBA;Temp;21;Current landscape;0,876240134239197;0,235425120121814;-0,0462851094230459;-0,356220420361453
CBA;Temp;21;Current landscape;0,922658383846283;-0,117310436828927;0,210359178402378;0,0101703108850231
CBA;Temp;21;Current landscape;1;0,0461119966886656;-0,233715476710497;-0,442163004732475
CBA;Temp;22;Spatially adjusted;0,01;-0,168521103970669;-0,173571102672103;-0,206282571260608
CBA;Temp;22;Spatially adjusted;0,0302040816326531;-0,1668983979826;-0,171830571379076;-0,20286149109165
CBA;Temp;22;Spatially adjusted;0,0504081632653061;-0,165179844940699;-0,17000364162255;-0,199361395567919
CBA;Temp;22;Spatially adjusted;0,0706122448979592;-0,163269597791128;-0,168003914939021;-0,19570326933464
CBA;Temp;22;Spatially adjusted;0,0908163265306122;-0,161071809480067;-0,16574499286499;-0,191808097037047
CBA;Temp;22;Spatially adjusted;0,111020408163265;-0,158490632953683;-0,16314047693696;-0,187596863320358
CBA;Temp;22;Spatially adjusted;0,131224489795918;-0,155430221158131;-0,16010396869142;-0,182990552829803
CBA;Temp;22;Spatially adjusted;0,151428571428571;-0,15179472703959;-0,15654906966488;-0,177910150210611
CBA;Temp;22;Spatially adjusted;0,171632653061224;-0,147488303544222;-0,152389381393835;-0,172276640108006
CBA;Temp;22;Spatially adjusted;0,191836734693878;-0,142415103618195;-0,147538505414783;-0,166011007167217
CBA;Temp;22;Spatially adjusted;0,212040816326531;-0,136479280207684;-0,141910043264229;-0,15903423603347
CBA;Temp;22;Spatially adjusted;0,232244897959184;-0,129584986258852;-0,135417596478664;-0,15126731135199
CBA;Temp;22;Spatially adjusted;0,252448979591837;-0,121636374717863;-0,127974766594594;-0,14263121776801
CBA;Temp;22;Spatially adjusted;0,27265306122449;-0,112537598530896;-0,119495155148517;-0,13304693992675
CBA;Temp;22;Spatially adjusted;0,292857142857143;-0,102192810644109;-0,109892363676931;-0,122435462473444
CBA;Temp;22;Spatially adjusted;0,313061224489796;-0,0905061640036706;-0,0990799937163374;-0,110717770053309
CBA;Temp;22;Spatially adjusted;0,333265306122449;-0,0773818115557532;-0,086971646803228;-0,0978148473115823
CBA;Temp;22;Spatially adjusted;0,353469387755102;-0,0627768640179802;-0,0735293563819006;-0,0836917048536776
CBA;Temp;22;Spatially adjusted;0,373673469387755;-0,0468602631938424;-0,058908883527792;-0,0684894571257964
CBA;Temp;22;Spatially adjusted;0,393877551020408;-0,0298539086582679;-0,0433144212241281;-0,0523932445343256
CBA;Temp;22;Spatially adjusted;0,414081632653061;-0,0119796999862025;-0,0269501624541455;-0,0355882074856559
CBA;Temp;22;Spatially adjusted;0,434285714285714;0,00654046324742552;-0,0100203002010737;-0,0182594863861816
CBA;Temp;22;Spatially adjusted;0,454489795918367;0,0254846814676561;0,00727097255185782;-0,000592221642286006
CBA;Temp;22;Spatially adjusted;0,47469387755102;0,0446310550995648;0,0247194628214231;0,0172284463396331
CBA;Temp;22;Spatially adjusted;0,494897959183674;0,0637576845682055;0,0421209776243892;0,0350173771531956
CBA;Temp;22;Spatially adjusted;0,515102040816327;0,0826426702986431;0,0592713239775335;0,0525894303919969
CBA;Temp;22;Spatially adjusted;0,53530612244898;0,101064112715928;0,0759663088976126;0,0697594656496534
CBA;Temp;22;Spatially adjusted;0,555510204081633;0,118800112245133;0,0920017394014074;0,0863423425197816
CBA;Temp;22;Spatially adjusted;0,575714285714286;0,13562876931131;0,107173422505685;0,102152920595977
CBA;Temp;22;Spatially adjusted;0,595918367346939;0,151328184339523;0,121277165227216;0,117006059471862
CBA;Temp;22;Spatially adjusted;0,616122448979592;0,165676457754827;0,134108774582767;0,13071661874104
CBA;Temp;22;Spatially adjusted;0,636326530612245;0,178451689982285;0,145464057589113;0,143099457997121
CBA;Temp;22;Spatially adjusted;0,656530612244898;0,189431981446955;0,155138821263019;0,153969436833716
CBA;Temp;22;Spatially adjusted;0,676734693877551;0,198395432573907;0,162928872621261;0,163141414844429
CBA;Temp;22;Spatially adjusted;0,696938775510204;0,205180447258101;0,168685810274674;0,170480724411782
CBA;Temp;22;Spatially adjusted;0,717142857142857;0,209866643274168;0,172484399210376;0,176054589073882
CBA;Temp;22;Spatially adjusted;0,73734693877551;0,212593941866658;0,174455196009536;0,179980705157746
CBA;Temp;22;Spatially adjusted;0,757551020408163;0,213502264280105;0,174728757253348;0,182376768990395
CBA;Temp;22;Spatially adjusted;0,777755102040816;0,212731531759051;0,173435639522989;0,183360476898841
CBA;Temp;22;Spatially adjusted;0,797959183673469;0,21042166554804;0,170706399399634;0,183049525210105
CBA;Temp;22;Spatially adjusted;0,818163265306122;0,206712586891616;0,166671593464471;0,181561610251197
CBA;Temp;22;Spatially adjusted;0,838367346938776;0,201744217034317;0,161461778298676;0,179014428349145
CBA;Temp;22;Spatially adjusted;0,858571428571429;0,19565647722068;0,155207510483436;0,175525675830958
CBA;Temp;22;Spatially adjusted;0,878775510204082;0,188589288695255;0,14803934659993;0,171213049023649
CBA;Temp;22;Spatially adjusted;0,898979591836735;0,18068257270258;0,140087843229331;0,166194244254246
CBA;Temp;22;Spatially adjusted;0,919183673469388;0,172076250487198;0,131483556952833;0,160586957849752
CBA;Temp;22;Spatially adjusted;0,939387755102041;0,162910243293652;0,12235704435161;0,154508886137197
CBA;Temp;22;Spatially adjusted;0,959591836734694;0,153324472366478;0,112838862006846;0,148077725443589
CBA;Temp;22;Spatially adjusted;0,979795918367347;0,143458858950222;0,103059566499716;0,14141117209595
CBA;Temp;22;Spatially adjusted;1;0,133453324289423;0,0931497144114068;0,13462692242129
CBA;Temp;22;Current landscape;0,025095833465457;-0,029690555985642;0,00947632503124041;-0,0683627447246735
CBA;Temp;22;Current landscape;0,0749576464295387;0,110021730529347;0,0402065810528924;-0,115089259461037
CBA;Temp;22;Current landscape;0,127186149358749;0,126281504638946;0,020781806573833;-0,109442424209792
CBA;Temp;22;Current landscape;0,176080286502838;-0,102773357149022;-0,0764241422508292;-0,390182879620841
CBA;Temp;22;Current landscape;0,229556754231453;-0,139606118104851;-0,155464896117451;-0,379006272163768
CBA;Temp;22;Current landscape;0,277459979057312;-0,00700025704511731;0,00104333194084916;-0,197002346509663
CBA;Temp;22;Current landscape;0,321167528629303;0,00745807580140223;-0,0586543446561478;-0,263795264790907
CBA;Temp;22;Current landscape;0,375480204820633;-0,0994857431940233;-0,129258024928113;-0,487728499442287
CBA;Temp;22;Current landscape;0,426758319139481;0,235877423701371;0,13958177357998;-0,14335943551233
CBA;Temp;22;Current landscape;0,472194582223892;-0,0215445692980261;0,0356294394304513;-0,179140667841484
CBA;Temp;22;Current landscape;0,528988063335419;-0,0363855915485516;-0,0197568927229916;-0,23768329804539
CBA;Temp;22;Current landscape;0,575486898422242;-0,101267663577733;-0,0220095895457888;-0,375371748552546
CBA;Temp;22;Current landscape;0,627421051263809;0,0853900746946366;0,167129929661346;-0,164218303840602
CBA;Temp;22;Current landscape;0,67443311214447;-0,0970064899963852;0,0766290964874266;-0,19423737111207
CBA;Temp;22;Current landscape;0,723051786422729;-0,102012138677889;-0,0135567857636012;-0,256880103549687
CBA;Temp;22;Current landscape;0,77237868309021;-0,077957798155321;0,0747809889962419;-0,17748515080433
CBA;Temp;22;Current landscape;0,821980476379395;0,0781798352601051;0,180178808759194;-0,237008192127362
CBA;Temp;22;Current landscape;0,874195456504822;0,311072390614978;0,0298166329411416;-0,278558268688204
CBA;Temp;22;Current landscape;0,926848500967026;-0,250560483635454;0,0779313332469975;-0,117750167998512
CBA;Temp;22;Current landscape;1;0,0644574370328606;-0,208207878661689;-0,406940511372543
CBA;Temp;23;Spatially adjusted;0,01;-0,164019907182919;-0,176899253063663;-0,187961258721817
CBA;Temp;23;Spatially adjusted;0,0302040816326531;-0,1598504713319;-0,172712055386832;-0,184062535682354
CBA;Temp;23;Spatially adjusted;0,0504081632653061;-0,155622850238707;-0,168471338583402;-0,180100685874748
CBA;Temp;23;Spatially adjusted;0,0706122448979592;-0,151278858661158;-0,164123583526784;-0,176012582530863
CBA;Temp;23;Spatially adjusted;0,0908163265306122;-0,146760311357085;-0,159615271090367;-0,171735098882554
CBA;Temp;23;Spatially adjusted;0,111020408163265;-0,142009023084309;-0,154892882147561;-0,167205108161681
CBA;Temp;23;Spatially adjusted;0,131224489795918;-0,136966808600658;-0,149902897571771;-0,162359483600106
CBA;Temp;23;Spatially adjusted;0,151428571428571;-0,131575482663955;-0,144591798236391;-0,157135098429688
CBA;Temp;23;Spatially adjusted;0,171632653061224;-0,125776860032016;-0,138906065014833;-0,151468825882283
CBA;Temp;23;Spatially adjusted;0,191836734693878;-0,119512755462676;-0,132792178780495;-0,145297539189748
CBA;Temp;23;Spatially adjusted;0,212040816326531;-0,112724983713754;-0,126196620406777;-0,138558111583951
CBA;Temp;23;Spatially adjusted;0,232244897959184;-0,105355359543076;-0,119065870767091;-0,131187416296747
CBA;Temp;23;Spatially adjusted;0,252448979591837;-0,0973456977084659;-0,111346410734825;-0,123122326559994
CBA;Temp;23;Spatially adjusted;0,27265306122449;-0,0886378129677503;-0,102984721183397;-0,114299715605551
CBA;Temp;23;Spatially adjusted;0,292857142857143;-0,0791735200787507;-0,093927282986197;-0,104656456665278
CBA;Temp;23;Spatially adjusted;0,313061224489796;-0,068894633799296;-0,0841205770166376;-0,0941294229710365
CBA;Temp;23;Spatially adjusted;0,333265306122449;-0,0577429688872009;-0,0735110841481159;-0,0826554877546855
CBA;Temp;23;Spatially adjusted;0,353469387755102;-0,0456923833056955;-0,0620761187411034;-0,0702070966694315
CBA;Temp;23;Spatially adjusted;0,373673469387755;-0,0328449078395536;-0,0499163291043452;-0,0568989850539161
CBA;Temp;23;Spatially adjusted;0,393877551020408;-0,0193346164789467;-0,0371631970336566;-0,0428814606681236
CBA;Temp;23;Spatially adjusted;0,414081632653061;-0,00529558321406043;-0,0239482043248565;-0,0283048312720346
CBA;Temp;23;Spatially adjusted;0,434285714285714;0,00913811796494102;-0,0104028327737531;-0,0133194046256442
CBA;Temp;23;Spatially adjusted;0,454489795918367;0,0238324130678755;0,00334143582383462;0,00192451151107065
CBA;Temp;23;Spatially adjusted;0,47469387755102;0,0386532281045717;0,0171531196720949;0,0172766093781149
CBA;Temp;23;Spatially adjusted;0,494897959183674;0,0534664890848582;0,0309007369752052;0,0325865812155044
CBA;Temp;23;Spatially adjusted;0,515102040816327;0,0681381220185529;0,044452805937361;0,0477041192632548
CBA;Temp;23;Spatially adjusted;0,53530612244898;0,0825340529154808;0,0576778447627433;0,0624789157613783
CBA;Temp;23;Spatially adjusted;0,555510204081633;0,0965202077854777;0,0704443716555367;0,0767606629498872
CBA;Temp;23;Spatially adjusted;0,575714285714286;0,109962512638361;0,0826209048199296;0,090399053068797
CBA;Temp;23;Spatially adjusted;0,595918367346939;0,122726893483957;0,0940759624601029;0,10324377835812
CBA;Temp;23;Spatially adjusted;0,616122448979592;0,13467927633209;0,104678062780241;0,115144531057872
CBA;Temp;23;Spatially adjusted;0,636326530612245;0,145685587192588;0,114295723984537;0,125951003408062
CBA;Temp;23;Spatially adjusted;0,656530612244898;0,155611752075274;0,12279746427717;0,135512887648705
CBA;Temp;23;Spatially adjusted;0,676734693877551;0,164323696989975;0,130051801862326;0,143679876019817
CBA;Temp;23;Spatially adjusted;0,696938775510204;0,171723738340273;0,135963531957071;0,150342807925881
CBA;Temp;23;Spatially adjusted;0,717142857142857;0,177859754104794;0,140582557829976;0,155557111429268
CBA;Temp;23;Spatially adjusted;0,73734693877551;0,182816012655927;0,143995059762506;0,159419361756825
CBA;Temp;23;Spatially adjusted;0,757551020408163;0,186676782366057;0,146287218036111;0,162026134135399
CBA;Temp;23;Spatially adjusted;0,777755102040816;0,189526331607564;0,147545212932243;0,163474003791833
CBA;Temp;23;Spatially adjusted;0,797959183673469;0,19144892875283;0,147855224732368;0,163859545952977
CBA;Temp;23;Spatially adjusted;0,818163265306122;0,192528842174251;0,147303433717934;0,163279335845665
CBA;Temp;23;Spatially adjusted;0,838367346938776;0,19285034024421;0,145976020170401;0,161829948696752
CBA;Temp;23;Spatially adjusted;0,858571428571429;0,192497691335085;0,143959164371218;0,159607959733076
CBA;Temp;23;Spatially adjusted;0,878775510204082;0,191555163819267;0,14133904660185;0,156709944181486
CBA;Temp;23;Spatially adjusted;0,898979591836735;0,190107026069132;0,138201847143744;0,15323247726883
CBA;Temp;23;Spatially adjusted;0,919183673469388;0,188237546457078;0,134633746278361;0,149272134221945
CBA;Temp;23;Spatially adjusted;0,939387755102041;0,18603099335548;0,130720924287154;0,144925490267685
CBA;Temp;23;Spatially adjusted;0,959591836734694;0,18357163513673;0,126549561451583;0,140289120632882
CBA;Temp;23;Spatially adjusted;0,979795918367347;0,180943740173209;0,122205838053098;0,135459600544397
CBA;Temp;23;Spatially adjusted;1;0,178231576837302;0,117775934373157;0,130533505229067
CBA;Temp;23;Current landscape;0,0234051439911127;0,0731042444953687;0,0517231073093143;-0,107286460674178
CBA;Temp;23;Current landscape;0,0747204571962357;0,20831361979895;0,0949795875300907;-0,137680526256162
CBA;Temp;23;Current landscape;0,129977285861969;0,0786184611107927;0,00199662836504189;-0,211189599565362
CBA;Temp;23;Current landscape;0,174796372652054;-0,0853704122226411;-0,104729200959415;-0,298344425193719
CBA;Temp;23;Current landscape;0,228558152914047;-0,0422477017084191;-0,0674810256732741;-0,273955846309732
CBA;Temp;23;Current landscape;0,273918181657791;0,0576746212814037;-0,0396343891590227;-0,333256948076407
CBA;Temp;23;Current landscape;0,323688268661499;-0,0536568396346091;-0,075411204744217;-0,348278479190071
CBA;Temp;23;Current landscape;0,377808451652527;0,0393615472645266;-0,0777320736354454;-0,312963752798382
CBA;Temp;23;Current landscape;0,424911648035049;0,196039394894644;0,091485337659428;-0,177533608102411
CBA;Temp;23;Current landscape;0,474146097898483;0,0471350425099537;0,0248514140874647;-0,227839206350151
CBA;Temp;23;Current landscape;0,525943905115128;-0,12155805329596;-0,0740836441923065;-0,250571171583886
CBA;Temp;23;Current landscape;0,574984312057495;-0,0508112383171451;0,0202157581310907;-0,281259173815073
CBA;Temp;23;Current landscape;0,624462574720383;0,0887324322179062;0,149194302142003;-0,133430038272287
CBA;Temp;23;Current landscape;0,671541571617126;-0,0936259045267036;0,0776210381309426;-0,154485481742498
CBA;Temp;23;Current landscape;0,723684728145599;-0,180054448109932;-0,0829497569140045;-0,296410994954602
CBA;Temp;23;Current landscape;0,773391008377075;-0,176559556165326;0,0449313807397935;-0,283478793349218
CBA;Temp;23;Current landscape;0,82287722826004;0,172854836230833;0,273387364599049;-0,144745636236408
CBA;Temp;23;Current landscape;0,87762862443924;0,315724696927813;0,0304861617630046;-0,284874147787111
CBA;Temp;23;Current landscape;0,926469147205353;-0,182525968040061;0,140212946462889;-0,0663908167248657
CBA;Temp;23;Current landscape;1;-0,00875099575215188;-0,294543979900052;-0,512596072284335
CBA;Temp;24;Spatially adjusted;0,01;-0,12897204728533;-0,125836503492884;-0,12698961266052
CBA;Temp;24;Spatially adjusted;0,0302040816326531;-0,127889760604205;-0,125168770034673;-0,128642928475706
CBA;Temp;24;Spatially adjusted;0,0504081632653061;-0,12672363860505;-0,124428342995838;-0,13020100676103
CBA;Temp;24;Spatially adjusted;0,0706122448979592;-0,125389845969828;-0,123542528795749;-0,131568609986637
CBA;Temp;24;Spatially adjusted;0,0908163265306122;-0,123804547380509;-0,12243863385379;-0,13265050062267
CBA;Temp;24;Spatially adjusted;0,111020408163265;-0,121883907519059;-0,121043964589326;-0,133351441139268
CBA;Temp;24;Spatially adjusted;0,131224489795918;-0,119544091067457;-0,119285827421741;-0,133576194006569
CBA;Temp;24;Spatially adjusted;0,151428571428571;-0,116701262707657;-0,117091528770398;-0,133229521694719
CBA;Temp;24;Spatially adjusted;0,171632653061224;-0,113271587121634;-0,114388375054688;-0,132216186673855
CBA;Temp;24;Spatially adjusted;0,191836734693878;-0,109171228991357;-0,111103672693964;-0,130440951414123
CBA;Temp;24;Spatially adjusted;0,212040816326531;-0,104316352998787;-0,107164728107623;-0,127808578385658
CBA;Temp;24;Spatially adjusted;0,232244897959184;-0,0986231238258952;-0,102498847715026;-0,124223830058607
CBA;Temp;24;Spatially adjusted;0,252448979591837;-0,0920077061546536;-0,097033337935553;-0,119591468903106
CBA;Temp;24;Spatially adjusted;0,27265306122449;-0,0843862646670246;-0,0906955051885774;-0,113816257389303
CBA;Temp;24;Spatially adjusted;0,292857142857143;-0,0756749640449819;-0,0834126558934756;-0,106802957987334
CBA;Temp;24;Spatially adjusted;0,313061224489796;-0,0657899689704955;-0,075112096469617;-0,0984563331673378
CBA;Temp;24;Spatially adjusted;0,333265306122449;-0,0546474441255214;-0,065721133336389;-0,088681145399466
CBA;Temp;24;Spatially adjusted;0,353469387755102;-0,0422100705223478;-0,0552073759496992;-0,077431931901117
CBA;Temp;24;Spatially adjusted;0,373673469387755;-0,0286265944945114;-0,0436996459116799;-0,0648623288787995
CBA;Temp;24;Spatially adjusted;0,393877551020408;-0,0140922787058706;-0,0313670678609945;-0,0511757472862762
CBA;Temp;24;Spatially adjusted;0,414081632653061;0,00119761417973052;-0,0183787664363138;-0,0365755980773166
CBA;Temp;24;Spatially adjusted;0,434285714285714;0,0170478214984335;-0,00490386627630457;-0,0212652922056904
CBA;Temp;24;Spatially adjusted;0,454489795918367;0,0332630805863836;0,00888850798035534;-0,00544824062516724
CBA;Temp;24;Spatially adjusted;0,47469387755102;0,0496481287797401;0,0228292316950061;0,0106721457104868
CBA;Temp;24;Spatially adjusted;0,494897959183674;0,066007703414634;0,0367491802289734;0,0268924558475021
CBA;Temp;24;Spatially adjusted;0,515102040816327;0,0821465418272283;0,0504792289435869;0,043009278832109
CBA;Temp;24;Spatially adjusted;0,53530612244898;0,0978693813536609;0,063850253200183;0,0588192037105451
CBA;Temp;24;Spatially adjusted;0,555510204081633;0,112980959330091;0,076693128360084;0,0741188195290299
CBA;Temp;24;Spatially adjusted;0,575714285714286;0,12728601309265;0,0888387297846336;0,0887047153338045
CBA;Temp;24;Spatially adjusted;0,595918367346939;0,14058927997749;0,100117932835147;0,102373480171096
CBA;Temp;24;Spatially adjusted;0,616122448979592;0,152695497320771;0,110361612872968;0,114921703087134
CBA;Temp;24;Spatially adjusted;0,636326530612245;0,163409402458633;0,119400645259415;0,126145973128157
CBA;Temp;24;Spatially adjusted;0,656530612244898;0,172535732727219;0,127065905355828;0,135842879340391
CBA;Temp;24;Spatially adjusted;0,676734693877551;0,179879225462678;0,133188268523533;0,14380901077007
CBA;Temp;24;Spatially adjusted;0,696938775510204;0,185297766988853;0,137644631121638;0,14989500605714
CBA;Temp;24;Spatially adjusted;0,717142857142857;0,188861839580365;0,140495973500325;0,154167702216402
CBA;Temp;24;Spatially adjusted;0,73734693877551;0,190695074499523;0,14184929700756;0,156747985856381
CBA;Temp;24;Spatially adjusted;0,757551020408163;0,190921103008634;0,1418116029913;0,157756743585594
CBA;Temp;24;Spatially adjusted;0,777755102040816;0,189663556370014;0,140489892799508;0,157314862012566
CBA;Temp;24;Spatially adjusted;0,797959183673469;0,187046065845969;0,13799116778015;0,155543227745813
CBA;Temp;24;Spatially adjusted;0,818163265306122;0,183192262698814;0,134422429281177;0,152562727393857
CBA;Temp;24;Spatially adjusted;0,838367346938776;0,178225778190861;0,129890678650561;0,148494247565218
CBA;Temp;24;Spatially adjusted;0,858571428571429;0,172270243584421;0,124502917236249;0,14345867486842
CBA;Temp;24;Spatially adjusted;0,878775510204082;0,165449290141801;0,118366146386219;0,137576895911977
CBA;Temp;24;Spatially adjusted;0,898979591836735;0,157886549125315;0,111587367448418;0,130969797304413
CBA;Temp;24;Spatially adjusted;0,919183673469388;0,149705651797273;0,104273581770812;0,123758265654246
CBA;Temp;24;Spatially adjusted;0,939387755102041;0,141030229419982;0,0965317907013628;0,116063187569999
CBA;Temp;24;Spatially adjusted;0,959591836734694;0,131983913255766;0,0884689955880305;0,10800544966019
CBA;Temp;24;Spatially adjusted;0,979795918367347;0,122690334566922;0,080192197778775;0,0997059385333436
CBA;Temp;24;Spatially adjusted;1;0,11327312461577;0,0718083986215632;0,0912855407979691
CBA;Temp;24;Current landscape;0,0270160380750895;0,138315104562619;0,0961477718160033;-0,110049256086853
CBA;Temp;24;Current landscape;0,073967020958662;0,247222711689393;0,137748980108309;-0,183703392111369
CBA;Temp;24;Current landscape;0,128589436411858;0,203423615935026;0,0935162804503165;-0,117661067022123
CBA;Temp;24;Current landscape;0,17308022081852;0,0974077568174536;0,0351231197710575;-0,235577801787972
CBA;Temp;24;Current landscape;0,228276535868645;0,0105903569110737;-0,0293855736594004;-0,307461047279276
CBA;Temp;24;Current landscape;0,27501505613327;-0,054880857638171;-0,0695043609064285;-0,304800933426929
CBA;Temp;24;Current landscape;0,322396039962769;-0,130380565531819;-0,147492948788436;-0,397278826473809
CBA;Temp;24;Current landscape;0,374579429626465;-0,036019447891654;-0,0693604364449705;-0,38360573712329
CBA;Temp;24;Current landscape;0,424139976501465;-0,0183485678192099;-0,0426038574745498;-0,290520226058106
CBA;Temp;24;Current landscape;0,478172451257706;-0,0114986374536166;-0,0935963568421556;-0,296715355027764
CBA;Temp;24;Current landscape;0,52541595697403;-0,00672015720140351;-0,0235753974127952;-0,305041285426054
CBA;Temp;24;Current landscape;0,576866090297699;-0,221320839509655;0,0484311169356602;-0,283100623771137
CBA;Temp;24;Current landscape;0,625457108020782;0,0487034305567065;0,108232303593866;-0,201288109324238
CBA;Temp;24;Current landscape;0,675970792770386;-0,0522742200265363;0,110026925101167;-0,0943176753145742
CBA;Temp;24;Current landscape;0,725594013929367;-0,208418508981215;-0,105762873555317;-0,287811731688628
CBA;Temp;24;Current landscape;0,778328597545624;-0,197628473941698;-0,0508187406175509;-0,408234764794745
CBA;Temp;24;Current landscape;0,822824776172638;0,146472958948753;0,25230063162164;-0,167015906879161
CBA;Temp;24;Current landscape;0,874963104724884;0,18167881457536;-0,0951017785600534;-0,40826783243249
CBA;Temp;24;Current landscape;0,9283766746521;-0,137946384856747;0,194561841084845;-0,00829775308323377
CBA;Temp;24;Current landscape;1;0,0181256912149905;-0,24964592463833;-0,462992606661764
CBA;Temp;25;Spatially adjusted;0,01;-0,123137137669342;-0,144980813702944;-0,15799557175561
CBA;Temp;25;Spatially adjusted;0,0302040816326531;-0,122811953714447;-0,143217042056278;-0,156848210003911
CBA;Temp;25;Spatially adjusted;0,0504081632653061;-0,122402771293938;-0,141383542104482;-0,155622293886559
CBA;Temp;25;Spatially adjusted;0,0706122448979592;-0,121825591942212;-0,139410585542418;-0,154239269037902
CBA;Temp;25;Spatially adjusted;0,0908163265306122;-0,120996417193652;-0,137228444064956;-0,152620581092286
CBA;Temp;25;Spatially adjusted;0,111020408163265;-0,119831248582653;-0,134767389366971;-0,150687675684058
CBA;Temp;25;Spatially adjusted;0,131224489795918;-0,118246087643602;-0,131957693143317;-0,148361998447562
CBA;Temp;25;Spatially adjusted;0,151428571428571;-0,11615693591089;-0,128729627088866;-0,145564995017146
CBA;Temp;25;Spatially adjusted;0,171632653061224;-0,113479794918906;-0,125013462898494;-0,142218111027155
CBA;Temp;25;Spatially adjusted;0,191836734693878;-0,110130666202039;-0,120739472267058;-0,138242792111942
CBA;Temp;25;Spatially adjusted;0,212040816326531;-0,106025551294675;-0,115837926889434;-0,133560483905846
CBA;Temp;25;Spatially adjusted;0,232244897959184;-0,101080451731214;-0,110239098460479;-0,12809263204322
CBA;Temp;25;Spatially adjusted;0,252448979591837;-0,0952113690460337;-0,103873258675073;-0,121760682158406
CBA;Temp;25;Spatially adjusted;0,27265306122449;-0,0883343047735323;-0,0966706792280725;-0,114486079885754
CBA;Temp;25;Spatially adjusted;0,292857142857143;-0,0803652604481009;-0,0885616318143505;-0,10619027085961
CBA;Temp;25;Spatially adjusted;0,313061224489796;-0,0712202376041198;-0,079476388128775;-0,0967947007143231
CBA;Temp;25;Spatially adjusted;0,333265306122449;-0,0608152377759836;-0,0693452198662108;-0,0862208150842321
CBA;Temp;25;Spatially adjusted;0,353469387755102;-0,0491109656154691;-0,0581382455422812;-0,0744327838963095
CBA;Temp;25;Spatially adjusted;0,373673469387755;-0,0362469382438775;-0,0459849709555797;-0,0615656742479764
CBA;Temp;25;Spatially adjusted;0,393877551020408;-0,0224073758998884;-0,0330547487254798;-0,047797277529277
CBA;Temp;25;Spatially adjusted;0,414081632653061;-0,00777649882220288;-0,0195169314713333;-0,0333053851302516
CBA;Temp;25;Spatially adjusted;0,434285714285714;0,00746147275049225;-0,0055408718124923;-0,0182677884409443
CBA;Temp;25;Spatially adjusted;0,454489795918367;0,023122318579528;0,00870407763167691;-0,00286227885140278
CBA;Temp;25;Spatially adjusted;0,47469387755102;0,0390218184261961;0,0230485642418188;0,0127333522483397
CBA;Temp;25;Spatially adjusted;0,494897959183674;0,0549757520518135;0,0373232353985848;0,0283413134682355
CBA;Temp;25;Spatially adjusted;0,515102040816327;0,0707998992177075;0,0513587384826053;0,0437838134182371
CBA;Temp;25;Spatially adjusted;0,53530612244898;0,0863100396851735;0,0649857208745281;0,0588830607083075
CBA;Temp;25;Spatially adjusted;0,555510204081633;0,101321953215535;0,0780348299549978;0,0734612639484062
CBA;Temp;25;Spatially adjusted;0,575714285714286;0,115651419570099;0,0903367131046551;0,0873406317484822
CBA;Temp;25;Spatially adjusted;0,595918367346939;0,129114218510168;0,101722017704137;0,100343372718502
CBA;Temp;25;Spatially adjusted;0,616122448979592;0,141526129797079;0,112021391134096;0,112291695468418
CBA;Temp;25;Spatially adjusted;0,636326530612245;0,152702933192124;0,121065480775165;0,123007808608186
CBA;Temp;25;Spatially adjusted;0,656530612244898;0,162460408456624;0,128684934007996;0,132313920747769
CBA;Temp;25;Spatially adjusted;0,676734693877551;0,170614335351893;0,134710398213226;0,140032240497121
CBA;Temp;25;Spatially adjusted;0,696938775510204;0,177029819602023;0,139019114350209;0,146032999862246
CBA;Temp;25;Spatially adjusted;0,717142857142857;0,181769270782219;0,141674697693169;0,150378524433364
CBA;Temp;25;Spatially adjusted;0,73734693877551;0,184944424430487;0,142787357095045;0,153179163196747
CBA;Temp;25;Spatially adjusted;0,757551020408163;0,186667016084822;0,142467301408768;0,154545265138655
CBA;Temp;25;Spatially adjusted;0,777755102040816;0,187048781283213;0,140824739487268;0,154587179245357
CBA;Temp;25;Spatially adjusted;0,797959183673469;0,186201455563662;0,137969880183483;0,153415254503123
CBA;Temp;25;Spatially adjusted;0,818163265306122;0,184236774464161;0,134012932350355;0,151139839898217
CBA;Temp;25;Spatially adjusted;0,838367346938776;0,181266473522697;0,129064104840811;0,147871284416908
CBA;Temp;25;Spatially adjusted;0,858571428571429;0,177402288277278;0,123233606507785;0,143719937045457
CBA;Temp;25;Spatially adjusted;0,878775510204082;0,172755954265892;0,116631646204223;0,13879614677014
CBA;Temp;25;Spatially adjusted;0,898979591836735;0,167439207026536;0,109368432783043;0,133210262577219
CBA;Temp;25;Spatially adjusted;0,919183673469388;0,161563782097208;0,101554175097192;0,127072633452965
CBA;Temp;25;Spatially adjusted;0,939387755102041;0,155241415015894;0,0932990819996036;0,12049360838364
CBA;Temp;25;Spatially adjusted;0,959591836734694;0,148583841320598;0,0847133623432086;0,113583536355517
CBA;Temp;25;Spatially adjusted;0,979795918367347;0,141702796549307;0,0759072249809449;0,106452766354856
CBA;Temp;25;Spatially adjusted;1;0,134710016240025;0,0669908787657398;0,0992116473679303
CBA;Temp;25;Current landscape;0,0284941364079714;0,255169921391779;0,258338808339904;0,0503209099784989
CBA;Temp;25;Current landscape;0,0744071751832962;0,260828925709898;0,225304050843782;0,0619897345168354
CBA;Temp;25;Current landscape;0,129977285861969;0,263670859200428;0,199581881226894;0,00186191159014371
CBA;Temp;25;Current landscape;0,173310980200768;-0,0389855392465215;-0,157574261532929;-0,325446862077133
CBA;Temp;25;Current landscape;0,229594677686692;-0,102457986029069;-0,209900972314038;-0,438032530496926
CBA;Temp;25;Current landscape;0,276861786842346;0,070291419373703;-0,0653765321992488;-0,281083956735806
CBA;Temp;25;Current landscape;0,325049534440041;-0,0323207881641707;-0,256655747440163;-0,563618455724381
CBA;Temp;25;Current landscape;0,378073155879974;-0,0159542247793034;-0,100441099675514;-0,396635450131175
CBA;Temp;25;Current landscape;0,421433314681053;0,14058644237565;0,0483499464181598;-0,30810266682122
CBA;Temp;25;Current landscape;0,476810991764069;0,0392423654481107;-0,0584742127323068;-0,380816508005612
CBA;Temp;25;Current landscape;0,527564525604248;-0,0310036109197291;0,0326236581896566;-0,309640296340803
CBA;Temp;25;Current landscape;0,57474559545517;-0,116196825193196;0,018229683047192;-0,320427790175895
CBA;Temp;25;Current landscape;0,625683009624481;0,0787368710073544;0,15465974901398;-0,157325285479168
CBA;Temp;25;Current landscape;0,677121222019196;-0,0987701105944332;0,0970298692141007;-0,135743392865795
CBA;Temp;25;Current landscape;0,720745086669922;-0,165123477857847;-0,116036448172643;-0,307762167176151
CBA;Temp;25;Current landscape;0,778566211462021;-0,163041910678793;0,0136873105360245;-0,325670738938346
CBA;Temp;25;Current landscape;0,822888016700745;0,0648921550717461;0,163786964434586;-0,247939539849664
CBA;Temp;25;Current landscape;0,876757204532623;0,301732357639089;0,0130501039496771;-0,2925754631239
CBA;Temp;25;Current landscape;0,929780006408691;-0,136906762830492;0,181249050317145;-0,0109573078760334
CBA;Temp;25;Current landscape;1;0,000337152735610857;-0,295573857958285;-0,495074092996635
CBA;Temp;26;Spatially adjusted;0,01;-0,184147065301463;-0,190645941410377;-0,207749179165539
CBA;Temp;26;Spatially adjusted;0,0302040816326531;-0,179420874980476;-0,185628722337892;-0,202848346106414
CBA;Temp;26;Spatially adjusted;0,0504081632653061;-0,174634469806989;-0,180558397870694;-0,197888455058333
CBA;Temp;26;Spatially adjusted;0,0706122448979592;-0,169727634928499;-0,175381862614078;-0,19281044803235
CBA;Temp;26;Spatially adjusted;0,0908163265306122;-0,164640155492503;-0,170046011173334;-0,18755526703951
CBA;Temp;26;Spatially adjusted;0,111020408163265;-0,15931181664649;-0,164497738153752;-0,18206385409086
CBA;Temp;26;Spatially adjusted;0,131224489795918;-0,153682403537971;-0,158683938160621;-0,176277151197453
CBA;Temp;26;Spatially adjusted;0,151428571428571;-0,147691701314439;-0,152551505799234;-0,170136100370332
CBA;Temp;26;Spatially adjusted;0,171632653061224;-0,141279495123392;-0,146047335674883;-0,163581643620546
CBA;Temp;26;Spatially adjusted;0,191836734693878;-0,134385570112325;-0,139118322392857;-0,156554722959143
CBA;Temp;26;Spatially adjusted;0,212040816326531;-0,126949711428743;-0,131711360558441;-0,148996280397167
CBA;Temp;26;Spatially adjusted;0,232244897959184;-0,118911704220132;-0,123773344776936;-0,140847257945673
CBA;Temp;26;Spatially adjusted;0,252448979591837;-0,110211333633998;-0,115251169653622;-0,132048597615707
CBA;Temp;26;Spatially adjusted;0,27265306122449;-0,100788384817843;-0,1060917297938;-0,122541241418318
CBA;Temp;26;Spatially adjusted;0,292857142857143;-0,0905826429191521;-0,096241919802754;-0,112266131364546
CBA;Temp;26;Spatially adjusted;0,313061224489796;-0,0795338930854328;-0,0856486342857714;-0,101164209465445
CBA;Temp;26;Spatially adjusted;0,333265306122449;-0,0675819204641783;-0,0742587678481499;-0,0891764177320624
CBA;Temp;26;Spatially adjusted;0,353469387755102;-0,0546998831749193;-0,0620505866797956;-0,0762773585240346
CBA;Temp;26;Spatially adjusted;0,373673469387755;-0,0409944312252897;-0,0491278433091047;-0,0625762755953154
CBA;Temp;26;Spatially adjusted;0,393877551020408;-0,0266055875949469;-0,0356256618490818;-0,0482160730484544
CBA;Temp;26;Spatially adjusted;0,414081632653061;-0,0116733752635625;-0,0216791664127456;-0,0333396549860012
CBA;Temp;26;Spatially adjusted;0,434285714285714;0,00366218278919916;-0,0074234811130971;-0,0180899255105054
CBA;Temp;26;Spatially adjusted;0,454489795918367;0,0192610635836843;0,00700626993684139;-0,00260978872450579
CBA;Temp;26;Spatially adjusted;0,47469387755102;0,0349832441402178;0,0214749626240653;0,0129578512694408
CBA;Temp;26;Spatially adjusted;0,494897959183674;0,050688701479146;0,0358474728355596;0,0284700903687991
CBA;Temp;26;Spatially adjusted;0,515102040816327;0,0662374126207936;0,049988676458316;0,0437840244710124
CBA;Temp;26;Spatially adjusted;0,53530612244898;0,0814893545855036;0,0637634493793229;0,0587567494735417
CBA;Temp;26;Spatially adjusted;0,555510204081633;0,0963045043936148;0,0770366674855687;0,0732453612738304
CBA;Temp;26;Spatially adjusted;0,575714285714286;0,110542839065456;0,0896732066640382;0,0871069557693396
CBA;Temp;26;Spatially adjusted;0,595918367346939;0,12406433562137;0,101537942801723;0,100198628857523
CBA;Temp;26;Spatially adjusted;0,616122448979592;0,136728971081691;0,112495751785616;0,112377476435828
CBA;Temp;26;Spatially adjusted;0,636326530612245;0,148396722466753;0,122411509502701;0,123500594401712
CBA;Temp;26;Spatially adjusted;0,656530612244898;0,158927566796898;0,13115009183997;0,133425078652625
CBA;Temp;26;Spatially adjusted;0,676734693877551;0,168181481092457;0,138576374684405;0,142008025086021
CBA;Temp;26;Spatially adjusted;0,696938775510204;0,17605653946427;0,144592831937729;0,149145809886445
CBA;Temp;26;Spatially adjusted;0,717142857142857;0,182603204385231;0,149252329560582;0,15489193038681
CBA;Temp;26;Spatially adjusted;0,73734693877551;0,187910035418724;0,152645331528323;0,159339164207125
CBA;Temp;26;Spatially adjusted;0,757551020408163;0,192065592128138;0,154862301816312;0,162580288967384
CBA;Temp;26;Spatially adjusted;0,777755102040816;0,19515843407687;0,155993704399929;0,164708082287593
CBA;Temp;26;Spatially adjusted;0,797959183673469;0,197277120828307;0,156130003254525;0,165815321787761
CBA;Temp;26;Spatially adjusted;0,818163265306122;0,19851021194583;0,155361662355475;0,165994785087893
CBA;Temp;26;Spatially adjusted;0,838367346938776;0,198946266992845;0,153779145678133;0,165339249807989
CBA;Temp;26;Spatially adjusted;0,858571428571429;0,198673845532735;0,151472917197879;0,16394149356805
CBA;Temp;26;Spatially adjusted;0,878775510204082;0,197781507128894;0,148533440890063;0,16189429398808
CBA;Temp;26;Spatially adjusted;0,898979591836735;0,196357811344704;0,145051180730061;0,159290428688092
CBA;Temp;26;Spatially adjusted;0,919183673469388;0,194491317743566;0,141116600693227;0,156222675288085
CBA;Temp;26;Spatially adjusted;0,939387755102041;0,19227058588886;0,136820164754941;0,152783811408057
CBA;Temp;26;Spatially adjusted;0,959591836734694;0,189784175343984;0,132252336890559;0,149066614668023
CBA;Temp;26;Spatially adjusted;0,979795918367347;0,18712064567233;0,127503581075441;0,14516386268798
CBA;Temp;26;Spatially adjusted;1;0,184368556437285;0,122664361284965;0,141168333087926
CBA;Temp;26;Current landscape;0,0233358759433031;0,255738964059653;0,251016059380309;0,0696741058021395
CBA;Temp;26;Current landscape;0,0715934932231903;0,102970021575647;0,093285854504277;-0,176184955199311
CBA;Temp;26;Current landscape;0,12616066634655;0,287070509918127;0,248949642337646;0,0733224203743887
CBA;Temp;26;Current landscape;0,177124515175819;0,0866788327034413;-0,0260389389797417;-0,253897565520447
CBA;Temp;26;Current landscape;0,228694319725037;-0,0518147739468056;-0,0450350804104573;-0,345269539171127
CBA;Temp;26;Current landscape;0,275986969470978;-0,0142343651851142;-0,0124320220165295;-0,250284678944102
CBA;Temp;26;Current landscape;0,324417918920517;-0,101524456302727;-0,118111327949215;-0,342426252937678
CBA;Temp;26;Current landscape;0,377949118614197;-0,0339114347162663;-0,134059729007721;-0,338625616715902
CBA;Temp;26;Current landscape;0,42861807346344;0,0419325518541562;-0,0626338413172221;-0,260723898944867
CBA;Temp;26;Current landscape;0,473935782909393;-0,0488469911853038;-0,00190473368645172;-0,229018782682353
CBA;Temp;26;Current landscape;0,524529755115509;-0,0871001806140548;0,10320993393124;-0,171612329687548
CBA;Temp;26;Current landscape;0,574293851852417;-0,106320713935418;0,076576961515169;-0,309077075260596
CBA;Temp;26;Current landscape;0,627914547920227;0,0403822851767508;0,103671868656317;-0,211280796565038
CBA;Temp;26;Current landscape;0,672543942928314;-0,109146871248964;0,074218386322439;-0,15546005331877
CBA;Temp;26;Current landscape;0,72331303358078;-0,194389847707747;-0,145922534500542;-0,310119976526075
CBA;Temp;26;Current landscape;0,774280369281769;-0,0703645715020151;0,0480458269487301;-0,249755328247211
CBA;Temp;26;Current landscape;0,821640014648438;0,226039196230715;0,323751883556881;-0,096311218649177
CBA;Temp;26;Current landscape;0,872568845748901;0,308147150030237;0,0190276773511293;-0,294960808474738
CBA;Temp;26;Current landscape;0,926281332969666;-0,119188064989832;0,202895308016942;-0,004341905964381
CBA;Temp;26;Current landscape;1;-0,0309812273138981;-0,31447846901057;-0,52781738217703
CBA;Temp;27;Spatially adjusted;0,01;-0,152047683927282;-0,155159579436219;-0,19507656900149
CBA;Temp;27;Spatially adjusted;0,0302040816326531;-0,149431263127042;-0,152220299473495;-0,190456662407819
CBA;Temp;27;Spatially adjusted;0,0504081632653061;-0,146744847825964;-0,149222054785984;-0,18577990538693
CBA;Temp;27;Spatially adjusted;0,0706122448979592;-0,143918443523223;-0,146105880648889;-0,180989447511603
CBA;Temp;27;Spatially adjusted;0,0908163265306122;-0,140882055717967;-0,142812812337422;-0,176028438354624
CBA;Temp;27;Spatially adjusted;0,111020408163265;-0,137565689909373;-0,139283885126797;-0,170840027488769
CBA;Temp;27;Spatially adjusted;0,131224489795918;-0,133899351596597;-0,135460134292224;-0,165367364486826
CBA;Temp;27;Spatially adjusted;0,151428571428571;-0,129813046278809;-0,131282595108907;-0,159553598921569
CBA;Temp;27;Spatially adjusted;0,171632653061224;-0,125236779455175;-0,126692302852057;-0,153341880365787
CBA;Temp;27;Spatially adjusted;0,191836734693878;-0,120100556624848;-0,121630292796887;-0,146675358392258
CBA;Temp;27;Spatially adjusted;0,212040816326531;-0,114334383287009;-0,116037600218608;-0,139497182573763
CBA;Temp;27;Spatially adjusted;0,232244897959184;-0,107868264940812;-0,109855260392425;-0,131750502483083
CBA;Temp;27;Spatially adjusted;0,252448979591837;-0,100632207085425;-0,103024308593554;-0,123378467693009
CBA;Temp;27;Spatially adjusted;0,27265306122449;-0,0925562152200072;-0,0954857800971958;-0,114324227776308
CBA;Temp;27;Spatially adjusted;0,292857142857143;-0,083570294843728;-0,0871807101785684;-0,104530932305774
CBA;Temp;27;Spatially adjusted;0,313061224489796;-0,0736044514557506;-0,0780501341128748;-0,0939417308541834
CBA;Temp;27;Spatially adjusted;0,333265306122449;-0,0625886905552378;-0,0680350871753319;-0,0824997729943178
CBA;Temp;27;Spatially adjusted;0,353469387755102;-0,0504912502584531;-0,0571101831212566;-0,0701815161794102
CBA;Temp;27;Spatially adjusted;0,373673469387755;-0,0374332991500381;-0,0453843496264206;-0,0570966493844978
CBA;Temp;27;Spatially adjusted;0,393877551020408;-0,0235742384317206;-0,0330000928466987;-0,0433881694650715
CBA;Temp;27;Spatially adjusted;0,414081632653061;-0,00907346930525676;-0,0200999189379765;-0,0291990732766152
CBA;Temp;27;Spatially adjusted;0,434285714285714;0,0059096070276361;-0,00682633405612165;-0,0146723576746162
CBA;Temp;27;Spatially adjusted;0,454489795918367;0,0212155893652159;0,00667815564297314;4,89804854346687e-05
CBA;Temp;27;Spatially adjusted;0,47469387755102;0,0366850765057407;0,020271044003433;0,01482194434805
CBA;Temp;27;Spatially adjusted;0,494897959183674;0,0521586672474719;0,0338098248693832;0,0295035370577423
CBA;Temp;27;Spatially adjusted;0,515102040816327;0,067476960388678;0,0471519920849417;0,0439507617590209
CBA;Temp;27;Spatially adjusted;0,53530612244898;0,0824805547276171;0,060155039494223;0,0580206215964019
CBA;Temp;27;Spatially adjusted;0,555510204081633;0,0970100490625612;0,0726764609413557;0,0715701197144014
CBA;Temp;27;Spatially adjusted;0,575714285714286;0,110906042191765;0,0845737502704544;0,084456259257518
CBA;Temp;27;Spatially adjusted;0,595918367346939;0,124009132913486;0,0957044013256443;0,0965360433702784
CBA;Temp;27;Spatially adjusted;0,616122448979592;0,136159920026;0,105925907951047;0,107666475197185
CBA;Temp;27;Spatially adjusted;0,636326530612245;0,147199002327561;0,115095763990777;0,11770455788275
CBA;Temp;27;Spatially adjusted;0,656530612244898;0,156966978616442;0,123071463288962;0,126507294571489
CBA;Temp;27;Spatially adjusted;0,676734693877551;0,16530444769089;0,129710499689715;0,133931688407916
CBA;Temp;27;Spatially adjusted;0,696938775510204;0,172095136762142;0,134909526074114;0,13987442263441
CBA;Temp;27;Spatially adjusted;0,717142857142857;0,177395286693237;0,138721831471035;0,144390900884837
CBA;Temp;27;Spatially adjusted;0,73734693877551;0,181304266760193;0,141239863946314;0,147576206890939
CBA;Temp;27;Spatially adjusted;0,757551020408163;0,183921446239019;0,142556071565778;0,14952542438445
CBA;Temp;27;Spatially adjusted;0,777755102040816;0,185346194405724;0,142762902395262;0,150333637097109
CBA;Temp;27;Spatially adjusted;0,797959183673469;0,185677880536318;0,141952804500601;0,150095928760653
CBA;Temp;27;Spatially adjusted;0,818163265306122;0,18501587390681;0,140218225947617;0,148907383106824
CBA;Temp;27;Spatially adjusted;0,838367346938776;0,183459543793216;0,137651614802149;0,146863083867352
CBA;Temp;27;Spatially adjusted;0,858571428571429;0,181108259471539;0,134345419130028;0,14405811477398
CBA;Temp;27;Spatially adjusted;0,878775510204082;0,178061390217792;0,130392086997087;0,140587559558444
CBA;Temp;27;Spatially adjusted;0,898979591836735;0,174418305307981;0,125884066469155;0,136546501952484
CBA;Temp;27;Spatially adjusted;0,919183673469388;0,170278374018121;0,120913805612062;0,132030025687833
CBA;Temp;27;Spatially adjusted;0,939387755102041;0,165740965624224;0,115573752491642;0,127133214496229
CBA;Temp;27;Spatially adjusted;0,959591836734694;0,160905449402293;0,109956355173729;0,121951152109414
CBA;Temp;27;Spatially adjusted;0,979795918367347;0,15587119462834;0,104154061724149;0,116578922259123
CBA;Temp;27;Spatially adjusted;1;0,150737570578382;0,0982593202087401;0,111111608677099
CBA;Temp;27;Current landscape;0,02199119143188;0,191887534034514;0,180058004300623;-0,00649758615452356
CBA;Temp;27;Current landscape;0,0730526447296143;0,0885725717105181;-0,0224761873232886;-0,274549978312219
CBA;Temp;27;Current landscape;0,128885224461555;0,0219780115077945;0,0321839484302764;-0,186259879653843
CBA;Temp;27;Current landscape;0,173534989356995;0,0376494342413061;-0,00218286660417988;-0,20488410412894
CBA;Temp;27;Current landscape;0,228822663426399;0,0165274696730364;0,0334052769246931;-0,25870827838385
CBA;Temp;27;Current landscape;0,273778021335602;-0,0133447484707077;-0,0223903001042274;-0,262324113393426
CBA;Temp;27;Current landscape;0,321908965706825;-0,150265155810128;-0,147895875341533;-0,349449990762789
CBA;Temp;27;Current landscape;0,37593400478363;0,00860608231018745;-0,0420705095570213;-0,291793077203987
CBA;Temp;27;Current landscape;0,428410083055496;0,149463422699277;0,0266416250314236;-0,196207346131779
CBA;Temp;27;Current landscape;0,475224673748016;0,0313973461173944;-0,0149511912451032;-0,312453023140161
CBA;Temp;27;Current landscape;0,523820459842682;-0,0121141612281974;0,0246203543567276;-0,309226475613503
CBA;Temp;27;Current landscape;0,573873162269592;-0,177603865839075;0,0290266668624746;-0,322219870319191
CBA;Temp;27;Current landscape;0,627016007900238;0,161289098352032;0,185877378177423;-0,126384099362308
CBA;Temp;27;Current landscape;0,67581582069397;-0,146356483820021;0,0537906642948194;-0,217979892662719
CBA;Temp;27;Current landscape;0,722651541233063;-0,130560078886212;-0,00249657997762043;-0,241494915271563
CBA;Temp;27;Current landscape;0,774014592170715;-0,110869171279948;0,0729729114700248;-0,319658693485792
CBA;Temp;27;Current landscape;0,826457381248474;0,170556986982671;0,271418510373167;-0,148834807065569
CBA;Temp;27;Current landscape;0,872935235500336;0,205439457041578;-0,0753920538041548;-0,392591491698578
CBA;Temp;27;Current landscape;0,925251364707947;-0,226005124244427;0,103917450945826;-0,103667135620402
CBA;Temp;27;Current landscape;1;-0,0475037784012855;-0,323471755086679;-0,540469620659405
CBA;Temp;28;Spatially adjusted;0,01;-0,161945762078275;-0,171707946315365;-0,178043444775469
CBA;Temp;28;Spatially adjusted;0,0302040816326531;-0,158657105662627;-0,168678264119972;-0,176117937971828
CBA;Temp;28;Spatially adjusted;0,0504081632653061;-0,155298752827019;-0,165582100907198;-0,174113020414804
CBA;Temp;28;Spatially adjusted;0,0706122448979592;-0,151801007151494;-0,162352975659658;-0,171949281351019
CBA;Temp;28;Spatially adjusted;0,0908163265306122;-0,148094172216084;-0,158924407359972;-0,169547310027077
CBA;Temp;28;Spatially adjusted;0,111020408163265;-0,144108551600834;-0,155229914990759;-0,166827695689602
CBA;Temp;28;Spatially adjusted;0,131224489795918;-0,139774448885774;-0,15120301753463;-0,163711027585208
CBA;Temp;28;Spatially adjusted;0,151428571428571;-0,135022167650948;-0,146777233974213;-0,160117894960514
CBA;Temp;28;Spatially adjusted;0,171632653061224;-0,129782011476404;-0,141886083292114;-0,155968887062134
CBA;Temp;28;Spatially adjusted;0,191836734693878;-0,123984283942168;-0,136463084470961;-0,151184593136687
CBA;Temp;28;Spatially adjusted;0,212040816326531;-0,117559288628286;-0,130441756493365;-0,145685602430788
CBA;Temp;28;Spatially adjusted;0,232244897959184;-0,110437329114802;-0,123755618341949;-0,139392504191051
CBA;Temp;28;Spatially adjusted;0,252448979591837;-0,102548708981743;-0,116338188999329;-0,132225887664099
CBA;Temp;28;Spatially adjusted;0,27265306122449;-0,0938237318091559;-0,10812298744812;-0,124106342096546
CBA;Temp;28;Spatially adjusted;0,292857142857143;-0,0841927011770842;-0,0990435326709438;-0,114954456734999
CBA;Temp;28;Spatially adjusted;0,313061224489796;-0,073585920665554;-0,0890333436504136;-0,104690820826086
CBA;Temp;28;Spatially adjusted;0,333265306122449;-0,0619336938546198;-0,078025939369148;-0,0932360236164236
CBA;Temp;28;Spatially adjusted;0,353469387755102;-0,0492049277646629;-0,0659926831916948;-0,0805540467478423
CBA;Temp;28;Spatially adjusted;0,373673469387755;-0,0355229431775008;-0,0530563160103057;-0,0667824414430953
CBA;Temp;28;Spatially adjusted;0,393877551020408;-0,0210496643153029;-0,0393774230991575;-0,052102151320149
CBA;Temp;28;Spatially adjusted;0,414081632653061;-0,00594701540023124;-0,0251165897324235;-0,0366941199969588
CBA;Temp;28;Spatially adjusted;0,434285714285714;0,00962307934554474;-0,0104344011842947;-0,0207392910915054
CBA;Temp;28;Spatially adjusted;0,454489795918367;0,0254986956998557;0,00450855727105903;-0,00441860822174434
CBA;Temp;28;Spatially adjusted;0,47469387755102;0,0415179094405396;0,019551700359461;0,012086984994351
CBA;Temp;28;Spatially adjusted;0,494897959183674;0,0575187963454233;0,0345344428067307;0,0285965449388179
CBA;Temp;28;Spatially adjusted;0,515102040816327;0,0733394321923484;0,0492961993386842;0,044929127993683
CBA;Temp;28;Spatially adjusted;0,53530612244898;0,0888178927591419;0,0636763846811483;0,0609037905409871
CBA;Temp;28;Spatially adjusted;0,555510204081633;0,103792253823642;0,0775144135599462;0,0763395889627603
CBA;Temp;28;Spatially adjusted;0,575714285714286;0,118100591163671;0,0906497007008973;0,0910555796410328
CBA;Temp;28;Spatially adjusted;0,595918367346939;0,131580980557068;0,102921660829821;0,104870818957846
CBA;Temp;28;Spatially adjusted;0,616122448979592;0,144071497781678;0,114169708672538;0,117604363295222
CBA;Temp;28;Spatially adjusted;0,636326530612245;0,155410218615316;0,124233258954877;0,129075269035202
CBA;Temp;28;Spatially adjusted;0,656530612244898;0,165435218835821;0,132951726402652;0,139102592559816
CBA;Temp;28;Spatially adjusted;0,676734693877551;0,173984574221031;0,140164525741685;0,147505390251098
CBA;Temp;28;Spatially adjusted;0,696938775510204;0,180940405930155;0,145755192716237;0,154151682734195
CBA;Temp;28;Spatially adjusted;0,717142857142857;0,186361016647901;0,149783747144301;0,159105347606697
CBA;Temp;28;Spatially adjusted;0,73734693877551;0,190348754440361;0,152354329862316;0,162479226709312
CBA;Temp;28;Spatially adjusted;0,757551020408163;0,193005967373633;0,153571081706708;0,164386161882749
CBA;Temp;28;Spatially adjusted;0,777755102040816;0,194435003513803;0,153538143513909;0,164938994967713
CBA;Temp;28;Spatially adjusted;0,797959183673469;0,194738210926968;0,152359656120357;0,16425056780491
CBA;Temp;28;Spatially adjusted;0,818163265306122;0,19401793767922;0,150139760362475;0,162433722235043
CBA;Temp;28;Spatially adjusted;0,838367346938776;0,192376531836644;0,146982597076708;0,159601300098821
CBA;Temp;28;Spatially adjusted;0,858571428571429;0,189916341465334;0,14299230709948;0,155866143236949
CBA;Temp;28;Spatially adjusted;0,878775510204082;0,18673971463139;0,138273031267222;0,151341093490135
CBA;Temp;28;Spatially adjusted;0,898979591836735;0,182948999400889;0,132928910416371;0,146138992699083
CBA;Temp;28;Spatially adjusted;0,919183673469388;0,178646543839935;0,127064085383363;0,140372682704498
CBA;Temp;28;Spatially adjusted;0,939387755102041;0,173934696014612;0,120782697004621;0,134155005347097
CBA;Temp;28;Spatially adjusted;0,959591836734694;0,168915803991013;0,114188886116583;0,127598802467567
CBA;Temp;28;Spatially adjusted;0,979795918367347;0,163692215835233;0,10738679355568;0,12081691590663
CBA;Temp;28;Spatially adjusted;1;0,158366279613357;0,100480560158342;0,113922187504986
CBA;Temp;28;Current landscape;0,0310810022056103;0,0495636269522031;0,0593723501085712;-0,21418809284182
CBA;Temp;28;Current landscape;0,0736310482025146;0,162026208317325;0,0461261410777212;-0,150669616786605
CBA;Temp;28;Current landscape;0,126180574297905;0,0279660587169452;-0,0736354041176526;-0,22866937838295
CBA;Temp;28;Current landscape;0,175030916929245;0,0664796705814084;-0,0812814148565408;-0,33568500459387
CBA;Temp;28;Current landscape;0,229113459587097;0,0495275549632233;0,000280968619737365;-0,300303614738823
CBA;Temp;28;Current landscape;0,275552868843079;0,130099565448447;0,00298182004888758;-0,290893666855769
CBA;Temp;28;Current landscape;0,324677556753159;-0,0516100661002348;-0,137589913261245;-0,360255762578614
CBA;Temp;28;Current landscape;0,374482274055481;0,00293188570558911;-0,0738982443663439;-0,357934736395709
CBA;Temp;28;Current landscape;0,425515592098236;0,239475537971032;0,0896901686893337;-0,122760597041097
CBA;Temp;28;Current landscape;0,473587706685066;0,127399709348939;0,0441361925132497;-0,241856928599994
CBA;Temp;28;Current landscape;0,526943594217301;-0,00946190543630721;0,0159297074962268;-0,292916259269656
CBA;Temp;28;Current landscape;0,57151198387146;-0,0462947066948409;0,0701522146814178;-0,223465866686173
CBA;Temp;28;Current landscape;0,624598205089569;0,16338077414947;0,224267813024625;-0,060693926486973
CBA;Temp;28;Current landscape;0,67386656999588;-0,0539333747146777;0,164211023670379;-0,0728809329574993
CBA;Temp;28;Current landscape;0,722994923591614;-0,22723066930072;-0,0939239203669899;-0,335866971857026
CBA;Temp;28;Current landscape;0,774299204349518;-0,144128357459817;-0,00811521741557186;-0,311502089523462
CBA;Temp;28;Current landscape;0,826739966869354;0,101196688671678;0,200489378868497;-0,21551964513802
CBA;Temp;28;Current landscape;0,878549486398697;0,324607902536734;0,0377268286555896;-0,274572441019068
CBA;Temp;28;Current landscape;0,923388451337815;-0,260859478939945;0,064971372515128;-0,139720489895105
CBA;Temp;28;Current landscape;1;0,034775098801525;-0,242415880801303;-0,455953188269476
CBA;Temp;29;Spatially adjusted;0,01;-0,196699859059166;-0,220015768084604;-0,222860669363747
CBA;Temp;29;Spatially adjusted;0,0302040816326531;-0,190738005675158;-0,212368035197215;-0,216485463644485
CBA;Temp;29;Spatially adjusted;0,0504081632653061;-0,18471778202375;-0,20468182141661;-0,210059989665996
CBA;Temp;29;Spatially adjusted;0,0706122448979592;-0,178580817837531;-0,196918645849578;-0,203533979169062
CBA;Temp;29;Spatially adjusted;0,0908163265306122;-0,172268742849099;-0,189040027602903;-0,196857163894446
CBA;Temp;29;Spatially adjusted;0,111020408163265;-0,165723186791052;-0,181007485783375;-0,189979275582925
CBA;Temp;29;Spatially adjusted;0,131224489795918;-0,158885779395991;-0,172782539497778;-0,182850045975272
CBA;Temp;29;Spatially adjusted;0,151428571428571;-0,151698150396502;-0,164326707852897;-0,175419206812272
CBA;Temp;29;Spatially adjusted;0,171632653061224;-0,144101929525185;-0,15560150995552;-0,167636489834685
CBA;Temp;29;Spatially adjusted;0,191836734693878;-0,13603874651464;-0,146568464912434;-0,159451626783294
CBA;Temp;29;Spatially adjusted;0,212040816326531;-0,127450231097459;-0,137189091830422;-0,150814349398868
CBA;Temp;29;Spatially adjusted;0,232244897959184;-0,118278013006243;-0,127424909816273;-0,141674389422182
CBA;Temp;29;Spatially adjusted;0,252448979591837;-0,108463721973578;-0,117237437976776;-0,131981478594014
CBA;Temp;29;Spatially adjusted;0,27265306122449;-0,0979489877320745;-0,106588195418709;-0,121685348655134
CBA;Temp;29;Spatially adjusted;0,292857142857143;-0,0866754400143108;-0,0954387012488667;-0,11073573134632
CBA;Temp;29;Spatially adjusted;0,313061224489796;-0,074584708552905;-0,0837504745740283;-0,0990823584083387
CBA;Temp;29;Spatially adjusted;0,333265306122449;-0,0616184230804393;-0,0714850345009843;-0,0866749615819735
CBA;Temp;29;Spatially adjusted;0,353469387755102;-0,0477531806833262;-0,0586297128861588;-0,0734933269972444
CBA;Temp;29;Spatially adjusted;0,373673469387755;-0,0331054478632922;-0,0452750925845322;-0,0596374583411858
CBA;Temp;29;Spatially adjusted;0,393877551020408;-0,0178266584758582;-0,0315375692007116;-0,0452374136900744
CBA;Temp;29;Spatially adjusted;0,414081632653061;-0,002068246376556;-0,0175335383393254;-0,0304232511201938
CBA;Temp;29;Spatially adjusted;0,434285714285714;0,0140183545790791;-0,00337939560498768;-0,0153250287078315
CBA;Temp;29;Spatially adjusted;0,454489795918367;0,0302817105355118;0,0108084633976873;-7,28045292639479e-05
CBA;Temp;29;Spatially adjusted;0,47469387755102;0,046570387637221;0,0249136430640817;0,0152033633392321
CBA;Temp;29;Spatially adjusted;0,494897959183674;0,0627329520286608;0,038819747789578;0,0303734168213623
CBA;Temp;29;Spatially adjusted;0,515102040816327;0,0786179698543101;0,0524103819695618;0,04530729784085
CBA;Temp;29;Spatially adjusted;0,53530612244898;0,0940740072586301;0,0655691499994155;0,0598749483214185
CBA;Temp;29;Spatially adjusted;0,555510204081633;0,108949630386093;0,0781796562745178;0,0739463101867806
CBA;Temp;29;Spatially adjusted;0,575714285714286;0,123093405381166;0,0901255051902616;0,0873913253606524
CBA;Temp;29;Spatially adjusted;0,595918367346939;0,136353898388318;0,101290301142019;0,100079935766757
CBA;Temp;29;Spatially adjusted;0,616122448979592;0,148579675552018;0,111557648525181;0,111882083328812
CBA;Temp;29;Spatially adjusted;0,636326530612245;0,159619303016722;0,120811151735126;0,122667709970532
CBA;Temp;29;Spatially adjusted;0,656530612244898;0,169321346926917;0,12893441516724;0,132306757615634
CBA;Temp;29;Spatially adjusted;0,676734693877551;0,177534373427061;0,135811043216904;0,140669168187841
CBA;Temp;29;Spatially adjusted;0,696938775510204;0,184149275671562;0,141358237786388;0,147661213031387
CBA;Temp;29;Spatially adjusted;0,717142857142857;0,189226254854574;0,145627590805496;0,153334481172578
CBA;Temp;29;Spatially adjusted;0,73734693877551;0,192867839180206;0,148704291710924;0,157776891058237
CBA;Temp;29;Spatially adjusted;0,757551020408163;0,195176556852548;0,150673529939365;0,161076361135187
CBA;Temp;29;Spatially adjusted;0,777755102040816;0,196254936075714;0,151620494927499;0,163320809850251
CBA;Temp;29;Spatially adjusted;0,797959183673469;0,196205505053783;0,151630376112035;0,164598155650257
CBA;Temp;29;Spatially adjusted;0,818163265306122;0,195130791990863;0,150788362929649;0,164996316982027
CBA;Temp;29;Spatially adjusted;0,838367346938776;0,193133325091054;0,149179644817039;0,164603212292381
CBA;Temp;29;Spatially adjusted;0,858571428571429;0,190315632558455;0,146889411210896;0,163506760028149
CBA;Temp;29;Spatially adjusted;0,878775510204082;0,186780242597163;0,144002851547913;0,161794878636147
CBA;Temp;29;Spatially adjusted;0,898979591836735;0,182629683411282;0,14060515526478;0,159555486563203
CBA;Temp;29;Spatially adjusted;0,919183673469388;0,177966483204902;0,136781511798187;0,156876502256146
CBA;Temp;29;Spatially adjusted;0,939387755102041;0,172893170182128;0,132617110584832;0,15384584416179
CBA;Temp;29;Spatially adjusted;0,959591836734694;0,167512272547057;0,128197141061399;0,150551430726964
CBA;Temp;29;Spatially adjusted;0,979795918367347;0,161926318503788;0,123606792664585;0,147081180398487
CBA;Temp;29;Spatially adjusted;1;0,156237836256423;0,118931254831075;0,143523011623188
CBA;Temp;29;Current landscape;0,0250902883708477;0,192593971712576;0,172726741465798;0,00226897373668677
CBA;Temp;29;Current landscape;0,0726786702871323;0,182867912745227;0,0529882218981399;-0,151964489772691
CBA;Temp;29;Current landscape;0,126180574297905;-0,0351524866372372;-0,171750163563527;-0,359476777785215
CBA;Temp;29;Current landscape;0,173995241522789;-0,0734199356169789;-0,196042239239194;-0,442587717719501
CBA;Temp;29;Current landscape;0,226414903998375;-0,037104971662643;-0,0554036797804542;-0,38496861807754
CBA;Temp;29;Current landscape;0,276728063821793;-0,0300066517973576;-0,0421268686952061;-0,331254221121075
CBA;Temp;29;Current landscape;0,320305377244949;-0,0927741801004665;-0,151267748493581;-0,466326068470927
CBA;Temp;29;Current landscape;0,376080721616745;0,0211462708827419;-0,145389937084275;-0,417468036723008
CBA;Temp;29;Current landscape;0,425058484077454;0,280746068633622;0,0973607697361096;-0,146631444205418
CBA;Temp;29;Current landscape;0,474451154470444;0,0238600988261304;0,00434782556695623;-0,217835216002968
CBA;Temp;29;Current landscape;0,522526681423187;-0,0714898917049034;0,0852023638474755;-0,149216157499907
CBA;Temp;29;Current landscape;0,575312376022339;-0,115955474369315;0,102320758127778;-0,321405660488011
CBA;Temp;29;Current landscape;0,624668180942535;0,140759226281851;0,199991514035812;-0,119591442781541
CBA;Temp;29;Current landscape;0,672149896621704;-0,120300183264142;0,044957422811347;-0,179721109579496
CBA;Temp;29;Current landscape;0,722869098186493;-0,146695104562543;-0,0392932946636861;-0,298502297831888
CBA;Temp;29;Current landscape;0,775041103363037;-0,207094520845416;-0,0580436990774587;-0,369171169426352
CBA;Temp;29;Current landscape;0,827902019023895;0,203995223609827;0,308998642929577;-0,109244767891017
CBA;Temp;29;Current landscape;0,875995814800262;0,250172682774465;-0,0288983306466157;-0,341819738606738
CBA;Temp;29;Current landscape;0,927298903465271;-0,153765890438194;0,178274887361059;-0,0262316711285813
CBA;Temp;29;Current landscape;1;-0,0517349201381805;-0,319216965537546;-0,530236029799276
CBA;Temp;30;Spatially adjusted;0,01;-0,169478559312338;-0,179998773059737;-0,209676353821902
CBA;Temp;30;Spatially adjusted;0,0302040816326531;-0,164061078345121;-0,17466497074102;-0,203936819632755
CBA;Temp;30;Spatially adjusted;0,0504081632653061;-0,158589659325447;-0,169287263627805;-0,198147501211537
CBA;Temp;30;Spatially adjusted;0,0706122448979592;-0,153010364200867;-0,163821746925592;-0,192258614326171
CBA;Temp;30;Spatially adjusted;0,0908163265306122;-0,147269254918925;-0,15822451583988;-0,186220374744586
CBA;Temp;30;Spatially adjusted;0,111020408163265;-0,141312393427164;-0,152451665576173;-0,17998299823471
CBA;Temp;30;Spatially adjusted;0,131224489795918;-0,135085841673138;-0,146459291339969;-0,173496700564463
CBA;Temp;30;Spatially adjusted;0,151428571428571;-0,128535661604381;-0,140203488336777;-0,166711697501782
CBA;Temp;30;Spatially adjusted;0,171632653061224;-0,121607915168454;-0,133640351772087;-0,159578204814586
CBA;Temp;30;Spatially adjusted;0,191836734693878;-0,114248664312893;-0,126725976851407;-0,152046438270805
CBA;Temp;30;Spatially adjusted;0,212040816326531;-0,106403970985244;-0,119416458780229;-0,144066613638369
CBA;Temp;30;Spatially adjusted;0,232244897959184;-0,0980198971330566;-0,111667892764068;-0,1355889466852
CBA;Temp;30;Spatially adjusted;0,252448979591837;-0,0890425047038796;-0,103436374008417;-0,126563653179222
CBA;Temp;30;Spatially adjusted;0,27265306122449;-0,0794178556452501;-0,0946779977187759;-0,11694094888837
CBA;Temp;30;Spatially adjusted;0,292857142857143;-0,069092011904722;-0,0853488591006482;-0,106671049580566
CBA;Temp;30;Spatially adjusted;0,313061224489796;-0,0580110354298355;-0,0754050533595354;-0,095704171023737
CBA;Temp;30;Spatially adjusted;0,333265306122449;-0,0461209881681413;-0,0648026757009319;-0,0839905289858081
CBA;Temp;30;Spatially adjusted;0,353469387755102;-0,0334003442234874;-0,0535250516894017;-0,0715102185527456
CBA;Temp;30;Spatially adjusted;0,373673469387755;-0,0199572263249017;-0,041664428325717;-0,0583628520826345
CBA;Temp;30;Spatially adjusted;0,393877551020408;-0,00593216935774521;-0,0293402829697023;-0,0446779212516049
CBA;Temp;30;Spatially adjusted;0,414081632653061;0,00853429179266385;-0,0166720929811959;-0,0305849177357658
CBA;Temp;30;Spatially adjusted;0,434285714285714;0,0233016222409681;-0,00377933572001865;-0,0162133332112582
CBA;Temp;30;Spatially adjusted;0,454489795918367;0,0382292871018315;0,00921851145400154;-0,0016926593541946
CBA;Temp;30;Spatially adjusted;0,47469387755102;0,0531767514899073;0,0222019711810297;0,0128476121592946
CBA;Temp;30;Spatially adjusted;0,494897959183674;0,0680034805198737;0,0350515661012381;0,0272779896530935
CBA;Temp;30;Spatially adjusted;0,515102040816327;0,0825689393063662;0,0476478188547986;0,0414689814510716
CBA;Temp;30;Spatially adjusted;0,53530612244898;0,0967325929640594;0,0598712520818836;0,0552910958771093
CBA;Temp;30;Spatially adjusted;0,555510204081633;0,11035390660761;0,0716023884226651;0,0686148412550836
CBA;Temp;30;Spatially adjusted;0,575714285714286;0,123292345351672;0,0827217505173117;0,0813107259088639
CBA;Temp;30;Spatially adjusted;0,595918367346939;0,135407374310912;0,0931098610059955;0,0932492581623343
CBA;Temp;30;Spatially adjusted;0,616122448979592;0,14655845859998;0,102647242528885;0,104300946339364
CBA;Temp;30;Spatially adjusted;0,636326530612245;0,156605063333544;0,111214417726156;0,114336298763838
CBA;Temp;30;Spatially adjusted;0,656530612244898;0,165406653626253;0,118691909237974;0,123225823759633
CBA;Temp;30;Spatially adjusted;0,676734693877551;0,172822694592785;0,124960239704514;0,130840029650614
CBA;Temp;30;Spatially adjusted;0,696938775510204;0,178751970539206;0,129933684642634;0,137085640152321
CBA;Temp;30;Spatially adjusted;0,717142857142857;0,183250542537316;0,133661531075969;0,142014240546906
CBA;Temp;30;Spatially adjusted;0,73734693877551;0,186413790850342;0,136226818904831;0,145713631508173
CBA;Temp;30;Spatially adjusted;0,757551020408163;0,188337095741499;0,137712588029547;0,148271613709941
CBA;Temp;30;Spatially adjusted;0,777755102040816;0,189115837474009;0,138201878350426;0,149775987826008
CBA;Temp;30;Spatially adjusted;0,797959183673469;0,188845396311088;0,137777729767798;0,150314554530183
CBA;Temp;30;Spatially adjusted;0,818163265306122;0,187621152515963;0,136523182181971;0,149975114496279
CBA;Temp;30;Spatially adjusted;0,838367346938776;0,185538486351849;0,134521275493281;0,1488454683981
CBA;Temp;30;Spatially adjusted;0,858571428571429;0,182692778081975;0,131855049602027;0,147013416909452
CBA;Temp;30;Spatially adjusted;0,878775510204082;0,179179407969556;0,128607544408542;0,144566760704151
CBA;Temp;30;Spatially adjusted;0,898979591836735;0,175093756277811;0,124861799813143;0,141593300456002
CBA;Temp;30;Spatially adjusted;0,919183673469388;0,170531203269963;0,120700855716144;0,13818083683881
CBA;Temp;30;Spatially adjusted;0,939387755102041;0,165587129209236;0,116207752017871;0,134417170526387
CBA;Temp;30;Spatially adjusted;0,959591836734694;0,160356914358843;0,111465528618638;0,130390102192536
CBA;Temp;30;Spatially adjusted;0,979795918367347;0,15493593898201;0,106557225418769;0,12618743251107
CBA;Temp;30;Spatially adjusted;1;0,14941958334196;0,101565882318582;0,121896962155795
CBA;Temp;30;Current landscape;0,0264355875551701;-0,0272065639047341;-0,146605869859688;-0,351096634790487
CBA;Temp;30;Current landscape;0,0749576464295387;0,0135978306777034;0,00359380865691605;-0,174246460033697
CBA;Temp;30;Current landscape;0,125895977020264;0,117215904006386;0,0240194054279641;-0,214803190174116
CBA;Temp;30;Current landscape;0,174796372652054;0,00951183499216768;-0,0814045794510463;-0,321976635246841
CBA;Temp;30;Current landscape;0,227788314223289;-0,0311757894094669;-0,0854271638692374;-0,393246217582931
CBA;Temp;30;Current landscape;0,276349365711212;-0,0232172632766918;-0,0647936550028447;-0,383936258745859
CBA;Temp;30;Current landscape;0,32575124502182;-0,101462366340545;-0,195684481668422;-0,405437815877555
CBA;Temp;30;Current landscape;0,374780744314194;0,140429128847568;0,0884069524416233;-0,204594644044903
CBA;Temp;30;Current landscape;0,423047512769699;0,200720859040505;0,0803712936597414;-0,17474734164395
CBA;Temp;30;Current landscape;0,477029740810395;-0,0310930508961071;-0,0320535817989729;-0,261071726379381
CBA;Temp;30;Current landscape;0,524829030036926;-0,0568135384420607;0,0427960807180874;-0,209816049942713
CBA;Temp;30;Current landscape;0,573790907859802;-0,172262529202474;-0,0117882726206204;-0,377925490680198
CBA;Temp;30;Current landscape;0,622918009757996;0,156629989276087;0,185755866324214;-0,103542348601717
CBA;Temp;30;Current landscape;0,674330115318298;-0,11405753971475;0,0590375467061151;-0,209721881081123
CBA;Temp;30;Current landscape;0,72419399023056;-0,156631596491575;-0,0391871749540265;-0,249381014837446
CBA;Temp;30;Current landscape;0,772720336914062;-0,155040937806827;0,00324387436493012;-0,276744649459847
CBA;Temp;30;Current landscape;0,82414847612381;0,125991373024601;0,22595462322025;-0,185127989131697
CBA;Temp;30;Current landscape;0,876247882843018;0,292644457934941;0,0106443272122441;-0,29685440176787
CBA;Temp;30;Current landscape;0,92437806725502;-0,179943251018962;0,150633837796764;-0,0487281331341762
CBA;Temp;30;Current landscape;1;0,0737951502365988;-0,198210626114665;-0,405207791274702
