region;response;run;contrast_type;frac_area;PF_minus_SF_early;PF_minus_SF_intermediate;PF_minus_SF_advanced
SBA;Prec;1;Spatially adjusted;0,01;-1,13854268522368;-12,5966173913314;16,5398255179521
SBA;Prec;1;Spatially adjusted;0,0302040816326531;-0,782989141972166;-11,7989995663791;15,7208314330903
SBA;Prec;1;Spatially adjusted;0,0504081632653061;-0,428802556340315;-11,0041415801863;14,906771710562
SBA;Prec;1;Spatially adjusted;0,0706122448979592;-0,0773498859471147;-10,2148032715129;14,1025807127005
SBA;Prec;1;Spatially adjusted;0,0908163265306122;0,270001911587769;-9,43374447911856;13,313192801839
SBA;Prec;1;Spatially adjusted;0,111020408163265;0,61188587864558;-8,66372504176252;12,5435423403112
SBA;Prec;1;Spatially adjusted;0,131224489795918;0,946935057606424;-7,90750479820486;11,7985636904502
SBA;Prec;1;Spatially adjusted;0,151428571428571;1,27378249085041;-7,16784358720543;11,0831912145895
SBA;Prec;1;Spatially adjusted;0,171632653061224;1,591061220759;-6,44750124752341;10,4023592750625
SBA;Prec;1;Spatially adjusted;0,191836734693878;1,89740428971254;-5,74923761791865;9,76100223420235
SBA;Prec;1;Spatially adjusted;0,212040816326531;2,19144474009136;-5,0758125371508;9,16405445434293
SBA;Prec;1;Spatially adjusted;0,232244897959184;2,47181561427692;-4,42998584397969;8,61645029781698
SBA;Prec;1;Spatially adjusted;0,252448979591837;2,73714995464843;-3,81451737716452;8,12312412695837
SBA;Prec;1;Spatially adjusted;0,27265306122449;2,98608080358781;-3,23216697546513;7,68901030410052
SBA;Prec;1;Spatially adjusted;0,292857142857143;3,21724120347517;-2,68569447764185;7,31904319157638
SBA;Prec;1;Spatially adjusted;0,313061224489796;3,42926419669107;-2,1778597224536;7,01815715171938
SBA;Prec;1;Spatially adjusted;0,333265306122449;3,62078282561606;-1,71142254866004;6,79128654686338
SBA;Prec;1;Spatially adjusted;0,353469387755102;3,78897583250046;-1,28966613383273;6,64046893968657
SBA;Prec;1;Spatially adjusted;0,373673469387755;3,92520475907213;-0,917967010790335;6,55615469424879
SBA;Prec;1;Spatially adjusted;0,393877551020408;4,01937684692825;-0,602225051163032;6,52589737495509
SBA;Prec;1;Spatially adjusted;0,414081632653061;4,06139933766576;-0,348340126581434;6,53725054621054
SBA;Prec;1;Spatially adjusted;0,434285714285714;4,0411794728825;-0,162212108675476;6,57776777241952
SBA;Prec;1;Spatially adjusted;0,454489795918367;3,9486244941761;-0,0497408690757766;6,63500261798777
SBA;Prec;1;Spatially adjusted;0,47469387755102;3,77364164314326;-0,0168262794127259;6,69650864731989
SBA;Prec;1;Spatially adjusted;0,494897959183674;3,50613816138116;-0,0693682113164869;6,74983942482049
SBA;Prec;1;Spatially adjusted;0,515102040816327;3,13602129048786;-0,21326653641745;6,78254851489487
SBA;Prec;1;Spatially adjusted;0,53530612244898;2,65319827206008;-0,454421126346006;6,78218948194854
SBA;Prec;1;Spatially adjusted;0,555510204081633;2,04757634769544;-0,79873185273209;6,73631589038541
SBA;Prec;1;Spatially adjusted;0,575714285714286;1,30906275899065;-1,25209858720655;6,63248130461102
SBA;Prec;1;Spatially adjusted;0,595918367346939;0,427564747544238;-1,82042120139954;6,45823928903019
SBA;Prec;1;Spatially adjusted;0,616122448979592;-0,607010445047763;-2,50959956694146;6,20114340804821
SBA;Prec;1;Spatially adjusted;0,636326530612245;-1,80475557718728;-3,3255335554627;5,84874722606969
SBA;Prec;1;Spatially adjusted;0,656530612244898;-3,17576340727692;-4,27412303859319;5,38860430749946
SBA;Prec;1;Spatially adjusted;0,676734693877551;-4,73012669371997;-5,36126788796378;4,80826821674282
SBA;Prec;1;Spatially adjusted;0,696938775510204;-6,47424098294778;-6,59037992120511;4,09874858671833
SBA;Prec;1;Spatially adjusted;0,717142857142857;-8,39971297350917;-7,95491873994956;3,26487932439841
SBA;Prec;1;Spatially adjusted;0,73734693877551;-10,4944521519817;-9,44585589183066;2,31495040526966
SBA;Prec;1;Spatially adjusted;0,757551020408163;-12,7463680049434;-11,054162924481;1,25725180481822
SBA;Prec;1;Spatially adjusted;0,777755102040816;-15,1433700189721;-12,7708113855342;0,100073498530946
SBA;Prec;1;Spatially adjusted;0,797959183673469;-17,6733676806448;-14,5867728226233;-1,14829453810626
SBA;Prec;1;Spatially adjusted;0,818163265306122;-20,3242704765403;-16,4930187833809;-2,47956232960701
SBA;Prec;1;Spatially adjusted;0,838367346938776;-23,0839878932359;-18,4805208154405;-3,88543990048493
SBA;Prec;1;Spatially adjusted;0,858571428571429;-25,9404294173089;-20,5402504664355;-5,35763727525364
SBA;Prec;1;Spatially adjusted;0,878775510204082;-28,8815045353381;-22,6631792839987;-6,88786447842631
SBA;Prec;1;Spatially adjusted;0,898979591836735;-31,8951227339003;-24,8402788157632;-8,4678315345177
SBA;Prec;1;Spatially adjusted;0,919183673469388;-34,9691934995742;-27,0625206093621;-10,0892484680405
SBA;Prec;1;Spatially adjusted;0,939387755102041;-38,0916263189367;-29,3208762124284;-11,7438253035089
SBA;Prec;1;Spatially adjusted;0,959591836734694;-41,2503306785657;-31,6063171725957;-13,4232720654363
SBA;Prec;1;Spatially adjusted;0,979795918367347;-44,4332160650397;-33,9098150374964;-15,1192987783363
SBA;Prec;1;Spatially adjusted;1;-47,6281919649357;-36,2223413547642;-16,8236154667225
SBA;Prec;1;Current landscape;0,0263508260250092;67,2823913400525;67,3509839573048;43,1218293957461
SBA;Prec;1;Current landscape;0,0730731561779976;7,32773580342246;31,1981918367026;30,8196157826658
SBA;Prec;1;Current landscape;0,123696327209473;71,5037963982768;75,9816766238962;82,8788589885251
SBA;Prec;1;Current landscape;0,176178053021431;42,6667605419909;70,1909180283121;35,387549501628
SBA;Prec;1;Current landscape;0,222969591617584;8,03369021450931;29,3265500601019;18,3969229865802
SBA;Prec;1;Current landscape;0,273938775062561;58,4329209855948;67,0942840701966;41,9916567304792
SBA;Prec;1;Current landscape;0,328006446361542;-10,116292278027;23,3131912755246;-7,45287687172095
SBA;Prec;1;Current landscape;0,376357138156891;31,6583578557465;79,8258030050452;34,4023262923301
SBA;Prec;1;Current landscape;0,424183458089828;38,6769647612068;77,4682825327611;42,7821272753213
SBA;Prec;1;Current landscape;0,477463960647583;37,8338850693747;77,7302756722825;35,7179963711189
SBA;Prec;1;Current landscape;0,526195883750916;2,56029565438689;34,1760156340044;0,646984038087112
SBA;Prec;1;Current landscape;0,57544481754303;74,2882138708126;109,954750589578;106,452022388213
SBA;Prec;1;Current landscape;0,621849715709686;87,3460128293093;134,332549557038;118,585891444991
SBA;Prec;1;Current landscape;0,675373494625092;27,9570663067689;92,7214717523834;106,689463460555
SBA;Prec;1;Current landscape;0,726700007915497;15,8466026264989;92,3990159112948;125,825881425673
SBA;Prec;1;Current landscape;0,775964975357056;26,1909402386207;88,4220550878372;112,156473976855
SBA;Prec;1;Current landscape;0,825330793857574;0,855064415430661;46,9624732211876;30,5192853239812
SBA;Prec;1;Current landscape;0,87341034412384;-14,0452502906639;49,0519730318804;44,7886543748459
SBA;Prec;1;Current landscape;0,927000343799591;55,2254840579933;119,256427674996;128,615153422505
SBA;Prec;1;Current landscape;1;165,790009729269;192,553057170814;125,296320274649
SBA;Prec;2;Spatially adjusted;0,01;0,56875764940628;-8,84934503048521;11,6507028866401
SBA;Prec;2;Spatially adjusted;0,0302040816326531;0,32580661112388;-8,86412732326903;11,2295062456044
SBA;Prec;2;Spatially adjusted;0,0504081632653061;0,0901470756557501;-8,87463667541465;10,8100638503845
SBA;Prec;2;Spatially adjusted;0,0706122448979592;-0,130929454183388;-8,87660014628386;10,3941299467954
SBA;Prec;2;Spatially adjusted;0,0908163265306122;-0,330131475579719;-8,8657447952387;9,98345878065288
SBA;Prec;2;Spatially adjusted;0,111020408163265;-0,500167485718293;-8,83779768164072;9,57980459777241
SBA;Prec;2;Spatially adjusted;0,131224489795918;-0,633745981784614;-8,78848586485174;9,18492164396957
SBA;Prec;2;Spatially adjusted;0,151428571428571;-0,723575460965094;-8,71353640423376;8,80056416505977
SBA;Prec;2;Spatially adjusted;0,171632653061224;-0,762364420444328;-8,60867635914883;8,42848640685838
SBA;Prec;2;Spatially adjusted;0,191836734693878;-0,742821357408502;-8,46963278895805;8,07044261518126
SBA;Prec;2;Spatially adjusted;0,212040816326531;-0,657654769043347;-8,29213275302368;7,7281870358438
SBA;Prec;2;Spatially adjusted;0,232244897959184;-0,499573152534367;-8,07190331070751;7,40347391466139
SBA;Prec;2;Spatially adjusted;0,252448979591837;-0,261285005066839;-7,80467152137157;7,09805749744965
SBA;Prec;2;Spatially adjusted;0,27265306122449;0,0645011761737351;-7,48616444437721;6,81369203002419
SBA;Prec;2;Spatially adjusted;0,292857142857143;0,485076894001168;-7,11210913908644;6,55213175820018
SBA;Prec;2;Spatially adjusted;0,313061224489796;1,00773365122996;-6,67823266486153;6,31513092779346
SBA;Prec;2;Spatially adjusted;0,333265306122449;1,63976295067482;-6,18026208106357;6,10444378461921
SBA;Prec;2;Spatially adjusted;0,353469387755102;2,3819115861661;-5,61752978625736;5,92067070878261
SBA;Prec;2;Spatially adjusted;0,373673469387755;3,20874751560064;-5,00378953581662;5,75979661754468
SBA;Prec;2;Spatially adjusted;0,393877551020408;4,08829398789135;-4,35640042431828;5,61665256245578
SBA;Prec;2;Spatially adjusted;0,414081632653061;4,98857425195024;-3,69272154633859;5,48606959506651
SBA;Prec;2;Spatially adjusted;0,434285714285714;5,87761155669068;-3,03011199645448;5,36287876692722
SBA;Prec;2;Spatially adjusted;0,454489795918367;6,72342915102513;-2,38593086924197;5,24191112958852
SBA;Prec;2;Spatially adjusted;0,47469387755102;7,49405028386695;-1,77753725927823;5,11799773460075
SBA;Prec;2;Spatially adjusted;0,494897959183674;8,15749820412816;-1,22229026113905;4,98596963351429
SBA;Prec;2;Spatially adjusted;0,515102040816327;8,68179616072189;-0,737548969401587;4,84065787787995
SBA;Prec;2;Spatially adjusted;0,53530612244898;9,03496740256105;-0,340672478642546;4,67689351924787
SBA;Prec;2;Spatially adjusted;0,555510204081633;9,18503517855811;-0,0490198834379498;4,48950760916864
SBA;Prec;2;Spatially adjusted;0,575714285714286;9,10002273762598;0,120049721635723;4,27333119919263
SBA;Prec;2;Spatially adjusted;0,595918367346939;8,74795332867734;0,149177242001088;4,02319534087019
SBA;Prec;2;Spatially adjusted;0,616122448979592;8,09685020062534;0,0210035830825746;3,7339310857526
SBA;Prec;2;Spatially adjusted;0,636326530612245;7,11473660238244;-0,281830349696975;3,40036948538932
SBA;Prec;2;Spatially adjusted;0,656530612244898;5,76963578286132;-0,776683650914038;3,01734159133093
SBA;Prec;2;Spatially adjusted;0,676734693877551;4,02957099097489;-1,48091541514486;2,57967845512849
SBA;Prec;2;Spatially adjusted;0,696938775510204;1,87234223335327;-2,40662970497874;2,08369558005893
SBA;Prec;2;Spatially adjusted;0,717142857142857;-0,685143452505372;-3,5449104550537;1,53164627630758
SBA;Prec;2;Spatially adjusted;0,73734693877551;-3,61620227138474;-4,88158656802057;0,927268305786356
SBA;Prec;2;Spatially adjusted;0,757551020408163;-6,89415042806945;-6,40248694652951;0,274299430407609
SBA;Prec;2;Spatially adjusted;0,777755102040816;-10,4923041273435;-8,09344049323136;-0,42352258791675
SBA;Prec;2;Spatially adjusted;0,797959183673469;-14,3839795739912;-9,94027611077672;-1,16245998727413
SBA;Prec;2;Spatially adjusted;0,818163265306122;-18,5424929727965;-11,9288227018164;-1,93877500575263
SBA;Prec;2;Spatially adjusted;0,838367346938776;-22,9411605285443;-14,0449091690007;-2,74872988144057
SBA;Prec;2;Spatially adjusted;0,858571428571429;-27,5532984460181;-16,27436441498;-3,58858685242512
SBA;Prec;2;Spatially adjusted;0,878775510204082;-32,3522229300024;-18,6030173424053;-4,45460815679485
SBA;Prec;2;Spatially adjusted;0,898979591836735;-37,3112501852813;-21,0166968539272;-5,34305603263715
SBA;Prec;2;Spatially adjusted;0,919183673469388;-42,4036964166394;-23,5012318521963;-6,25019271804035
SBA;Prec;2;Spatially adjusted;0,939387755102041;-47,6028778288605;-26,0424512398624;-7,17228045109141
SBA;Prec;2;Spatially adjusted;0,959591836734694;-52,8821106267287;-28,6261839195772;-8,1055814698791
SBA;Prec;2;Spatially adjusted;0,979795918367347;-58,214711015029;-31,2382587939908;-9,04635801249128
SBA;Prec;2;Spatially adjusted;1;-63,5739951985447;-33,8645047657537;-9,99087231701537
SBA;Prec;2;Current landscape;0,0273900683969259;49,682107290203;51,824575803963;23,5142812498698
SBA;Prec;2;Current landscape;0,0791823267936707;46,9884075951618;44,5231646591167;44,2558742849956
SBA;Prec;2;Current landscape;0,125370100140572;42,8448112616486;47,6235759276995;33,0398008337884
SBA;Prec;2;Current landscape;0,176178053021431;15,2430654567379;23,2222782639087;-16,715112934166
SBA;Prec;2;Current landscape;0,222273901104927;-9,38071259074081;20,4064740800186;29,8241176296624
SBA;Prec;2;Current landscape;0,277568727731705;22,1140404338828;43,1722013175624;56,3415271066515
SBA;Prec;2;Current landscape;0,325856387615204;56,337164322701;96,0020519479065;41,6326957324372
SBA;Prec;2;Current landscape;0,374699085950851;63,3503290896977;105,497978256329;45,0172845165127
SBA;Prec;2;Current landscape;0,421433687210083;78,2122150086545;97,080979973902;66,3598095627008
SBA;Prec;2;Current landscape;0,478869616985321;40,5960402904198;72,3483080974502;44,8471097436566
SBA;Prec;2;Current landscape;0,522310972213745;76,8399635482876;98,5877777717246;63,7306530980729
SBA;Prec;2;Current landscape;0,574462652206421;63,8405752899432;97,6120045742539;66,3444796893412
SBA;Prec;2;Current landscape;0,622185587882996;45,8388534097549;87,561547858166;88,5798098051134
SBA;Prec;2;Current landscape;0,673019886016846;69,0141511550387;145,633567422732;93,2155298898795
SBA;Prec;2;Current landscape;0,727172017097473;67,2882148346455;131,274701910737;94,4518551114129
SBA;Prec;2;Current landscape;0,77355945110321;100,769789305562;147,207929567177;157,561838535944
SBA;Prec;2;Current landscape;0,826602846384049;26,8113027457639;110,071271914336;90,4181569121495
SBA;Prec;2;Current landscape;0,874411284923553;72,9232768715331;130,416846467917;146,934288308563
SBA;Prec;2;Current landscape;0,929678171873092;17,2693381212114;92,9781679251953;106,078750610221
SBA;Prec;2;Current landscape;1;108,728438066359;222,324972769606;167,031458213024
SBA;Prec;3;Spatially adjusted;0,01;-7,41169393059408;-10,3973764959367;-1,74718309986088
SBA;Prec;3;Spatially adjusted;0,0302040816326531;-6,57205263285823;-9,86044718509356;-1,12170712168336
SBA;Prec;3;Spatially adjusted;0,0504081632653061;-5,73701968293744;-9,32584711460413;-0,499931455239448
SBA;Prec;3;Spatially adjusted;0,0706122448979592;-4,91120342864633;-8,79590552482068;0,114443587736332
SBA;Prec;3;Spatially adjusted;0,0908163265306122;-4,0992122177995;-8,27295165609758;0,717717695510373
SBA;Prec;3;Spatially adjusted;0,111020408163265;-3,30565439821248;-7,75931474878712;1,30619055634838
SBA;Prec;3;Spatially adjusted;0,131224489795918;-2,5351383177001;-7,25732404324299;1,87616185851698
SBA;Prec;3;Spatially adjusted;0,151428571428571;-1,79227232407652;-6,76930877981886;2,4239312902821
SBA;Prec;3;Spatially adjusted;0,171632653061224;-1,08166476515703;-6,29759819886726;2,94579853990922
SBA;Prec;3;Spatially adjusted;0,191836734693878;-0,407923988756693;-5,84452154074188;3,43806329566519
SBA;Prec;3;Spatially adjusted;0,212040816326531;0,224341657310106;-5,41240804579593;3,89702524581526
SBA;Prec;3;Spatially adjusted;0,232244897959184;0,810523825228074;-5,00358695438263;4,31898407862627
SBA;Prec;3;Spatially adjusted;0,252448979591837;1,3460141671826;-4,62038750685542;4,70023948236371
SBA;Prec;3;Spatially adjusted;0,27265306122449;1,8262043353584;-4,26513894356731;5,0370911452942
SBA;Prec;3;Spatially adjusted;0,292857142857143;2,24648598194085;-3,94017050487173;5,32583875568321
SBA;Prec;3;Spatially adjusted;0,313061224489796;2,60225075911512;-3,64781143112191;5,56278200179713
SBA;Prec;3;Spatially adjusted;0,333265306122449;2,8888903190666;-3,39039096267106;5,74422057190191
SBA;Prec;3;Spatially adjusted;0,353469387755102;3,10209827471158;-3,17053410022641;5,86800464518001
SBA;Prec;3;Spatially adjusted;0,373673469387755;3,2387760818915;-2,99204888591066;5,93818636448054
SBA;Prec;3;Spatially adjusted;0,393877551020408;3,29612715718031;-2,85903912220078;5,96036836356848
SBA;Prec;3;Spatially adjusted;0,414081632653061;3,27135491715057;-2,77560861157281;5,94015327620923
SBA;Prec;3;Spatially adjusted;0,434285714285714;3,16166277837601;-2,74586115650368;5,88314373616777
SBA;Prec;3;Spatially adjusted;0,454489795918367;2,9642541574292;-2,77390055947035;5,79494237720951
SBA;Prec;3;Spatially adjusted;0,47469387755102;2,67633247088406;-2,86383062294885;5,68115183309965
SBA;Prec;3;Spatially adjusted;0,494897959183674;2,29510113531387;-3,01975514941637;5,5473747376036
SBA;Prec;3;Spatially adjusted;0,515102040816327;1,81776356729097;-3,24577794134939;5,39921372448634
SBA;Prec;3;Spatially adjusted;0,53530612244898;1,24152318338952;-3,5460028012244;5,24227142751352
SBA;Prec;3;Spatially adjusted;0,555510204081633;0,563583400182097;-3,92453353151814;5,08215048045008
SBA;Prec;3;Spatially adjusted;0,575714285714286;-0,218852365757584;-4,38547393470753;4,92445351706124
SBA;Prec;3;Spatially adjusted;0,595918367346939;-1,10858069785672;-4,93292781326863;4,77478317111218
SBA;Prec;3;Spatially adjusted;0,616122448979592;-2,10839817954161;-5,57099896967861;4,63874207636854
SBA;Prec;3;Spatially adjusted;0,636326530612245;-3,22110139423921;-6,30379120641396;4,52193286659554
SBA;Prec;3;Spatially adjusted;0,656530612244898;-4,44948692537696;-7,13540832595118;4,42995817555789
SBA;Prec;3;Spatially adjusted;0,676734693877551;-5,79635135638091;-8,0699541307672;4,36842063702147
SBA;Prec;3;Spatially adjusted;0,696938775510204;-7,26276188715565;-9,10973353451163;4,34161369801654
SBA;Prec;3;Spatially adjusted;0,717142857142857;-8,84286818351802;-10,2498558955265;4,34859405863631
SBA;Prec;3;Spatially adjusted;0,73734693877551;-10,529090527762;-11,4836316833273;4,38710923223903
SBA;Prec;3;Spatially adjusted;0,757551020408163;-12,3138492021817;-12,8043713674292;4,45490673218274
SBA;Prec;3;Spatially adjusted;0,777755102040816;-14,189564489071;-14,2053854173475;4,54973407182615
SBA;Prec;3;Spatially adjusted;0,797959183673469;-16,1486566707245;-15,6799843025976;4,66933876452777
SBA;Prec;3;Spatially adjusted;0,818163265306122;-18,1835460294362;-17,2214784926948;4,81146832364584
SBA;Prec;3;Spatially adjusted;0,838367346938776;-20,2866528475001;-18,8231784571544;4,97387026253841
SBA;Prec;3;Spatially adjusted;0,858571428571429;-22,4503974072109;-20,4783946654918;5,1542920945642
SBA;Prec;3;Spatially adjusted;0,878775510204082;-24,6671999908622;-22,1804375872221;5,35048133308123
SBA;Prec;3;Spatially adjusted;0,898979591836735;-26,9294808807485;-23,9226176918603;5,56018549144847
SBA;Prec;3;Spatially adjusted;0,919183673469388;-29,2296603591642;-25,6982454489221;5,7811520830237
SBA;Prec;3;Spatially adjusted;0,939387755102041;-31,5601587084029;-27,500631327923;6,01112862116543
SBA;Prec;3;Spatially adjusted;0,959591836734694;-33,913396210759;-29,3230857983776;6,24786261923214
SBA;Prec;3;Spatially adjusted;0,979795918367347;-36,281793148527;-31,1589193298019;6,4891015905821
SBA;Prec;3;Spatially adjusted;1;-38,6577698040007;-33,001442391711;6,73259304857356
SBA;Prec;3;Current landscape;0,0267943926155567;44,562564155149;69,2109284709429;25,826544117692
SBA;Prec;3;Current landscape;0,0727228447794914;1,51270783662903;32,4536871372097;-3,09373612310901
SBA;Prec;3;Current landscape;0,126538187265396;81,5367270070351;111,038594058272;73,6837604483294
SBA;Prec;3;Current landscape;0,177878707647324;5,63346812625105;30,7523176334948;10,2106332881478
SBA;Prec;3;Current landscape;0,223947644233704;124,604759844043;131,327872729034;107,077360765263
SBA;Prec;3;Current landscape;0,276008725166321;18,6652607227818;64,4294011194352;12,3071100822815
SBA;Prec;3;Current landscape;0,324189350008965;78,3454178841646;129,524943239386;105,670362165966
SBA;Prec;3;Current landscape;0,375159367918969;75,0190133775841;103,980457777676;114,560709630568
SBA;Prec;3;Current landscape;0,423930436372757;43,747843363009;83,9539060520308;60,3699093861505
SBA;Prec;3;Current landscape;0,478336095809937;64,0571183702521;87,1044745815263;122,008104462546
SBA;Prec;3;Current landscape;0,524555921554565;0,0172962165640911;18,3780395678727;7,29691767113513
SBA;Prec;3;Current landscape;0,574759125709534;42,4792181212151;83,3937145431712;56,0037577349858
SBA;Prec;3;Current landscape;0,624076962471008;40,606147446111;77,9104589236761;66,0413366688717
SBA;Prec;3;Current landscape;0,675828814506531;44,5852114549944;107,913282014065;98,8227204102964
SBA;Prec;3;Current landscape;0,727495491504669;62,4506107438017;109,489808162348;149,211994702903
SBA;Prec;3;Current landscape;0,777627527713776;26,1751402846044;92,1779591980126;69,2452577826755
SBA;Prec;3;Current landscape;0,823494672775269;42,403260144039;87,5032757966312;86,8888866958534
SBA;Prec;3;Current landscape;0,872701674699783;12,7068103705117;81,6997582817919;86,802288723746
SBA;Prec;3;Current landscape;0,92955219745636;19,4840977796396;94,249171758913;95,3074468315683
SBA;Prec;3;Current landscape;1;134,277064942568;194,053318898474;128,532750273754
SBA;Prec;4;Spatially adjusted;0,01;-6,03067204815056;-5,90507271610022;11,8180815293754
SBA;Prec;4;Spatially adjusted;0,0302040816326531;-6,3395089533733;-6,30615759157149;11,3465670348369
SBA;Prec;4;Spatially adjusted;0,0504081632653061;-6,63985864680194;-6,70111764874923;10,8743777246282
SBA;Prec;4;Spatially adjusted;0,0706122448979592;-6,92323391664149;-7,08382806934037;10,4008387830797
SBA;Prec;4;Spatially adjusted;0,0908163265306122;-7,18114755109787;-7,44816403505161;9,92527539452135
SBA;Prec;4;Spatially adjusted;0,111020408163265;-7,40511233837719;-7,78800072758918;9,44701274328304
SBA;Prec;4;Spatially adjusted;0,131224489795918;-7,58664106668357;-8,09721332866002;8,96537601369505
SBA;Prec;4;Spatially adjusted;0,151428571428571;-7,71724652422449;-8,36967701997105;8,47969039008694
SBA;Prec;4;Spatially adjusted;0,171632653061224;-7,78844149920428;-8,59926698322852;7,98928105678942
SBA;Prec;4;Spatially adjusted;0,191836734693878;-7,79173877982862;-8,77985840013912;7,49347319813205
SBA;Prec;4;Spatially adjusted;0,212040816326531;-7,71865115430387;-8,90532645240978;6,99159199844507
SBA;Prec;4;Spatially adjusted;0,232244897959184;-7,56069141083503;-8,96954632174675;6,48296264205828
SBA;Prec;4;Spatially adjusted;0,252448979591837;-7,30937233762734;-8,96639318985694;5,96691031330215
SBA;Prec;4;Spatially adjusted;0,27265306122449;-6,95620672288737;-8,88974223844707;5,44276019650602
SBA;Prec;4;Spatially adjusted;0,292857142857143;-6,49270735481991;-8,7334686492236;4,9098374760008
SBA;Prec;4;Spatially adjusted;0,313061224489796;-5,91038702163132;-8,49144760389322;4,36746733611585
SBA;Prec;4;Spatially adjusted;0,333265306122449;-5,20075851152683;-8,15755428416264;3,81497496118141
SBA;Prec;4;Spatially adjusted;0,353469387755102;-4,36186882943684;-7,72958542607671;3,25288382481745
SBA;Prec;4;Spatially adjusted;0,373673469387755;-3,41790184719298;-7,22102398303332;2,68651055780288
SBA;Prec;4;Spatially adjusted;0,393877551020408;-2,3995756533518;-6,64927446276806;2,12237008020702
SBA;Prec;4;Spatially adjusted;0,414081632653061;-1,3376083364692;-6,03174137301721;1,56697731209874
SBA;Prec;4;Spatially adjusted;0,434285714285714;-0,262717985101745;-5,38582922151636;1,02684717354691
SBA;Prec;4;Spatially adjusted;0,454489795918367;0,794377312194001;-4,72894251600178;0,508494584620848
SBA;Prec;4;Spatially adjusted;0,47469387755102;1,80295946686192;-4,07848576420906;0,0184344653891912
SBA;Prec;4;Spatially adjusted;0,494897959183674;2,73231039034567;-3,45186347387448;-0,436818264078966
SBA;Prec;4;Spatially adjusted;0,515102040816327;3,55171199408869;-2,86648015273363;-0,850748683714755
SBA;Prec;4;Spatially adjusted;0,53530612244898;4,23044618953418;-2,33974030852301;-1,21684187344863
SBA;Prec;4;Spatially adjusted;0,555510204081633;4,73779488812647;-1,88904844897775;-1,52858291321218
SBA;Prec;4;Spatially adjusted;0,575714285714286;5,04304000130924;-1,53180908183458;-1,77945688293585
SBA;Prec;4;Spatially adjusted;0,595918367346939;5,11546344052545;-1,28542671482887;-1,96294886255146
SBA;Prec;4;Spatially adjusted;0,616122448979592;4,92434711721899;-1,16730585569667;-2,07254393198923
SBA;Prec;4;Spatially adjusted;0,636326530612245;4,43897294283352;-1,19485101217424;-2,10172717118053
SBA;Prec;4;Spatially adjusted;0,656530612244898;3,62862282881292;-1,38546669199718;-2,04398366005626
SBA;Prec;4;Spatially adjusted;0,676734693877551;2,46257868660064;-1,75655740290154;-1,89279847854732
SBA;Prec;4;Spatially adjusted;0,696938775510204;0,919267235282177;-2,32056565613789;-1,6437837410806
SBA;Prec;4;Spatially adjusted;0,717142857142857;-0,986305575487677;-3,07008597701542;-1,30105970006343
SBA;Prec;4;Spatially adjusted;0,73734693877551;-3,22998898841229;-3,99275089435832;-0,870873642399374
SBA;Prec;4;Spatially adjusted;0,757551020408163;-5,78763224619456;-5,07619293699031;-0,359472854991964
SBA;Prec;4;Spatially adjusted;0,777755102040816;-8,63508459153786;-6,30804463373488;0,226895375255708
SBA;Prec;4;Spatially adjusted;0,797959183673469;-11,7481952671453;-7,6759385134169;0,881983761440324
SBA;Prec;4;Spatially adjusted;0,818163265306122;-15,1028135157208;-9,1675071048594;1,59954501665788
SBA;Prec;4;Spatially adjusted;0,838367346938776;-18,6747885799668;-10,770382936887;2,37333185400621
SBA;Prec;4;Spatially adjusted;0,858571428571429;-22,439969702587;-12,472198538323;3,19709698658085
SBA;Prec;4;Spatially adjusted;0,878775510204082;-26,3742061262842;-14,2605864379916;4,06459312747916
SBA;Prec;4;Spatially adjusted;0,898979591836735;-30,4533470937627;-16,1231791647169;4,96957298979737
SBA;Prec;4;Spatially adjusted;0,919183673469388;-34,6532418477245;-18,0476092473225;5,9057892866324
SBA;Prec;4;Spatially adjusted;0,939387755102041;-38,9497396308732;-20,0215092146325;6,86699473108092
SBA;Prec;4;Spatially adjusted;0,959591836734694;-43,318689685912;-22,0325115954706;7,8469420362394
SBA;Prec;4;Spatially adjusted;0,979795918367347;-47,7359412555447;-24,0682489186609;8,83938391520451
SBA;Prec;4;Spatially adjusted;1;-52,1773435824741;-26,1163537130276;9,83807308107293
SBA;Prec;4;Current landscape;0,0274240095168352;10,8788387741233;36,933698094115;34,0011903253114
SBA;Prec;4;Current landscape;0,0734698176383972;52,9190199597754;86,0688551880462;44,0940283726811
SBA;Prec;4;Current landscape;0,124284364283085;60,41615169889;65,602737378151;35,3232083072021
SBA;Prec;4;Current landscape;0,177674487233162;7,70941066533192;48,0471796844654;52,7424860138056
SBA;Prec;4;Current landscape;0,226620584726334;37,096134068659;49,5711360859593;58,1396831455938
SBA;Prec;4;Current landscape;0,276094317436218;7,99959880937149;73,8743570001773;10,7443573236021
SBA;Prec;4;Current landscape;0,325302094221115;77,024303737119;128,930252636505;77,5410071943461
SBA;Prec;4;Current landscape;0,377904921770096;74,1274129381764;150,276929141675;156,490566698094
SBA;Prec;4;Current landscape;0,424283236265182;5,26133450826342;21,8847637028821;8,06606294193716
SBA;Prec;4;Current landscape;0,475176423788071;33,3780817112213;88,1779118733794;58,665968575561
SBA;Prec;4;Current landscape;0,523196280002594;12,0930137518017;60,3378567763509;38,010322476832
SBA;Prec;4;Current landscape;0,575607299804688;54,4375082056879;76,0733654951903;37,2529351757942
SBA;Prec;4;Current landscape;0,623624861240387;75,9245574114077;138,275388420689;100,591996408744
SBA;Prec;4;Current landscape;0,678828656673431;78,5287300388163;129,885879225615;119,278974487566
SBA;Prec;4;Current landscape;0,720831960439682;79,6512819504224;120,372945186003;101,733331585649
SBA;Prec;4;Current landscape;0,772972613573074;68,9620204542073;127,087880271925;99,5991535380736
SBA;Prec;4;Current landscape;0,824798047542572;80,9022714334481;142,501670899423;102,947724006068
SBA;Prec;4;Current landscape;0,87835556268692;2,9317585882909;107,451112009951;78,3751204855983
SBA;Prec;4;Current landscape;0,927283763885498;10,1524766382784;92,2874325440794;122,03534001571
SBA;Prec;4;Current landscape;1;107,658374336836;194,075594463368;172,219393393205
SBA;Prec;5;Spatially adjusted;0,01;-12,1487155704908;-11,9485226385984;6,32101602075295
SBA;Prec;5;Spatially adjusted;0,0302040816326531;-10,7799856625995;-11,1336587553672;6,71031777611574
SBA;Prec;5;Spatially adjusted;0,0504081632653061;-9,41699351002922;-10,3210472267633;7,09415750730113
SBA;Prec;5;Spatially adjusted;0,0706122448979592;-8,0654768680995;-9,51294040741459;7,46707319013081
SBA;Prec;5;Spatially adjusted;0,0908163265306122;-6,73117349213135;-8,71159065194797;7,82360280042735
SBA;Prec;5;Spatially adjusted;0,111020408163265;-5,41982113744575;-7,91925031499136;8,15828431401314
SBA;Prec;5;Spatially adjusted;0,131224489795918;-4,13715755936255;-7,13817175117197;8,4656557067101
SBA;Prec;5;Spatially adjusted;0,151428571428571;-2,88892051320295;-6,37060731511701;8,74025495434057
SBA;Prec;5;Spatially adjusted;0,171632653061224;-1,68084775428702;-5,6188093614544;8,97662003272717
SBA;Prec;5;Spatially adjusted;0,191836734693878;-0,518677037935049;-4,88503024481133;9,16928891769203
SBA;Prec;5;Spatially adjusted;0,212040816326531;0,591853880531289;-4,17152231981527;9,31279958505706
SBA;Prec;5;Spatially adjusted;0,232244897959184;1,64500724579239;-3,48053794109387;9,4016900106451
SBA;Prec;5;Spatially adjusted;0,252448979591837;2,63504530252771;-2,81432946327413;9,43049817027782
SBA;Prec;5;Spatially adjusted;0,27265306122449;3,5562302954163;-2,17514924098418;9,39376203977804
SBA;Prec;5;Spatially adjusted;0,292857142857143;4,40282446913761;-1,56524962885078;9,28601959496791
SBA;Prec;5;Spatially adjusted;0,313061224489796;5,16909006837136;-0,986882981502049;9,10180881166957
SBA;Prec;5;Spatially adjusted;0,333265306122449;5,84928933779725;-0,442301653564755;8,83566766570493
SBA;Prec;5;Spatially adjusted;0,353469387755102;6,43745388936486;0,0658505058411265;8,48455048724668
SBA;Prec;5;Spatially adjusted;0,373673469387755;6,92669280410769;0,533363669625487;8,05507702386399
SBA;Prec;5;Spatially adjusted;0,393877551020408;7,3098845303291;0,955636516206823;7,55628337747635
SBA;Prec;5;Spatially adjusted;0,414081632653061;7,57990751633361;1,32806772400409;6,99720565000393
SBA;Prec;5;Spatially adjusted;0,434285714285714;7,72964021042458;1,64605597143418;6,38687994336556
SBA;Prec;5;Spatially adjusted;0,454489795918367;7,75196106090607;1,90499993691583;5,73434235948071
SBA;Prec;5;Spatially adjusted;0,47469387755102;7,63974851608123;2,10029829886707;5,04862900026888
SBA;Prec;5;Spatially adjusted;0,494897959183674;7,38588102425479;2,22734973570618;4,33877596764978
SBA;Prec;5;Spatially adjusted;0,515102040816327;6,98323703373012;2,28155292585097;3,61381936354269
SBA;Prec;5;Spatially adjusted;0,53530612244898;6,42469499281128;2,25830654771994;2,88279528986686
SBA;Prec;5;Spatially adjusted;0,555510204081633;5,70313334980187;2,1530092797309;2,15473984854202
SBA;Prec;5;Spatially adjusted;0,575714285714286;4,81143055300549;1,96105980030234;1,43868914148743
SBA;Prec;5;Spatially adjusted;0,595918367346939;3,74246505072642;1,67785678785208;0,743679270623034
SBA;Prec;5;Spatially adjusted;0,616122448979592;2,48911529126895;1,29879892079862;0,0787463378676421
SBA;Prec;5;Spatially adjusted;0,636326530612245;1,04425972293529;0,819284877559539;-0,547073554859253
SBA;Prec;5;Spatially adjusted;0,656530612244898;-0,599223205969565;0,234713336553341;-1,12474430563748
SBA;Prec;5;Spatially adjusted;0,676734693877551;-2,44845504714181;-0,459517023801709;-1,64522981254845
SBA;Prec;5;Spatially adjusted;0,696938775510204;-4,50715302632875;-1,26605042835627;-2,10168979634409
SBA;Prec;5;Spatially adjusted;0,717142857142857;-6,7654170654821;-2,17970271503327;-2,49606726846423
SBA;Prec;5;Spatially adjusted;0,73734693877551;-9,20994276060333;-3,19333262502505;-2,83250106302103
SBA;Prec;5;Spatially adjusted;0,757551020408163;-11,8274257076953;-4,29979889952301;-3,1151300141255
SBA;Prec;5;Spatially adjusted;0,777755102040816;-14,6045615027601;-5,49196027971902;-3,34809295588957
SBA;Prec;5;Spatially adjusted;0,797959183673469;-17,5280457417998;-6,76267550680518;-3,53552872242517
SBA;Prec;5;Spatially adjusted;0,818163265306122;-20,5845740208172;-8,10480332197312;-3,681576147844
SBA;Prec;5;Spatially adjusted;0,838367346938776;-23,7608419358141;-9,51120246641494;-3,79037406625753
SBA;Prec;5;Spatially adjusted;0,858571428571429;-27,0435450827924;-10,9747316813221;-3,86606131177746
SBA;Prec;5;Spatially adjusted;0,878775510204082;-30,4193790577554;-12,4882497078863;-3,91277671851549
SBA;Prec;5;Spatially adjusted;0,898979591836735;-33,8750394567046;-14,0446152872996;-3,93465912058332
SBA;Prec;5;Spatially adjusted;0,919183673469388;-37,3972218756426;-15,636687160754;-3,93584735209265
SBA;Prec;5;Spatially adjusted;0,939387755102041;-40,9726219105714;-17,2573240694412;-3,92048024715541
SBA;Prec;5;Spatially adjusted;0,959591836734694;-44,5879351574934;-18,8993847545528;-3,89269663988307
SBA;Prec;5;Spatially adjusted;0,979795918367347;-48,2298572124109;-20,5557279572804;-3,85663536438733
SBA;Prec;5;Spatially adjusted;1;-51,8850836713261;-22,2192124188168;-3,81643525477989
SBA;Prec;5;Current landscape;0,0242672003805637;79,8128353100751;84,1551107930504;40,944264322324
SBA;Prec;5;Current landscape;0,0760234668850899;21,7707113943541;65,208628397467;0,288725321605853
SBA;Prec;5;Current landscape;0,126862540841103;25,9780168771761;68,2693854774241;44,8850082822107
SBA;Prec;5;Current landscape;0,174912169575692;11,1568100275124;43,5338523341204;60,6559055512259
SBA;Prec;5;Current landscape;0,22568966448307;44,68362928527;55,5150797262163;62,3780077723425
SBA;Prec;5;Current landscape;0,277568727731705;37,5830377749248;88,7518545440141;33,735284297439
SBA;Prec;5;Current landscape;0,326314687728882;22,3465766727456;65,4745715786769;52,667964004816
SBA;Prec;5;Current landscape;0,375813186168671;39,5249669423108;89,8059114733621;79,5064691023158
SBA;Prec;5;Current landscape;0,424240976572037;25,8568365264812;63,197139148826;32,5422673417154
SBA;Prec;5;Current landscape;0,475215792655945;-11,5544760739958;72,9788300087062;68,5969083252476
SBA;Prec;5;Current landscape;0,521703243255615;34,2597646201471;82,6219182047237;44,4612740858831
SBA;Prec;5;Current landscape;0,571803033351898;50,4005077101015;115,947117223162;82,6055260936373
SBA;Prec;5;Current landscape;0,622052192687988;42,8365537873947;114,761408976924;115,099840555637
SBA;Prec;5;Current landscape;0,671675205230713;57,3473103335039;147,569157200945;112,116835053751
SBA;Prec;5;Current landscape;0,723237037658691;19,708097800848;159,062260713085;121,800425675559
SBA;Prec;5;Current landscape;0,774332940578461;50,9375259010017;126,627756857656;104,295161486706
SBA;Prec;5;Current landscape;0,824557781219482;27,2705817483734;113,59151073245;97,4743350250449
SBA;Prec;5;Current landscape;0,875092804431915;42,6423144498206;123,352658659448;118,55848599896
SBA;Prec;5;Current landscape;0,927880465984344;21,3879571137127;86,7212592973779;109,174533340228
SBA;Prec;5;Current landscape;1;123,43711271638;184,75511758371;148,527295352647
SBA;Prec;6;Spatially adjusted;0,01;1,70236957922407;-3,44667345262201;9,72292735679821
SBA;Prec;6;Spatially adjusted;0,0302040816326531;1,61921035237901;-3,78127368951073;9,39805229004696
SBA;Prec;6;Spatially adjusted;0,0504081632653061;1,54057660110425;-4,11255957130356;9,07462075587773
SBA;Prec;6;Spatially adjusted;0,0706122448979592;1,47099380097188;-4,43721674290464;8,75407628687208
SBA;Prec;6;Spatially adjusted;0,0908163265306122;1,41498742755175;-4,75193084921898;8,43786241561224
SBA;Prec;6;Spatially adjusted;0,111020408163265;1,37708295641551;-5,0533875351498;8,12742267467957
SBA;Prec;6;Spatially adjusted;0,131224489795918;1,36180586313367;-5,33827244560212;7,82420059665651
SBA;Prec;6;Spatially adjusted;0,151428571428571;1,37368162327721;-5,60327122547983;7,52963971412487
SBA;Prec;6;Spatially adjusted;0,171632653061224;1,41723571241664;-5,84506951968706;7,24518355966598
SBA;Prec;6;Spatially adjusted;0,191836734693878;1,4969936061234;-6,06035297312837;6,97227566586207
SBA;Prec;6;Spatially adjusted;0,212040816326531;1,61748077996822;-6,2458072307079;6,71235956529517
SBA;Prec;6;Spatially adjusted;0,232244897959184;1,7832227095214;-6,39811793732974;6,46687879054707
SBA;Prec;6;Spatially adjusted;0,252448979591837;1,99874487035481;-6,51397073789826;6,23727687419955
SBA;Prec;6;Spatially adjusted;0,27265306122449;2,26857273803876;-6,5900512773178;6,02499734883463
SBA;Prec;6;Spatially adjusted;0,292857142857143;2,5972317881442;-6,62304520049224;5,83148374703364
SBA;Prec;6;Spatially adjusted;0,313061224489796;2,98924749624189;-6,60963815232617;5,65817960137929
SBA;Prec;6;Spatially adjusted;0,333265306122449;3,44914533790325;-6,54651577772393;5,5065284444529
SBA;Prec;6;Spatially adjusted;0,353469387755102;3,97628492945137;-6,4330467687405;5,37706496840428
SBA;Prec;6;Spatially adjusted;0,373673469387755;4,54936245022122;-6,2793320060382;5,26668850365491
SBA;Prec;6;Spatially adjusted;0,393877551020408;5,14190822029991;-6,0981554174291;5,17138954019333
SBA;Prec;6;Spatially adjusted;0,414081632653061;5,7274525597752;-5,9023009307266;5,08715856800905
SBA;Prec;6;Spatially adjusted;0,434285714285714;6,27952578873419;-5,70455247374343;5,00998607709107
SBA;Prec;6;Spatially adjusted;0,454489795918367;6,77165822726488;-5,51769397429234;4,93586255742844
SBA;Prec;6;Spatially adjusted;0,47469387755102;7,17738019545391;-5,35450936018606;4,86077849901017
SBA;Prec;6;Spatially adjusted;0,494897959183674;7,47022201338928;-5,22778255923754;4,78072439182529
SBA;Prec;6;Spatially adjusted;0,515102040816327;7,62371400115831;-5,15029749925975;4,6916907258626
SBA;Prec;6;Spatially adjusted;0,53530612244898;7,61138647884877;-5,13483810806542;4,58966799111158
SBA;Prec;6;Spatially adjusted;0,555510204081633;7,40676976654709;-5,19418831346707;4,47064667756149
SBA;Prec;6;Spatially adjusted;0,575714285714286;6,98339418434193;-5,34113204327809;4,33061727520089
SBA;Prec;6;Spatially adjusted;0,595918367346939;6,31479005231972;-5,58845322531124;4,16557027401882
SBA;Prec;6;Spatially adjusted;0,616122448979592;5,37448769056823;-5,94893578737924;3,97149616400498
SBA;Prec;6;Spatially adjusted;0,636326530612245;4,13601741917523;-6,4353636572946;3,74438543514771
SBA;Prec;6;Spatially adjusted;0,656530612244898;2,57290955822759;-7,06052076287074;3,48022857743649
SBA;Prec;6;Spatially adjusted;0,676734693877551;0,658694427813089;-7,83719103192016;3,17501608086013
SBA;Prec;6;Spatially adjusted;0,696938775510204;-1,62475294543924;-8,77431630958631;2,82587611571057
SBA;Prec;6;Spatially adjusted;0,717142857142857;-4,26217870873506;-9,86547011033304;2,43448757348983
SBA;Prec;6;Spatially adjusted;0,73734693877551;-7,22998430273788;-11,1003838659551;2,00366702600263
SBA;Prec;6;Spatially adjusted;0,757551020408163;-10,5045711681112;-12,4687890082473;1,53623104505391
SBA;Prec;6;Spatially adjusted;0,777755102040816;-14,0623407455198;-13,9604169690042;1,03499620244793
SBA;Prec;6;Spatially adjusted;0,797959183673469;-17,8796944756264;-15,5649991800206;0,502779069989856
SBA;Prec;6;Spatially adjusted;0,818163265306122;-21,9330337990955;-17,2722670730907;-0,0576037805158194
SBA;Prec;6;Spatially adjusted;0,838367346938776;-26,1987601565904;-19,0719520800092;-0,643335777263928
SBA;Prec;6;Spatially adjusted;0,858571428571429;-30,6532749887749;-20,953785632571;-1,25160034844998
SBA;Prec;6;Spatially adjusted;0,878775510204082;-35,2729797363131;-22,9074991625703;-1,8795809222695
SBA;Prec;6;Spatially adjusted;0,898979591836735;-40,0342758398688;-24,922824101802;-2,5244609269173
SBA;Prec;6;Spatially adjusted;0,919183673469388;-44,9135647401051;-26,9894918820608;-3,1834237905889
SBA;Prec;6;Spatially adjusted;0,939387755102041;-49,8872478776866;-29,0972339351411;-3,8536529414796
SBA;Prec;6;Spatially adjusted;0,959591836734694;-54,9317266932767;-31,2357816928375;-4,53233180778466
SBA;Prec;6;Spatially adjusted;0,979795918367347;-60,0234026275391;-33,3948665869448;-5,21664381769892
SBA;Prec;6;Spatially adjusted;1;-65,138677121138;-35,5642200492571;-5,90377239941813
SBA;Prec;6;Current landscape;0,0288293827325106;22,1109425880541;41,0215874679154;19,7617127465712
SBA;Prec;6;Current landscape;0,0726117044687271;26,057193448559;44,2561739249918;19,8681531460074
SBA;Prec;6;Current landscape;0,1249690502882;4,92635803294388;48,7320660853875;6,37034654580839
SBA;Prec;6;Current landscape;0,173749357461929;-20,233247506412;29,8393010600507;-1,65883383684013
SBA;Prec;6;Current landscape;0,226371988654137;16,7047180199722;28,5004187546995;23,04341732592
SBA;Prec;6;Current landscape;0,276400953531265;-2,86784604331933;21,5413482733557;-5,11832267272689
SBA;Prec;6;Current landscape;0,327102154493332;24,61849843701;77,9382010131417;36,3155399387699
SBA;Prec;6;Current landscape;0,375686854124069;18,380478623312;57,2132697721002;58,5065704788374
SBA;Prec;6;Current landscape;0,422476947307587;14,9330418805314;80,4503707048955;72,3947402262836
SBA;Prec;6;Current landscape;0,477686271071434;28,5648412442847;42,9817250237854;25,5422047890315
SBA;Prec;6;Current landscape;0,522116392850876;29,9789298904;77,2798683871013;47,6745083522337
SBA;Prec;6;Current landscape;0,575628787279129;89,1602339740364;81,4270275650829;75,7448538075682
SBA;Prec;6;Current landscape;0,625965982675553;77,9754751173516;115,601091352516;108,394880840423
SBA;Prec;6;Current landscape;0,6723792552948;31,9734597632089;110,220960436279;128,130060033321
SBA;Prec;6;Current landscape;0,726706266403198;6,76545775788441;95,5383002765632;97,8999358291492
SBA;Prec;6;Current landscape;0,774446904659271;18,8450767827678;121,57215876674;149,785916106619
SBA;Prec;6;Current landscape;0,823551535606384;22,9446120504581;93,5566258437827;103,466886783384
SBA;Prec;6;Current landscape;0,877988755702972;-26,3032290841495;53,3206202825306;54,5376993967379
SBA;Prec;6;Current landscape;0,927050769329071;-11,1517327364452;92,5427432531717;94,3115826680423
SBA;Prec;6;Current landscape;1;114,786655477862;181,5445241667;147,016288284993
SBA;Prec;7;Spatially adjusted;0,01;-0,346693441672414;-8,50655053927676;8,12725730144166
SBA;Prec;7;Spatially adjusted;0,0302040816326531;-0,395252824343515;-8,37841009383533;7,92540471082111
SBA;Prec;7;Spatially adjusted;0,0504081632653061;-0,438548210231829;-8,24736300291761;7,72595728213491
SBA;Prec;7;Spatially adjusted;0,0706122448979592;-0,471315602555023;-8,11050262104709;7,53132017731809
SBA;Prec;7;Spatially adjusted;0,0908163265306122;-0,488291004530311;-7,96492230274748;7,34389855830477
SBA;Prec;7;Spatially adjusted;0,111020408163265;-0,484210419375359;-7,80771540254273;7,16609758702975
SBA;Prec;7;Spatially adjusted;0,131224489795918;-0,45380985030738;-7,63597527495585;7,00032242542784
SBA;Prec;7;Spatially adjusted;0,151428571428571;-0,391825300544724;-7,44679527451081;6,84897823543338
SBA;Prec;7;Spatially adjusted;0,171632653061224;-0,292992773303467;-7,23726875573129;6,71447017898072
SBA;Prec;7;Spatially adjusted;0,191836734693878;-0,152048271801732;-7,0044890731408;6,59920341800466
SBA;Prec;7;Spatially adjusted;0,212040816326531;0,0362722007430421;-6,74554958126328;6,50558311443956
SBA;Prec;7;Spatially adjusted;0,232244897959184;0,277232641113642;-6,4575436346222;6,43601443022067
SBA;Prec;7;Spatially adjusted;0,252448979591837;0,576097046092173;-6,13756458774083;6,39290252728188
SBA;Prec;7;Spatially adjusted;0,27265306122449;0,938129412461649;-5,78270579514333;6,37865256755777
SBA;Prec;7;Spatially adjusted;0,292857142857143;1,36859373700463;-5,39006061135297;6,39566971298336
SBA;Prec;7;Spatially adjusted;0,313061224489796;1,87275401650368;-4,9567223908939;6,44635912549279
SBA;Prec;7;Spatially adjusted;0,333265306122449;2,45587424774135;-4,4797844882894;6,53312596702085
SBA;Prec;7;Spatially adjusted;0,353469387755102;3,11765767872066;-3,95915648558298;6,65616250445441
SBA;Prec;7;Spatially adjusted;0,373673469387755;3,83556456232668;-3,40601287490063;6,80680942449067
SBA;Prec;7;Spatially adjusted;0,393877551020408;4,58149440266607;-2,83434437588699;6,9741945187784
SBA;Prec;7;Spatially adjusted;0,414081632653061;5,32734670384389;-2,25814170818762;7,14744557896734
SBA;Prec;7;Spatially adjusted;0,434285714285714;6,04502096996725;-1,69139559144787;7,31569039670671
SBA;Prec;7;Spatially adjusted;0,454489795918367;6,70641670514056;-1,1480967453133;7,46805676364556
SBA;Prec;7;Spatially adjusted;0,47469387755102;7,2834334134709;-0,64223588942923;7,59367247143337
SBA;Prec;7;Spatially adjusted;0,494897959183674;7,74797059906405;-0,187803743440327;7,6816653117196
SBA;Prec;7;Spatially adjusted;0,515102040816327;8,07192776602551;0,201208973006942;7,72116307615352
SBA;Prec;7;Spatially adjusted;0,53530612244898;8,2272044184615;0,510811540267923;7,70129355638392
SBA;Prec;7;Spatially adjusted;0,555510204081633;8,18570006047776;0,727013238697282;7,61118454406073
SBA;Prec;7;Spatially adjusted;0,575714285714286;7,91931419618049;0,835823348649456;7,43996383083299
SBA;Prec;7;Spatially adjusted;0,595918367346939;7,39994632967546;0,823251150478882;7,17675920834972
SBA;Prec;7;Spatially adjusted;0,616122448979592;6,5994959650684;0,67530592454068;6,81069846826085
SBA;Prec;7;Spatially adjusted;0,636326530612245;5,48986260646552;0,377996951189289;6,33090940221496
SBA;Prec;7;Spatially adjusted;0,656530612244898;4,0429457579728;-0,0826664892208555;5,72651980186197
SBA;Prec;7;Spatially adjusted;0,676734693877551;2,23064492369576;-0,72067511633486;4,98665745885091
SBA;Prec;7;Spatially adjusted;0,696938775510204;0,0336418204071833;-1,54569478083272;4,10378662612925
SBA;Prec;7;Spatially adjusted;0,717142857142857;-2,53225298445477;-2,55009185753329;3,08371740183679
SBA;Prec;7;Spatially adjusted;0,73734693877551;-5,44244671078445;-3,72190785228895;1,93559634541157
SBA;Prec;7;Spatially adjusted;0,757551020408163;-8,67234657847848;-5,0491842709539;0,668570016291824
SBA;Prec;7;Spatially adjusted;0,777755102040816;-12,1973598074305;-6,51996261938052;-0,70821502608419
SBA;Prec;7;Spatially adjusted;0,797959183673469;-15,9928936175365;-8,12228440342233;-2,18561222227936
SBA;Prec;7;Spatially adjusted;0,818163265306122;-20,0343552286913;-9,84419112893261;-3,75447501285453
SBA;Prec;7;Spatially adjusted;0,838367346938776;-24,2971518607903;-11,673724301764;-5,40565683837212
SBA;Prec;7;Spatially adjusted;0,858571428571429;-28,756690733728;-13,5989254277704;-7,13001113939413
SBA;Prec;7;Spatially adjusted;0,878775510204082;-33,3883790673999;-15,6078360128047;-8,91839135648274
SBA;Prec;7;Spatially adjusted;0,898979591836735;-38,167624081701;-17,6884975627195;-10,7616509301995
SBA;Prec;7;Spatially adjusted;0,919183673469388;-43,0698329965269;-19,8289515833687;-12,6506433011064
SBA;Prec;7;Spatially adjusted;0,939387755102041;-48,0704130317722;-22,0172395806053;-14,5762219097653
SBA;Prec;7;Spatially adjusted;0,959591836734694;-53,144771407332;-24,2414030602824;-16,5292401967386
SBA;Prec;7;Spatially adjusted;0,979795918367347;-58,2683153431015;-26,489483528253;-18,5005516025881
SBA;Prec;7;Spatially adjusted;1;-63,4164520589766;-28,7495224903705;-20,4810095678754
SBA;Prec;7;Current landscape;0,0275062322616577;86,2657295689094;90,5194880055888;48,8242410745215
SBA;Prec;7;Current landscape;0,0750013887882233;-2,2514951773162;3,61684392698453;-24,525185745131
SBA;Prec;7;Current landscape;0,123373478651047;51,3013962239756;73,4565210879291;30,6752449684789
SBA;Prec;7;Current landscape;0,176343128085136;56,1593714195649;121,270778759157;68,9657238301729
SBA;Prec;7;Current landscape;0,226048097014427;59,1309062777459;53,5208902350839;67,4248465186583
SBA;Prec;7;Current landscape;0,278809428215027;44,9102164350004;67,7952129498567;46,527923787824
SBA;Prec;7;Current landscape;0,325615674257278;61,9560150525574;55,7987642253204;52,1815319834734
SBA;Prec;7;Current landscape;0,373431891202927;-10,623151362307;37,7307988217003;17,2337702446164
SBA;Prec;7;Current landscape;0,427995532751083;26,5835525289272;60,5902145625635;39,6941309903943
SBA;Prec;7;Current landscape;0,476633340120316;50,9882164552603;96,1972617416652;62,6250878491762
SBA;Prec;7;Current landscape;0,524809956550598;9,85495919289656;56,8790629010491;54,0854239025398
SBA;Prec;7;Current landscape;0,571331650018692;60,6216934334389;102,893491086149;74,8666510606331
SBA;Prec;7;Current landscape;0,622524827718735;44,3719383439077;128,123163134923;92,0375195133201
SBA;Prec;7;Current landscape;0,678474724292755;-48,7433242589816;59,2421940088768;42,1319789459901
SBA;Prec;7;Current landscape;0,728193283081055;14,6660169815348;122,721428309075;120,195142863802
SBA;Prec;7;Current landscape;0,777133166790009;24,3941246336945;129,185410377081;142,648500348015
SBA;Prec;7;Current landscape;0,822139382362366;-8,99478287598208;108,318850925657;104,292029545818
SBA;Prec;7;Current landscape;0,877767205238343;-22,8969022097106;69,9789231004345;62,9978468431682
SBA;Prec;7;Current landscape;0,925576627254486;38,2518108112502;127,225466649494;119,020507309872
SBA;Prec;7;Current landscape;1;89,1145995865588;194,903700478303;138,019163398704
SBA;Prec;8;Spatially adjusted;0,01;2,61835936311991;1,13405085510908;2,35773441339461
SBA;Prec;8;Spatially adjusted;0,0302040816326531;1,68132640519093;0,149070665257796;2,96675335787791
SBA;Prec;8;Spatially adjusted;0,0504081632653061;0,757169866814593;-0,825424612444976;3,56986113141215
SBA;Prec;8;Spatially adjusted;0,0706122448979592;-0,141233832455555;-1,7789500658514;4,16114656304808
SBA;Prec;8;Spatially adjusted;0,0908163265306122;-1,00100827306642;-2,70102078281298;4,73469848183686
SBA;Prec;8;Spatially adjusted;0,111020408163265;-1,8092770354649;-3,58115185118118;5,28460571682945
SBA;Prec;8;Spatially adjusted;0,131224489795918;-2,55316370009814;-4,40885835880795;5,80495709707657
SBA;Prec;8;Spatially adjusted;0,151428571428571;-3,21979184741281;-5,17365539354523;6,28984145162895
SBA;Prec;8;Spatially adjusted;0,171632653061224;-3,79628505785604;-5,86505804324429;6,73334760953821
SBA;Prec;8;Spatially adjusted;0,191836734693878;-4,26976691187497;-6,47258139575683;7,12956439985442
SBA;Prec;8;Spatially adjusted;0,212040816326531;-4,62736098991582;-6,98574053893503;7,47258065162919
SBA;Prec;8;Spatially adjusted;0,232244897959184;-4,85619087242617;-7,39405056063038;7,75648519391302
SBA;Prec;8;Spatially adjusted;0,252448979591837;-4,94338013985248;-7,68702654869435;7,97536685575687
SBA;Prec;8;Spatially adjusted;0,27265306122449;-4,87605237264233;-7,85418359097889;8,12331446621192
SBA;Prec;8;Spatially adjusted;0,292857142857143;-4,64133115124196;-7,88503677533549;8,19441685432867
SBA;Prec;8;Spatially adjusted;0,313061224489796;-4,22634005609825;-7,76910118961632;8,18276284915874
SBA;Prec;8;Spatially adjusted;0,333265306122449;-3,61820266765881;-7,49589192167287;8,08244127975218
SBA;Prec;8;Spatially adjusted;0,353469387755102;-2,81240557006299;-7,0609361283498;7,89003343579952
SBA;Prec;8;Spatially adjusted;0,373673469387755;-1,83788736222073;-6,48380924246567;7,61209044954785
SBA;Prec;8;Spatially adjusted;0,393877551020408;-0,731949646735302;-5,79009876583223;7,2576559138829
SBA;Prec;8;Spatially adjusted;0,414081632653061;0,468105973789989;-5,00539220026076;6,83577342169042
SBA;Prec;8;Spatially adjusted;0,434285714285714;1,72497789675299;-4,15527704756278;6,35548656585661
SBA;Prec;8;Spatially adjusted;0,454489795918367;3,00136451954995;-3,26534080955025;5,82583893926767
SBA;Prec;8;Spatially adjusted;0,47469387755102;4,25996423957849;-2,3611709880347;5,25587413480957
SBA;Prec;8;Spatially adjusted;0,494897959183674;5,46347545423532;-1,46835508482741;4,65463574536807
SBA;Prec;8;Spatially adjusted;0,515102040816327;6,57459656091737;-0,61248060173989;4,03116736382935
SBA;Prec;8;Spatially adjusted;0,53530612244898;7,55602595702203;0,180864959415885;3,39451258307918
SBA;Prec;8;Spatially adjusted;0,555510204081633;8,37046203994578;0,886094096828401;2,75371499600396
SBA;Prec;8;Spatially adjusted;0,575714285714286;8,98060320708601;1,47761930868637;2,11781819548946
SBA;Prec;8;Spatially adjusted;0,595918367346939;9,34914785583987;1,92985309317783;1,49586577442165
SBA;Prec;8;Spatially adjusted;0,616122448979592;9,43879438360432;2,21720794849148;0,896901325686486
SBA;Prec;8;Spatially adjusted;0,636326530612245;9,21224118777604;2,31409637281604;0,329968442170184
SBA;Prec;8;Spatially adjusted;0,656530612244898;8,63218666575222;2,19493086433931;-0,195889283241513
SBA;Prec;8;Spatially adjusted;0,676734693877551;7,66132921493022;1,83412392125001;-0,671628257662405
SBA;Prec;8;Spatially adjusted;0,696938775510204;6,27304358867582;1,21313626012602;-1,09032842810279
SBA;Prec;8;Spatially adjusted;0,717142857142857;4,48340996423258;0,341621471104418;-1,45356390115876
SBA;Prec;8;Spatially adjusted;0,73734693877551;2,31918487481312;-0,763718637288093;-1,76503232332266
SBA;Prec;8;Spatially adjusted;0,757551020408163;-0,192875146369943;-2,08618225652549;-2,02843134108639
SBA;Prec;8;Spatially adjusted;0,777755102040816;-3,02601356610398;-3,60906757808084;-2,24745860094299
SBA;Prec;8;Spatially adjusted;0,797959183673469;-6,15347385117661;-5,31567279342789;-2,42581174938391
SBA;Prec;8;Spatially adjusted;0,818163265306122;-9,54849946837498;-7,18929609404017;-2,56718843290219
SBA;Prec;8;Spatially adjusted;0,838367346938776;-13,1843338844867;-9,21323567139098;-2,67528629798971
SBA;Prec;8;Spatially adjusted;0,858571428571429;-17,0342205662994;-11,3707897169538;-2,75380299113886
SBA;Prec;8;Spatially adjusted;0,878775510204082;-21,0714029805999;-13,6452564222025;-2,80643615884173
SBA;Prec;8;Spatially adjusted;0,898979591836735;-25,2691245941762;-16,01993397861;-2,83688344759094
SBA;Prec;8;Spatially adjusted;0,919183673469388;-29,6006288738154;-18,4781205776501;-2,84884250387859
SBA;Prec;8;Spatially adjusted;0,939387755102041;-34,0391592863045;-21,0031144107963;-2,84601097419727
SBA;Prec;8;Spatially adjusted;0,959591836734694;-38,557959298432;-23,5782136695218;-2,83208650503889
SBA;Prec;8;Spatially adjusted;0,979795918367347;-43,1302723769843;-26,1867165453007;-2,81076674289579
SBA;Prec;8;Spatially adjusted;1;-47,7293419887494;-28,8119212296058;-2,78574933426057
SBA;Prec;8;Current landscape;0,0295833460986614;85,6881437401532;93,3649845841212;48,0883626446382
SBA;Prec;8;Current landscape;0,0760234668850899;8,79613648925533;24,1656721768622;-16,4999276197625
SBA;Prec;8;Current landscape;0,125308513641357;60,7401985310094;77,133664611215;60,1868199694363
SBA;Prec;8;Current landscape;0,175931833684444;101,607142257269;105,562522528551;101,426349836297
SBA;Prec;8;Current landscape;0,225957259535789;22,0019123052962;6,54716631617566;28,0483930295
SBA;Prec;8;Current landscape;0,277035176753998;51,0014851159572;98,0235246151726;67,9880596867063
SBA;Prec;8;Current landscape;0,323045372962952;56,0145284283353;76,4928057966763;26,3485985775906
SBA;Prec;8;Current landscape;0,373805314302444;72,6858502040639;63,5285358333456;50,2901309994165
SBA;Prec;8;Current landscape;0,427032321691513;30,9841537217253;57,670066951679;27,259219773347
SBA;Prec;8;Current landscape;0,477222591638565;20,910282511318;53,4257377168906;5,61941807426661
SBA;Prec;8;Current landscape;0,525626301765442;59,8913219354715;79,9392075801238;66,9911170413748
SBA;Prec;8;Current landscape;0,572396039962769;100,319399595781;104,373355232762;57,342786383618
SBA;Prec;8;Current landscape;0,623160481452942;41,0103073978642;67,3309618210233;54,6183700000254
SBA;Prec;8;Current landscape;0,673029035329819;15,2885203649982;122,759183923683;67,5200559845582
SBA;Prec;8;Current landscape;0,724892944097519;29,8536426975734;108,675421255082;48,07193944561
SBA;Prec;8;Current landscape;0,777376532554626;43,9747168781216;101,258591357733;78,1941164403618
SBA;Prec;8;Current landscape;0,823877483606339;37,108055002024;100,210691110427;87,9147606478171
SBA;Prec;8;Current landscape;0,874600231647491;30,9870162260181;96,8413789016352;76,394276701677
SBA;Prec;8;Current landscape;0,927071809768677;93,8486729903141;143,922271207672;113,842625338636
SBA;Prec;8;Current landscape;1;141,909064568034;204,615680875171;156,752455371393
SBA;Prec;9;Spatially adjusted;0,01;-0,779055672434424;-10,2141739507085;9,61553957631486
SBA;Prec;9;Spatially adjusted;0,0302040816326531;-0,826439589389793;-9,95089183179061;9,88863022726082
SBA;Prec;9;Spatially adjusted;0,0504081632653061;-0,868940831634518;-9,68739762323185;10,1579451489642
SBA;Prec;9;Spatially adjusted;0,0706122448979592;-0,901676724457957;-9,42347923539182;10,4197086121819
SBA;Prec;9;Spatially adjusted;0,0908163265306122;-0,919764593149694;-9,15892457862947;10,6701448876711
SBA;Prec;9;Spatially adjusted;0,111020408163265;-0,91832176299863;-8,89352156330392;10,9054782461892
SBA;Prec;9;Spatially adjusted;0,131224489795918;-0,892465559294124;-8,62705809977501;11,1219329584933
SBA;Prec;9;Spatially adjusted;0,151428571428571;-0,837313307326213;-8,35932209840144;11,3157332953408
SBA;Prec;9;Spatially adjusted;0,171632653061224;-0,747982332383344;-8,09010146954256;11,4831035274885
SBA;Prec;9;Spatially adjusted;0,191836734693878;-0,619589959755331;-7,81918412355776;11,620267925694
SBA;Prec;9;Spatially adjusted;0,212040816326531;-0,447253514731983;-7,54635797080641;11,7234507607143
SBA;Prec;9;Spatially adjusted;0,232244897959184;-0,226090322601522;-7,27141092164743;11,7888763033068
SBA;Prec;9;Spatially adjusted;0,252448979591837;0,0487822913457876;-6,99413088644042;11,8127688242287
SBA;Prec;9;Spatially adjusted;0,27265306122449;0,382247001821042;-6,71430577554429;11,7913525942367
SBA;Prec;9;Spatially adjusted;0,292857142857143;0,779186483534431;-6,43172349931865;11,7208518840887
SBA;Prec;9;Spatially adjusted;0,313061224489796;1,24448341119705;-6,14617196812264;11,5974909645415
SBA;Prec;9;Spatially adjusted;0,333265306122449;1,78302045951909;-5,85743909231519;11,4174941063525
SBA;Prec;9;Spatially adjusted;0,353469387755102;2,39507927048726;-5,56664436372239;11,1786517167297
SBA;Prec;9;Spatially adjusted;0,373673469387755;3,06253735518726;-5,28023360003635;10,8850187486864
SBA;Prec;9;Spatially adjusted;0,393877551020408;3,76267119198224;-5,00598420041501;10,5422162916859
SBA;Prec;9;Spatially adjusted;0,414081632653061;4,47275725923328;-4,75167356401676;10,1558654351925
SBA;Prec;9;Spatially adjusted;0,434285714285714;5,17007203530352;-4,52507909000065;9,73158726866973
SBA;Prec;9;Spatially adjusted;0,454489795918367;5,83189199855383;-4,33397817752416;9,27500288158194
SBA;Prec;9;Spatially adjusted;0,47469387755102;6,43549362734734;-4,18614822574614;8,7917333633925
SBA;Prec;9;Spatially adjusted;0,494897959183674;6,95815340004515;-4,08936663382474;8,28739980356568
SBA;Prec;9;Spatially adjusted;0,515102040816327;7,37714779501039;-4,05141080091903;7,76762329156486
SBA;Prec;9;Spatially adjusted;0,53530612244898;7,66975329060415;-4,08005812618671;7,23802491685456
SBA;Prec;9;Spatially adjusted;0,555510204081633;7,81324636518912;-4,1830860087864;6,70422576889814
SBA;Prec;9;Spatially adjusted;0,575714285714286;7,78490349712683;-4,36827184787626;6,17184693715967
SBA;Prec;9;Spatially adjusted;0,595918367346939;7,56200116477976;-4,64339304261512;5,64650951110298
SBA;Prec;9;Spatially adjusted;0,616122448979592;7,12181584650989;-5,01622699216114;5,13383458019212
SBA;Prec;9;Spatially adjusted;0,636326530612245;6,44162402067946;-5,49455109567271;4,63944323389069
SBA;Prec;9;Spatially adjusted;0,656530612244898;5,49870216565;-6,08614275230821;4,16895656166275
SBA;Prec;9;Spatially adjusted;0,676734693877551;4,27032675978398;-6,7987793612258;3,72799565297214
SBA;Prec;9;Spatially adjusted;0,696938775510204;2,74077171288809;-7,6376001888973;3,32087863598667
SBA;Prec;9;Spatially adjusted;0,717142857142857;0,922300660547535;-8,59719197104414;2,9467117936897
SBA;Prec;9;Spatially adjusted;0,73734693877551;-1,16582533020892;-9,66950331070188;2,60329844776879
SBA;Prec;9;Spatially adjusted;0,757551020408163;-3,50434519235046;-10,8464828109052;2,28844191991152
SBA;Prec;9;Spatially adjusted;0,777755102040816;-6,07399785884832;-12,1200790746889;1,999945531805
SBA;Prec;9;Spatially adjusted;0,797959183673469;-8,85552226267191;-13,4822407050881;1,73561260513679
SBA;Prec;9;Spatially adjusted;0,818163265306122;-11,8296573367925;-14,9249163051379;1,49324646159403
SBA;Prec;9;Spatially adjusted;0,838367346938776;-14,9771420141803;-16,4400544778732;1,27065042286495
SBA;Prec;9;Spatially adjusted;0,858571428571429;-18,2787152278049;-18,0196038263287;1,06562781063622
SBA;Prec;9;Spatially adjusted;0,878775510204082;-21,7151159106377;-19,6555129535393;0,875981946595402
SBA;Prec;9;Spatially adjusted;0,898979591836735;-25,2670829956478;-21,3397304625407;0,699516152430306
SBA;Prec;9;Spatially adjusted;0,919183673469388;-28,9153554158065;-23,0642049563671;0,534033749827813
SBA;Prec;9;Spatially adjusted;0,939387755102041;-32,6406721040839;-24,8208850380534;0,37733806047595
SBA;Prec;9;Spatially adjusted;0,959591836734694;-36,4237719934504;-26,6017193106352;0,227232406061376
SBA;Prec;9;Spatially adjusted;0,979795918367347;-40,2453940168759;-28,3986563771468;0,0815201082723434
SBA;Prec;9;Spatially adjusted;1;-44,0862771073312;-30,2036448406236;-0,0619955112044863
SBA;Prec;9;Current landscape;0,0274891946464777;36,9871829807412;50,3320179797941;29,6227222072744
SBA;Prec;9;Current landscape;0,0761620625853539;5,47914230374408;4,72949799921707;-22,6135435227805
SBA;Prec;9;Current landscape;0,122602071613073;34,2192080446569;45,5636607349436;44,8744535259593
SBA;Prec;9;Current landscape;0,174958482384682;38,4677028494477;73,7636226155189;30,9183413654855
SBA;Prec;9;Current landscape;0,224153608083725;5,16316329815254;13,8258966510093;-49,6572689101768
SBA;Prec;9;Current landscape;0,275360494852066;0,934865100308571;21,6391365213367;-12,723217886868
SBA;Prec;9;Current landscape;0,325054407119751;60,9629504493357;89,3430661802881;68,4176405790895
SBA;Prec;9;Current landscape;0,377867639064789;54,2269610165429;68,2614188136085;54,1838168221839
SBA;Prec;9;Current landscape;0,425105720758438;46,9687273334503;81,9718864700865;46,7452843410192
SBA;Prec;9;Current landscape;0,479300886392593;92,0423394277636;88,4750323592873;74,3979195802565
SBA;Prec;9;Current landscape;0,524416446685791;33,9897999488696;62,4282666504064;62,3733233422206
SBA;Prec;9;Current landscape;0,573037326335907;85,3280749519574;122,341645471237;99,2375720353098
SBA;Prec;9;Current landscape;0,627858579158783;98,1108918609866;123,250048837341;129,645997355364
SBA;Prec;9;Current landscape;0,672971487045288;66,0511116190978;138,466724532472;141,743006890654
SBA;Prec;9;Current landscape;0,726327896118164;24,2204316317025;93,8385600118838;55,2370552259702
SBA;Prec;9;Current landscape;0,777020692825317;34,0106597156614;116,839667343577;105,863432255887
SBA;Prec;9;Current landscape;0,825482040643692;79,046410618538;132,897132211465;122,583648489565
SBA;Prec;9;Current landscape;0,874585807323456;38,7069682800607;89,2228310560488;78,8147697092538
SBA;Prec;9;Current landscape;0,928242027759552;15,3159056537079;84,310922777338;133,590452957091
SBA;Prec;9;Current landscape;1;141,573178625381;192,658064679612;152,584045724459
SBA;Prec;10;Spatially adjusted;0,01;1,05760119990919;-4,85721382256611;9,82176021840405
SBA;Prec;10;Spatially adjusted;0,0302040816326531;0,8551407999405;-4,89091228480788;9,84073535835114
SBA;Prec;10;Spatially adjusted;0,0504081632653061;0,660064141266048;-4,92167127773723;9,85531961064885
SBA;Prec;10;Spatially adjusted;0,0706122448979592;0,479754965180291;-4,94655133204265;9,86112208764871
SBA;Prec;10;Spatially adjusted;0,0908163265306122;0,321597012977009;-4,96261297841124;9,85375190170089
SBA;Prec;10;Spatially adjusted;0,111020408163265;0,192974025951798;-4,96691674753151;9,82881816515714
SBA;Prec;10;Spatially adjusted;0,131224489795918;0,101269745397985;-4,95652317009126;9,78192999036764
SBA;Prec;10;Spatially adjusted;0,151428571428571;0,0538679126100305;-4,92849277677806;9,70869648968346
SBA;Prec;10;Spatially adjusted;0,171632653061224;0,0581522688826226;-4,87988609827949;9,60472677545567
SBA;Prec;10;Spatially adjusted;0,191836734693878;0,121506555509768;-4,80776366528426;9,46562996003513
SBA;Prec;10;Spatially adjusted;0,212040816326531;0,251314513785701;-4,70918600847949;9,28701515577268
SBA;Prec;10;Spatially adjusted;0,232244897959184;0,454959885005565;-4,58121365855368;9,06449147501917
SBA;Prec;10;Spatially adjusted;0,252448979591837;0,739826410462456;-4,42090714619394;8,79366803012567
SBA;Prec;10;Spatially adjusted;0,27265306122449;1,11329783145175;-4,22532700208876;8,47015393344304
SBA;Prec;10;Spatially adjusted;0,292857142857143;1,58275788926721;-3,99153375692549;8,0895582973219
SBA;Prec;10;Spatially adjusted;0,313061224489796;2,15559032520332;-3,71658794139262;7,64749023411332
SBA;Prec;10;Spatially adjusted;0,333265306122449;2,8391788805543;-3,39755008617726;7,13955885616838
SBA;Prec;10;Spatially adjusted;0,353469387755102;3,63421145069333;-3,03426640587963;6,56400432527539
SBA;Prec;10;Spatially adjusted;0,373673469387755;4,51459254730798;-2,63772585074526;5,92959100097187
SBA;Prec;10;Spatially adjusted;0,393877551020408;5,44753083616456;-2,22170305493205;5,24771429223279
SBA;Prec;10;Spatially adjusted;0,414081632653061;6,40023498302912;-1,79997265259772;4,52976960803358
SBA;Prec;10;Spatially adjusted;0,434285714285714;7,33991365366842;-1,38630927789973;3,78715235734899
SBA;Prec;10;Spatially adjusted;0,454489795918367;8,23377551384806;-0,994487564996234;3,03125794915468
SBA;Prec;10;Spatially adjusted;0,47469387755102;9,04902922933502;-0,638282148044482;2,2734817924254
SBA;Prec;10;Spatially adjusted;0,494897959183674;9,75288346589468;-0,331467661202169;1,52521929613613
SBA;Prec;10;Spatially adjusted;0,515102040816327;10,312546889294;-0,0878187386274476;0,797865869262068
SBA;Prec;10;Spatially adjusted;0,53530612244898;10,6952281652991;0,0788899855224372;0,10281692077865
SBA;Prec;10;Spatially adjusted;0,555510204081633;10,8681359596767;0,15488387708956;-0,548532140339603
SBA;Prec;10;Spatially adjusted;0,575714285714286;10,7984789381921;0,126388301916222;-1,14478590511681
SBA;Prec;10;Spatially adjusted;0,595918367346939;10,4534657666122;-0,0203713741550473;-1,67454896457866
SBA;Prec;10;Spatially adjusted;0,616122448979592;9,80030511070345;-0,299169785281947;-2,12642590974929
SBA;Prec;10;Spatially adjusted;0,636326530612245;8,80620563623165;-0,723781565622403;-2,48902133165439
SBA;Prec;10;Spatially adjusted;0,656530612244898;7,43837600896291;-1,30798134933411;-2,7509398213183
SBA;Prec;10;Spatially adjusted;0,676734693877551;5,66402489466418;-2,06554377057455;-2,90078596976605
SBA;Prec;10;Spatially adjusted;0,696938775510204;3,46040235669511;-3,00599834456193;-2,9303497252497
SBA;Prec;10;Spatially adjusted;0,717142857142857;0,844924048791199;-4,12189411075542;-2,84416246492901
SBA;Prec;10;Spatially adjusted;0,73734693877551;-2,15495297771895;-5,40153498967447;-2,6499409231908
SBA;Prec;10;Spatially adjusted;0,757551020408163;-5,51177167150627;-6,83322490183878;-2,35540183442231
SBA;Prec;10;Spatially adjusted;0,777755102040816;-9,19807498124146;-8,40526776776801;-1,96826193301013
SBA;Prec;10;Spatially adjusted;0,797959183673469;-13,1864058555957;-10,1059675079819;-1,49623795334173
SBA;Prec;10;Spatially adjusted;0,818163265306122;-17,4493072432397;-11,9236280429996;-0,947046629803708
SBA;Prec;10;Spatially adjusted;0,838367346938776;-21,9593220928452;-13,8465532933412;-0,328404696783082
SBA;Prec;10;Spatially adjusted;0,858571428571429;-26,6889933530827;-15,8630471795261;0,351971111332887
SBA;Prec;10;Spatially adjusted;0,878775510204082;-31,6108639726231;-17,9614136220737;1,08636406015785
SBA;Prec;10;Spatially adjusted;0,898979591836735;-36,6974769001372;-20,1299565415038;1,86705741530432
SBA;Prec;10;Spatially adjusted;0,919183673469388;-41,9213750842966;-22,356979858336;2,68633444238594
SBA;Prec;10;Spatially adjusted;0,939387755102041;-47,2551014737721;-24,6307874930897;3,53647840701501
SBA;Prec;10;Spatially adjusted;0,959591836734694;-52,6711990172346;-26,9396833662847;4,40977257480517
SBA;Prec;10;Spatially adjusted;0,979795918367347;-58,1422106633552;-29,2719713984404;5,29850021136895
SBA;Prec;10;Spatially adjusted;1;-63,6406793608041;-31,6159555100769;6,19494458231998
SBA;Prec;10;Current landscape;0,0283943358808756;32,6079483089268;47,1014874881703;13,600035174863
SBA;Prec;10;Current landscape;0,0720452219247818;22,5930113493096;34,0236807023953;17,7871655447109
SBA;Prec;10;Current landscape;0,125485554337502;35,3652653192119;59,9246473584306;0,00285414871905232
SBA;Prec;10;Current landscape;0,176395878195763;45,9528066230791;90,0241903924518;81,8729393819333
SBA;Prec;10;Current landscape;0,227226227521896;11,5424295128021;27,940900549585;13,8466350645767
SBA;Prec;10;Current landscape;0,276193916797638;31,0420674112238;56,4071586060206;25,4979561241623
SBA;Prec;10;Current landscape;0,327363193035126;59,7401668279365;69,9448648562034;43,1872662243381
SBA;Prec;10;Current landscape;0,374656111001968;73,9875872070222;113,328137190494;111,285270326504
SBA;Prec;10;Current landscape;0,428776979446411;9,40930850007021;79,0406060671901;21,3897147765329
SBA;Prec;10;Current landscape;0,478684067726135;-4,42611210675523;45,2190387091425;40,9030309871905
SBA;Prec;10;Current landscape;0,524554193019867;57,3288866443204;91,1578435198073;45,8183508810064
SBA;Prec;10;Current landscape;0,5722975730896;49,5197089406538;88,2708288094839;71,1066430869162
SBA;Prec;10;Current landscape;0,621869325637817;92,2913648237122;110,916430163481;80,1086713259099
SBA;Prec;10;Current landscape;0,673648715019226;93,4040522107619;137,050116455362;123,104677203882
SBA;Prec;10;Current landscape;0,730213314294815;38,1153936225198;128,619991786142;113,303206232034
SBA;Prec;10;Current landscape;0,773028761148453;57,2941942608925;110,926494651805;113,494990455936
SBA;Prec;10;Current landscape;0,825000524520874;45,4042298952174;114,157084333473;89,2205326305502
SBA;Prec;10;Current landscape;0,879071295261383;-13,9705582962611;39,6873489186764;42,1482220810058
SBA;Prec;10;Current landscape;0,928650319576263;-65,5746230514294;45,0056059222077;62,9680098365964
SBA;Prec;10;Current landscape;1;131,357573434347;213,050057737093;177,418977500939
SBA;Prec;11;Spatially adjusted;0,01;-6,20690796892654;-7,81642659564636;8,78327449193353
SBA;Prec;11;Spatially adjusted;0,0302040816326531;-5,20634009193168;-7,33115223131813;9,38730020008893
SBA;Prec;11;Spatially adjusted;0,0504081632653061;-4,20952323876236;-6,85010072011937;9,983163419108
SBA;Prec;11;Spatially adjusted;0,0706122448979592;-3,22020843324481;-6,37749491518002;10,5627016598553
SBA;Prec;11;Spatially adjusted;0,0908163265306122;-2,24214669920389;-5,91755766962979;11,1177524331938
SBA;Prec;11;Spatially adjusted;0,111020408163265;-1,27908906046559;-5,47451183659791;11,6401532499879
SBA;Prec;11;Spatially adjusted;0,131224489795918;-0,334786540855475;-5,05258026921456;12,1217416211018
SBA;Prec;11;Spatially adjusted;0,151428571428571;0,587009835800018;-4,65598582060898;12,5543550573984
SBA;Prec;11;Spatially adjusted;0,171632653061224;1,4825490456758;-4,28895134391087;12,9298310697425
SBA;Prec;11;Spatially adjusted;0,191836734693878;2,34808006494632;-3,95569969225039;13,2400071689976
SBA;Prec;11;Spatially adjusted;0,212040816326531;3,17985186978581;-3,66045371875634;13,4767208660278
SBA;Prec;11;Spatially adjusted;0,232244897959184;3,9741134363685;-3,40743627655911;13,6318096716966
SBA;Prec;11;Spatially adjusted;0,252448979591837;4,72711374086862;-3,20087021878794;13,6971110968682
SBA;Prec;11;Spatially adjusted;0,27265306122449;5,4351017594604;-3,04497839857254;13,6644626524062
SBA;Prec;11;Spatially adjusted;0,292857142857143;6,09432646831874;-2,94398366904261;13,525701849175
SBA;Prec;11;Spatially adjusted;0,313061224489796;6,70103684361743;-2,90210888332808;13,2726661980378
SBA;Prec;11;Spatially adjusted;0,333265306122449;7,25148186153069;-2,92357689455821;12,8971932098591
SBA;Prec;11;Spatially adjusted;0,353469387755102;7,74120088043037;-3,01133210978992;12,394893786636
SBA;Prec;11;Spatially adjusted;0,373673469387755;8,16289478747399;-3,16320515178995;11,7764723949022
SBA;Prec;11;Spatially adjusted;0,393877551020408;8,50855485201714;-3,37574819725069;11,0564068923243
SBA;Prec;11;Spatially adjusted;0,414081632653061;8,77017234341497;-3,64551342286677;10,2491751365696
SBA;Prec;11;Spatially adjusted;0,434285714285714;8,93973853102239;-3,96905300533058;9,36925498530468
SBA;Prec;11;Spatially adjusted;0,454489795918367;9,00924468419498;-4,34291912133631;8,43112429619691
SBA;Prec;11;Spatially adjusted;0,47469387755102;8,97068207228745;-4,76366394757702;7,44926092691321
SBA;Prec;11;Spatially adjusted;0,494897959183674;8,81604196465469;-5,22783966074621;6,43814273511998
SBA;Prec;11;Spatially adjusted;0,515102040816327;8,53731563065321;-5,73199843753696;5,41224757848499
SBA;Prec;11;Spatially adjusted;0,53530612244898;8,12649433963657;-6,27269245464345;4,38605331467488
SBA;Prec;11;Spatially adjusted;0,555510204081633;7,57556936096103;-6,84647388875851;3,37403780135628
SBA;Prec;11;Spatially adjusted;0,575714285714286;6,87653196398105;-7,44989491657611;2,39067889619673
SBA;Prec;11;Spatially adjusted;0,595918367346939;6,02137341805201;-8,07950771478886;1,45045445686287
SBA;Prec;11;Spatially adjusted;0,616122448979592;5,00208499252904;-8,73186446009095;0,56784234102156
SBA;Prec;11;Spatially adjusted;0,636326530612245;3,81065795676773;-9,40351732917543;-0,242679593659886
SBA;Prec;11;Spatially adjusted;0,656530612244898;2,43908358012277;-10,091018498736;-0,966633489514606
SBA;Prec;11;Spatially adjusted;0,676734693877551;0,879353131949074;-10,7909201454656;-1,58954148887574
SBA;Prec;11;Spatially adjusted;0,696938775510204;-0,873163946600926;-11,500255826465;-2,10054208279325
SBA;Prec;11;Spatially adjusted;0,717142857142857;-2,80958552718835;-12,2179846204608;-2,50323915718514
SBA;Prec;11;Spatially adjusted;0,73734693877551;-4,91765130967747;-12,9435469865864;-2,80485294668642
SBA;Prec;11;Spatially adjusted;0,757551020408163;-7,18510099393257;-13,6763833839755;-3,01260368593216
SBA;Prec;11;Spatially adjusted;0,777755102040816;-9,59967427981724;-14,4159342717617;-3,13371160955762
SBA;Prec;11;Spatially adjusted;0,797959183673469;-12,149110867196;-15,1616401090787;-3,17539695219762
SBA;Prec;11;Spatially adjusted;0,818163265306122;-14,8211504559331;-15,9129413550595;-3,14487994848696
SBA;Prec;11;Spatially adjusted;0,838367346938776;-17,6035327458926;-16,6692784688385;-3,04938083306115
SBA;Prec;11;Spatially adjusted;0,858571428571429;-20,483997436939;-17,4300919095488;-2,89611984055523
SBA;Prec;11;Spatially adjusted;0,878775510204082;-23,450284228936;-18,1948221363243;-2,69231720560379
SBA;Prec;11;Spatially adjusted;0,898979591836735;-26,4901328217479;-18,9629096082981;-2,44519316284209
SBA;Prec;11;Spatially adjusted;0,919183673469388;-29,5912829152392;-19,733794784604;-2,16196794690518
SBA;Prec;11;Spatially adjusted;0,939387755102041;-32,7414742092738;-20,5069181243757;-1,84986179242833
SBA;Prec;11;Spatially adjusted;0,959591836734694;-35,9284464037157;-21,2817200867469;-1,51609493404635
SBA;Prec;11;Spatially adjusted;0,979795918367347;-39,1399391984292;-22,0576411308505;-1,16788760639406
SBA;Prec;11;Spatially adjusted;1;-42,3636922932785;-22,8341217158209;-0,812460044106956
SBA;Prec;11;Current landscape;0,0243923664093018;20,5796043928281;40,7740239179116;9,50766538142852
SBA;Prec;11;Current landscape;0,0766222923994064;-23,1801560238805;-10,3805097008424;-15,6486291115216
SBA;Prec;11;Current landscape;0,121489889919758;57,9225059429207;79,5056890020353;59,8829251893585
SBA;Prec;11;Current landscape;0,17929020524025;11,4307454704815;42,4896729667123;36,4601629664862
SBA;Prec;11;Current landscape;0,227104842662811;23,0355697065777;47,4696515262306;10,2985682951123
SBA;Prec;11;Current landscape;0,276970416307449;40,2967009244628;75,0203234004457;51,494501434498
SBA;Prec;11;Current landscape;0,3239526450634;81,6792406946597;139,345003464098;108,833206491389
SBA;Prec;11;Current landscape;0,371968001127243;25,5297238095584;91,0487892312949;88,0307348513054
SBA;Prec;11;Current landscape;0,425494998693466;41,519220740247;81,1357638039945;78,8354174768067
SBA;Prec;11;Current landscape;0,476237058639526;38,1370951073525;65,737470159879;51,3606876340061
SBA;Prec;11;Current landscape;0,52571976184845;47,1740762403231;75,710311697932;57,6835791363417
SBA;Prec;11;Current landscape;0,573950469493866;82,1835631690931;92,3294675148099;96,5246892061343
SBA;Prec;11;Current landscape;0,624981641769409;73,8575291106881;118,977248151457;123,176054868569
SBA;Prec;11;Current landscape;0,676082074642181;50,9352388636392;106,406398413135;79,170212183707
SBA;Prec;11;Current landscape;0,724961936473846;84,3983753645528;145,498191529403;109,636004358159
SBA;Prec;11;Current landscape;0,776843130588532;-0,313299888498705;89,58558501059;100,783492570545
SBA;Prec;11;Current landscape;0,825570940971375;32,5796480191791;110,57365458725;83,9317995178935
SBA;Prec;11;Current landscape;0,876295775175094;63,0173296854907;105,999504392921;94,0450358076555
SBA;Prec;11;Current landscape;0,931498765945435;19,7261239825443;102,970716425613;125,551987710604
SBA;Prec;11;Current landscape;1;137,769170685084;203,522875019647;182,154791789091
SBA;Prec;12;Spatially adjusted;0,01;0,152960004139914;-6,11442775146088;-0,227430599338277
SBA;Prec;12;Spatially adjusted;0,0302040816326531;0,222004231208075;-6,41847844645008;0,139550516848658
SBA;Prec;12;Spatially adjusted;0,0504081632653061;0,292647747908632;-6,71703758590957;0,505656737120034
SBA;Prec;12;Spatially adjusted;0,0706122448979592;0,366489843875797;-7,00461361430985;0,870013165559385
SBA;Prec;12;Spatially adjusted;0,0908163265306122;0,445129808742422;-7,27571497612098;1,23174490625161
SBA;Prec;12;Spatially adjusted;0,111020408163265;0,530166932141583;-7,52485011581325;1,58997706328023
SBA;Prec;12;Spatially adjusted;0,131224489795918;0,623200503705903;-7,7465274778574;1,9438347407297
SBA;Prec;12;Spatially adjusted;0,151428571428571;0,725829813068913;-7,93525550672371;2,29244304268423
SBA;Prec;12;Spatially adjusted;0,171632653061224;0,839654149863918;-8,08554264688223;2,63492707322803
SBA;Prec;12;Spatially adjusted;0,191836734693878;0,966272803723768;-8,19189734280326;2,97041193644509
SBA;Prec;12;Spatially adjusted;0,212040816326531;1,10728506428177;-8,2488280389573;3,29802273641985
SBA;Prec;12;Spatially adjusted;0,232244897959184;1,26429022117077;-8,25084317981487;3,61688457723608
SBA;Prec;12;Spatially adjusted;0,252448979591837;1,43888756402384;-8,19245120984579;3,92612256297844
SBA;Prec;12;Spatially adjusted;0,27265306122449;1,63267638247476;-8,0681605735208;4,22486179773068
SBA;Prec;12;Spatially adjusted;0,292857142857143;1,84725596615544;-7,87247971531019;4,51222738557726
SBA;Prec;12;Spatially adjusted;0,313061224489796;2,08422560470012;-7,59991707968425;4,78734443060193
SBA;Prec;12;Spatially adjusted;0,333265306122449;2,34518458774141;-7,24498111111325;5,04933803688937
SBA;Prec;12;Spatially adjusted;0,353469387755102;2,62890117120151;-6,80593088188675;5,29676274349481
SBA;Prec;12;Spatially adjusted;0,373673469387755;2,9228194761597;-6,29602797557232;5,52589082935765
SBA;Prec;12;Spatially adjusted;0,393877551020408;3,21155258998419;-5,73228460355676;5,73242400838922
SBA;Prec;12;Spatially adjusted;0,414081632653061;3,47971360004294;-5,13171297722647;5,91206399450016
SBA;Prec;12;Spatially adjusted;0,434285714285714;3,71191559370436;-4,51132530796826;6,06051250160135
SBA;Prec;12;Spatially adjusted;0,454489795918367;3,89277165833619;-3,88813380716897;6,17347124360367
SBA;Prec;12;Spatially adjusted;0,47469387755102;4,00689488130729;-3,27915068621496;6,24664193441822
SBA;Prec;12;Spatially adjusted;0,494897959183674;4,0388983499854;-2,70138815649329;6,27572628795588
SBA;Prec;12;Spatially adjusted;0,515102040816327;3,97339515173894;-2,17185842939011;6,25642601812751
SBA;Prec;12;Spatially adjusted;0,53530612244898;3,7949983739361;-1,70757371629293;6,18444283884401
SBA;Prec;12;Spatially adjusted;0,555510204081633;3,4883211039446;-1,32554622858765;6,05547846401601
SBA;Prec;12;Spatially adjusted;0,575714285714286;3,0379764291331;-1,04278817766158;5,86523460755484
SBA;Prec;12;Spatially adjusted;0,595918367346939;2,42857743686977;-0,876311774901069;5,60941298337139
SBA;Prec;12;Spatially adjusted;0,616122448979592;1,64473721452282;-0,843129231692501;5,28371530537629
SBA;Prec;12;Spatially adjusted;0,636326530612245;0,671068849460426;-0,960252759423383;4,88384328748043
SBA;Prec;12;Spatially adjusted;0,656530612244898;-0,507814570949222;-1,24469456947986;4,40549864359491
SBA;Prec;12;Spatially adjusted;0,676734693877551;-1,90729995933839;-1,71346687324854;3,8443830876306
SBA;Prec;12;Spatially adjusted;0,696938775510204;-3,53775152539333;-2,37864919370736;3,19782168532743
SBA;Prec;12;Spatially adjusted;0,717142857142857;-5,38944266702106;-3,23259030019653;2,4696329097419
SBA;Prec;12;Spatially adjusted;0,73734693877551;-7,44762407918324;-4,26270627364738;1,66525858575915
SBA;Prec;12;Spatially adjusted;0,757551020408163;-9,69754645684202;-5,45641319499146;0,79014053826495
SBA;Prec;12;Spatially adjusted;0,777755102040816;-12,1244604949586;-6,8011271451594;-0,150279407854896
SBA;Prec;12;Spatially adjusted;0,797959183673469;-14,7136168884956;-8,28426420508345;-1,15055942771528
SBA;Prec;12;Spatially adjusted;0,818163265306122;-17,4502663324142;-9,89324045569401;-2,20525769643064
SBA;Prec;12;Spatially adjusted;0,838367346938776;-20,3196595216766;-11,6154719779231;-3,3089323891154
SBA;Prec;12;Spatially adjusted;0,858571428571429;-23,3070471512444;-13,4383748527016;-4,45614168088446
SBA;Prec;12;Spatially adjusted;0,878775510204082;-26,3976799160796;-15,349365160961;-5,64144374685156
SBA;Prec;12;Spatially adjusted;0,898979591836735;-29,5768085111438;-17,3358589836325;-6,85939676213184
SBA;Prec;12;Spatially adjusted;0,919183673469388;-32,8296836313989;-19,3852724016476;-8,10455890183948
SBA;Prec;12;Spatially adjusted;0,939387755102041;-36,1415559718066;-21,4850214959374;-9,37148834108916
SBA;Prec;12;Spatially adjusted;0,959591836734694;-39,4976762273291;-23,6225223474335;-10,6547432549953
SBA;Prec;12;Spatially adjusted;0,979795918367347;-42,8832950929279;-25,7851910370666;-11,9488818186726
SBA;Prec;12;Spatially adjusted;1;-46,2836632635649;-27,9604436457687;-13,2484622072352
SBA;Prec;12;Current landscape;0,0271472223103046;54,7706715622903;45,9980809517244;9,9792540804001
SBA;Prec;12;Current landscape;0,0779002234339714;-7,53767608412682;6,41956839904151;-25,0170565223348
SBA;Prec;12;Current landscape;0,123237997293472;1,48068400640682;10,1613248572151;-2,64698262856541
SBA;Prec;12;Current landscape;0,173714071512222;68,3135674526188;71,5918412679603;45,5909573380766
SBA;Prec;12;Current landscape;0,223602712154388;48,5572053807834;54,019811721284;9,62178446825305
SBA;Prec;12;Current landscape;0,276970416307449;41,4337649558213;87,9605853781336;59,0749971042715
SBA;Prec;12;Current landscape;0,324420392513275;35,5227344788402;64,8419961551758;63,5434313525707
SBA;Prec;12;Current landscape;0,372185528278351;38,6767880810867;72,3160342288049;44,0887201687224
SBA;Prec;12;Current landscape;0,428139746189117;6,4301746928893;21,1229754879307;53,3263629696035
SBA;Prec;12;Current landscape;0,478235334157944;59,0068157252674;108,399950679572;74,9232302884316
SBA;Prec;12;Current landscape;0,525371849536896;25,5485423578796;72,1825231746557;45,2927939498889
SBA;Prec;12;Current landscape;0,574081778526306;85,2313071143628;93,3488796731258;98,0160199981224
SBA;Prec;12;Current landscape;0,626653611660004;43,3901068029538;88,6595857388156;117,577532420616
SBA;Prec;12;Current landscape;0,6755610704422;30,7708270133453;118,04725550848;85,3813304279865
SBA;Prec;12;Current landscape;0,723397195339203;41,7450640346822;120,925812207303;95,4480554839552
SBA;Prec;12;Current landscape;0,776154935359955;31,9530061256396;100,40984938189;144,273334718265
SBA;Prec;12;Current landscape;0,821769773960114;55,736329399746;132,902267508823;132,977685591249
SBA;Prec;12;Current landscape;0,870656788349152;18,9087715201661;75,2315998892341;64,9211951001923
SBA;Prec;12;Current landscape;0,92656397819519;58,5127665452667;119,162687934801;124,114651604716
SBA;Prec;12;Current landscape;1;141,168456418097;171,568139152769;131,043684191724
SBA;Prec;13;Spatially adjusted;0,01;5,67662371527376;6,47751852757619;8,84982716182026
SBA;Prec;13;Spatially adjusted;0,0302040816326531;4,59684459922141;5,65961172924767;8,75084406241035
SBA;Prec;13;Spatially adjusted;0,0504081632653061;3,52939026022796;4,84835043896965;8,65188651179665
SBA;Prec;13;Spatially adjusted;0,0706122448979592;2,48658547535206;4,0503801647933;8,5529800587758
SBA;Prec;13;Spatially adjusted;0,0908163265306122;1,48075502165239;3,27234641476866;8,45415025214425
SBA;Prec;13;Spatially adjusted;0,111020408163265;0,524223676186921;2,5208946969467;8,35542264069795
SBA;Prec;13;Spatially adjusted;0,131224489795918;-0,370683783984305;1,80267051937813;8,25682277323381
SBA;Prec;13;Spatially adjusted;0,151428571428571;-1,19164258180308;1,12431939011344;8,15837619854801
SBA;Prec;13;Spatially adjusted;0,171632653061224;-1,92632794021097;0,492486817203144;8,06010846543677
SBA;Prec;13;Spatially adjusted;0,191836734693878;-2,56241508214907;-0,0861816913018174;7,96204512269674
SBA;Prec;13;Spatially adjusted;0,212040816326531;-3,08757923055896;-0,605040627350718;7,86421171912411
SBA;Prec;13;Spatially adjusted;0,232244897959184;-3,48949560838105;-1,05744448289329;7,76663380351533
SBA;Prec;13;Spatially adjusted;0,252448979591837;-3,75583943855759;-1,43674774987858;7,66933692466682
SBA;Prec;13;Spatially adjusted;0,27265306122449;-3,874285944029;-1,73630492025586;7,57234663137501
SBA;Prec;13;Spatially adjusted;0,292857142857143;-3,83251034773753;-1,94947048597442;7,47568847243633
SBA;Prec;13;Spatially adjusted;0,313061224489796;-3,61818787262337;-2,06959893898397;7,37938799664676
SBA;Prec;13;Spatially adjusted;0,333265306122449;-3,21899374162877;-2,09004477123381;7,28347075280317
SBA;Prec;13;Spatially adjusted;0,353469387755102;-2,63075815471348;-2,00820941939833;7,18709129450167
SBA;Prec;13;Spatially adjusted;0,373673469387755;-1,88193121991617;-1,83768209905315;7,0859201945384
SBA;Prec;13;Spatially adjusted;0,393877551020408;-1,00911802229371;-1,59609897049995;6,97475703050986
SBA;Prec;13;Spatially adjusted;0,414081632653061;-0,0489236469036314;-1,30109619403902;6,84840138001164
SBA;Prec;13;Spatially adjusted;0,434285714285714;0,962046821197191;-0,970309929971791;6,70165282064045
SBA;Prec;13;Spatially adjusted;0,454489795918367;1,98718829695099;-0,621376338599475;6,52931092999233
SBA;Prec;13;Spatially adjusted;0,47469387755102;2,98989569530067;-0,271931580222599;6,32617528566334
SBA;Prec;13;Spatially adjusted;0,494897959183674;3,93356393118893;0,0603881848576293;6,0870454652495
SBA;Prec;13;Spatially adjusted;0,515102040816327;4,78158791955866;0,357946796340002;5,80672104634709
SBA;Prec;13;Spatially adjusted;0,53530612244898;5,49736257535255;0,603108093923765;5,48000160655238
SBA;Prec;13;Spatially adjusted;0,555510204081633;6,04428281351306;0,778235917307484;5,1016867234614
SBA;Prec;13;Spatially adjusted;0,575714285714286;6,3857435489831;0,865694106190631;4,66657597467042
SBA;Prec;13;Spatially adjusted;0,595918367346939;6,48513969670535;0,847846500271544;4,16946893777572
SBA;Prec;13;Spatially adjusted;0,616122448979592;6,30586617162248;0,707056939249924;3,60516519037287
SBA;Prec;13;Spatially adjusted;0,636326530612245;5,81131788867742;0,425689262824108;2,96846431005861
SBA;Prec;13;Spatially adjusted;0,656530612244898;4,96488976281262;-0,0138926893066582;2,25416587442896
SBA;Prec;13;Spatially adjusted;0,676734693877551;3,72997670897075;-0,629325077443355;1,45706946107998
SBA;Prec;13;Spatially adjusted;0,696938775510204;2,08050251057352;-1,43328921645889;0,57375803467653
SBA;Prec;13;Spatially adjusted;0,717142857142857;0,0325064249566367;-2,41864703951205;-0,392051891842584
SBA;Prec;13;Spatially adjusted;0,73734693877551;-2,38744342206519;-3,57330563433379;-1,43486041846927
SBA;Prec;13;Spatially adjusted;0,757551020408163;-5,15277890467723;-4,88517208865528;-2,54916764519589
SBA;Prec;13;Spatially adjusted;0,777755102040816;-8,23693189706523;-6,34215349020678;-3,72947367201482
SBA;Prec;13;Spatially adjusted;0,797959183673469;-11,6133342734138;-7,93215692671947;-4,97027859891864
SBA;Prec;13;Spatially adjusted;0,818163265306122;-15,2554179079089;-9,64308948592384;-6,26608252589904
SBA;Prec;13;Spatially adjusted;0,838367346938776;-19,1366146747357;-11,4628582555513;-7,61138555294906
SBA;Prec;13;Spatially adjusted;0,858571428571429;-23,2303564480797;-13,3793703233318;-9,00068778006039
SBA;Prec;13;Spatially adjusted;0,878775510204082;-27,5100751021262;-15,3805327769969;-10,4284893072256
SBA;Prec;13;Spatially adjusted;0,898979591836735;-31,9492025110603;-17,4542527042772;-11,8892902344369
SBA;Prec;13;Spatially adjusted;0,919183673469388;-36,5211705490676;-19,5884371929035;-13,377590661687
SBA;Prec;13;Spatially adjusted;0,939387755102041;-41,1994110903338;-21,7709933306064;-14,8878906889677
SBA;Prec;13;Spatially adjusted;0,959591836734694;-45,9573560090437;-23,9898282051167;-16,4146904162715
SBA;Prec;13;Spatially adjusted;0,979795918367347;-50,7684371793828;-26,2328489041659;-17,9524899435905
SBA;Prec;13;Spatially adjusted;1;-55,6060864755366;-28,4879625154838;-19,4957893709175
SBA;Prec;13;Current landscape;0,0275062322616577;50,1946381128719;64,360288345863;10,8599831142126
SBA;Prec;13;Current landscape;0,0734888911247253;18,006028941064;45,4296152618169;-30,6514328418516
SBA;Prec;13;Current landscape;0,125305317342282;22,0708851152526;51,6266064749168;22,2708137859495
SBA;Prec;13;Current landscape;0,177992090582848;14,0146965086569;67,1372769006118;37,205021711362
SBA;Prec;13;Current landscape;0,224577941000462;-3,03343806448083;32,8818735899274;60,1181813332048
SBA;Prec;13;Current landscape;0,276042193174362;39,3073238455413;74,2908241448517;25,454933093436
SBA;Prec;13;Current landscape;0,32633039355278;7,56950276601174;74,2265634738517;45,5584921356144
SBA;Prec;13;Current landscape;0,377035290002823;14,0683221560307;82,0874369878081;37,1535119531411
SBA;Prec;13;Current landscape;0,426134794950485;-3,77380714577066;60,7455004974593;42,0151660604226
SBA;Prec;13;Current landscape;0,475447207689286;28,3613253077892;73,4905700398197;57,8130868323949
SBA;Prec;13;Current landscape;0,52680915594101;49,1904139187959;88,7715985672594;71,0924009952232
SBA;Prec;13;Current landscape;0,573920071125031;38,8018923541947;82,9354990246591;70,1861547745218
SBA;Prec;13;Current landscape;0,625096440315247;42,2455328177434;121,80137011395;97,4435922835105
SBA;Prec;13;Current landscape;0,67259556055069;-11,0165472560752;86,9607698721798;66,5274488101818
SBA;Prec;13;Current landscape;0,723604917526245;58,0358051078774;103,031173236174;52,359812868157
SBA;Prec;13;Current landscape;0,778896033763885;73,0846677282655;143,688995044273;127,847728734672
SBA;Prec;13;Current landscape;0,823625206947327;7,57755278865693;113,483491407958;104,250847840541
SBA;Prec;13;Current landscape;0,874033153057098;73,4050772199123;126,28252615954;129,587222449845
SBA;Prec;13;Current landscape;0,930329561233521;65,3666694653557;128,826154222948;145,568882765044
SBA;Prec;13;Current landscape;1;99,6692394794427;194,41527215206;140,08688791995
SBA;Prec;14;Spatially adjusted;0,01;-4,24004632363858;-6,48621443007528;6,56330877951586
SBA;Prec;14;Spatially adjusted;0,0302040816326531;-3,86981159165475;-7,00053139891088;6,21308979592573
SBA;Prec;14;Spatially adjusted;0,0504081632653061;-3,50041439535539;-7,50655664792498;5,86648100317871
SBA;Prec;14;Spatially adjusted;0,0706122448979592;-3,13269227042406;-7,99599845729699;5,5270925921177
SBA;Prec;14;Spatially adjusted;0,0908163265306122;-2,76748275254613;-8,46056510720518;5,19853475358582
SBA;Prec;14;Spatially adjusted;0,111020408163265;-2,40562337740494;-8,89196487782897;4,88441767842619
SBA;Prec;14;Spatially adjusted;0,131224489795918;-2,04795168068517;-9,28190604934662;4,58835155748147
SBA;Prec;14;Spatially adjusted;0,151428571428571;-1,69530519807108;-9,62209690193708;4,31394658159547
SBA;Prec;14;Spatially adjusted;0,171632653061224;-1,34852146524645;-9,90424571577933;4,0648129416104
SBA;Prec;14;Spatially adjusted;0,191836734693878;-1,00843801789597;-10,1200607710523;3,84456082836959
SBA;Prec;14;Spatially adjusted;0,212040816326531;-0,675892391703883;-10,2612503479345;3,65680043271618
SBA;Prec;14;Spatially adjusted;0,232244897959184;-0,351722122354886;-10,3195227266046;3,50514194549328
SBA;Prec;14;Spatially adjusted;0,252448979591837;-0,0367647455320821;-10,2865861872419;3,39319555754355
SBA;Prec;14;Spatially adjusted;0,27265306122449;0,268142203079151;-10,1541490100251;3,32457145971034
SBA;Prec;14;Spatially adjusted;0,292857142857143;0,562161187795255;-9,91391947513262;3,30287984283677
SBA;Prec;14;Spatially adjusted;0,313061224489796;0,844454672931533;-9,55760586274369;3,33173089776551
SBA;Prec;14;Spatially adjusted;0,333265306122449;1,11418512280397;-9,07691645303703;3,41473481534013
SBA;Prec;14;Spatially adjusted;0,353469387755102;1,36933094591222;-8,46870363614949;3,55328714766529
SBA;Prec;14;Spatially adjusted;0,373673469387755;1,6031343274924;-7,7503962420501;3,7399248918955
SBA;Prec;14;Spatially adjusted;0,393877551020408;1,80765339696518;-6,94456721066626;3,96497040644658
SBA;Prec;14;Spatially adjusted;0,414081632653061;1,97494628375034;-6,07378948192491;4,2187460497355
SBA;Prec;14;Spatially adjusted;0,434285714285714;2,09707111726834;-5,16063599575341;4,49157418017808
SBA;Prec;14;Spatially adjusted;0,454489795918367;2,16608602693918;-4,22767969207894;4,77377715619059
SBA;Prec;14;Spatially adjusted;0,47469387755102;2,17404914218355;-3,29749351082864;5,05567733618932
SBA;Prec;14;Spatially adjusted;0,494897959183674;2,11301859242121;-2,39265039192946;5,327597078591
SBA;Prec;14;Spatially adjusted;0,515102040816327;1,97505250707218;-1,53572327530901;5,57985874181145
SBA;Prec;14;Spatially adjusted;0,53530612244898;1,75220901555758;-0,749285100894213;5,80278468426695
SBA;Prec;14;Spatially adjusted;0,555510204081633;1,43654624729697;-0,0559088086124575;5,98669726437402
SBA;Prec;14;Spatially adjusted;0,575714285714286;1,02012233171104;0,521832661609551;6,12191884054892
SBA;Prec;14;Spatially adjusted;0,595918367346939;0,494995398219544;0,961366369843972;6,19877177120793
SBA;Prec;14;Spatially adjusted;0,616122448979592;-0,146776423757046;1,24011937616388;6,20757841476711
SBA;Prec;14;Spatially adjusted;0,636326530612245;-0,913135004798733;1,33551874064233;6,13866112964297
SBA;Prec;14;Spatially adjusted;0,656530612244898;-1,81202221548483;1,22499152335172;5,98234227425201
SBA;Prec;14;Spatially adjusted;0,676734693877551;-2,85137992639511;0,885964784365342;5,72894420700982
SBA;Prec;14;Spatially adjusted;0,696938775510204;-4,03628040081753;0,30224307855201;5,37151427715435
SBA;Prec;14;Spatially adjusted;0,717142857142857;-5,36031747286847;-0,516859060032857;4,91399979720359
SBA;Prec;14;Spatially adjusted;0,73734693877551;-6,81421536937341;-1,55564960253832;4,36307307049765
SBA;Prec;14;Spatially adjusted;0,757551020408163;-8,38869831715647;-2,79843652011255;3,72540640037619
SBA;Prec;14;Spatially adjusted;0,777755102040816;-10,0744905430429;-4,22952778390413;3,00767209017886
SBA;Prec;14;Spatially adjusted;0,797959183673469;-11,862316273857;-5,83323136506169;2,21654244324532
SBA;Prec;14;Spatially adjusted;0,818163265306122;-13,7428997364239;-7,59385523473361;1,35868976291545
SBA;Prec;14;Spatially adjusted;0,838367346938776;-15,7069651575678;-9,49570736406872;0,440786352528221
SBA;Prec;14;Spatially adjusted;0,858571428571429;-17,7452367641142;-11,5230957242156;-0,530495484575795
SBA;Prec;14;Spatially adjusted;0,878775510204082;-19,8484387828871;-13,6603282863223;-1,54848344505763
SBA;Prec;14;Spatially adjusted;0,898979591836735;-22,0072954407117;-15,891713021538;-2,60650522557739
SBA;Prec;14;Spatially adjusted;0,919183673469388;-24,2125309644125;-18,2015579010108;-3,69788852279544
SBA;Prec;14;Spatially adjusted;0,939387755102041;-26,4548695808146;-20,5741708958892;-4,81596103337211
SBA;Prec;14;Spatially adjusted;0,959591836734694;-28,7250355167423;-22,9938599773222;-5,95405045396774
SBA;Prec;14;Spatially adjusted;0,979795918367347;-31,0137529990207;-25,4449331164583;-7,10548448124268
SBA;Prec;14;Spatially adjusted;1;-33,3117462544742;-27,9116982844455;-8,26359081185706
SBA;Prec;14;Current landscape;0,0261460486799479;57,8800640802142;62,9082135858021;45,7593142626413
SBA;Prec;14;Current landscape;0,0738266333937645;-17,8705442333091;1,05088477296681;-14,5071767321565
SBA;Prec;14;Current landscape;0,123373478651047;24,9645688735052;35,2603074751096;-8,08298867578651
SBA;Prec;14;Current landscape;0,180208176374435;25,0559353110875;28,565181481722;5,30855572411792
SBA;Prec;14;Current landscape;0,224340543150902;31,8952112021923;52,7331344379968;39,5768642757348
SBA;Prec;14;Current landscape;0,276970416307449;118,824403810562;90,4273647819855;57,9754811591897
SBA;Prec;14;Current landscape;0,325173020362854;58,2738658932381;59,3914873631054;39,0073917839538
SBA;Prec;14;Current landscape;0,376997500658036;86,0242560963136;127,337412909314;56,3569410098216
SBA;Prec;14;Current landscape;0,425177574157715;22,2991987560251;76,4130661584341;20,7473628801247
SBA;Prec;14;Current landscape;0,476062476634979;53,6991290533554;97,4245246181026;41,1504089629971
SBA;Prec;14;Current landscape;0,524690210819244;49,9624925588018;125,377193274346;64,5729703538173
SBA;Prec;14;Current landscape;0,574686229228973;67,3226527973818;112,333958658005;81,0163381703728
SBA;Prec;14;Current landscape;0,624695003032684;57,9856712420337;105,594694418906;95,1700317906336
SBA;Prec;14;Current landscape;0,676211476325989;94,2543769527342;135,24954971176;98,4684063483117
SBA;Prec;14;Current landscape;0,726583361625671;51,0995083980783;132,769386739646;97,7961884254864
SBA;Prec;14;Current landscape;0,776794195175171;22,7651929745164;84,8401860174065;57,0315086959008
SBA;Prec;14;Current landscape;0,822682738304138;56,2805746662803;145,576176370441;107,809378892082
SBA;Prec;14;Current landscape;0,876093149185181;24,8181040315326;83,3547027603838;62,9646695994622
SBA;Prec;14;Current landscape;0,92655000090599;18,7804515685207;49,9794873598798;68,0735198394016
SBA;Prec;14;Current landscape;1;189,616695614124;216,457364172287;153,854077958696
SBA;Prec;15;Spatially adjusted;0,01;-0,383361397991621;-5,26643453964721;1,15647540244481
SBA;Prec;15;Spatially adjusted;0,0302040816326531;-0,0389237147419408;-5,31405053799517;2,74267446744693
SBA;Prec;15;Spatially adjusted;0,0504081632653061;0,303978991967597;-5,36201790645328;4,31406150444536
SBA;Prec;15;Spatially adjusted;0,0706122448979592;0,643811745595713;-5,41068801513006;5,85582448543551
SBA;Prec;15;Spatially adjusted;0,0908163265306122;0,979039569601582;-5,4604122341359;7,3531513824139
SBA;Prec;15;Spatially adjusted;0,111020408163265;1,30812748744529;-5,51154193358002;8,7912301673764
SBA;Prec;15;Spatially adjusted;0,131224489795918;1,62954052258533;-5,5644284835721;10,1552488123186
SBA;Prec;15;Spatially adjusted;0,151428571428571;1,94174369848179;-5,61942325422206;11,4303952892374
SBA;Prec;15;Spatially adjusted;0,171632653061224;2,24320203859384;-5,67687761563911;12,601857570128
SBA;Prec;15;Spatially adjusted;0,191836734693878;2,53238056638088;-5,73714293793273;13,6548236269869
SBA;Prec;15;Spatially adjusted;0,212040816326531;2,80774430530187;-5,80057059121305;14,5744814318095
SBA;Prec;15;Spatially adjusted;0,232244897959184;3,06775827881665;-5,86751194558929;15,3460189565928
SBA;Prec;15;Spatially adjusted;0,252448979591837;3,31088751038442;-5,93831837117091;15,9546241733322
SBA;Prec;15;Spatially adjusted;0,27265306122449;3,53559702346433;-6,01334123806805;16,3854850540235
SBA;Prec;15;Spatially adjusted;0,292857142857143;3,74035184151626;-6,09293191638994;16,6237895706634
SBA;Prec;15;Spatially adjusted;0,313061224489796;3,92361698799914;-6,17744177624627;16,6547256952472
SBA;Prec;15;Spatially adjusted;0,333265306122449;4,08385748637238;-6,26722218774648;16,4634813997714
SBA;Prec;15;Spatially adjusted;0,353469387755102;4,21801247727058;-6,3629843338922;16,0416386876848
SBA;Prec;15;Spatially adjusted;0,373673469387755;4,31691757003023;-6,46687864925093;15,40635568825
SBA;Prec;15;Spatially adjusted;0,393877551020408;4,36988249116234;-6,58141538128257;14,5811845621822
SBA;Prec;15;Spatially adjusted;0,414081632653061;4,36621696717907;-6,70910477744701;13,5896774701966
SBA;Prec;15;Spatially adjusted;0,434285714285714;4,29523072459074;-6,85245708520347;12,455386573009
SBA;Prec;15;Spatially adjusted;0,454489795918367;4,14623348990949;-7,01398255201139;11,2018640313343
SBA;Prec;15;Spatially adjusted;0,47469387755102;3,9085349896468;-7,19619142533111;9,85266200588808
SBA;Prec;15;Spatially adjusted;0,494897959183674;3,57144495031389;-7,40159395262185;8,43133265738584
SBA;Prec;15;Spatially adjusted;0,515102040816327;3,12427309842224;-7,63270038134306;6,96142814654218
SBA;Prec;15;Spatially adjusted;0,53530612244898;2,5563291604833;-7,89202095895507;5,46650063407355
SBA;Prec;15;Spatially adjusted;0,555510204081633;1,85692286300832;-8,18206593291666;3,97010228069485
SBA;Prec;15;Spatially adjusted;0,575714285714286;1,01536393250922;-8,50534555068794;2,49578524712138
SBA;Prec;15;Spatially adjusted;0,595918367346939;0,0209620954969978;-8,86437005972857;1,06710169406824
SBA;Prec;15;Spatially adjusted;0,616122448979592;-1,13697292151687;-9,26164970749801;-0,292396217748774
SBA;Prec;15;Spatially adjusted;0,636326530612245;-2,46913139202047;-9,69969474145614;-1,55915632761435
SBA;Prec;15;Spatially adjusted;0,656530612244898;-3,98620358950325;-10,1810154090622;-2,70962647481315
SBA;Prec;15;Spatially adjusted;0,676734693877551;-5,69887978745305;-10,708121957776;-3,72025449863008
SBA;Prec;15;Spatially adjusted;0,696938775510204;-7,61391964842369;-11,2826031758082;-4,57311562226118
SBA;Prec;15;Spatially adjusted;0,717142857142857;-9,72236039122777;-11,9023620143723;-5,27279460455134
SBA;Prec;15;Spatially adjusted;0,73734693877551;-12,0113086237432;-12,5643799654331;-5,82950358825588
SBA;Prec;15;Spatially adjusted;0,757551020408163;-14,4678709538478;-13,2656385209548;-6,25345471613127
SBA;Prec;15;Spatially adjusted;0,777755102040816;-17,0791539894194;-14,003119172902;-6,554860130934
SBA;Prec;15;Spatially adjusted;0,797959183673469;-19,8322643383351;-14,7738034132392;-6,7439319754194
SBA;Prec;15;Spatially adjusted;0,818163265306122;-22,7143086084734;-15,574672733931;-6,83088239234371
SBA;Prec;15;Spatially adjusted;0,838367346938776;-25,7123934077119;-16,4027086269423;-6,82592352446341
SBA;Prec;15;Spatially adjusted;0,858571428571429;-28,8136253439284;-17,254892584237;-6,73926751453428
SBA;Prec;15;Spatially adjusted;0,878775510204082;-32,0051110250006;-18,1282060977803;-6,5811265053128
SBA;Prec;15;Spatially adjusted;0,898979591836735;-35,2739570588062;-19,0196306595362;-6,36171263955453
SBA;Prec;15;Spatially adjusted;0,919183673469388;-38,6072700532227;-19,9261477614696;-6,09123806001594
SBA;Prec;15;Spatially adjusted;0,939387755102041;-41,9921566161283;-20,8447388955447;-5,77991490945283
SBA;Prec;15;Spatially adjusted;0,959591836734694;-45,4157233554011;-21,7723855537261;-5,43795533062166
SBA;Prec;15;Spatially adjusted;0,979795918367347;-48,8650768789178;-22,7060692279783;-5,07557146627801
SBA;Prec;15;Spatially adjusted;1;-52,3273237945571;-23,6427714102663;-4,70297545917856
SBA;Prec;15;Current landscape;0,0270274057984352;65,779208706974;74,7203363594867;48,1538735995205
SBA;Prec;15;Current landscape;0,0727228447794914;30,5736999568644;48,8493399992783;36,1846492786171
SBA;Prec;15;Current landscape;0,122981235384941;42,5276321159631;63,8854652144812;33,2586043636802
SBA;Prec;15;Current landscape;0,178795099258423;62,3902598499649;109,837603273189;89,8049542296417
SBA;Prec;15;Current landscape;0,226959481835365;18,3510513088459;41,0987117594857;53,4706584584858
SBA;Prec;15;Current landscape;0,277462989091873;-23,0777522098949;-14,4628642537634;16,3510889087017
SBA;Prec;15;Current landscape;0,32321161031723;3,04533902639469;29,5143146813884;12,5998383495219
SBA;Prec;15;Current landscape;0,376423269510269;43,4552348217107;85,9012682338969;58,8357513470703
SBA;Prec;15;Current landscape;0,419110298156738;77,1105435909631;131,756640992255;95,1637061072263
SBA;Prec;15;Current landscape;0,477884471416473;65,4430152855832;131,201561982417;106,282628820832
SBA;Prec;15;Current landscape;0,525624513626099;70,1371180801114;107,003367907639;74,5209912327969
SBA;Prec;15;Current landscape;0,573024332523346;20,2872022308814;76,8124827210486;67,9679942481016
SBA;Prec;15;Current landscape;0,621837079524994;58,3032881929844;105,062326156019;95,3374573525259
SBA;Prec;15;Current landscape;0,677097499370575;71,0634008885963;127,021370552551;88,0394080622079
SBA;Prec;15;Current landscape;0,726741373538971;26,7365801133265;115,49924372365;79,0974039318028
SBA;Prec;15;Current landscape;0,775412261486053;31,5903478366272;87,7971163129134;105,110407231926
SBA;Prec;15;Current landscape;0,826195120811463;35,66719174796;115,726121724245;110,772194006648
SBA;Prec;15;Current landscape;0,872719645500183;33,5092890120634;92,8559583178849;75,0422549710827
SBA;Prec;15;Current landscape;0,931432932615281;17,904887231339;103,364911672943;125,675005178846
SBA;Prec;15;Current landscape;1;134,728198236112;213,663260674091;170,056872150398
SBA;Prec;16;Spatially adjusted;0,01;0,275297083985834;-2,61097603183612;-2,07696243691589
SBA;Prec;16;Spatially adjusted;0,0302040816326531;0,495998357931057;-2,72717706178742;-1,75176725863798
SBA;Prec;16;Spatially adjusted;0,0504081632653061;0,718466733000923;-2,84092957688404;-1,42668913714033
SBA;Prec;16;Spatially adjusted;0,0706122448979592;0,944469310319619;-2,94978506227085;-1,10184512920478
SBA;Prec;16;Spatially adjusted;0,0908163265306122;1,17577319101383;-3,05129500309249;-0,777352291610896
SBA;Prec;16;Spatially adjusted;0,111020408163265;1,41414547620616;-3,14301088449452;-0,453327681140081
SBA;Prec;16;Spatially adjusted;0,131224489795918;1,66135326702238;-3,22248419162179;-0,129888354572813
SBA;Prec;16;Spatially adjusted;0,151428571428571;1,91916366458736;-3,28726640961895;0,192848631309744
SBA;Prec;16;Spatially adjusted;0,171632653061224;2,18934377002529;-3,33490902363155;0,514766219727562
SBA;Prec;16;Spatially adjusted;0,191836734693878;2,47366068446127;-3,36296351880469;0,835747353899478
SBA;Prec;16;Spatially adjusted;0,212040816326531;2,77388150902038;-3,368981380283;1,15567497704478
SBA;Prec;16;Spatially adjusted;0,232244897959184;3,09177334482683;-3,35051409321181;1,47443203238277
SBA;Prec;16;Spatially adjusted;0,252448979591837;3,42910329300548;-3,30511314273599;1,79190146313294
SBA;Prec;16;Spatially adjusted;0,27265306122449;3,78763845468097;-3,23033001400063;2,10796621251416
SBA;Prec;16;Spatially adjusted;0,292857142857143;4,16914593097863;-3,12371619215082;2,42250922374592
SBA;Prec;16;Spatially adjusted;0,313061224489796;4,57539282302264;-2,98282316233167;2,73541344004752
SBA;Prec;16;Spatially adjusted;0,333265306122449;5,00814623193787;-2,80520240968804;3,04656180463826
SBA;Prec;16;Spatially adjusted;0,353469387755102;5,46534476363172;-2,5905714636076;3,35495127371405
SBA;Prec;16;Spatially adjusted;0,373673469387755;5,92961304313917;-2,34731203044794;3,65603485537713
SBA;Prec;16;Spatially adjusted;0,393877551020408;6,3797472002791;-2,0859718608101;3,94437957070659
SBA;Prec;16;Spatially adjusted;0,414081632653061;6,79454336486924;-1,81709870529403;4,21455244078152
SBA;Prec;16;Spatially adjusted;0,434285714285714;7,15279766672802;-1,55124031450009;4,46112048668056
SBA;Prec;16;Spatially adjusted;0,454489795918367;7,43330623567317;-1,2989444390289;4,67865072948302
SBA;Prec;16;Spatially adjusted;0,47469387755102;7,61486520152243;-1,07075882948084;4,86171019026824
SBA;Prec;16;Spatially adjusted;0,494897959183674;7,67627069409468;-0,877231236455828;5,00486589011439
SBA;Prec;16;Spatially adjusted;0,515102040816327;7,59631884320788;-0,728909410555161;5,10268485010101
SBA;Prec;16;Spatially adjusted;0,53530612244898;7,35380577867954;-0,63634110237831;5,14973409130744
SBA;Prec;16;Spatially adjusted;0,555510204081633;6,92752763032786;-0,61007406252611;5,14058063481207
SBA;Prec;16;Spatially adjusted;0,575714285714286;6,29628052797125;-0,660656041599168;5,069791501694
SBA;Prec;16;Spatially adjusted;0,595918367346939;5,43886060142791;-0,798634790197411;4,93193371303255
SBA;Prec;16;Spatially adjusted;0,616122448979592;4,33406398051579;-1,03455805892168;4,72157428990636
SBA;Prec;16;Spatially adjusted;0,636326530612245;2,96068679505265;-1,37897359837211;4,43328025339474
SBA;Prec;16;Spatially adjusted;0,656530612244898;1,29752517485645;-1,84242915914911;4,0616186245768
SBA;Prec;16;Spatially adjusted;0,676734693877551;-0,676624750253723;-2,43547249185303;3,60115642453093
SBA;Prec;16;Spatially adjusted;0,696938775510204;-2,97597253693994;-3,16543364362474;3,04834777030419
SBA;Prec;16;Spatially adjusted;0,717142857142857;-5,58675048777923;-4,02677184776599;2,40719516281342
SBA;Prec;16;Spatially adjusted;0,73734693877551;-8,48819659182777;-5,01072863411832;1,68358819894229
SBA;Prec;16;Spatially adjusted;0,757551020408163;-11,6595488381422;-6,10854553252443;0,883416475575814
SBA;Prec;16;Spatially adjusted;0,777755102040816;-15,0800452157791;-7,31146407282608;0,0125695895978879
SBA;Prec;16;Spatially adjusted;0,797959183673469;-18,7289237137952;-8,61072578486551;-0,923062862107372
SBA;Prec;16;Spatially adjusted;0,818163265306122;-22,5854223212464;-9,99757219848425;-1,91759128265517
SBA;Prec;16;Spatially adjusted;0,838367346938776;-26,6287790271895;-11,463244843525;-2,96512607516183
SBA;Prec;16;Spatially adjusted;0,858571428571429;-30,8382318206807;-12,998985249829;-4,05977764274257
SBA;Prec;16;Spatially adjusted;0,878775510204082;-35,1930186907769;-14,5960349472391;-5,1956563885135
SBA;Prec;16;Spatially adjusted;0,898979591836735;-39,6723776265342;-16,2456354655969;-6,36687271558981
SBA;Prec;16;Spatially adjusted;0,919183673469388;-44,2555466170088;-17,9390283347448;-7,56753702708761
SBA;Prec;16;Spatially adjusted;0,939387755102041;-48,9217636512581;-19,6674550845241;-8,79175972612256
SBA;Prec;16;Spatially adjusted;0,959591836734694;-53,6502667183374;-21,4221572447773;-10,0336512158106
SBA;Prec;16;Spatially adjusted;0,979795918367347;-58,4202938073045;-23,1943763453467;-11,2873218992668
SBA;Prec;16;Spatially adjusted;1;-63,2110829072146;-24,975353916074;-12,5468821796076
SBA;Prec;16;Current landscape;0,0295524932444096;37,7619683065213;26,2154802467701;-25,9963461756472
SBA;Prec;16;Current landscape;0,0751648023724556;-10,5439380929972;-3,36145541077917;-54,4036959269663
SBA;Prec;16;Current landscape;0,124889642000198;44,0009185716083;77,4298635641994;37,2225182755515
SBA;Prec;16;Current landscape;0,176089107990265;27,2776130222917;55,148920227967;21,3449107957867
SBA;Prec;16;Current landscape;0,227621987462044;69,1100213003811;67,5615887856868;32,5546792483424
SBA;Prec;16;Current landscape;0,275360494852066;43,4354526728973;71,2920420383976;41,8681446051899
SBA;Prec;16;Current landscape;0,324683338403702;54,8314199052966;81,2382380914035;22,0797512155689
SBA;Prec;16;Current landscape;0,37577223777771;7,68948647259845;64,1050198229527;35,1846800236544
SBA;Prec;16;Current landscape;0,423541069030762;14,7449308961166;58,1546324270414;-7,94930758007854
SBA;Prec;16;Current landscape;0,478470593690872;39,9482814029;53,0841042834168;60,1830010730603
SBA;Prec;16;Current landscape;0,51925265789032;29,0453643489648;77,7120137229135;53,1656469198788
SBA;Prec;16;Current landscape;0,577617824077606;67,9038670282662;89,9614080357446;92,2219415079717
SBA;Prec;16;Current landscape;0,626039028167725;63,8609641267374;130,291865122444;123,135094462075
SBA;Prec;16;Current landscape;0,672588884830475;50,1379178096081;142,738740116266;122,866861823446
SBA;Prec;16;Current landscape;0,724579811096191;95,8649755043436;152,758308634428;144,076160647248
SBA;Prec;16;Current landscape;0,776814341545105;33,0542911292996;143,131476946911;120,279073639681
SBA;Prec;16;Current landscape;0,820188105106354;79,230160658756;160,914871370783;125,455417281353
SBA;Prec;16;Current landscape;0,875079929828644;40,7777611864919;107,453442092119;110,256130264262
SBA;Prec;16;Current landscape;0,928173810243607;4,30633174273339;83,7822176061509;82,2433228413736
SBA;Prec;16;Current landscape;1;113,187303454773;188,827250681924;125,191229823386
SBA;Prec;17;Spatially adjusted;0,01;-3,25150444403585;0,520503980275862;14,7934912015189
SBA;Prec;17;Spatially adjusted;0,0302040816326531;-2,8988099627536;0,0605604431295888;14,1761982718378
SBA;Prec;17;Spatially adjusted;0,0504081632653061;-2,54512036294432;-0,397589766902684;13,5615107328815
SBA;Prec;17;Spatially adjusted;0,0706122448979592;-2,18944052608231;-0,852153322707181;12,9520339753758
SBA;Prec;17;Spatially adjusted;0,0908163265306122;-1,83077533364053;-1,3013368971699;12,3503733900454
SBA;Prec;17;Spatially adjusted;0,111020408163265;-1,46812966709217;-1,7433471631773;11,7591343676154
SBA;Prec;17;Spatially adjusted;0,131224489795918;-1,10050840791109;-2,17639079361516;11,1809222988111
SBA;Prec;17;Spatially adjusted;0,151428571428571;-0,726916437570708;-2,59867446136968;10,6183425743575
SBA;Prec;17;Spatially adjusted;0,171632653061224;-0,346358637543972;-3,00840483932711;10,0740005849798
SBA;Prec;17;Spatially adjusted;0,191836734693878;0,0421601106954768;-3,40378860037322;9,55050172140295
SBA;Prec;17;Spatially adjusted;0,212040816326531;0,439634925673772;-3,78303241739422;9,05045137435241
SBA;Prec;17;Spatially adjusted;0,232244897959184;0,847060925917958;-4,14434296327636;8,57645493455289
SBA;Prec;17;Spatially adjusted;0,252448979591837;1,26543322995485;-4,48592691090585;8,13111779272958
SBA;Prec;17;Spatially adjusted;0,27265306122449;1,69574695631036;-4,80599093316846;7,71704533960792
SBA;Prec;17;Spatially adjusted;0,292857142857143;2,13899722351152;-5,10274170295065;7,33684296591309
SBA;Prec;17;Spatially adjusted;0,313061224489796;2,59617915008494;-5,3743858931382;6,99311606236961
SBA;Prec;17;Spatially adjusted;0,333265306122449;3,06828785455696;-5,61913017661732;6,68847001970312
SBA;Prec;17;Spatially adjusted;0,353469387755102;3,55310609988601;-5,83648874783512;6,42385149680672
SBA;Prec;17;Spatially adjusted;0,373673469387755;4,03556722675671;-6,03120588748243;6,19357222524445
SBA;Prec;17;Spatially adjusted;0,393877551020408;4,49739222028552;-6,2093333978105;5,99028520474872
SBA;Prec;17;Spatially adjusted;0,414081632653061;4,92030206558957;-6,37692308107148;5,80664343505259
SBA;Prec;17;Spatially adjusted;0,434285714285714;5,28601774778485;-6,54002673951641;5,63529991588803
SBA;Prec;17;Spatially adjusted;0,454489795918367;5,57626025198829;-6,70469617539743;5,46890764698787
SBA;Prec;17;Spatially adjusted;0,47469387755102;5,77275056331564;-6,87698319096558;5,30011962808408
SBA;Prec;17;Spatially adjusted;0,494897959183674;5,85720966688405;-7,062939588473;5,12158885890926
SBA;Prec;17;Spatially adjusted;0,515102040816327;5,81135854781041;-7,26861717017118;4,92596833919561
SBA;Prec;17;Spatially adjusted;0,53530612244898;5,61691819121029;-7,5000677383116;4,70591106867596
SBA;Prec;17;Spatially adjusted;0,555510204081633;5,25560958220126;-7,76334309514618;4,45407004708295
SBA;Prec;17;Spatially adjusted;0,575714285714286;4,7091537058991;-8,06449504292618;4,1630982741483
SBA;Prec;17;Spatially adjusted;0,595918367346939;3,95927154742026;-8,40957538390353;3,82564874960463
SBA;Prec;17;Spatially adjusted;0,616122448979592;2,98768409188165;-8,80463592032947;3,43437447318502
SBA;Prec;17;Spatially adjusted;0,636326530612245;1,77611232439972;-9,25572845445618;2,98192844462096
SBA;Prec;17;Spatially adjusted;0,656530612244898;0,306277230091155;-9,76890478853466;2,46096366364554
SBA;Prec;17;Spatially adjusted;0,676734693877551;-1,44010020592782;-10,3502167248168;1,86413312999116
SBA;Prec;17;Spatially adjusted;0,696938775510204;-3,47518144026208;-11,003934646383;1,18618114294418
SBA;Prec;17;Spatially adjusted;0,717142857142857;-5,78665769640315;-11,7272032596256;0,430217200009793
SBA;Prec;17;Spatially adjusted;0,73734693877551;-8,35610263956369;-12,515385851767;-0,398557901752838
SBA;Prec;17;Spatially adjusted;0,757551020408163;-11,1650899349568;-13,3638457100283;-1,29494336528501
SBA;Prec;17;Spatially adjusted;0,777755102040816;-14,1951932477953;-14,2679461216308;-2,25373839352687
SBA;Prec;17;Spatially adjusted;0,797959183673469;-17,4279862432918;-15,2230503737965;-3,2697421894195
SBA;Prec;17;Spatially adjusted;0,818163265306122;-20,8450425866595;-16,2245217537468;-4,33775395590419
SBA;Prec;17;Spatially adjusted;0,838367346938776;-24,4279359431109;-17,2677235487031;-5,45257289592132
SBA;Prec;17;Spatially adjusted;0,858571428571429;-28,1582399778595;-18,3480190458872;-6,60899821241173
SBA;Prec;17;Spatially adjusted;0,878775510204082;-32,0175283561177;-19,4607715325203;-7,80182910831604
SBA;Prec;17;Spatially adjusted;0,898979591836735;-35,9873747430988;-20,6013442958244;-9,02586478657577
SBA;Prec;17;Spatially adjusted;0,919183673469388;-40,0493528040149;-21,7651006230205;-10,2759044501311
SBA;Prec;17;Spatially adjusted;0,939387755102041;-44,1850362040802;-22,9474038013307;-11,5467473019232
SBA;Prec;17;Spatially adjusted;0,959591836734694;-48,3759986085063;-24,1436171179762;-12,8331925448927
SBA;Prec;17;Spatially adjusted;0,979795918367347;-52,6038136825068;-25,3491038601785;-14,1300393819809
SBA;Prec;17;Spatially adjusted;1;-56,8500550912945;-26,5592273151594;-15,4320870161278
SBA;Prec;17;Current landscape;0,0268565211445093;28,1322057631521;42,8502178471135;28,7792749642092
SBA;Prec;17;Current landscape;0,0740663409233093;4,42515796789075;28,4468310825039;0,108804269417988
SBA;Prec;17;Current landscape;0,125214353203773;64,8622417125307;91,6539545817038;40,8954471006341
SBA;Prec;17;Current landscape;0,177271008491516;24,1468142144095;35,8479424271202;22,2895519572321
SBA;Prec;17;Current landscape;0,224128007888794;18,3625502525563;21,4276562481821;24,1970948458038
SBA;Prec;17;Current landscape;0,277243703603745;58,5981749655591;86,4930759880958;70,6492576010551
SBA;Prec;17;Current landscape;0,326289653778076;58,6744024668649;62,6793679186048;33,490613496064
SBA;Prec;17;Current landscape;0,373312532901764;42,9122961893713;100,654905445785;74,3335997896502
SBA;Prec;17;Current landscape;0,423912584781647;-5,04911152423938;36,4967005939977;46,1970867997966
SBA;Prec;17;Current landscape;0,478705108165741;22,2602741615788;83,6689714456513;32,6002039835767
SBA;Prec;17;Current landscape;0,52238267660141;4,16944124733777;50,3301004535617;15,1227322642415
SBA;Prec;17;Current landscape;0,575533509254456;37,2040746230828;86,9393079979232;64,5734984158485
SBA;Prec;17;Current landscape;0,624758839607239;-2,73887549856408;91,921905175536;68,3071900566072
SBA;Prec;17;Current landscape;0,675508797168732;29,5492949364452;120,503847678122;113,417893379122
SBA;Prec;17;Current landscape;0,723981559276581;44,8160326357718;128,554393178033;84,2983472765393
SBA;Prec;17;Current landscape;0,772446870803833;55,2780504882492;123,653730621221;128,153818297544
SBA;Prec;17;Current landscape;0,826051294803619;54,3929941845101;116,889099301098;99,904901846628
SBA;Prec;17;Current landscape;0,876672685146332;19,09831257106;90,1152401436289;98,2526397912923
SBA;Prec;17;Current landscape;0,922335743904114;22,532302861011;93,7897914665391;66,3009261982675
SBA;Prec;17;Current landscape;1;198,291737338458;204,11582155525;120,835586320131
SBA;Prec;18;Spatially adjusted;0,01;3,95397836093684;-4,82074458297052;6,98726880973095
SBA;Prec;18;Spatially adjusted;0,0302040816326531;3,83437064006466;-4,81067787328061;7,35707900174793
SBA;Prec;18;Spatially adjusted;0,0504081632653061;3,71851840870477;-4,79807396599654;7,7229883729633
SBA;Prec;18;Spatially adjusted;0,0706122448979592;3,61017715636854;-4,780395663523;8,08109610257407
SBA;Prec;18;Spatially adjusted;0,0908163265306122;3,51310237256871;-4,75510576826628;8,42750136977838
SBA;Prec;18;Spatially adjusted;0,111020408163265;3,43104954681712;-4,7196670826313;8,75830335377441
SBA;Prec;18;Spatially adjusted;0,131224489795918;3,3677741686256;-4,67154240902346;9,06960123375961
SBA;Prec;18;Spatially adjusted;0,151428571428571;3,32703172750666;-4,6081945498488;9,35749418893192
SBA;Prec;18;Spatially adjusted;0,171632653061224;3,31257771297214;-4,52708630751249;9,61808139848972
SBA;Prec;18;Spatially adjusted;0,191836734693878;3,32816761453387;-4,4256804844199;9,84746204163025
SBA;Prec;18;Spatially adjusted;0,212040816326531;3,37755692170413;-4,30143988297641;10,0417352975517
SBA;Prec;18;Spatially adjusted;0,232244897959184;3,46450112399521;-4,15182730558763;10,1970003454519
SBA;Prec;18;Spatially adjusted;0,252448979591837;3,59275571091871;-3,97430555465962;10,3093563645286
SBA;Prec;18;Spatially adjusted;0,27265306122449;3,76607617198647;-3,76633743259686;10,3749025339796
SBA;Prec;18;Spatially adjusted;0,292857142857143;3,98821799671123;-3,52538574180517;10,3897380330031
SBA;Prec;18;Spatially adjusted;0,313061224489796;4,26293667460482;-3,24891328469062;10,349962040797
SBA;Prec;18;Spatially adjusted;0,333265306122449;4,59398769517907;-2,9343828636579;10,2516737365588
SBA;Prec;18;Spatially adjusted;0,353469387755102;4,98074313000029;-2,58202297700905;10,0922043540213
SBA;Prec;18;Spatially adjusted;0,373673469387755;5,40504137885046;-2,20312490663105;9,87381334505721
SBA;Prec;18;Spatially adjusted;0,393877551020408;5,84433742356464;-1,81174563030709;9,59999221607336
SBA;Prec;18;Spatially adjusted;0,414081632653061;6,27608624597974;-1,42194212581944;9,27423247347724
SBA;Prec;18;Spatially adjusted;0,434285714285714;6,67774282793084;-1,04777137095243;8,90002562367567
SBA;Prec;18;Spatially adjusted;0,454489795918367;7,02676215125439;-0,703290343488334;8,48086317307661
SBA;Prec;18;Spatially adjusted;0,47469387755102;7,30059919778546;-0,402556021210557;8,02023662808642
SBA;Prec;18;Spatially adjusted;0,494897959183674;7,47670894936073;-0,15962538190206;7,52163749511283
SBA;Prec;18;Spatially adjusted;0,515102040816327;7,5325463878155;0,0114445966539734;6,9885572805631
SBA;Prec;18;Spatially adjusted;0,53530612244898;7,445566494986;0,0965969366743593;6,42448749084406
SBA;Prec;18;Spatially adjusted;0,555510204081633;7,19322425270798;0,0817746603759133;5,83291963236343
SBA;Prec;18;Spatially adjusted;0,575714285714286;6,75297464281698;-0,0470792100243216;5,2173452115278
SBA;Prec;18;Spatially adjusted;0,595918367346939;6,10227264714922;-0,304021652309302;4,5812557347449
SBA;Prec;18;Spatially adjusted;0,616122448979592;5,21857324754069;-0,703109644262213;3,928142708422
SBA;Prec;18;Spatially adjusted;0,636326530612245;4,07933142582647;-1,25840016366647;3,26149763896615
SBA;Prec;18;Spatially adjusted;0,656530612244898;2,66200216384323;-1,98395018830479;2,58481203278438
SBA;Prec;18;Spatially adjusted;0,676734693877551;0,944040443426729;-2,8938166959606;1,90157739628421
SBA;Prec;18;Spatially adjusted;0,696938775510204;-1,08997481851247;-3,99764744456979;1,21473516734545
SBA;Prec;18;Spatially adjusted;0,717142857142857;-3,42696896476195;-5,28745331267896;0,525026509739973
SBA;Prec;18;Spatially adjusted;0,73734693877551;-6,04674340303404;-6,75083595898877;-0,167357481288036
SBA;Prec;18;Spatially adjusted;0,757551020408163;-8,92909954104175;-8,37539704219921;-0,862225710493931
SBA;Prec;18;Spatially adjusted;0,777755102040816;-12,0538387864979;-10,1487382210096;-1,55938708263307
SBA;Prec;18;Spatially adjusted;0,797959183673469;-15,4007625471149;-12,0584611541206;-2,25865050246148
SBA;Prec;18;Spatially adjusted;0,818163265306122;-18,9496722306051;-14,0921675002317;-2,9598248747343
SBA;Prec;18;Spatially adjusted;0,838367346938776;-22,6803692446815;-16,2374589180429;-3,66271910420755
SBA;Prec;18;Spatially adjusted;0,858571428571429;-26,5726549970566;-18,4819370662547;-4,36714209563615
SBA;Prec;18;Spatially adjusted;0,878775510204082;-30,6063308954433;-20,8132036035663;-5,07290275377613
SBA;Prec;18;Spatially adjusted;0,898979591836735;-34,7611983475542;-23,2188601886783;-5,77980998338262
SBA;Prec;18;Spatially adjusted;0,919183673469388;-39,0170587611019;-25,6865084802903;-6,48767268921165
SBA;Prec;18;Spatially adjusted;0,939387755102041;-43,3537135437989;-28,2037501371024;-7,19629977601835
SBA;Prec;18;Spatially adjusted;0,959591836734694;-47,7509641033576;-30,7581868178149;-7,9055001485583
SBA;Prec;18;Spatially adjusted;0,979795918367347;-52,1886118474915;-33,3374201811273;-8,61508271158755
SBA;Prec;18;Spatially adjusted;1;-56,646458183913;-35,9290518857395;-9,32485636986075
SBA;Prec;18;Current landscape;0,0264345724135637;57,8821324189828;73,6426450731365;60,5789260942231
SBA;Prec;18;Current landscape;0,0769674405455589;18,9565319367828;26,7028858550582;-8,70895585305584
SBA;Prec;18;Current landscape;0,122981235384941;29,5490347642083;40,9935612802394;27,9457022806068
SBA;Prec;18;Current landscape;0,177855744957924;15,6491215827689;55,5936889710156;10,7842740427477
SBA;Prec;18;Current landscape;0,224272266030312;11,8752019162525;63,0752362902538;57,7169252507056
SBA;Prec;18;Current landscape;0,27974146604538;10,9826428582285;47,0261056862807;26,2574187740918
SBA;Prec;18;Current landscape;0,327153891324997;22,2537976271137;30,308972094092;42,4391002039881
SBA;Prec;18;Current landscape;0,374148800969124;23,4955139493707;68,2550406267003;20,8446072737015
SBA;Prec;18;Current landscape;0,424896851181984;4,25643468845442;56,6948943880216;46,7522494661939
SBA;Prec;18;Current landscape;0,475343286991119;30,8647347930601;75,2909749238104;87,5138214722899
SBA;Prec;18;Current landscape;0,524379074573517;77,3260790147417;109,092144132019;113,579669949987
SBA;Prec;18;Current landscape;0,573802560567856;74,7564236584337;116,867666947598;107,87228330536
SBA;Prec;18;Current landscape;0,624847590923309;72,0643199328974;148,506011144805;148,643091537379
SBA;Prec;18;Current landscape;0,672971487045288;55,1110266809665;128,116520158114;120,845420491914
SBA;Prec;18;Current landscape;0,728053510189056;65,4081072232975;130,499353457616;114,140241401173
SBA;Prec;18;Current landscape;0,775067865848541;-1,97301329077641;79,5073024699411;93,9890978208759
SBA;Prec;18;Current landscape;0,824113637208939;34,8784620991698;87,3896521813372;87,3232113198835
SBA;Prec;18;Current landscape;0,878711581230164;59,7060586332846;101,839761309998;114,157536475482
SBA;Prec;18;Current landscape;0,928069829940796;24,3505033427114;84,3781981583097;75,0509421667159
SBA;Prec;18;Current landscape;1;118,584194654648;210,673641476558;158,423815867512
SBA;Prec;19;Spatially adjusted;0,01;3,80805700742508;-0,756554701727282;8,32500364483599
SBA;Prec;19;Spatially adjusted;0,0302040816326531;3,79894661451044;-0,763049533976982;8,9639901976434
SBA;Prec;19;Spatially adjusted;0,0504081632653061;3,79145250260285;-0,7696767030518;9,59597170358779
SBA;Prec;19;Spatially adjusted;0,0706122448979592;3,78719095270935;-0,776568545776854;10,2139431158066
SBA;Prec;19;Spatially adjusted;0,0908163265306122;3,78777824583699;-0,783857398977489;10,8108993874368
SBA;Prec;19;Spatially adjusted;0,111020408163265;3,79483066299326;-0,791675599479049;11,3798354716157
SBA;Prec;19;Spatially adjusted;0,131224489795918;3,80996448518454;-0,800155484105972;11,9137463214799
SBA;Prec;19;Spatially adjusted;0,151428571428571;3,83479599341786;-0,809429389683828;12,4056268901668
SBA;Prec;19;Spatially adjusted;0,171632653061224;3,87094146870095;-0,819629653037964;12,8484721308139
SBA;Prec;19;Spatially adjusted;0,191836734693878;3,92001719204063;-0,83088861099327;13,2352769965578
SBA;Prec;19;Spatially adjusted;0,212040816326531;3,9836394444435;-0,843338600375091;13,5590364405359
SBA;Prec;19;Spatially adjusted;0,232244897959184;4,06342450691727;-0,857111958008545;13,8127454158853
SBA;Prec;19;Spatially adjusted;0,252448979591837;4,16098866046855;-0,872341020718523;13,9893988757428
SBA;Prec;19;Spatially adjusted;0,27265306122449;4,27794818610482;-0,889158125330596;14,081991773246
SBA;Prec;19;Spatially adjusted;0,292857142857143;4,41591936483246;-0,907695608669655;14,0835190615319
SBA;Prec;19;Spatially adjusted;0,313061224489796;4,57651847765919;-0,928085807560819;13,9869756937376
SBA;Prec;19;Spatially adjusted;0,333265306122449;4,76136180559183;-0,950461058829433;13,7853566230001
SBA;Prec;19;Spatially adjusted;0,353469387755102;4,9686685044453;-0,975973128236319;13,4743364207225
SBA;Prec;19;Spatially adjusted;0,373673469387755;5,1830692292674;-1,00985149728444;13,0603081313732
SBA;Prec;19;Spatially adjusted;0,393877551020408;5,38579750991357;-1,05834507641362;12,5523444176858
SBA;Prec;19;Spatially adjusted;0,414081632653061;5,5580868762388;-1,12770277606273;11,9595179423948
SBA;Prec;19;Spatially adjusted;0,434285714285714;5,68117085809922;-1,22417350667047;11,2909013682336
SBA;Prec;19;Spatially adjusted;0,454489795918367;5,73628298535027;-1,35400617867663;10,5555673579365
SBA;Prec;19;Spatially adjusted;0,47469387755102;5,70465678784717;-1,52344970251988;9,76258857423772
SBA;Prec;19;Spatially adjusted;0,494897959183674;5,56752579544559;-1,73875298863936;8,92103767987101
SBA;Prec;19;Spatially adjusted;0,515102040816327;5,30612353800075;-2,00616494747442;8,03998733757067
SBA;Prec;19;Spatially adjusted;0,53530612244898;4,901683545369;-2,33193448946395;7,12851021007032
SBA;Prec;19;Spatially adjusted;0,555510204081633;4,33543934740464;-2,72231052504708;6,19567896010403
SBA;Prec;19;Spatially adjusted;0,575714285714286;3,58862447396405;-3,18354196466294;5,25056625040634
SBA;Prec;19;Spatially adjusted;0,595918367346939;2,64247245490242;-3,72187771875088;4,30224474371107
SBA;Prec;19;Spatially adjusted;0,616122448979592;1,47821682007498;-4,34356669774957;3,35978710275163
SBA;Prec;19;Spatially adjusted;0,636326530612245;0,0770910993380767;-5,05485781209859;2,43226599026298
SBA;Prec;19;Spatially adjusted;0,656530612244898;-1,57967117745352;-5,86199997223662;1,52875406897829
SBA;Prec;19;Spatially adjusted;0,676734693877551;-3,51083648044437;-6,771242088603;0,658324001632309
SBA;Prec;19;Spatially adjusted;0,696938775510204;-5,72898968583399;-7,78666295253629;-0,171902769045801
SBA;Prec;19;Spatially adjusted;0,717142857142857;-8,2219892940459;-8,90366087896973;-0,962609680343348
SBA;Prec;19;Spatially adjusted;0,73734693877551;-10,9715122115581;-10,1154640637376;-1,71643138955278
SBA;Prec;19;Spatially adjusted;0,757551020408163;-13,959235344849;-11,4153007026725;-2,43600255396586
SBA;Prec;19;Spatially adjusted;0,777755102040816;-17,1668356003986;-12,7963989916079;-3,12395783087436
SBA;Prec;19;Spatially adjusted;0,797959183673469;-20,5759898846834;-14,2519871263773;-3,78293187757072
SBA;Prec;19;Spatially adjusted;0,818163265306122;-24,1683751041833;-15,7752933028141;-4,41555935134693
SBA;Prec;19;Spatially adjusted;0,838367346938776;-27,9256681653765;-17,3595457167512;-5,02447490949498
SBA;Prec;19;Spatially adjusted;0,858571428571429;-31,8295459747412;-18,9979725640219;-5,61231320930665
SBA;Prec;19;Spatially adjusted;0,878775510204082;-35,8616854387565;-20,6838020404596;-6,18170890807414
SBA;Prec;19;Spatially adjusted;0,898979591836735;-40,0037634639;-22,4102623418978;-6,73529666308968
SBA;Prec;19;Spatially adjusted;0,919183673469388;-44,2374569566514;-24,1705816641695;-7,27571113164504
SBA;Prec;19;Spatially adjusted;0,939387755102041;-48,5444428234885;-25,957988203108;-7,8055869710322
SBA;Prec;19;Spatially adjusted;0,959591836734694;-52,9063979708901;-27,7657101545465;-8,32755883854316
SBA;Prec;19;Spatially adjusted;0,979795918367347;-57,3049993053342;-29,5869757143187;-8,84426139147013
SBA;Prec;19;Spatially adjusted;1;-61,7219237333;-31,4150130782575;-9,35832928710533
SBA;Prec;19;Current landscape;0,0256522092968225;32,1161864046769;52,805299036181;21,6308065747435
SBA;Prec;19;Current landscape;0,0763901621103287;-6,46902432753836;16,921746321618;6,63714377468955
SBA;Prec;19;Current landscape;0,125240534543991;21,917403276952;30,9389959910461;23,5947020286458
SBA;Prec;19;Current landscape;0,175219297409058;-17,3410044267021;2,72649373478794;15,5805875439448
SBA;Prec;19;Current landscape;0,223026663064957;11,5183257280667;18,959211483053;22,9183464643659
SBA;Prec;19;Current landscape;0,277568727731705;55,6674299484432;92,1204568625153;68,9988429217892
SBA;Prec;19;Current landscape;0,32871013879776;56,9068250089013;88,5418289641784;91,3917838866737
SBA;Prec;19;Current landscape;0,373116284608841;80,629751904193;116,967212091339;115,57769674738
SBA;Prec;19;Current landscape;0,425125330686569;27,3589116890119;108,46491772063;69,7408019308837
SBA;Prec;19;Current landscape;0,475077137351037;17,3877786107582;69,5753855661062;52,5705865419498
SBA;Prec;19;Current landscape;0,524925291538239;-10,6311730957834;21,6488629811929;-15,600991462097
SBA;Prec;19;Current landscape;0,574876725673676;57,0606266064694;85,0679861849785;78,7149061925529
SBA;Prec;19;Current landscape;0,62554657459259;35,3829775776158;91,7228464403891;89,8024143788084
SBA;Prec;19;Current landscape;0,676603376865387;100,519126712249;198,521204654798;178,491039021737
SBA;Prec;19;Current landscape;0,726836264133453;37,3657840283258;144,274034788628;60,6207227068328
SBA;Prec;19;Current landscape;0,773541271686554;15,6418625272543;98,9180340394473;74,1083142337989
SBA;Prec;19;Current landscape;0,825525164604187;-36,733940108443;95,4116829960817;63,5141523873067
SBA;Prec;19;Current landscape;0,875840485095978;22,2803815623547;104,506635744159;105,468688827326
SBA;Prec;19;Current landscape;0,925817310810089;-18,4458291427468;71,5204186198312;92,835011705512
SBA;Prec;19;Current landscape;1;101,344662463995;206,119371289794;152,415046086004
SBA;Prec;20;Spatially adjusted;0,01;2,67422173365844;-4,4443591770646;10,9234331133775
SBA;Prec;20;Spatially adjusted;0,0302040816326531;2,64046406486409;-4,85642740220646;11,2668314777179
SBA;Prec;20;Spatially adjusted;0,0504081632653061;2,61046990876889;-5,2625076298034;11,6056443896882
SBA;Prec;20;Spatially adjusted;0,0706122448979592;2,58800277807177;-5,65661186231023;11,9352863969184
SBA;Prec;20;Spatially adjusted;0,0908163265306122;2,57682618547119;-6,03275210218135;12,2511720470379
SBA;Prec;20;Spatially adjusted;0,111020408163265;2,58070364366699;-6,38494035187273;12,548715887677
SBA;Prec;20;Spatially adjusted;0,131224489795918;2,60339866535719;-6,70718861383853;12,8233324664652
SBA;Prec;20;Spatially adjusted;0,151428571428571;2,64867476324162;-6,99350889053358;13,0704363310324
SBA;Prec;20;Spatially adjusted;0,171632653061224;2,72029545001897;-7,2379131844134;13,2854420290087
SBA;Prec;20;Spatially adjusted;0,191836734693878;2,82202423838817;-7,43441349793238;13,4637641080235
SBA;Prec;20;Spatially adjusted;0,212040816326531;2,95762464104791;-7,57702183354559;13,6008171157071
SBA;Prec;20;Spatially adjusted;0,232244897959184;3,13086017069759;-7,65975019370808;13,6920155996893
SBA;Prec;20;Spatially adjusted;0,252448979591837;3,34549434003611;-7,67661058087469;13,7327741075994
SBA;Prec;20;Spatially adjusted;0,27265306122449;3,60529066176241;-7,6216149975005;13,7185071870679
SBA;Prec;20;Spatially adjusted;0,292857142857143;3,91401264857541;-7,48877544603988;13,6446293857243
SBA;Prec;20;Spatially adjusted;0,313061224489796;4,27542381317403;-7,27210392894835;13,5065552511987
SBA;Prec;20;Spatially adjusted;0,333265306122449;4,69328766825765;-6,96561244868053;13,2996993311208
SBA;Prec;20;Spatially adjusted;0,353469387755102;5,16696379123232;-6,56753719776202;13,0211755558214
SBA;Prec;20;Spatially adjusted;0,373673469387755;5,67819601833548;-6,09301112899925;12,674895386436
SBA;Prec;20;Spatially adjusted;0,393877551020408;6,20432425051195;-5,56139138526964;12,2664696668007
SBA;Prec;20;Spatially adjusted;0,414081632653061;6,72268838870627;-4,9920351094504;11,8015092407516
SBA;Prec;20;Spatially adjusted;0,434285714285714;7,21062833386282;-4,40429944441826;11,2856249521253
SBA;Prec;20;Spatially adjusted;0,454489795918367;7,64548398692705;-3,81754153305133;10,7244276447582
SBA;Prec;20;Spatially adjusted;0,47469387755102;8,00459524884332;-3,25111851822589;10,1235281624863
SBA;Prec;20;Spatially adjusted;0,494897959183674;8,26530202055596;-2,72438754281984;9,4885373491461
SBA;Prec;20;Spatially adjusted;0,515102040816327;8,40494420301047;-2,25670574970968;8,82506604857394
SBA;Prec;20;Spatially adjusted;0,53530612244898;8,40086169715119;-1,8674302817733;8,13872510460556
SBA;Prec;20;Spatially adjusted;0,555510204081633;8,23039440392245;-1,57591828188743;7,43512536107801
SBA;Prec;20;Spatially adjusted;0,575714285714286;7,87088222426974;-1,40152689292927;6,71987766182747
SBA;Prec;20;Spatially adjusted;0,595918367346939;7,2996650591374;-1,36361325777671;5,99859285068965
SBA;Prec;20;Spatially adjusted;0,616122448979592;6,49408280946977;-1,48153451930602;5,27688177150162
SBA;Prec;20;Spatially adjusted;0,636326530612245;5,43147537621212;-1,77464782039465;4,56035526809887
SBA;Prec;20;Spatially adjusted;0,656530612244898;4,08918266030901;-2,26231030392023;3,85462418431871
SBA;Prec;20;Spatially adjusted;0,676734693877551;2,44454456270546;-2,96387911275929;3,16529936399638
SBA;Prec;20;Spatially adjusted;0,696938775510204;0,482063141279241;-3,89305537151631;2,49682716546181
SBA;Prec;20;Spatially adjusted;0,717142857142857;-1,78511091835571;-5,04091613170272;1,84899600501603
SBA;Prec;20;Spatially adjusted;0,73734693877551;-4,33666477365182;-6,39288242655607;1,22042981345271
SBA;Prec;20;Spatially adjusted;0,757551020408163;-7,15228558206286;-7,93437528931463;0,609752521566406
SBA;Prec;20;Spatially adjusted;0,777755102040816;-10,2116605010406;-9,65081575321642;0,0155880601512308
SBA;Prec;20;Spatially adjusted;0,797959183673469;-13,4944766880376;-11,5276248514995;-0,56343963999916
SBA;Prec;20;Spatially adjusted;0,818163265306122;-16,9804213005077;-13,550223617402;-1,1287066480902
SBA;Prec;20;Spatially adjusted;0,838367346938776;-20,6491814959029;-15,7040330841621;-1,68158903332801
SBA;Prec;20;Spatially adjusted;0,858571428571429;-24,480444431676;-17,9744742850176;-2,2234628649187
SBA;Prec;20;Spatially adjusted;0,878775510204082;-28,4538972652799;-20,3469682532066;-2,75570421206794
SBA;Prec;20;Spatially adjusted;0,898979591836735;-32,5492271541673;-22,8069360219674;-3,27968914398161
SBA;Prec;20;Spatially adjusted;0,919183673469388;-36,7461212557912;-25,3397986245379;-3,79679372986584
SBA;Prec;20;Spatially adjusted;0,939387755102041;-41,0242667276038;-27,9309770941561;-4,30839403892651
SBA;Prec;20;Spatially adjusted;0,959591836734694;-45,3633507270583;-30,5658924640602;-4,81586614036928
SBA;Prec;20;Spatially adjusted;0,979795918367347;-49,7430604116071;-33,229965767488;-5,32058610340027
SBA;Prec;20;Spatially adjusted;1;-54,1430829387034;-35,9086180376778;-5,82392999722515
SBA;Prec;20;Current landscape;0,0278856828808784;60,0633907199012;76,344234550877;40,2027270924875
SBA;Prec;20;Current landscape;0,0735370814800262;44,6239500725999;68,4690634757794;57,267222112516
SBA;Prec;20;Current landscape;0,127593114972115;-18,2701615204746;28,1738456478174;8,57132370528484
SBA;Prec;20;Current landscape;0,179000705480576;23,223450432602;68,2001632000618;37,3332672996244
SBA;Prec;20;Current landscape;0,22770120203495;-26,8878380730509;-23,0159188159821;20,6075728999715
SBA;Prec;20;Current landscape;0,276856482028961;19,5731050415516;19,0968003116052;60,1738347064502
SBA;Prec;20;Current landscape;0,325777053833008;79,7201837694527;93,2778394734455;103,007027043874
SBA;Prec;20;Current landscape;0,375927835702896;9,2971362164094;74,5112237898482;66,5105427222125
SBA;Prec;20;Current landscape;0,423000767827034;6,86117920970492;62,6428977747903;76,5674265669397
SBA;Prec;20;Current landscape;0,475941628217697;38,4418610063617;50,6274566414829;40,9444252458616
SBA;Prec;20;Current landscape;0,524346530437469;39,563274685763;49,6245685285353;29,5673906351381
SBA;Prec;20;Current landscape;0,575647532939911;86,7538047084313;102,829308278867;51,2222713103306
SBA;Prec;20;Current landscape;0,627766132354736;84,0749845036423;120,781157745192;113,429289419394
SBA;Prec;20;Current landscape;0,674852073192596;111,336775376722;140,446823354653;146,132979884647
SBA;Prec;20;Current landscape;0,720580041408539;58,1058744258053;128,364982150195;111,638128005978
SBA;Prec;20;Current landscape;0,774830281734467;50,2351838247496;144,913485206477;128,542038741686
SBA;Prec;20;Current landscape;0,826726853847504;51,4519353265882;130,737089750991;124,577594065215
SBA;Prec;20;Current landscape;0,879382997751236;45,8259857012279;116,594018214058;92,7773374005637
SBA;Prec;20;Current landscape;0,927092969417572;25,5600840169579;74,7691616088932;75,5296870148889
SBA;Prec;20;Current landscape;1;111,365772425445;185,331892669142;159,349800916058
SBA;Prec;21;Spatially adjusted;0,01;3,20678878463241;-5,5806534638084;8,08946736293797
SBA;Prec;21;Spatially adjusted;0,0302040816326531;2,65222707285488;-5,59313687656436;8,4200421241012
SBA;Prec;21;Spatially adjusted;0,0504081632653061;2,10453816223708;-5,60412350263232;8,74599949660092
SBA;Prec;21;Spatially adjusted;0,0706122448979592;1,57059485393961;-5,61211655532361;9,06272209177405
SBA;Prec;21;Spatially adjusted;0,0908163265306122;1,05726994912266;-5,61561924795046;9,3655925209564
SBA;Prec;21;Spatially adjusted;0,111020408163265;0,571436248945702;-5,61313479382443;9,6499933954849
SBA;Prec;21;Spatially adjusted;0,131224489795918;0,119966554568919;-5,60316640625797;9,91130732669626
SBA;Prec;21;Spatially adjusted;0,151428571428571;-0,290266332847295;-5,58421729856195;10,144916925927
SBA;Prec;21;Spatially adjusted;0,171632653061224;-0,65238961214277;-5,55479068404884;10,3462048045133
SBA;Prec;21;Spatially adjusted;0,191836734693878;-0,959530482157561;-5,51338977603018;10,5105535737919
SBA;Prec;21;Spatially adjusted;0,212040816326531;-1,20481614173195;-5,45851778781821;10,6333458450993
SBA;Prec;21;Spatially adjusted;0,232244897959184;-1,38137378970555;-5,38867793272402;10,7099642297721
SBA;Prec;21;Spatially adjusted;0,252448979591837;-1,4823306249184;-5,30237342406008;10,7357913391468
SBA;Prec;21;Spatially adjusted;0,27265306122449;-1,50081384621035;-5,19810747513793;10,7062097845599
SBA;Prec;21;Spatially adjusted;0,292857142857143;-1,42995065242121;-5,07438329926958;10,6166021773481
SBA;Prec;21;Spatially adjusted;0,313061224489796;-1,26286824239105;-4,92970410976659;10,4623511288478
SBA;Prec;21;Spatially adjusted;0,333265306122449;-0,992693814959921;-4,76257311994073;10,2388392503954
SBA;Prec;21;Spatially adjusted;0,353469387755102;-0,618169908208301;-4,57334114128503;9,94312962425761
SBA;Prec;21;Spatially adjusted;0,373673469387755;-0,160500417180174;-4,3697493780162;9,57900721642
SBA;Prec;21;Spatially adjusted;0,393877551020408;0,353495423840513;-4,16138663253196;9,1519374637985
SBA;Prec;21;Spatially adjusted;0,414081632653061;0,896998380568675;-3,95784170723005;8,66738580330866
SBA;Prec;21;Spatially adjusted;0,434285714285714;1,44318921871991;-3,76870340450796;8,13081767186645
SBA;Prec;21;Spatially adjusted;0,454489795918367;1,96524870400981;-3,60356052676366;7,54769850638695
SBA;Prec;21;Spatially adjusted;0,47469387755102;2,43635760215375;-3,47200187639487;6,92349374378659
SBA;Prec;21;Spatially adjusted;0,494897959183674;2,82969667886732;-3,3836162557991;6,26366882098091
SBA;Prec;21;Spatially adjusted;0,515102040816327;3,1184466998659;-3,34799246737452;5,57368917488543
SBA;Prec;21;Spatially adjusted;0,53530612244898;3,27578843086485;-3,37471931351843;4,85902024241591
SBA;Prec;21;Spatially adjusted;0,555510204081633;3,27490263758023;-3,47338559662876;4,12512746048787
SBA;Prec;21;Spatially adjusted;0,575714285714286;3,08897008572671;-3,65358011910303;3,37747626601731
SBA;Prec;21;Spatially adjusted;0,595918367346939;2,69117154102059;-3,92489168333896;2,62153209591997
SBA;Prec;21;Spatially adjusted;0,616122448979592;2,05468776917701;-4,29690909173473;1,86276038711139
SBA;Prec;21;Spatially adjusted;0,636326530612245;1,1526995359111;-4,77922114668763;1,10662657650732
SBA;Prec;21;Spatially adjusted;0,656530612244898;-0,0416123930610866;-5,38141665059538;0,358596101023522
SBA;Prec;21;Spatially adjusted;0,676734693877551;-1,5550672520244;-6,11308440585572;-0,375865602424256
SBA;Prec;21;Spatially adjusted;0,696938775510204;-3,40641063033786;-6,98076652849068;-1,09240227608325
SBA;Prec;21;Spatially adjusted;0,717142857142857;-5,58209353765983;-7,97881838901662;-1,79109437884972
SBA;Prec;21;Spatially adjusted;0,73734693877551;-8,06049333872306;-9,09854867157378;-2,47313154878361
SBA;Prec;21;Spatially adjusted;0,757551020408163;-10,8199873982596;-10,3312660603035;-3,13970342394441
SBA;Prec;21;Spatially adjusted;0,777755102040816;-13,8389530810034;-11,6682792393458;-3,79199964239137
SBA;Prec;21;Spatially adjusted;0,797959183673469;-17,0957677516863;-13,1008968928418;-4,43120984218399
SBA;Prec;21;Spatially adjusted;0,818163265306122;-20,5688087750414;-14,6204277049317;-5,05852366138174
SBA;Prec;21;Spatially adjusted;0,838367346938776;-24,2364535158015;-16,2181803597562;-5,67513073804435
SBA;Prec;21;Spatially adjusted;0,858571428571429;-28,0770793386996;-17,8854635414557;-6,28222071023106
SBA;Prec;21;Spatially adjusted;0,878775510204082;-32,0690636084685;-19,6135859341712;-6,88098321600137
SBA;Prec;21;Spatially adjusted;0,898979591836735;-36,1907836898402;-21,393856222043;-7,47260789341499
SBA;Prec;21;Spatially adjusted;0,919183673469388;-40,4206169475481;-23,217583089212;-8,0582843805314
SBA;Prec;21;Spatially adjusted;0,939387755102041;-44,7369407463248;-25,0760752198185;-8,63920231540942
SBA;Prec;21;Spatially adjusted;0,959591836734694;-49,1181324509037;-26,9606412980033;-9,21655133610921
SBA;Prec;21;Spatially adjusted;0,979795918367347;-53,5425694260164;-28,8625900079067;-9,79152108069025
SBA;Prec;21;Spatially adjusted;1;-57,9886290363966;-30,7732300336695;-10,3653011872116
SBA;Prec;21;Current landscape;0,0299242977052927;66,7495882685653;75,1112006468904;44,8682659888361
SBA;Prec;21;Current landscape;0,0734128654003144;11,0603742158289;16,9055709189149;-13,4098730671751
SBA;Prec;21;Current landscape;0,125099554657936;19,9268639206348;49,6686300278393;36,0004772996756
SBA;Prec;21;Current landscape;0,177993625402451;52,0298692420136;86,1067072494145;62,050784601392
SBA;Prec;21;Current landscape;0,223547086119652;4,1786720737789;35,7988394806587;5,06607663277555
SBA;Prec;21;Current landscape;0,273345053195953;41,1637253017063;57,3670123768438;23,6950922606788
SBA;Prec;21;Current landscape;0,327357441186905;37,8716413567224;106,100079039308;50,3939334457605
SBA;Prec;21;Current landscape;0,376022487878799;63,9299572511882;125,138824871719;126,12413286801
SBA;Prec;21;Current landscape;0,424283236265182;-13,6334521014996;14,9675883500913;4,98401071122044
SBA;Prec;21;Current landscape;0,479167461395264;59,6720608153971;115,210704709068;69,7699816414577
SBA;Prec;21;Current landscape;0,523283749818801;-9,23077408102245;25,6491786712259;-30,5092708951834
SBA;Prec;21;Current landscape;0,5751031935215;49,8108824207275;116,965683636373;69,5391771081015
SBA;Prec;21;Current landscape;0,623627662658691;22,4693815328687;71,5056982752401;81,2672215882797
SBA;Prec;21;Current landscape;0,67790824174881;18,0017817918615;106,841491831373;115,036764243906
SBA;Prec;21;Current landscape;0,724613279104233;77,2105717701513;98,382260246251;107,132857084452
SBA;Prec;21;Current landscape;0,778412520885468;60,9619157570721;120,696010230507;115,514546911108
SBA;Prec;21;Current landscape;0,823101758956909;37,6528219346631;97,6175221392373;80,2836566470601
SBA;Prec;21;Current landscape;0,872618913650513;5,60428375131664;90,1758710194195;92,0576122973514
SBA;Prec;21;Current landscape;0,927410125732422;-16,0272661128035;78,4428759636546;101,901801948445
SBA;Prec;21;Current landscape;1;75,090715064847;165,375934567165;153,334864631306
SBA;Prec;22;Spatially adjusted;0,01;-1,38174426473938;-3,00647716877438;10,7055587726352
SBA;Prec;22;Spatially adjusted;0,0302040816326531;-1,34666833293272;-3,26911955403943;10,3454252072984
SBA;Prec;22;Spatially adjusted;0,0504081632653061;-1,3062209495497;-3,5297162219033;9,98836434928648
SBA;Prec;22;Spatially adjusted;0,0706122448979592;-1,2550306630144;-3,78622145496524;9,6374489059242
SBA;Prec;22;Spatially adjusted;0,0908163265306122;-1,18772602175045;-4,03658953582476;9,29575158453622
SBA;Prec;22;Spatially adjusted;0,111020408163265;-1,09893557418172;-4,27877474708043;8,96634509244746
SBA;Prec;22;Spatially adjusted;0,131224489795918;-0,983287868732077;-4,51073137133176;8,65230213698328
SBA;Prec;22;Spatially adjusted;0,151428571428571;-0,83541145382469;-4,73041369117755;8,35669542546725
SBA;Prec;22;Spatially adjusted;0,171632653061224;-0,649934877884107;-4,93577598921684;8,08259766522519
SBA;Prec;22;Spatially adjusted;0,191836734693878;-0,42148668933396;-5,12477254804912;7,83308156358157
SBA;Prec;22;Spatially adjusted;0,212040816326531;-0,144695436597658;-5,29535765027299;7,61121982786131
SBA;Prec;22;Spatially adjusted;0,232244897959184;0,185810331900484;-5,44548557848771;7,42008516538908
SBA;Prec;22;Spatially adjusted;0,252448979591837;0,575402067737286;-5,57311061529254;7,2627502834896
SBA;Prec;22;Spatially adjusted;0,27265306122449;1,02945122248843;-5,67618704328652;7,14228788948799
SBA;Prec;22;Spatially adjusted;0,292857142857143;1,55332924773029;-5,75266914506824;7,06177069070873
SBA;Prec;22;Spatially adjusted;0,313061224489796;2,15240759503922;-5,80051120323742;7,02427139447696
SBA;Prec;22;Spatially adjusted;0,333265306122449;2,83205771599137;-5,8176675003931;7,03286270811736
SBA;Prec;22;Spatially adjusted;0,353469387755102;3,59249506547712;-5,80387683314143;7,08862508456673
SBA;Prec;22;Spatially adjusted;0,373673469387755;4,41331111164595;-5,76601605411884;7,18466995921176
SBA;Prec;22;Spatially adjusted;0,393877551020408;5,26894132596021;-5,71274652996885;7,31211651305011
SBA;Prec;22;Spatially adjusted;0,414081632653061;6,13382117988385;-5,65272962733479;7,46208392708036
SBA;Prec;22;Spatially adjusted;0,434285714285714;6,98238614487946;-5,59462671286065;7,62569138230083
SBA;Prec;22;Spatially adjusted;0,454489795918367;7,7890716924112;-5,54709915318995;7,79405805970987
SBA;Prec;22;Spatially adjusted;0,47469387755102;8,52831329394189;-5,51880831496578;7,95830314030559
SBA;Prec;22;Spatially adjusted;0,494897959183674;9,17454642093435;-5,51841556483214;8,10954580508678
SBA;Prec;22;Spatially adjusted;0,515102040816327;9,70220654485274;-5,55458226943256;8,23890523505133
SBA;Prec;22;Spatially adjusted;0,53530612244898;10,0857291371592;-5,63596979541057;8,33750061119781
SBA;Prec;22;Spatially adjusted;0,555510204081633;10,2995496693181;-5,77123950940973;8,3964511145241
SBA;Prec;22;Spatially adjusted;0,575714285714286;10,3181036127921;-5,96905277807355;8,40687592602944
SBA;Prec;22;Spatially adjusted;0,595918367346939;10,1158264390449;-6,23807096804558;8,35989422671105
SBA;Prec;22;Spatially adjusted;0,616122448979592;9,66715361953902;-6,58695544596935;8,24662519756794
SBA;Prec;22;Spatially adjusted;0,636326530612245;8,946520625738;-7,02436757848864;8,05818801959822
SBA;Prec;22;Spatially adjusted;0,656530612244898;7,92836292910533;-7,5589687322472;7,78570187380046
SBA;Prec;22;Spatially adjusted;0,676734693877551;6,58711600110428;-8,19942027388811;7,42028594117232
SBA;Prec;22;Spatially adjusted;0,696938775510204;4,90510787795279;-8,95174717817167;6,95560006635742
SBA;Prec;22;Spatially adjusted;0,717142857142857;2,89623685489073;-9,81142885232362;6,39546674857502
SBA;Prec;22;Spatially adjusted;0,73734693877551;0,58229379191107;-10,7713083116857;5,74624915069012
SBA;Prec;22;Spatially adjusted;0,757551020408163;-2,01493045099141;-11,8242285716005;5,01431043556704
SBA;Prec;22;Spatially adjusted;0,777755102040816;-4,87364501382285;-12,9630326474096;4,2060137660701
SBA;Prec;22;Spatially adjusted;0,797959183673469;-7,97205903658937;-14,1805635544556;3,32772230506407
SBA;Prec;22;Spatially adjusted;0,818163265306122;-11,2883816592964;-15,4696643080806;2,38579921541327
SBA;Prec;22;Spatially adjusted;0,838367346938776;-14,8008220219504;-16,8231779236264;1,38660765998202
SBA;Prec;22;Spatially adjusted;0,858571428571429;-18,4875892645568;-18,2339474164353;0,336510801635086
SBA;Prec;22;Spatially adjusted;0,878775510204082;-22,3268925271216;-19,6948158018492;-0,758128196763209
SBA;Prec;22;Spatially adjusted;0,898979591836735;-26,2969409496513;-21,1986260952108;-1,89094617234832
SBA;Prec;22;Spatially adjusted;0,919183673469388;-30,3759436721509;-22,7382213118615;-3,05557996225571
SBA;Prec;22;Spatially adjusted;0,939387755102041;-34,5421098346276;-24,3064444671438;-4,24566640362104
SBA;Prec;22;Spatially adjusted;0,959591836734694;-38,7736485770856;-25,8961385763998;-5,45484233358002
SBA;Prec;22;Spatially adjusted;0,979795918367347;-43,0487690395325;-27,5001466549716;-6,67674458926763
SBA;Prec;22;Spatially adjusted;1;-47,3456803619731;-29,1113117182013;-7,90501000782001
SBA;Prec;22;Current landscape;0,0278744511306286;5,89545236664117;34,4163493658348;-2,38404761221091
SBA;Prec;22;Current landscape;0,0723436921834946;-7,44436302961822;-5,52390418749428;-24,2253427575522
SBA;Prec;22;Current landscape;0,125240534543991;8,37862135857313;27,5862025479487;-9,79584409693757
SBA;Prec;22;Current landscape;0,173354402184486;51,1797712962043;97,082418549089;37,1692780655656
SBA;Prec;22;Current landscape;0,225056037306786;7,30710462100433;18,3189874646805;37,1853502442793
SBA;Prec;22;Current landscape;0,276126027107239;39,3947631494184;59,8100516969187;36,3190114139784
SBA;Prec;22;Current landscape;0,326895326375961;89,4749865191632;112,39905214548;62,9126001078587
SBA;Prec;22;Current landscape;0,374345064163208;-18,588073209397;25,9132802229365;41,7382182139061
SBA;Prec;22;Current landscape;0,423498660326004;0,0872006687400244;22,3309920563065;-4,3237066142085
SBA;Prec;22;Current landscape;0,473815262317657;44,6969288827065;63,6744371593457;44,6354026356894
SBA;Prec;22;Current landscape;0,524429738521576;59,9100900765893;101,021281536687;73,5244230869282
SBA;Prec;22;Current landscape;0,576780736446381;45,646611384534;85,588049495271;55,336888457399
SBA;Prec;22;Current landscape;0,62497502565384;49,626411542635;118,232289366155;125,65480234868
SBA;Prec;22;Current landscape;0,673872768878937;18,9092022624598;94,5626479297043;72,3150306307853
SBA;Prec;22;Current landscape;0,721692442893982;107,635044233127;146,512426326525;121,069912125517
SBA;Prec;22;Current landscape;0,775322794914246;62,1348471168703;143,748664884346;166,963335532004
SBA;Prec;22;Current landscape;0,826109677553177;44,0898399592741;86,7728892396078;72,470239687917
SBA;Prec;22;Current landscape;0,875487148761749;27,2497315213016;88,616962880129;90,3418735970561
SBA;Prec;22;Current landscape;0,928805410861969;34,2138486801271;112,48078196714;127,652370707554
SBA;Prec;22;Current landscape;1;138,177248257771;220,405181266397;149,600561061488
SBA;Prec;23;Spatially adjusted;0,01;-5,180634243339;-7,89725787953603;8,81069980391681
SBA;Prec;23;Spatially adjusted;0,0302040816326531;-5,39203023385721;-7,57836063669947;9,04727987282922
SBA;Prec;23;Spatially adjusted;0,0504081632653061;-5,59486937405927;-7,25889886785581;9,28207870662004
SBA;Prec;23;Spatially adjusted;0,0706122448979592;-5,78059481362948;-6,93830804699746;9,51331507016812
SBA;Prec;23;Spatially adjusted;0,0908163265306122;-5,94064970225099;-6,61602364811711;9,73920772835118
SBA;Prec;23;Spatially adjusted;0,111020408163265;-6,06647718960903;-6,29148114520785;9,95797544604807
SBA;Prec;23;Spatially adjusted;0,131224489795918;-6,14952042538698;-5,96411601226191;10,1678369881374
SBA;Prec;23;Spatially adjusted;0,151428571428571;-6,18122255926869;-5,6333637232724;10,3670111194976
SBA;Prec;23;Spatially adjusted;0,171632653061224;-6,153026740938;-5,2986597522322;10,5537166050067
SBA;Prec;23;Spatially adjusted;0,191836734693878;-6,05637612007945;-4,9594395731333;10,7261722095436
SBA;Prec;23;Spatially adjusted;0,212040816326531;-5,88271384637687;-4,61513865996903;10,8825966979866
SBA;Prec;23;Spatially adjusted;0,232244897959184;-5,62348306951412;-4,26519248673185;11,0212088352139
SBA;Prec;23;Spatially adjusted;0,252448979591837;-5,27012693917459;-3,90903652741463;11,1402273861047
SBA;Prec;23;Spatially adjusted;0,27265306122449;-4,81408860504303;-3,54610625601026;11,2378711155368
SBA;Prec;23;Spatially adjusted;0,292857142857143;-4,24681121680305;-3,17583714651073;11,3123587883886
SBA;Prec;23;Spatially adjusted;0,313061224489796;-3,55973792413897;-2,7976646729096;11,3619091695389
SBA;Prec;23;Spatially adjusted;0,333265306122449;-2,74431187673486;-2,41102430919887;11,3847410238661
SBA;Prec;23;Spatially adjusted;0,353469387755102;-1,79860852876095;-2,01692752961799;11,3786431469728
SBA;Prec;23;Spatially adjusted;0,373673469387755;-0,747232552333799;-1,62268980938984;11,3396844573597
SBA;Prec;23;Spatially adjusted;0,393877551020408;0,378579075942298;-1,23720262398342;11,2635039042511
SBA;Prec;23;Spatially adjusted;0,414081632653061;1,54758937946463;-0,869357448868414;11,1457404368718
SBA;Prec;23;Spatially adjusted;0,434285714285714;2,72856138162865;-0,528045759513816;10,9820330044465
SBA;Prec;23;Spatially adjusted;0,454489795918367;3,89025810583166;-0,222159031389083;10,7680205562001
SBA;Prec;23;Spatially adjusted;0,47469387755102;5,00144257547004;0,0394112600367862;10,4993420413571
SBA;Prec;23;Spatially adjusted;0,494897959183674;6,03087781394015;0,247773639294337;10,1716364091417
SBA;Prec;23;Spatially adjusted;0,515102040816327;6,94732684463838;0,39403663091457;9,78054260877934
SBA;Prec;23;Spatially adjusted;0,53530612244898;7,71955269096156;0,469308759427804;9,32169958949407
SBA;Prec;23;Spatially adjusted;0,555510204081633;8,31631837630539;0,464698549365266;8,79074630051105
SBA;Prec;23;Spatially adjusted;0,575714285714286;8,7063869240676;0,371314525257276;8,18332169105474
SBA;Prec;23;Spatially adjusted;0,595918367346939;8,85852135764367;0,180265211634605;7,49506471035011
SBA;Prec;23;Spatially adjusted;0,616122448979592;8,74148470043042;-0,117340866971745;6,72161430762139
SBA;Prec;23;Spatially adjusted;0,636326530612245;8,32403997582424;-0,530395186031001;5,85860943209309
SBA;Prec;23;Spatially adjusted;0,656530612244898;7,57495020722172;-1,06778922101262;4,90168903299059
SBA;Prec;23;Spatially adjusted;0,676734693877551;6,46297841801948;-1,73841444738582;3,84649205953815
SBA;Prec;23;Spatially adjusted;0,696938775510204;4,96619920060175;-2,54819998359517;2,69045344468486
SBA;Prec;23;Spatially adjusted;0,717142857142857;3,09993342330608;-3,49122551998653;1,43819205627642
SBA;Prec;23;Spatially adjusted;0,73734693877551;0,888813523457429;-4,55860838988087;0,0961227458838039
SBA;Prec;23;Spatially adjusted;0,757551020408163;-1,64252806161903;-5,74146592659986;-1,32933963492314
SBA;Prec;23;Spatially adjusted;0,777755102040816;-4,46945889459812;-7,03091546346445;-2,83178023457435
SBA;Prec;23;Spatially adjusted;0,797959183673469;-7,5673465381542;-8,41807433379586;-4,40478420149884
SBA;Prec;23;Spatially adjusted;0,818163265306122;-10,9115585549628;-9,89405987091504;-6,04193668412654
SBA;Prec;23;Spatially adjusted;0,838367346938776;-14,477462507698;-11,4499894081434;-7,73682283088738
SBA;Prec;23;Spatially adjusted;0,858571428571429;-18,2404259590351;-13,0769802788025;-9,4830277902106
SBA;Prec;23;Spatially adjusted;0,878775510204082;-22,1758164716484;-14,7661498162131;-11,2741367105261
SBA;Prec;23;Spatially adjusted;0,898979591836735;-26,2590016082136;-16,5086153536963;-13,1037347402637
SBA;Prec;23;Spatially adjusted;0,919183673469388;-30,4653489314044;-18,295494224574;-14,9654070278527
SBA;Prec;23;Spatially adjusted;0,939387755102041;-34,7702260038959;-20,1179037621664;-16,8527387217232
SBA;Prec;23;Spatially adjusted;0,959591836734694;-39,1490003883632;-21,9669612997952;-18,7593149703048
SBA;Prec;23;Spatially adjusted;0,979795918367347;-43,5770396474811;-23,8337841707819;-20,678720922027
SBA;Prec;23;Spatially adjusted;1;-48,029711343924;-25,7094897084471;-22,6045417253192
SBA;Prec;23;Current landscape;0,0263640116900206;13,620758296659;20,8377177997927;-4,20287834394503
SBA;Prec;23;Current landscape;0,0751610919833183;37,6206995754421;62,6720115920971;30,5788750517345
SBA;Prec;23;Current landscape;0,1249690502882;50,9468543970681;79,6303445020656;73,9838263312145
SBA;Prec;23;Current landscape;0,177565842866898;44,6956540369547;85,8008160147583;66,846086656426
SBA;Prec;23;Current landscape;0,225977793335915;16,9655932580204;42,2020279073458;18,6309073049877
SBA;Prec;23;Current landscape;0,277822762727737;37,4277573463489;63,8375846819461;30,2771462545895
SBA;Prec;23;Current landscape;0,324160486459732;30,7150545700615;66,8885458930145;14,6520533302298
SBA;Prec;23;Current landscape;0,378038018941879;53,9841706123787;95,6117876528736;91,3317248120252
SBA;Prec;23;Current landscape;0,427650734782219;11,6300108268611;50,6087418160405;48,1011130401414
SBA;Prec;23;Current landscape;0,479170829057693;36,3366384204178;87,8279761668171;84,3355701874766
SBA;Prec;23;Current landscape;0,522414267063141;13,4958583877565;63,3139597128818;50,8668712613771
SBA;Prec;23;Current landscape;0,574206948280334;94,3829510987716;85,8048760367756;40,8257406889923
SBA;Prec;23;Current landscape;0,62182354927063;71,5063541133675;125,866819308594;118,610204516315
SBA;Prec;23;Current landscape;0,676884889602661;78,044420980395;170,203680601685;131,791495338643
SBA;Prec;23;Current landscape;0,726346075534821;57,6896359194768;107,668226009713;30,9250988078186
SBA;Prec;23;Current landscape;0,779976010322571;30,2014578768856;108,385556080707;95,6997483597713
SBA;Prec;23;Current landscape;0,821000427007675;11,7590924396925;82,5497796100763;61,9750847831731
SBA;Prec;23;Current landscape;0,872840642929077;80,1406761289177;121,997268119084;99,2714663830593
SBA;Prec;23;Current landscape;0,929687440395355;41,7627622057294;91,2787116726881;78,1312825358705
SBA;Prec;23;Current landscape;1;131,267049980755;193,55080458453;134,763136597888
SBA;Prec;24;Spatially adjusted;0,01;-4,26722119973647;-0,545312789252876;6,22354852115109
SBA;Prec;24;Spatially adjusted;0,0302040816326531;-3,62178973082268;-1,26380501539757;6,75487450753235
SBA;Prec;24;Spatially adjusted;0,0504081632653061;-2,97813834989029;-1,97411790074443;7,28147219588027
SBA;Prec;24;Spatially adjusted;0,0706122448979592;-2,33804714492044;-2,66807210449633;7,79861328816151
SBA;Prec;24;Spatially adjusted;0,0908163265306122;-1,7032962038943;-3,33748828585544;8,30156948634249
SBA;Prec;24;Spatially adjusted;0,111020408163265;-1,07566561479257;-3,97418710402371;8,78561249238987
SBA;Prec;24;Spatially adjusted;0,131224489795918;-0,456935465597326;-4,569989218204;9,24601400827055
SBA;Prec;24;Spatially adjusted;0,151428571428571;0,151114155710502;-5,11671528759894;9,67804573595095
SBA;Prec;24;Spatially adjusted;0,171632653061224;0,746703161149981;-5,60618597141024;10,0769793773973
SBA;Prec;24;Spatially adjusted;0,191836734693878;1,3280514627395;-6,03022192884077;10,4380866345766
SBA;Prec;24;Spatially adjusted;0,212040816326531;1,89337897249766;-6,38064381909271;10,7566392094559
SBA;Prec;24;Spatially adjusted;0,232244897959184;2,44090560244376;-6,64927230136868;11,0279088040008
SBA;Prec;24;Spatially adjusted;0,252448979591837;2,96885126459665;-6,82792803487041;11,247167120179
SBA;Prec;24;Spatially adjusted;0,27265306122449;3,47543587097425;-6,90843167880098;11,4096858599562
SBA;Prec;24;Spatially adjusted;0,292857142857143;3,95887933359609;-6,88260389236257;11,5107367252995
SBA;Prec;24;Spatially adjusted;0,313061224489796;4,41740156448032;-6,74226533475758;11,5455914181755
SBA;Prec;24;Spatially adjusted;0,333265306122449;4,84922247564691;-6,47923666518841;11,5095216405507
SBA;Prec;24;Spatially adjusted;0,353469387755102;5,2503960968354;-6,09055385843158;11,399516781544
SBA;Prec;24;Spatially adjusted;0,373673469387755;5,60831292867442;-5,59411415156023;11,2194369788847
SBA;Prec;24;Spatially adjusted;0,393877551020408;5,90819758951534;-5,01303009722187;10,9748600574544
SBA;Prec;24;Spatially adjusted;0,414081632653061;6,13527469770793;-4,37041424806375;10,6713638421338
SBA;Prec;24;Spatially adjusted;0,434285714285714;6,27476887160287;-3,68937915673382;10,3145261578052
SBA;Prec;24;Spatially adjusted;0,454489795918367;6,31190472955041;-2,99303737587934;9,90992482934962
SBA;Prec;24;Spatially adjusted;0,47469387755102;6,23190688990167;-2,30450145814734;9,46313768164828
SBA;Prec;24;Spatially adjusted;0,494897959183674;6,01999997100666;-1,646883956186;8,97974253958296
SBA;Prec;24;Spatially adjusted;0,515102040816327;5,66140859121629;-1,0432974226419;8,46531722803502
SBA;Prec;24;Spatially adjusted;0,53530612244898;5,14135736888056;-0,516854410162978;7,92543957188627
SBA;Prec;24;Spatially adjusted;0,555510204081633;4,44507092235085;-0,0906674713967277;7,36568739601717
SBA;Prec;24;Spatially adjusted;0,575714285714286;3,55777386997647;0,212150841009588;6,79163852531019
SBA;Prec;24;Spatially adjusted;0,595918367346939;2,46469083010879;0,368487974408708;6,20887078464625
SBA;Prec;24;Spatially adjusted;0,616122448979592;1,15104642109804;0,355231376152688;5,6229619989067
SBA;Prec;24;Spatially adjusted;0,636326530612245;-0,397934738705317;0,149268493594491;5,03948999297336
SBA;Prec;24;Spatially adjusted;0,656530612244898;-2,19702803095061;-0,272513225913144;4,46403259172757
SBA;Prec;24;Spatially adjusted;0,676734693877551;-4,26100883728736;-0,933226335018389;3,9021676200507
SBA;Prec;24;Spatially adjusted;0,696938775510204;-6,59927682059265;-1,84940166986166;3,3583435751932
SBA;Prec;24;Spatially adjusted;0,717142857142857;-9,1997287686554;-3,01124320055919;2,83249164388303
SBA;Prec;24;Spatially adjusted;0,73734693877551;-12,0448857504916;-4,40237318072104;2,32341368521702
SBA;Prec;24;Spatially adjusted;0,757551020408163;-15,1172688351171;-6,00641386395637;1,82991155829177
SBA;Prec;24;Spatially adjusted;0,777755102040816;-18,3993990915485;-7,80698750387523;1,35078712220411
SBA;Prec;24;Spatially adjusted;0,797959183673469;-21,8737975888014;-9,78771635408725;0,884842236051327
SBA;Prec;24;Spatially adjusted;0,818163265306122;-25,5229853958931;-11,932222668202;0,430878758930021
SBA;Prec;24;Spatially adjusted;0,838367346938776;-29,3294835818385;-14,2241286998299;-0,0123014500629779
SBA;Prec;24;Spatially adjusted;0,858571428571429;-33,2758132156548;-16,6470567025797;-0,44589653183084
SBA;Prec;24;Spatially adjusted;0,878775510204082;-37,3444953663575;-19,1846289300613;-0,871104627276964
SBA;Prec;24;Spatially adjusted;0,898979591836735;-41,5180511029632;-21,8204676358848;-1,28912387730384
SBA;Prec;24;Spatially adjusted;0,919183673469388;-45,7790014944878;-24,5381950736601;-1,70115242281508
SBA;Prec;24;Spatially adjusted;0,939387755102041;-50,1098676099478;-27,3214334969962;-2,10838840471342
SBA;Prec;24;Spatially adjusted;0,959591836734694;-54,4931705183594;-30,153805159503;-2,51202996390271
SBA;Prec;24;Spatially adjusted;0,979795918367347;-58,9114312887384;-33,0189323147904;-2,91327524128565
SBA;Prec;24;Spatially adjusted;1;-63,3471709901012;-35,9004372164684;-3,31332237776542
SBA;Prec;24;Current landscape;0,0236031357198954;57,8124473558169;69,5671144259297;46,6572731391138
SBA;Prec;24;Current landscape;0,0789347477257252;14,194974830019;55,4130579205007;36,8242151646887
SBA;Prec;24;Current landscape;0,124414406716824;38,0023381092703;47,964583310169;29,3706000277023
SBA;Prec;24;Current landscape;0,174966335296631;53,2777315283806;74,4150202689218;53,5035750667414
SBA;Prec;24;Current landscape;0,226270750164986;6,92587627256921;25,6726058702379;37,4553390119233
SBA;Prec;24;Current landscape;0,27684023976326;42,3866820348203;70,0135994469072;65,0519950758624
SBA;Prec;24;Current landscape;0,327679395675659;36,587039514664;91,8141189052028;69,5892962315354
SBA;Prec;24;Current landscape;0,374919608235359;31,0185601672752;40,2796160691428;2,8352089113514
SBA;Prec;24;Current landscape;0,4283646941185;-1,27626177763932;40,4381132752169;32,9209482834397
SBA;Prec;24;Current landscape;0,47777396440506;13,1821693652469;64,952869442835;48,3521626000472
SBA;Prec;24;Current landscape;0,524170994758606;27,1128067578595;77,3801124799613;56,3255572463404
SBA;Prec;24;Current landscape;0,577047944068909;34,3416887146429;87,6016387577352;57,2395807415094
SBA;Prec;24;Current landscape;0,623523384332657;-1,80352229747655;80,4689853611555;89,7055019313686
SBA;Prec;24;Current landscape;0,677364408969879;-16,9356164807455;78,1318158350432;58,5974668753047
SBA;Prec;24;Current landscape;0,722894489765167;63,8650898563417;112,567927864633;89,8173739011652
SBA;Prec;24;Current landscape;0,773769021034241;44,6415130993096;125,466450339495;120,430979468436
SBA;Prec;24;Current landscape;0,825284034013749;44,4262358850194;115,304324106043;119,189034306911
SBA;Prec;24;Current landscape;0,877266883850098;41,9340611423195;127,943640999712;121,218641249347
SBA;Prec;24;Current landscape;0,930572152137756;-4,483769794105;92,5604002467635;101,718851583879
SBA;Prec;24;Current landscape;1;51,9592437181404;183,428966633208;160,133597239543
SBA;Prec;25;Spatially adjusted;0,01;-4,99304046129441;-1,80614913798149;12,1519248862126
SBA;Prec;25;Spatially adjusted;0,0302040816326531;-4,84563575070479;-1,7852603120848;11,5768571119334
SBA;Prec;25;Spatially adjusted;0,0504081632653061;-4,69041851123006;-1,76301604133937;11,0015926423175
SBA;Prec;25;Spatially adjusted;0,0706122448979592;-4,51957621398447;-1,73806088089646;10,4259347820287
SBA;Prec;25;Spatially adjusted;0,0908163265306122;-4,32529633008312;-1,70903938590754;9,84968683573038
SBA;Prec;25;Spatially adjusted;0,111020408163265;-4,09976633064002;-1,67459611152344;9,27265210808582
SBA;Prec;25;Spatially adjusted;0,131224489795918;-3,83517368677053;-1,63337561289586;8,69463390375881
SBA;Prec;25;Spatially adjusted;0,151428571428571;-3,52370586958864;-1,58402244517606;8,1154355274125
SBA;Prec;25;Spatially adjusted;0,171632653061224;-3,15755035020993;-1,52518116351507;7,53486028371094
SBA;Prec;25;Spatially adjusted;0,191836734693878;-2,72889459974749;-1,45549632306415;6,95271147731683
SBA;Prec;25;Spatially adjusted;0,212040816326531;-2,22992608931804;-1,37361247897502;6,36879241289444
SBA;Prec;25;Spatially adjusted;0,232244897959184;-1,65283229003444;-1,27817418639847;5,78290639510669
SBA;Prec;25;Spatially adjusted;0,252448979591837;-0,989800673012269;-1,16782600048577;5,1948567286172
SBA;Prec;25;Spatially adjusted;0,27265306122449;-0,233018709365979;-1,04121247638841;4,60444671808932
SBA;Prec;25;Spatially adjusted;0,292857142857143;0,625326129789755;-0,896978169257864;4,01147966818712
SBA;Prec;25;Spatially adjusted;0,313061224489796;1,59304637334026;-0,733767634244941;3,41575888357329
SBA;Prec;25;Spatially adjusted;0,333265306122449;2,67795455017063;-0,550225426501356;2,81708766891211
SBA;Prec;25;Spatially adjusted;0,353469387755102;3,88041136998982;-0,346928081451779;2,21594565292662
SBA;Prec;25;Spatially adjusted;0,373673469387755;5,17097026579791;-0,1321800556168;1,61551776058309
SBA;Prec;25;Spatially adjusted;0,393877551020408;6,5127328514177;0,0837822142095774;1,01966524090744
SBA;Prec;25;Spatially adjusted;0,414081632653061;7,86880074067267;0,290722291233351;0,432249342925388
SBA;Prec;25;Spatially adjusted;0,434285714285714;9,20227554738653;0,47840373866029;-0,142868684336463
SBA;Prec;25;Spatially adjusted;0,454489795918367;10,4762588853816;0,636590119696393;-0,701827591852634
SBA;Prec;25;Spatially adjusted;0,47469387755102;11,6538523684819;0,755044997546975;-1,24076613059719
SBA;Prec;25;Spatially adjusted;0,494897959183674;12,6981576105109;0,823531935419396;-1,75582305154308
SBA;Prec;25;Spatially adjusted;0,515102040816327;13,5722762252908;0,831814496518064;-2,24313710566503
SBA;Prec;25;Spatially adjusted;0,53530612244898;14,2393098266457;0,769656244049656;-2,69884704393735
SBA;Prec;25;Spatially adjusted;0,555510204081633;14,6623600283988;0,626820741219717;-3,11909161733297
SBA;Prec;25;Spatially adjusted;0,575714285714286;14,8045284443726;0,39307155123447;-3,50000957682687
SBA;Prec;25;Spatially adjusted;0,595918367346939;14,6289166883914;0,0581722372994591;-3,83773967339266
SBA;Prec;25;Spatially adjusted;0,616122448979592;14,0986263742782;-0,388113637379092;-4,12842065800396
SBA;Prec;25;Spatially adjusted;0,636326530612245;13,1767591158555;-0,956022509595414;-4,36819128163484
SBA;Prec;25;Spatially adjusted;0,656530612244898;11,8264165269472;-1,65579081614351;-4,55319029525981
SBA;Prec;25;Spatially adjusted;0,676734693877551;10,0107002213765;-2,49765499381783;-4,67955644985227
SBA;Prec;25;Spatially adjusted;0,696938775510204;7,70409354506705;-3,48855861173888;-4,74472301818264
SBA;Prec;25;Spatially adjusted;0,717142857142857;4,92660677234585;-4,62227376833494;-4,75130136020857
SBA;Prec;25;Spatially adjusted;0,73734693877551;1,70963190964085;-5,88927969436099;-4,70319735768362
SBA;Prec;25;Spatially adjusted;0,757551020408163;-1,91543903662182;-7,28005562057251;-4,60431689236066
SBA;Prec;25;Spatially adjusted;0,777755102040816;-5,91721406001352;-8,78508077772358;-4,45856584599414
SBA;Prec;25;Spatially adjusted;0,797959183673469;-10,264301154107;-10,3948343965701;-4,26985010033786
SBA;Prec;25;Spatially adjusted;0,818163265306122;-14,9253083124747;-12,0997957078664;-4,04207553714446
SBA;Prec;25;Spatially adjusted;0,838367346938776;-19,8688435286904;-13,8904439423677;-3,77914803816861
SBA;Prec;25;Spatially adjusted;0,858571428571429;-25,0635147963253;-15,7572583308292;-3,48497348516344
SBA;Prec;25;Spatially adjusted;0,878775510204082;-30,4779301089523;-17,6907181040058;-3,16345775988293
SBA;Prec;25;Spatially adjusted;0,898979591836735;-36,0806974601439;-19,6813024926523;-2,8185067440802
SBA;Prec;25;Spatially adjusted;0,919183673469388;-41,8404248434729;-21,7194907275239;-2,45402631950947
SBA;Prec;25;Spatially adjusted;0,939387755102041;-47,7257202525116;-23,7957620393754;-2,07392236792384
SBA;Prec;25;Spatially adjusted;0,959591836734694;-53,7051916808327;-25,900595658962;-1,68210077107756
SBA;Prec;25;Spatially adjusted;0,979795918367347;-59,7474471220087;-28,0244708170385;-1,28246741072371
SBA;Prec;25;Spatially adjusted;1;-65,8210945696121;-30,15786674436;-0,87892816861654
SBA;Prec;25;Current landscape;0,0281156171113253;27,0885876493953;30,7806046381115;-6,57586697037141
SBA;Prec;25;Current landscape;0,0736807584762573;0,405058928311519;27,8819637733564;15,226218897797
SBA;Prec;25;Current landscape;0,124687232077122;57,2108510231624;73,1303117321158;20,3680917976999
SBA;Prec;25;Current landscape;0,180432915687561;6,24119398942912;57,1158191768154;17,7057659409943
SBA;Prec;25;Current landscape;0,226371988654137;22,6102583930069;59,204339755705;6,55022197719245
SBA;Prec;25;Current landscape;0,277568727731705;27,4251207762252;65,7525728682097;13,165570540697
SBA;Prec;25;Current landscape;0,326844304800034;22,8539636290341;77,7675311591145;57,7434313964966
SBA;Prec;25;Current landscape;0,372875541448593;46,7486586359091;75,8382537205616;62,7552982443954
SBA;Prec;25;Current landscape;0,426865100860596;-1,92249196981197;69,5144688249941;31,9010685153155
SBA;Prec;25;Current landscape;0,475843787193298;5,75142031502969;62,8646624167636;49,2798278410007
SBA;Prec;25;Current landscape;0,526027023792267;51,8462216772644;76,6772682393687;46,6288126890238
SBA;Prec;25;Current landscape;0,574868381023407;50,2877924024128;53,0736473710563;46,316557044785
SBA;Prec;25;Current landscape;0,624630749225616;67,7603750049532;110,603905300619;82,1851408530538
SBA;Prec;25;Current landscape;0,676211476325989;3,55992075390122;74,3592785156941;73,3895169011598
SBA;Prec;25;Current landscape;0,725641429424286;64,3053426167503;117,640507306277;69,9934138796798
SBA;Prec;25;Current landscape;0,777841329574585;94,9451074983303;171,719405537466;140,622959230426
SBA;Prec;25;Current landscape;0,829925894737244;29,9685134977792;107,756188399913;89,378579784604
SBA;Prec;25;Current landscape;0,873090147972107;-18,4302467234288;69,7394273073335;70,9041258087177
SBA;Prec;25;Current landscape;0,932139873504638;-33,3901283479165;72,427007830715;86,8130174352002
SBA;Prec;25;Current landscape;1;75,4070028776246;198,210151477926;194,298246724938
SBA;Prec;26;Spatially adjusted;0,01;5,3811106653236;-5,64949816763647;11,8369825045311
SBA;Prec;26;Spatially adjusted;0,0302040816326531;5,11309019628084;-5,70218417294836;11,6650648514469
SBA;Prec;26;Spatially adjusted;0,0504081632653061;4,84997647340083;-5,75540606120808;11,4937334691624
SBA;Prec;26;Spatially adjusted;0,0706122448979592;4,59667624284748;-5,80969971536433;11,3235746284768
SBA;Prec;26;Spatially adjusted;0,0908163265306122;4,35809625078377;-5,86560101836426;11,1551746001896
SBA;Prec;26;Spatially adjusted;0,111020408163265;4,13914324337316;-5,92364585315681;10,9891196551005
SBA;Prec;26;Spatially adjusted;0,131224489795918;3,94472396677861;-5,98437010268935;10,8259960640085
SBA;Prec;26;Spatially adjusted;0,151428571428571;3,77974516716313;-6,04830964991061;10,6663900977139
SBA;Prec;26;Spatially adjusted;0,171632653061224;3,64911359069015;-6,11600037776793;10,5108880270152
SBA;Prec;26;Spatially adjusted;0,191836734693878;3,55773598352289;-6,1879781692096;10,3600761227128
SBA;Prec;26;Spatially adjusted;0,212040816326531;3,51051909182434;-6,26477890718388;10,2145406556058
SBA;Prec;26;Spatially adjusted;0,232244897959184;3,51236966175838;-6,34693847463882;10,0748678964937
SBA;Prec;26;Spatially adjusted;0,252448979591837;3,5681944394878;-6,43499275452223;9,94164411617589
SBA;Prec;26;Spatially adjusted;0,27265306122449;3,68290017117533;-6,52947762978238;9,8154555854519
SBA;Prec;26;Spatially adjusted;0,292857142857143;3,86139360298512;-6,63092898336731;9,69688857512142
SBA;Prec;26;Spatially adjusted;0,313061224489796;4,10858148107968;-6,73988269822485;9,58652935598366
SBA;Prec;26;Spatially adjusted;0,333265306122449;4,42937055162247;-6,85687465730325;9,48496419883827
SBA;Prec;26;Spatially adjusted;0,353469387755102;4,8236675559067;-6,9827863083965;9,39179200545777
SBA;Prec;26;Spatially adjusted;0,373673469387755;5,27137921574354;-7,11988135868296;9,30266220150747
SBA;Prec;26;Spatially adjusted;0,393877551020408;5,74741224807463;-7,27076908018648;9,21223684362462
SBA;Prec;26;Spatially adjusted;0,414081632653061;6,22667336984182;-7,43805874493137;9,11517798844807
SBA;Prec;26;Spatially adjusted;0,434285714285714;6,6840692979863;-7,62435962494214;9,00614769261529
SBA;Prec;26;Spatially adjusted;0,454489795918367;7,09450674944924;-7,8322809922422;8,87980801276467
SBA;Prec;26;Spatially adjusted;0,47469387755102;7,43289244117273;-8,0644321188563;8,73082100553415
SBA;Prec;26;Spatially adjusted;0,494897959183674;7,67413309009726;-8,32342227680852;8,55384872756144
SBA;Prec;26;Spatially adjusted;0,515102040816327;7,7931354131656;-8,61186073812291;8,34355323548516
SBA;Prec;26;Spatially adjusted;0,53530612244898;7,76480612731803;-8,93235677482358;8,09459658594278
SBA;Prec;26;Spatially adjusted;0,555510204081633;7,56405194949662;-9,28751965893503;7,8016408355727
SBA;Prec;26;Spatially adjusted;0,575714285714286;7,16577959664255;-9,67995866248111;7,45934804101307
SBA;Prec;26;Spatially adjusted;0,595918367346939;6,54489578569769;-10,1122830574861;7,06238025890139
SBA;Prec;26;Spatially adjusted;0,616122448979592;5,67630723360298;-10,5871021159742;6,60539954587625
SBA;Prec;26;Spatially adjusted;0,636326530612245;4,53492065729961;-11,1070251099693;6,08306795857561
SBA;Prec;26;Spatially adjusted;0,656530612244898;3,09564277373033;-11,674661311496;5,49004755363717
SBA;Prec;26;Spatially adjusted;0,676734693877551;1,33338029983497;-12,2926199925785;4,82100038769909
SBA;Prec;26;Spatially adjusted;0,696938775510204;-0,769152022419121;-12,9625241741576;4,07232572363023
SBA;Prec;26;Spatially adjusted;0,717142857142857;-3,19800735097124;-13,6820518728425;3,24737164922249
SBA;Prec;26;Spatially adjusted;0,73734693877551;-5,93143081873404;-14,44789485416;2,35122345849845
SBA;Prec;26;Spatially adjusted;0,757551020408163;-8,94766755862065;-15,2567448836357;1,38896644548072
SBA;Prec;26;Spatially adjusted;0,777755102040816;-12,2249627035458;-16,1052937267966;0,365685904191651
SBA;Prec;26;Spatially adjusted;0,797959183673469;-15,7415613864221;-16,9902331491685;-0,713532871345933
SBA;Prec;26;Spatially adjusted;0,818163265306122;-19,4757087401633;-17,9082549162774;-1,84360458710921
SBA;Prec;26;Spatially adjusted;0,838367346938776;-23,4056498976829;-18,8560507936502;-3,01944394907605
SBA;Prec;26;Spatially adjusted;0,858571428571429;-27,5096299918944;-19,8303125468128;-4,23596566322362
SBA;Prec;26;Spatially adjusted;0,878775510204082;-31,7658941557111;-20,8277319412916;-5,48808443552957
SBA;Prec;26;Spatially adjusted;0,898979591836735;-36,1526875220468;-21,8450007426129;-6,77071497197085
SBA;Prec;26;Spatially adjusted;0,919183673469388;-40,6482552238151;-22,8788107163025;-8,07877197852508
SBA;Prec;26;Spatially adjusted;0,939387755102041;-45,2308423939292;-23,9258536278874;-9,40717016116969
SBA;Prec;26;Spatially adjusted;0,959591836734694;-49,8786941653029;-24,9828212428934;-10,7508242258823
SBA;Prec;26;Spatially adjusted;0,979795918367347;-54,5700556708498;-26,0464053268468;-12,1046488786399
SBA;Prec;26;Spatially adjusted;1;-59,2831720434826;-27,1132976452739;-13,4635588254203
SBA;Prec;26;Current landscape;0,0281156171113253;84,5824003655664;95,8168375846351;69,5063049313183
SBA;Prec;26;Current landscape;0,0761957615613937;7,4297494150328;46,4691956930981;-7,96424736619474
SBA;Prec;26;Current landscape;0,122223563492298;31,2119337306683;34,7092473170503;17,2649968542567
SBA;Prec;26;Current landscape;0,177192822098732;-6,98909444454193;40,1993486758454;47,6626078386657
SBA;Prec;26;Current landscape;0,22770120203495;49,0856357798018;58,8483193954312;55,9243535612184
SBA;Prec;26;Current landscape;0,278812378644943;31,897706059957;76,2059146487095;42,2574461794536
SBA;Prec;26;Current landscape;0,329221785068512;77,2473120978584;68,2398445647075;41,0112244484901
SBA;Prec;26;Current landscape;0,375740885734558;41,1560304744151;53,5885535025257;29,7028113745926
SBA;Prec;26;Current landscape;0,423012495040894;-3,58228228505323;33,6045131060419;43,464530274468
SBA;Prec;26;Current landscape;0,477986723184586;71,578410917647;87,3932750746899;54,9382382105021
SBA;Prec;26;Current landscape;0,525460720062256;39,5567567885728;78,0837616317554;75,5617365052963
SBA;Prec;26;Current landscape;0,577864110469818;57,068613495625;93,465745647399;75,6700513622054
SBA;Prec;26;Current landscape;0,625525712966919;49,0656054534902;128,566898787948;124,990119957832
SBA;Prec;26;Current landscape;0,674016773700714;100,495186745517;149,760633941287;136,63395049297
SBA;Prec;26;Current landscape;0,724481761455536;56,0112447166143;98,5785522029271;76,0813417578663
SBA;Prec;26;Current landscape;0,774699598550797;51,9304005330166;111,214044202435;113,479125518574
SBA;Prec;26;Current landscape;0,830282092094421;54,8479125271606;116,25457613179;105,607582798859
SBA;Prec;26;Current landscape;0,874548971652985;33,5722242915565;118,354064861941;113,10489938358
SBA;Prec;26;Current landscape;0,928417861461639;54,646207438725;123,782782693671;97,5048959799262
SBA;Prec;26;Current landscape;1;127,755315645942;188,849575719984;151,160234110095
SBA;Prec;27;Spatially adjusted;0,01;-3,14007459819618;-2,60253871005489;13,1384596818662
SBA;Prec;27;Spatially adjusted;0,0302040816326531;-3,01943005372459;-2,54543042929708;12,1530858510018
SBA;Prec;27;Spatially adjusted;0,0504081632653061;-2,89642008993496;-2,487712509723;11,1751570531014
SBA;Prec;27;Spatially adjusted;0,0706122448979592;-2,76867928750971;-2,42877531251656;10,21211832113
SBA;Prec;27;Spatially adjusted;0,0908163265306122;-2,63384222713103;-2,36800919886127;9,27141468805144
SBA;Prec;27;Spatially adjusted;0,111020408163265;-2,48954348948109;-2,30480452994061;8,36049118683013
SBA;Prec;27;Spatially adjusted;0,131224489795918;-2,3334176552421;-2,23855166693852;7,48679285043045
SBA;Prec;27;Spatially adjusted;0,151428571428571;-2,16309930509624;-2,16864097103894;6,65776471181675
SBA;Prec;27;Spatially adjusted;0,171632653061224;-1,97622301972569;-2,09446280342513;5,88085180395319
SBA;Prec;27;Spatially adjusted;0,191836734693878;-1,7704233798122;-2,01540752528103;5,16349915980436
SBA;Prec;27;Spatially adjusted;0,212040816326531;-1,54333496603863;-1,93086549779059;4,51315181233417
SBA;Prec;27;Spatially adjusted;0,232244897959184;-1,29259235908694;-1,84022708213706;3,93725479450745
SBA;Prec;27;Spatially adjusted;0,252448979591837;-1,01583013963909;-1,74288263950461;3,44325313928812
SBA;Prec;27;Spatially adjusted;0,27265306122449;-0,710682888377733;-1,63822253107628;3,03859187964054
SBA;Prec;27;Spatially adjusted;0,292857142857143;-0,37478518598391;-1,52563711803668;2,7307160485293
SBA;Prec;27;Spatially adjusted;0,313061224489796;-0,00577161314163277;-1,40451676156886;2,52707067891856
SBA;Prec;27;Spatially adjusted;0,333265306122449;0,398723249468958;-1,27425182285651;2,43510080377246
SBA;Prec;27;Spatially adjusted;0,353469387755102;0,837545614676856;-1,13571505235086;2,45851318088876
SBA;Prec;27;Spatially adjusted;0,373673469387755;1,29546486936852;-0,995708757570355;2,58606146739794
SBA;Prec;27;Spatially adjusted;0,393877551020408;1,75373119393976;-0,862517635300947;2,80276104526411
SBA;Prec;27;Spatially adjusted;0,414081632653061;2,19359476878844;-0,744426382327902;3,09362729645068
SBA;Prec;27;Spatially adjusted;0,434285714285714;2,5963057743129;-0,649719695437398;3,44367560292176
SBA;Prec;27;Spatially adjusted;0,454489795918367;2,94311439091007;-0,586682271415157;3,837921346641
SBA;Prec;27;Spatially adjusted;0,47469387755102;3,21527079897692;-0,563598807046901;4,26137990957182
SBA;Prec;27;Spatially adjusted;0,494897959183674;3,39402517891199;-0,588753999118126;4,69906667367854
SBA;Prec;27;Spatially adjusted;0,515102040816327;3,46062771111269;-0,670432544415235;5,13599702092483
SBA;Prec;27;Spatially adjusted;0,53530612244898;3,39632857597599;-0,816919139723268;5,55718633327479
SBA;Prec;27;Spatially adjusted;0,555510204081633;3,1823779538995;-1,03649848182818;5,9476499926916
SBA;Prec;27;Spatially adjusted;0,575714285714286;2,80002602528134;-1,33745526751591;6,29240338113937
SBA;Prec;27;Spatially adjusted;0,595918367346939;2,23052297051845;-1,72807419357218;6,57646188058175
SBA;Prec;27;Spatially adjusted;0,616122448979592;1,45511897000847;-2,2166399567825;6,78484087298284
SBA;Prec;27;Spatially adjusted;0,636326530612245;0,455064204149267;-2,81143725393304;6,90255574030653
SBA;Prec;27;Spatially adjusted;0,656530612244898;-0,788391146661979;-3,52075078180928;6,91462186451599
SBA;Prec;27;Spatially adjusted;0,676734693877551;-2,29399690202786;-4,35286523719697;6,80605462757558
SBA;Prec;27;Spatially adjusted;0,696938775510204;-4,07445186761515;-5,31331905883121;6,56577953507144
SBA;Prec;27;Spatially adjusted;0,717142857142857;-6,11825079334949;-6,3966656532441;6,19836258708051
SBA;Prec;27;Spatially adjusted;0,73734693877551;-8,40783741522091;-7,59471216891711;5,71227990730108
SBA;Prec;27;Spatially adjusted;0,757551020408163;-10,9256554692201;-8,89926575433151;5,11600761943328
SBA;Prec;27;Spatially adjusted;0,777755102040816;-13,6541486913368;-10,302133557969;4,4180218471754
SBA;Prec;27;Spatially adjusted;0,797959183673469;-16,5757608175618;-11,7951227283108;3,62679871422733
SBA;Prec;27;Spatially adjusted;0,818163265306122;-19,6729355838843;-13,3700404138385;2,75081434428785
SBA;Prec;27;Spatially adjusted;0,838367346938776;-22,9281167262952;-15,0186937630333;1,79854486105614
SBA;Prec;27;Spatially adjusted;0,858571428571429;-26,3237479807847;-16,7328899243767;0,778466388231209
SBA;Prec;27;Spatially adjusted;0,878775510204082;-29,8422730833424;-18,5044360463503;-0,300944950487747
SBA;Prec;27;Spatially adjusted;0,898979591836735;-33,4661357699597;-20,3251392774353;-1,43121303140151
SBA;Prec;27;Spatially adjusted;0,919183673469388;-37,1777797766254;-22,186806766113;-2,60386173081088
SBA;Prec;27;Spatially adjusted;0,939387755102041;-40,9596488393304;-24,0812456608653;-3,81041492501709
SBA;Prec;27;Spatially adjusted;0,959591836734694;-44,7941866940653;-26,0002631101731;-5,04239649032047
SBA;Prec;27;Spatially adjusted;0,979795918367347;-48,6638370768192;-27,9356662625182;-6,29133030302228
SBA;Prec;27;Spatially adjusted;1;-52,551043723583;-29,8792622663818;-7,54874023942307
SBA;Prec;27;Current landscape;0,0282885227352381;10,1486332529289;35,2479191536143;13,5372517905948
SBA;Prec;27;Current landscape;0,0751648023724556;-13,1832476510854;14,8998200402227;24,5063540654128
SBA;Prec;27;Current landscape;0,125894755125046;25,9379395647666;74,3493147637601;30,459082520324
SBA;Prec;27;Current landscape;0,175219297409058;42,0600275821387;73,7946027596333;41,2328765992929
SBA;Prec;27;Current landscape;0,224856570363045;50,1873383266313;64,9492100601581;50,1398900890838
SBA;Prec;27;Current landscape;0,277883499860764;27,8732975216785;38,849254906864;34,2948395881751
SBA;Prec;27;Current landscape;0,324289828538895;15,1322671256546;90,5438779630988;38,4886532060848
SBA;Prec;27;Current landscape;0,375378727912903;6,79657667027595;93,7649803793588;110,02097565153
SBA;Prec;27;Current landscape;0,427664816379547;52,4338037864245;91,9538194624302;63,2427454010438
SBA;Prec;27;Current landscape;0,479046434164047;55,754197064442;105,397973330393;126,859150787995
SBA;Prec;27;Current landscape;0,52638167142868;34,2268093558278;103,822255978569;55,4896876303633
SBA;Prec;27;Current landscape;0,571617424488068;62,3128756028586;97,2003324061416;102,64357043018
SBA;Prec;27;Current landscape;0,622423350811005;47,653693752507;105,35889732845;148,943706658893
SBA;Prec;27;Current landscape;0,672983318567276;19,2040891471083;83,4950015239911;96,6284545240992
SBA;Prec;27;Current landscape;0,72374951839447;86,2603807930063;130,359386834157;113,841887558156
SBA;Prec;27;Current landscape;0,774222254753113;76,8981433982128;141,641700915892;142,666924491891
SBA;Prec;27;Current landscape;0,825702965259552;46,9034125696273;116,76900254041;99,9116210299101
SBA;Prec;27;Current landscape;0,876252114772797;9,41303114863945;68,9102611077535;54,8268959341363
SBA;Prec;27;Current landscape;0,927139818668365;68,6900487381488;137,190163280767;111,509408224694
SBA;Prec;27;Current landscape;1;162,784187412025;225,789734340585;176,099775309321
SBA;Prec;28;Spatially adjusted;0,01;3,67456515619756;-2,62407836641819;13,6587879235797
SBA;Prec;28;Spatially adjusted;0,0302040816326531;3,46723560068176;-3,11912333598502;13,8385814230917
SBA;Prec;28;Spatially adjusted;0,0504081632653061;3,2655136022106;-3,61025721867009;14,0134891097562
SBA;Prec;28;Spatially adjusted;0,0706122448979592;3,0750067178285;-4,0935689275916;14,1786251707256
SBA;Prec;28;Spatially adjusted;0,0908163265306122;2,90132250458009;-4,56514737586804;14,3291037931519
SBA;Prec;28;Spatially adjusted;0,111020408163265;2,75006851950957;-5,02108147661807;14,4600391641877
SBA;Prec;28;Spatially adjusted;0,131224489795918;2,62685231966157;-5,45746014295924;14,5665454709854
SBA;Prec;28;Spatially adjusted;0,151428571428571;2,53728146208118;-5,87037228801046;14,6437369006971
SBA;Prec;28;Spatially adjusted;0,171632653061224;2,48696350381169;-6,25590682488951;14,6867276404757
SBA;Prec;28;Spatially adjusted;0,191836734693878;2,48150600189911;-6,61015266671529;14,6906318774729
SBA;Prec;28;Spatially adjusted;0,212040816326531;2,52651651338738;-6,92919872660605;14,6505637988416
SBA;Prec;28;Spatially adjusted;0,232244897959184;2,62760259532024;-7,20913391767954;14,5616375917341
SBA;Prec;28;Spatially adjusted;0,252448979591837;2,79037180474347;-7,44604715305422;14,4189674433026
SBA;Prec;28;Spatially adjusted;0,27265306122449;3,02043169870058;-7,63602734584902;14,2176675406993
SBA;Prec;28;Spatially adjusted;0,292857142857143;3,32338983423665;-7,77516340918146;13,9528520710767
SBA;Prec;28;Spatially adjusted;0,313061224489796;3,70485376839633;-7,85954425617047;13,6196352215877
SBA;Prec;28;Spatially adjusted;0,333265306122449;4,17043105822359;-7,88525879993381;13,2131311793837
SBA;Prec;28;Spatially adjusted;0,353469387755102;4,72013179317378;-7,85092492393869;12,7304154754258
SBA;Prec;28;Spatially adjusted;0,373673469387755;5,33157619234316;-7,76527639304641;12,1764090159054
SBA;Prec;28;Spatially adjusted;0,393877551020408;5,97678700723827;-7,63957594246631;11,5579940508226
SBA;Prec;28;Spatially adjusted;0,414081632653061;6,62778698936586;-7,48508630740867;10,8820528301765
SBA;Prec;28;Spatially adjusted;0,434285714285714;7,25659889023291;-7,31307022308283;10,1554676039675
SBA;Prec;28;Spatially adjusted;0,454489795918367;7,83524546134572;-7,13479042469862;9,38512062219479
SBA;Prec;28;Spatially adjusted;0,47469387755102;8,33574945421105;-6,96150964746607;8,5778941348583
SBA;Prec;28;Spatially adjusted;0,494897959183674;8,73013362033589;-6,80449062659477;7,74067039195802
SBA;Prec;28;Spatially adjusted;0,515102040816327;8,99042071122722;-6,6749960972943;6,88033164349326
SBA;Prec;28;Spatially adjusted;0,53530612244898;9,08863347839065;-6,58428879477469;6,00376013946402
SBA;Prec;28;Spatially adjusted;0,555510204081633;8,99679467333408;-6,54363145424577;5,11783812987028
SBA;Prec;28;Spatially adjusted;0,575714285714286;8,68692704756336;-6,56428681091688;4,22944786471089
SBA;Prec;28;Spatially adjusted;0,595918367346939;8,1310533525857;-6,6575175999983;3,34547159398653
SBA;Prec;28;Spatially adjusted;0,616122448979592;7,30119633990762;-6,83458655669915;2,47279156769605
SBA;Prec;28;Spatially adjusted;0,636326530612245;6,16937876103611;-7,10675641622993;1,61829003584012
SBA;Prec;28;Spatially adjusted;0,656530612244898;4,70762336747703;-7,48528991379999;0,788849248417819
SBA;Prec;28;Spatially adjusted;0,676734693877551;2,88795291073825;-7,98144978461914;-0,00864854457108777
SBA;Prec;28;Spatially adjusted;0,696938775510204;0,691072728654717;-8,60327904648239;-0,768872564422509
SBA;Prec;28;Spatially adjusted;0,717142857142857;-1,8675814956232;-9,34594184752586;-1,49269791761799
SBA;Prec;28;Spatially adjusted;0,73734693877551;-4,7638914926149;-10,2013826184709;-2,18255118193406
SBA;Prec;28;Spatially adjusted;0,757551020408163;-7,97373899284185;-11,1615457900389;-2,84085893514839
SBA;Prec;28;Spatially adjusted;0,777755102040816;-11,4730057268237;-12,2183757929508;-3,47004775503774
SBA;Prec;28;Spatially adjusted;0,797959183673469;-15,2375734250813;-13,3638170579284;-4,07254421937932
SBA;Prec;28;Spatially adjusted;0,818163265306122;-19,243323818135;-14,5898140156926;-4,65077490594968
SBA;Prec;28;Spatially adjusted;0,838367346938776;-23,4661386365046;-15,888311096965;-5,20716639252669
SBA;Prec;28;Spatially adjusted;0,858571428571429;-27,8818996107111;-17,2512527324668;-5,7441452568869
SBA;Prec;28;Spatially adjusted;0,878775510204082;-32,4664884712749;-18,6705833529193;-6,26413807680774
SBA;Prec;28;Spatially adjusted;0,898979591836735;-37,1957869487164;-20,1382473890442;-6,76957143006598
SBA;Prec;28;Spatially adjusted;0,919183673469388;-42,0456767735557;-21,6461892715622;-7,26287189443906
SBA;Prec;28;Spatially adjusted;0,939387755102041;-46,9920396763137;-23,1863534311949;-7,74646604770351
SBA;Prec;28;Spatially adjusted;0,959591836734694;-52,0107573875098;-24,7506842986638;-8,22278046763677
SBA;Prec;28;Spatially adjusted;0,979795918367347;-57,0777116376658;-26,3311263046901;-8,69424173201605
SBA;Prec;28;Spatially adjusted;1;-62,1687841573009;-27,919623879995;-9,1632764186179
SBA;Prec;28;Current landscape;0,0254414211958647;37,918360589895;55,4873586911776;17,3705004004346
SBA;Prec;28;Current landscape;0,0731927528977394;5,80177456693014;26,4947771452532;-1,44356910189367
SBA;Prec;28;Current landscape;0,12698233127594;41,3324589458382;72,5756541276089;43,5497099395495
SBA;Prec;28;Current landscape;0,175219297409058;32,4852746726479;52,8495250255023;43,0625724502427
SBA;Prec;28;Current landscape;0,229555293917656;-32,1292607988282;28,5506398320597;9,58970032588172
SBA;Prec;28;Current landscape;0,281513869762421;18,4052451321045;62,5167348955722;33,8902265956501
SBA;Prec;28;Current landscape;0,323995918035507;48,0163838162414;68,3698505791488;40,0857267774168
SBA;Prec;28;Current landscape;0,377948522567749;30,8613459285684;67,6042785096274;69,8677864909748
SBA;Prec;28;Current landscape;0,427130877971649;50,6546428012014;63,8663797281593;95,6871664451178
SBA;Prec;28;Current landscape;0,475843787193298;45,1851480853045;78,0392344807444;68,1966574978485
SBA;Prec;28;Current landscape;0,526934027671814;70,0831696699954;77,5382398675017;80,4856261535153
SBA;Prec;28;Current landscape;0,57523250579834;66,3664057740077;73,2531667542451;59,3626157121739
SBA;Prec;28;Current landscape;0,623740136623383;29,6014680639503;96,4677114923882;74,8711243259593
SBA;Prec;28;Current landscape;0,676916301250458;48,7927922631541;143,584844471859;101,964890125862
SBA;Prec;28;Current landscape;0,725579798221588;51,0607934369009;99,6725203790909;68,332508715313
SBA;Prec;28;Current landscape;0,773312926292419;3,96064726579039;123,109150048062;111,285611393911
SBA;Prec;28;Current landscape;0,825415074825287;53,1509746009888;131,415535574849;96,3443678876101
SBA;Prec;28;Current landscape;0,879109084606171;2,9422011683007;47,5622644576001;55,0571982916297
SBA;Prec;28;Current landscape;0,92563259601593;-11,2283802977188;83,8311351785938;122,436038298363
SBA;Prec;28;Current landscape;1;102,365834414877;183,504764290645;142,477222879262
SBA;Prec;29;Spatially adjusted;0,01;-1,64552388028596;-1,19587911952863;12,9141847461678
SBA;Prec;29;Spatially adjusted;0,0302040816326531;-0,972094791906557;-1,22913965031853;12,9479475256608
SBA;Prec;29;Spatially adjusted;0,0504081632653061;-0,300910614805616;-1,26213681665035;12,9774117867371
SBA;Prec;29;Spatially adjusted;0,0706122448979592;0,365783739736344;-1,29460725406625;12,9982790109802
SBA;Prec;29;Spatially adjusted;0,0908163265306122;1,02574336044086;-1,32628759810814;13,0062506799738
SBA;Prec;29;Spatially adjusted;0,111020408163265;1,67672333602877;-1,35691448431794;12,9970282753011
SBA;Prec;29;Spatially adjusted;0,131224489795918;2,31647875522003;-1,38622454823781;12,9663132785454
SBA;Prec;29;Spatially adjusted;0,151428571428571;2,94276470673594;-1,41395442540966;12,9098071712904
SBA;Prec;29;Spatially adjusted;0,171632653061224;3,55333627929781;-1,43984075137564;12,8232114351197
SBA;Prec;29;Spatially adjusted;0,191836734693878;4,14594856162557;-1,46362016167745;12,702227551616
SBA;Prec;29;Spatially adjusted;0,212040816326531;4,71835664244054;-1,48502929185725;12,5425570023635
SBA;Prec;29;Spatially adjusted;0,232244897959184;5,26831561046288;-1,50380477745716;12,3399012689456
SBA;Prec;29;Spatially adjusted;0,252448979591837;5,79358055441412;-1,51968325401913;12,0899618329452
SBA;Prec;29;Spatially adjusted;0,27265306122449;6,29190656301466;-1,53240135708506;11,7884401759461
SBA;Prec;29;Spatially adjusted;0,292857142857143;6,76104872498536;-1,54169572219689;11,4310377795316
SBA;Prec;29;Spatially adjusted;0,313061224489796;7,1987621290466;-1,54730298489653;11,0134561252853
SBA;Prec;29;Spatially adjusted;0,333265306122449;7,60280186391969;-1,54895978072636;10,5313966947904
SBA;Prec;29;Spatially adjusted;0,353469387755102;7,96887410041563;-1,54739565740988;9,98252961182038
SBA;Prec;29;Spatially adjusted;0,373673469387755;8,28448933770551;-1,54731181139755;9,37239956890812
SBA;Prec;29;Spatially adjusted;0,393877551020408;8,53510915705169;-1,55440235132141;8,70851990077608
SBA;Prec;29;Spatially adjusted;0,414081632653061;8,70619513971519;-1,57436138581375;7,99840394214698
SBA;Prec;29;Spatially adjusted;0,434285714285714;8,78320886695815;-1,61288302350658;7,24956502774353
SBA;Prec;29;Spatially adjusted;0,454489795918367;8,75161192004225;-1,67566137303174;6,46951649228845
SBA;Prec;29;Spatially adjusted;0,47469387755102;8,59686588022964;-1,76839054302172;5,665771670504
SBA;Prec;29;Spatially adjusted;0,494897959183674;8,30443232878133;-1,89676464210856;4,84584389711358
SBA;Prec;29;Spatially adjusted;0,515102040816327;7,85977284695969;-2,06647777892454;4,017246506839
SBA;Prec;29;Spatially adjusted;0,53530612244898;7,24834901602617;-2,28322406210145;3,18749283440343
SBA;Prec;29;Spatially adjusted;0,555510204081633;6,45562241724224;-2,55269760027136;2,36409621452958
SBA;Prec;29;Spatially adjusted;0,575714285714286;5,46705463187072;-2,88059250206675;1,55456998193972
SBA;Prec;29;Spatially adjusted;0,595918367346939;4,26810724117217;-3,27260287611966;0,766427471357019
SBA;Prec;29;Spatially adjusted;0,616122448979592;2,84424182640896;-3,73442283106192;0,00718201750373737
SBA;Prec;29;Spatially adjusted;0,636326530612245;1,18091996884232;-4,27174647552602;-0,715653044897181
SBA;Prec;29;Spatially adjusted;0,656530612244898;-0,736396750265158;-4,89026791814376;-1,39456438112347
SBA;Prec;29;Spatially adjusted;0,676734693877551;-2,92224674965269;-5,59568126754721;-2,0220386564522
SBA;Prec;29;Spatially adjusted;0,696938775510204;-5,38579671473667;-6,39176717660303;-2,5924288252354
SBA;Prec;29;Spatially adjusted;0,717142857142857;-8,11472639764975;-7,27465247511327;-3,10755299812467
SBA;Prec;29;Spatially adjusted;0,73734693877551;-11,0913438172036;-8,23855053711395;-3,57109557484637
SBA;Prec;29;Spatially adjusted;0,757551020408163;-14,2979569922093;-9,27767473664198;-3,98674095512661
SBA;Prec;29;Spatially adjusted;0,777755102040816;-17,7168739414788;-10,3862384477338;-4,35817353869174
SBA;Prec;29;Spatially adjusted;0,797959183673469;-21,3304026838225;-11,5584550444253;-4,68907772526791
SBA;Prec;29;Spatially adjusted;0,818163265306122;-25,1208512380526;-12,7885379007528;-4,98313791458145
SBA;Prec;29;Spatially adjusted;0,838367346938776;-29,0705276229801;-14,0707003907532;-5,24403850635872
SBA;Prec;29;Spatially adjusted;0,858571428571429;-33,1617398574167;-15,3991558884627;-5,47546390032585
SBA;Prec;29;Spatially adjusted;0,878775510204082;-37,3767959601732;-16,7681177679171;-5,68109849620919
SBA;Prec;29;Spatially adjusted;0,898979591836735;-41,698003950062;-18,1717994031537;-5,86462669373509
SBA;Prec;29;Spatially adjusted;0,919183673469388;-46,1076718458937;-19,6044141682085;-6,02973289262923
SBA;Prec;29;Spatially adjusted;0,939387755102041;-50,5881076664798;-21,0601754371176;-6,18010149261886
SBA;Prec;29;Spatially adjusted;0,959591836734694;-55,1216194306317;-22,5332965839175;-6,31941689342921
SBA;Prec;29;Spatially adjusted;0,979795918367347;-59,6905151571609;-24,017990982645;-6,45136349478753
SBA;Prec;29;Spatially adjusted;1;-64,2771028648786;-25,5084720073357;-6,57962569641927
SBA;Prec;29;Current landscape;0,027618657797575;25,5172484252762;40,2543588921544;3,82925657145142
SBA;Prec;29;Current landscape;0,074352391064167;58,9027915206964;75,378182313621;18,0984835063148
SBA;Prec;29;Current landscape;0,121489889919758;25,323191484121;54,0652571004159;10,2857301698048
SBA;Prec;29;Current landscape;0,175460606813431;51,4722376317432;69,5787501695941;51,0957967255977
SBA;Prec;29;Current landscape;0,22744332253933;22,8685869349954;17,3611938877723;28,187632909237
SBA;Prec;29;Current landscape;0,277010858058929;6,28319895268828;32,2734905247019;24,8099274574577
SBA;Prec;29;Current landscape;0,328283876180649;84,141090105406;124,104587926224;45,9383237373631
SBA;Prec;29;Current landscape;0,37701416015625;70,0765076407956;103,279463768722;79,9611549968438
SBA;Prec;29;Current landscape;0,42594638466835;-2,63376698930097;27,8797441807351;5,44369190589737
SBA;Prec;29;Current landscape;0,47344371676445;89,9210120354403;119,177134635081;95,3419518143032
SBA;Prec;29;Current landscape;0,525028944015503;21,8062376645994;62,0458640770376;21,9056385889064
SBA;Prec;29;Current landscape;0,571468591690063;71,8291185530309;86,5072374710492;46,3922858008305
SBA;Prec;29;Current landscape;0,626057982444763;57,4102112307717;112,555636692253;76,7740206528079
SBA;Prec;29;Current landscape;0,674494922161102;61,8437373148524;120,761840873484;81,0694492041293
SBA;Prec;29;Current landscape;0,727172017097473;38,8436762522781;119,420979380143;100,137433108667
SBA;Prec;29;Current landscape;0,771548390388489;12,0100012996702;118,787099881788;147,137325226144
SBA;Prec;29;Current landscape;0,82133162021637;8,65561243650814;72,0279357691868;67,6585900521263
SBA;Prec;29;Current landscape;0,877437174320221;44,1530237603331;106,824304590329;79,8219979126802
SBA;Prec;29;Current landscape;0,923894286155701;-18,9462645716271;67,338056162366;92,189402375808
SBA;Prec;29;Current landscape;1;142,690518709763;222,423152784447;126,903590866195
SBA;Prec;30;Spatially adjusted;0,01;-0,628245006287216;0,707173712247823;3,29234480609466
SBA;Prec;30;Spatially adjusted;0,0302040816326531;-0,182537362384664;0,239851648482727;4,34537176324807
SBA;Prec;30;Spatially adjusted;0,0504081632653061;0,26335159392238;-0,225208211445079;5,38717186897179
SBA;Prec;30;Spatially adjusted;0,0706122448979592;0,709603175039774;-0,685743663699668;6,40651827183615
SBA;Prec;30;Spatially adjusted;0,0908163265306122;1,15639869337133;-1,13949250444375;7,39218412041146
SBA;Prec;30;Spatially adjusted;0,111020408163265;1,60391946132268;-1,58419252984049;8,33294256326849
SBA;Prec;30;Spatially adjusted;0,131224489795918;2,05234679129831;-2,01758153605306;9,21756674897733
SBA;Prec;30;Spatially adjusted;0,151428571428571;2,50186199570362;-2,43739731924507;10,0348298261081
SBA;Prec;30;Spatially adjusted;0,171632653061224;2,95264638694289;-2,84137767557922;10,7735049432315
SBA;Prec;30;Spatially adjusted;0,191836734693878;3,40488127742083;-3,22726040121893;11,4223652489177
SBA;Prec;30;Spatially adjusted;0,212040816326531;3,8587479795433;-3,59278329232711;11,9701838917374
SBA;Prec;30;Spatially adjusted;0,232244897959184;4,31442780571456;-3,9356841450674;12,4057340202608
SBA;Prec;30;Spatially adjusted;0,252448979591837;4,77210206833956;-4,25370075560272;12,7177887830578
SBA;Prec;30;Spatially adjusted;0,27265306122449;5,2319520798228;-4,54457092009625;12,8951213286994
SBA;Prec;30;Spatially adjusted;0,292857142857143;5,69415915256991;-4,80603243471114;12,9265048057555
SBA;Prec;30;Spatially adjusted;0,313061224489796;6,1589045989856;-5,0358230956108;12,8007123627967
SBA;Prec;30;Spatially adjusted;0,333265306122449;6,62636973147437;-5,23168069895792;12,5065171483934
SBA;Prec;30;Spatially adjusted;0,353469387755102;7,09364119445354;-5,39290793129658;12,0376181264096
SBA;Prec;30;Spatially adjusted;0,373673469387755;7,54542696039039;-5,52506704068878;11,4074175218848
SBA;Prec;30;Spatially adjusted;0,393877551020408;7,96334033376388;-5,63528516557835;10,6342433751515
SBA;Prec;30;Spatially adjusted;0,414081632653061;8,32899461905322;-5,73068944440797;9,73642372654308
SBA;Prec;30;Spatially adjusted;0,434285714285714;8,62400312073783;-5,81840701562078;8,73228661639291
SBA;Prec;30;Spatially adjusted;0,454489795918367;8,82997914329712;-5,90556501765991;7,64016008503336
SBA;Prec;30;Spatially adjusted;0,47469387755102;8,92853599120963;-5,99929058896805;6,47837217279789
SBA;Prec;30;Spatially adjusted;0,494897959183674;8,90128696895567;-6,1067108679888;5,2652509200193
SBA;Prec;30;Spatially adjusted;0,515102040816327;8,72984538101377;-6,23495299316483;4,0191243670306
SBA;Prec;30;Spatially adjusted;0,53530612244898;8,39582453186335;-6,39114410293928;2,75832055416504
SBA;Prec;30;Spatially adjusted;0,555510204081633;7,88083772598384;-6,5824113357553;1,50116752175563
SBA;Prec;30;Spatially adjusted;0,575714285714286;7,16649826785442;-6,81588183005556;0,265993310134945
SBA;Prec;30;Spatially adjusted;0,595918367346939;6,2344194619543;-7,09868272428366;-0,928874040363326
SBA;Prec;30;Spatially adjusted;0,616122448979592;5,06621461276291;-7,43794115688206;-2,06510648940639
SBA;Prec;30;Spatially adjusted;0,636326530612245;3,64349702475897;-7,84078426629435;-3,12437599666146
SBA;Prec;30;Spatially adjusted;0,656530612244898;1,94788000242238;-8,31433919096321;-4,08835452179551
SBA;Prec;30;Spatially adjusted;0,676734693877551;-0,0390231497676723;-8,86573306933178;-4,93871402447508
SBA;Prec;30;Spatially adjusted;0,696938775510204;-2,32930891948126;-9,5000201199764;-5,66155558632704
SBA;Prec;30;Spatially adjusted;0,717142857142857;-4,9099129629833;-10,2139628820048;-6,26069677681608
SBA;Prec;30;Spatially adjusted;0,73734693877551;-7,76148072868773;-11,002250974658;-6,74438428736607
SBA;Prec;30;Spatially adjusted;0,757551020408163;-10,8646576650087;-11,8595740171772;-7,12086480940161
SBA;Prec;30;Spatially adjusted;0,777755102040816;-14,2000892203607;-12,7806216288036;-7,3983850343468
SBA;Prec;30;Spatially adjusted;0,797959183673469;-17,7484208431579;-13,760083428778;-7,58519165362554
SBA;Prec;30;Spatially adjusted;0,818163265306122;-21,4902979818137;-14,792649036342;-7,68953135866241
SBA;Prec;30;Spatially adjusted;0,838367346938776;-25,4063660847423;-15,8730080707362;-7,71965084088129
SBA;Prec;30;Spatially adjusted;0,858571428571429;-29,4772706003585;-16,9958501512017;-7,68379679170675
SBA;Prec;30;Spatially adjusted;0,878775510204082;-33,6836569770758;-18,1558648969794;-7,5902159025627
SBA;Prec;30;Spatially adjusted;0,898979591836735;-38,0061706633085;-19,3477419273111;-7,44715486487326
SBA;Prec;30;Spatially adjusted;0,919183673469388;-42,4254571074707;-20,5661708614373;-7,26286037006321
SBA;Prec;30;Spatially adjusted;0,939387755102041;-46,9221617579765;-21,8058413185991;-7,04557910955623
SBA;Prec;30;Spatially adjusted;0,959591836734694;-51,4769300632402;-23,0614429180378;-6,80355777477644
SBA;Prec;30;Spatially adjusted;0,979795918367347;-56,0704074716757;-24,3276652789941;-6,54504305714841
SBA;Prec;30;Spatially adjusted;1;-60,6832394316969;-25,5991980207095;-6,27828164809625
SBA;Prec;30;Current landscape;0,027618657797575;41,8875015897745;55,5252866385413;25,3651782691845
SBA;Prec;30;Current landscape;0,0727228447794914;37,7312344401928;68,5366573052077;20,2414634751603
SBA;Prec;30;Current landscape;0,123100221157074;25,0060853094406;72,6098014234638;41,965664419633
SBA;Prec;30;Current landscape;0,175875067710876;1,26278096745114;29,9365836316247;10,6297911228928
SBA;Prec;30;Current landscape;0,226771667599678;-16,2457415790163;17,0536915453408;10,5650564018331
SBA;Prec;30;Current landscape;0,274780318140984;52,3414239420308;84,3250830486863;79,451196722292
SBA;Prec;30;Current landscape;0,325110405683517;93,612877129405;99,9695989225681;90,2960619586081
SBA;Prec;30;Current landscape;0,374847412109375;-5,01416628966331;42,7610676266927;34,1554222865748
SBA;Prec;30;Current landscape;0,426994293928146;-1,60558256928425;45,5616368329331;35,1649501404461
SBA;Prec;30;Current landscape;0,475693821907044;-6,02183564881671;40,9290052786291;-7,89707112858264
SBA;Prec;30;Current landscape;0,52482944726944;46,0678579097976;86,2965130875932;82,5640169809519
SBA;Prec;30;Current landscape;0,575460374355316;21,298574245096;70,6763774104904;77,3953542948023
SBA;Prec;30;Current landscape;0,624247670173645;90,9610242291551;148,989301165398;155,083808734159
SBA;Prec;30;Current landscape;0,672795951366425;22,1541136166522;94,0670911685625;117,919174738566
SBA;Prec;30;Current landscape;0,724442064762115;25,1809497356278;65,2865036546593;49,5574384104241
SBA;Prec;30;Current landscape;0,775855749845505;60,9906409333082;113,44039452572;125,511967780414
SBA;Prec;30;Current landscape;0,829291045665741;44,0078031199985;99,7092774065195;52,760904870768
SBA;Prec;30;Current landscape;0,877449631690979;20,8078158336518;101,083963488932;83,8847121700512
SBA;Prec;30;Current landscape;0,929309308528901;-21,7347077157838;83,9817395326427;60,9798693348832
SBA;Prec;30;Current landscape;1;115,61672899586;229,718117653627;155,099625905287
