region,response,frac_area,Tipo,median,lower,upper
CBA,Evapo,0.01,PF,1456.18327908123,1439.77549742439,1465.44008712747
CBA,Evapo,0.0149748743718593,PF,1456.19478692216,1439.846736247,1465.35288868732
CBA,Evapo,0.0199497487437186,PF,1456.20615256354,1439.91780645686,1465.26556245996
CBA,Evapo,0.0249246231155779,PF,1456.21723380585,1439.98853944123,1465.17798065816
CBA,Evapo,0.0298994974874372,PF,1456.22788844955,1440.02631091819,1465.09001549473
CBA,Evapo,0.0348743718592965,PF,1456.23797429509,1439.99276890304,1465.00153918243
CBA,Evapo,0.0398492462311558,PF,1456.24734914293,1439.95853510941,1464.9539902157
CBA,Evapo,0.0448241206030151,PF,1456.25587079355,1439.92347118159,1464.9767604214
CBA,Evapo,0.0497989949748744,PF,1456.26339704739,1439.88743876388,1464.99844215437
CBA,Evapo,0.0547738693467337,PF,1456.26978570493,1439.8502995006,1465.01887991852
CBA,Evapo,0.059748743718593,PF,1456.27489456661,1439.81191503603,1465.03791821773
CBA,Evapo,0.0647236180904523,PF,1456.27858143292,1439.77214701449,1465.05540155591
CBA,Evapo,0.0696984924623116,PF,1456.2807041043,1439.73085708027,1465.07117443694
CBA,Evapo,0.0746733668341709,PF,1456.28112038121,1439.68790687768,1465.03594536726
CBA,Evapo,0.0796482412060302,PF,1456.27968806412,1439.64315805102,1464.9907099204
CBA,Evapo,0.0846231155778894,PF,1456.2762649535,1439.59647224459,1464.94358991144
CBA,Evapo,0.0895979899497487,PF,1456.27070884979,1439.54771110269,1464.8944507288
CBA,Evapo,0.094572864321608,PF,1456.23105269834,1439.49673626963,1464.84315776091
CBA,Evapo,0.0995477386934673,PF,1456.18040181946,1439.44340938971,1464.78957639617
CBA,Evapo,0.104522613065327,PF,1456.13635381608,1439.38759210723,1464.79145229135
CBA,Evapo,0.109497487437186,PF,1456.1079614641,1439.32914606649,1464.81084518679
CBA,Evapo,0.114472361809045,PF,1456.07664956864,1439.2679329118,1464.82696269391
CBA,Evapo,0.119447236180905,PF,1456.04227215252,1439.20381428746,1464.8396410433
CBA,Evapo,0.124422110552764,PF,1456.00468323856,1439.1696466124,1464.84871646555
CBA,Evapo,0.129396984924623,PF,1455.96373684959,1439.1546133996,1464.85402519124
CBA,Evapo,0.134371859296482,PF,1455.91928700843,1439.13592172314,1464.85540345095
CBA,Evapo,0.139346733668342,PF,1455.84413150901,1439.11341914703,1464.85268747527
CBA,Evapo,0.144321608040201,PF,1455.73523605772,1439.08695323528,1464.84571349477
CBA,Evapo,0.14929648241206,PF,1455.58737720362,1439.05637155192,1464.83431774006
CBA,Evapo,0.15427135678392,PF,1455.43810179262,1439.02152166095,1464.81833644171
CBA,Evapo,0.159246231155779,PF,1455.35037024522,1438.98225112638,1464.7976058303
CBA,Evapo,0.164221105527638,PF,1455.25869394584,1438.93840751225,1464.77196213642
CBA,Evapo,0.169195979899498,PF,1455.16294140276,1438.88983838254,1464.74124159065
CBA,Evapo,0.174170854271357,PF,1455.06298112424,1438.83639130129,1464.70528042358
CBA,Evapo,0.179145728643216,PF,1454.95868161856,1438.77791383251,1464.6639148658
CBA,Evapo,0.184120603015075,PF,1454.84991139397,1438.7142535402,1464.61698114787
CBA,Evapo,0.189095477386935,PF,1454.73653895875,1438.64525798839,1464.56431550041
CBA,Evapo,0.194070351758794,PF,1454.61843282117,1438.57077474108,1464.50575415397
CBA,Evapo,0.199045226130653,PF,1454.49546148949,1438.4906513623,1464.44113333916
CBA,Evapo,0.204020100502513,PF,1454.36749347198,1438.40473541605,1464.37028928654
CBA,Evapo,0.208994974874372,PF,1454.2343972769,1438.31287446635,1464.29305822672
CBA,Evapo,0.213969849246231,PF,1454.09604141254,1438.21491607722,1464.20927639027
CBA,Evapo,0.21894472361809,PF,1453.95229438714,1438.11070781266,1464.11878000777
CBA,Evapo,0.22391959798995,PF,1453.80302470899,1438.00009723669,1464.02140530982
CBA,Evapo,0.228894472361809,PF,1453.64810088634,1437.88293191333,1463.91698852699
CBA,Evapo,0.233869346733668,PF,1453.48739142747,1437.75905940659,1463.80536588987
CBA,Evapo,0.238844221105528,PF,1453.32076484064,1437.62832728049,1463.68637362904
CBA,Evapo,0.243819095477387,PF,1453.14808963412,1437.49058309903,1463.55984797509
CBA,Evapo,0.248793969849246,PF,1452.96923431619,1437.34567442623,1463.42562515861
CBA,Evapo,0.253768844221106,PF,1452.81944842969,1437.19344882612,1463.28354141017
CBA,Evapo,0.258743718592965,PF,1452.67897535528,1437.03375386269,1463.13343296036
CBA,Evapo,0.263718592964824,PF,1452.53140056006,1436.86643709996,1462.97513603976
CBA,Evapo,0.268693467336683,PF,1452.37658200962,1436.69134610196,1462.80848687897
CBA,Evapo,0.273668341708543,PF,1452.21437766956,1436.50832843269,1462.63332170856
CBA,Evapo,0.278643216080402,PF,1451.98714809041,1436.31723165616,1462.44947675912
CBA,Evapo,0.283618090452261,PF,1451.73314035601,1436.1179033364,1462.25678826123
CBA,Evapo,0.288592964824121,PF,1451.47316614379,1435.91019103741,1462.05509244547
CBA,Evapo,0.29356783919598,PF,1451.20711697232,1435.69394232321,1461.84422554244
CBA,Evapo,0.298542713567839,PF,1450.9348843602,1435.46900475781,1461.62402378272
CBA,Evapo,0.303517587939699,PF,1450.65635982601,1435.23522590523,1461.39432339688
CBA,Evapo,0.308492462311558,PF,1450.37143488833,1434.99245332949,1461.15496061552
CBA,Evapo,0.313467336683417,PF,1450.08000106574,1434.72368918658,1460.90577166921
CBA,Evapo,0.318442211055276,PF,1449.78194987684,1434.43960654545,1460.64659278855
CBA,Evapo,0.323417085427136,PF,1449.4874579794,1434.14689502297,1460.37726020411
CBA,Evapo,0.328391959798995,PF,1449.19477172223,1433.84541544365,1460.09761014649
CBA,Evapo,0.333366834170854,PF,1448.89256747251,1433.53502863197,1459.80747884626
CBA,Evapo,0.338341708542714,PF,1448.5806965116,1433.21559541244,1459.50670253401
CBA,Evapo,0.343316582914573,PF,1448.24817715383,1432.88706095983,1459.19521200163
CBA,Evapo,0.348291457286432,PF,1447.89819715142,1432.54970785009,1458.87331628622
CBA,Evapo,0.353266331658292,PF,1447.53956930984,1432.20390300947,1458.5414189862
CBA,Evapo,0.358241206030151,PF,1447.17266964085,1431.8500133642,1458.19992369998
CBA,Evapo,0.36321608040201,PF,1446.79787415627,1431.48840584051,1457.84923402596
CBA,Evapo,0.368190954773869,PF,1446.41555886786,1431.11944736466,1457.48975356255
CBA,Evapo,0.373165829145729,PF,1446.02609978743,1430.74350486286,1457.12188590817
CBA,Evapo,0.378140703517588,PF,1445.62987292676,1430.36094526137,1456.74603466123
CBA,Evapo,0.383115577889447,PF,1445.23046593406,1429.97213548642,1456.36260342013
CBA,Evapo,0.388090452261307,PF,1444.83101271556,1429.57744246425,1455.97199578329
CBA,Evapo,0.393065326633166,PF,1444.42673032157,1429.1772331211,1455.57461534912
CBA,Evapo,0.398040201005025,PF,1444.01796212326,1428.7718743832,1455.17086571602
CBA,Evapo,0.403015075376884,PF,1443.60505149183,1428.3617331768,1454.76115048241
CBA,Evapo,0.407989949748744,PF,1443.18834179844,1427.94717642813,1454.3458732467
CBA,Evapo,0.412964824120603,PF,1442.76817641429,1427.52857106343,1453.9254376073
CBA,Evapo,0.417939698492462,PF,1442.34489871053,1427.10628400893,1453.50024716262
CBA,Evapo,0.422914572864322,PF,1441.91885205836,1426.68068219089,1453.07070551107
CBA,Evapo,0.427889447236181,PF,1441.49037982896,1426.25213253552,1452.63721625105
CBA,Evapo,0.43286432160804,PF,1441.03077831532,1425.82100196908,1452.20018298099
CBA,Evapo,0.437839195979899,PF,1440.56786389616,1425.38765741781,1451.76000929928
CBA,Evapo,0.442814070351759,PF,1440.10279689698,1424.95246580793,1451.31709880435
CBA,Evapo,0.447788944723618,PF,1439.63797043436,1424.51579406568,1450.87185509459
CBA,Evapo,0.452763819095477,PF,1439.18112781634,1424.07800911732,1450.42468176843
CBA,Evapo,0.457738693467337,PF,1438.72386177544,1423.63947788906,1449.97598242427
CBA,Evapo,0.462713567839196,PF,1438.26652005773,1423.20056730716,1449.52616066052
CBA,Evapo,0.467688442211055,PF,1437.80945040928,1422.76164429785,1449.07562007559
CBA,Evapo,0.472663316582915,PF,1437.35300057617,1422.32307578736,1448.62476426789
CBA,Evapo,0.477638190954774,PF,1436.89751830447,1421.88522870195,1448.17399683583
CBA,Evapo,0.482613065326633,PF,1436.44335134025,1421.44846996783,1447.72372137783
CBA,Evapo,0.487587939698492,PF,1435.99084742959,1421.01316651126,1447.27434149229
CBA,Evapo,0.492562814070352,PF,1435.54035431856,1420.57968525847,1446.82626077763
CBA,Evapo,0.497537688442211,PF,1435.11629063605,1420.1483931357,1446.37988283224
CBA,Evapo,0.50251256281407,PF,1434.70286588446,1419.71965706919,1445.93561125456
CBA,Evapo,0.50748743718593,PF,1434.29241017943,1419.29384398517,1445.49384964297
CBA,Evapo,0.512462311557789,PF,1433.88522788182,1418.87132080988,1445.0550015959
CBA,Evapo,0.517437185929648,PF,1433.48162335249,1418.45245446957,1444.61947071176
CBA,Evapo,0.522412060301508,PF,1433.0819009523,1418.03761189046,1444.18766058895
CBA,Evapo,0.527386934673367,PF,1432.68636504211,1417.62715999881,1443.75997482588
CBA,Evapo,0.532361809045226,PF,1432.29531998278,1417.22146572083,1443.33681702097
CBA,Evapo,0.537336683417085,PF,1431.90907013515,1416.82089598279,1442.91859077263
CBA,Evapo,0.542311557788945,PF,1431.5279198601,1416.4258177109,1442.50569967926
CBA,Evapo,0.547286432160804,PF,1431.15217351848,1416.03659783142,1442.09854733928
CBA,Evapo,0.552261306532663,PF,1430.7792762318,1415.65360327058,1441.6975373511
CBA,Evapo,0.557236180904523,PF,1430.35854382284,1415.27720095461,1441.30307331312
CBA,Evapo,0.562211055276382,PF,1429.94485689765,1414.90775780976,1440.91555882377
CBA,Evapo,0.567185929648241,PF,1429.53861315589,1414.54564076226,1440.53539748144
CBA,Evapo,0.572160804020101,PF,1429.14021029721,1414.19121673835,1440.16299288454
CBA,Evapo,0.57713567839196,PF,1428.75004602126,1413.84485266427,1439.7987486315
CBA,Evapo,0.582110552763819,PF,1428.36851802769,1413.50691546626,1439.44306832071
CBA,Evapo,0.587085427135679,PF,1427.99602401614,1413.17777207055,1439.0963555506
CBA,Evapo,0.592060301507538,PF,1427.63296168627,1412.85778940339,1438.75901391956
CBA,Evapo,0.597035175879397,PF,1427.27972873773,1412.54733439101,1438.43144702602
CBA,Evapo,0.602010050251256,PF,1426.93672287016,1412.24677395965,1438.11405846837
CBA,Evapo,0.606984924623116,PF,1426.60434178322,1411.95647503555,1437.80725184503
CBA,Evapo,0.611959798994975,PF,1426.28298317656,1411.67680454495,1437.51143075442
CBA,Evapo,0.616934673366834,PF,1425.97304474982,1411.40812941408,1437.22699879493
CBA,Evapo,0.621909547738694,PF,1425.67492420266,1411.15081656919,1436.95435956499
CBA,Evapo,0.626884422110553,PF,1425.38901923472,1410.9052329365,1436.69391666299
CBA,Evapo,0.631859296482412,PF,1425.11572754565,1410.67174544227,1436.44607368736
CBA,Evapo,0.636834170854271,PF,1424.85544683511,1410.45072101272,1436.21123423651
CBA,Evapo,0.641809045226131,PF,1424.60857480275,1410.2425265741,1435.98980190883
CBA,Evapo,0.64678391959799,PF,1424.3755091482,1410.04752905264,1435.78218030275
CBA,Evapo,0.651758793969849,PF,1424.15664757113,1409.86609537459,1435.58877301667
CBA,Evapo,0.656733668341709,PF,1423.95238777119,1409.69859246617,1435.409983649
CBA,Evapo,0.661708542713568,PF,1423.76312744801,1409.54538725363,1435.24621579816
CBA,Evapo,0.666683417085427,PF,1423.58926430126,1409.40684666321,1435.09787306255
CBA,Evapo,0.671658291457287,PF,1423.43119603058,1409.28333762115,1434.96535904058
CBA,Evapo,0.676633165829146,PF,1423.28921316201,1409.17512701426,1434.84896907358
CBA,Evapo,0.681608040201005,PF,1423.1631775271,1409.08208157175,1434.74856547452
CBA,Evapo,0.686582914572864,PF,1423.05284378379,1409.00396798339,1434.66390229926
CBA,Evapo,0.691557788944724,PF,1422.96667598169,1408.94055293896,1434.59473360369
CBA,Evapo,0.696532663316583,PF,1422.91282817288,1408.89160312824,1434.54081344369
CBA,Evapo,0.701507537688442,PF,1422.87307922168,1408.85688524101,1434.50189587514
CBA,Evapo,0.706482412060302,PF,1422.8471979993,1408.83616596704,1434.4777349539
CBA,Evapo,0.711457286432161,PF,1422.83495337692,1408.82921199611,1434.46808473587
CBA,Evapo,0.71643216080402,PF,1422.83611422572,1408.83579001801,1434.47269927691
CBA,Evapo,0.721407035175879,PF,1422.85044941688,1408.85566672252,1434.49133263291
CBA,Evapo,0.726381909547739,PF,1422.87772782161,1408.88295376866,1434.52373885975
CBA,Evapo,0.731356783919598,PF,1422.91771831107,1408.91910031822,1434.56967201329
CBA,Evapo,0.736331658291457,PF,1422.97018975647,1408.96785732725,1434.62888614943
CBA,Evapo,0.741306532663317,PF,1423.03491102898,1409.02899126874,1434.70113532404
CBA,Evapo,0.746281407035176,PF,1423.11165099979,1409.10226861566,1434.78617359299
CBA,Evapo,0.751256281407035,PF,1423.20017854009,1409.18745584097,1434.88375501216
CBA,Evapo,0.756231155778895,PF,1423.30026252106,1409.28431941765,1434.99363363744
CBA,Evapo,0.761206030150754,PF,1423.4116718139,1409.39262581868,1435.1155635247
CBA,Evapo,0.766180904522613,PF,1423.53417528978,1409.51214151702,1435.24929872981
CBA,Evapo,0.771155778894472,PF,1423.6675418199,1409.64263298565,1435.39459330866
CBA,Evapo,0.776130653266332,PF,1423.81154027544,1409.78386669754,1435.55120131713
CBA,Evapo,0.781105527638191,PF,1423.96593952759,1409.93560912566,1435.71887681108
CBA,Evapo,0.78608040201005,PF,1424.13050844752,1410.09762674298,1435.89737384641
CBA,Evapo,0.79105527638191,PF,1424.30501590645,1410.26968602249,1436.08644647898
CBA,Evapo,0.796030150753769,PF,1424.48923077553,1410.45155343715,1436.28584876468
CBA,Evapo,0.801005025125628,PF,1424.68292192597,1410.64299545993,1436.49533475939
CBA,Evapo,0.805979899497488,PF,1424.85628516776,1410.8437785638,1436.71465851897
CBA,Evapo,0.810954773869347,PF,1425.03659135376,1411.05366922175,1436.94357409931
CBA,Evapo,0.815929648241206,PF,1425.22494860542,1411.27243390673,1437.1818355563
CBA,Evapo,0.820904522613065,PF,1425.42114505258,1411.49983909173,1437.42919694579
CBA,Evapo,0.825879396984925,PF,1425.61335341959,1411.73565124972,1437.68541232368
CBA,Evapo,0.830854271356784,PF,1425.8329554627,1411.97963685366,1437.95023574585
CBA,Evapo,0.835829145728643,PF,1426.09885584013,1412.23156237654,1438.22342126816
CBA,Evapo,0.840804020100503,PF,1426.37262499408,1412.49119429132,1438.50472294649
CBA,Evapo,0.845778894472362,PF,1426.65402447676,1412.75829907097,1438.79389483674
CBA,Evapo,0.850753768844221,PF,1426.94281584042,1413.03264318848,1439.09069099477
CBA,Evapo,0.85572864321608,PF,1427.23876063726,1413.31399311681,1439.39486547645
CBA,Evapo,0.86070351758794,PF,1427.54162041953,1413.60211532893,1439.70617233768
CBA,Evapo,0.865678391959799,PF,1427.85115673945,1413.89677629782,1440.02436563432
CBA,Evapo,0.870653266331658,PF,1428.19332244622,1414.19774249646,1440.34919942226
CBA,Evapo,0.875628140703518,PF,1428.55529132918,1414.5047803978,1440.68042775738
CBA,Evapo,0.880603015075377,PF,1428.87567071317,1414.81765647483,1441.01780469554
CBA,Evapo,0.885577889447236,PF,1429.19769302364,1415.13613720051,1441.36108429263
CBA,Evapo,0.890552763819096,PF,1429.52541726882,1415.45998904783,1441.71002060453
CBA,Evapo,0.895527638190955,PF,1429.85859553852,1415.78897848975,1442.06436768711
CBA,Evapo,0.900502512562814,PF,1430.19697992253,1416.12287199924,1442.42387959626
CBA,Evapo,0.905477386934673,PF,1430.54032251064,1416.46143604928,1442.78831038785
CBA,Evapo,0.910452261306533,PF,1430.88837539265,1416.80443711284,1443.15741411776
CBA,Evapo,0.915427135678392,PF,1431.24089065836,1417.1516416629,1443.53094484186
CBA,Evapo,0.920402010050251,PF,1431.59762039756,1417.50281617242,1443.90865661604
CBA,Evapo,0.925376884422111,PF,1431.95831670004,1417.85772711438,1444.29030349617
CBA,Evapo,0.93035175879397,PF,1432.32273165559,1418.21614096175,1444.67563953813
CBA,Evapo,0.935326633165829,PF,1432.71686621786,1418.57782418751,1445.0644187978
CBA,Evapo,0.940301507537689,PF,1433.10515979938,1418.94254326462,1445.45639533105
CBA,Evapo,0.945276381909548,PF,1433.47049176914,1419.31006466606,1445.85132319377
CBA,Evapo,0.950251256281407,PF,1433.8385875341,1419.6801548648,1446.24895644184
CBA,Evapo,0.955226130653266,PF,1434.20919584017,1420.05258033381,1446.68195339688
CBA,Evapo,0.960201005025126,PF,1434.58206543323,1420.42710754607,1447.14224723958
CBA,Evapo,0.965175879396985,PF,1434.95694505917,1420.80350297456,1447.60450744773
CBA,Evapo,0.970150753768844,PF,1435.33358346388,1421.18153309223,1448.06848822566
CBA,Evapo,0.975125628140704,PF,1435.73199428082,1421.56096437207,1448.53394377767
CBA,Evapo,0.980100502512563,PF,1436.13337036422,1421.94156328704,1449.0006283081
CBA,Evapo,0.985075376884422,PF,1436.53572284313,1422.32309631012,1449.46829602125
CBA,Evapo,0.990050251256281,PF,1436.93880761869,1422.70532991429,1449.93670112144
CBA,Evapo,0.995025125628141,PF,1437.342380592,1423.08803057251,1450.405597813
CBA,Evapo,1,PF,1437.75683860996,1423.47096475776,1450.87474030024
CBA,Evapo,0.01,SF_early,1415.79386494263,1397.62931062934,1425.63846314665
CBA,Evapo,0.0149748743718593,SF_early,1415.93877530909,1397.83418416748,1425.83887965407
CBA,Evapo,0.0199497487437186,SF_early,1416.08377824343,1398.0391269668,1426.03934968149
CBA,Evapo,0.0249246231155779,SF_early,1416.22896631353,1398.24420828848,1426.2399267489
CBA,Evapo,0.0298994974874372,SF_early,1416.37443208727,1398.44949739368,1426.44066437631
CBA,Evapo,0.0348743718592965,SF_early,1416.52026813254,1398.65506354359,1426.64161608369
CBA,Evapo,0.0398492462311558,SF_early,1416.66656701721,1398.86097599938,1426.8277542111
CBA,Evapo,0.0448241206030151,SF_early,1416.83559224834,1399.06730402223,1426.94932725417
CBA,Evapo,0.0497989949748744,SF_early,1417.04026274193,1399.27411687332,1427.07155722624
CBA,Evapo,0.0547738693467337,SF_early,1417.24535706563,1399.48148381381,1427.19453797432
CBA,Evapo,0.059748743718593,SF_early,1417.4509281982,1399.6894741049,1427.3183633454
CBA,Evapo,0.0647236180904523,SF_early,1417.6570291184,1399.89815700775,1427.57956799239
CBA,Evapo,0.0696984924623116,SF_early,1417.863712805,1400.10760178354,1427.88798401317
CBA,Evapo,0.0746733668341709,SF_early,1418.07103223677,1400.31787769345,1428.19647972587
CBA,Evapo,0.0796482412060302,SF_early,1418.27904039246,1400.52905399865,1428.50506177148
CBA,Evapo,0.0846231155778894,SF_early,1418.48779025083,1400.74119996032,1428.813736791
CBA,Evapo,0.0895979899497487,SF_early,1418.69733479066,1400.95438483964,1429.12251142542
CBA,Evapo,0.094572864321608,SF_early,1418.90772699071,1401.16867789778,1429.43139231573
CBA,Evapo,0.0995477386934673,SF_early,1419.09912557276,1401.38414839593,1429.74038610293
CBA,Evapo,0.104522613065327,SF_early,1419.28584059973,1401.60086559524,1430.04949942801
CBA,Evapo,0.109497487437186,SF_early,1419.47386077081,1401.81889875692,1430.35873893196
CBA,Evapo,0.114472361809045,SF_early,1419.66325477779,1402.03831714211,1430.65224846413
CBA,Evapo,0.119447236180905,SF_early,1419.85409131247,1402.25919001202,1430.92883980059
CBA,Evapo,0.124422110552764,SF_early,1420.04643906665,1402.48158662781,1431.20588085788
CBA,Evapo,0.129396984924623,SF_early,1420.24036673211,1402.70557625065,1431.48339207785
CBA,Evapo,0.134371859296482,SF_early,1420.43594300067,1402.93122814173,1431.76139390236
CBA,Evapo,0.139346733668342,SF_early,1420.6332365641,1403.15861156222,1432.03990677327
CBA,Evapo,0.144321608040201,SF_early,1420.83231611421,1403.3877957733,1432.31895113242
CBA,Evapo,0.14929648241206,SF_early,1421.03325034279,1403.61885003615,1432.59854742167
CBA,Evapo,0.15427135678392,SF_early,1421.23610794164,1403.85184361193,1432.87871608289
CBA,Evapo,0.159246231155779,SF_early,1421.44095760254,1404.08684576183,1433.15947755792
CBA,Evapo,0.164221105527638,SF_early,1421.64786801731,1404.32392574703,1433.44085228863
CBA,Evapo,0.169195979899498,SF_early,1421.85690787773,1404.56315282869,1433.72286071686
CBA,Evapo,0.174170854271357,SF_early,1422.06814587559,1404.804596268,1434.00552328447
CBA,Evapo,0.179145728643216,SF_early,1422.2816507027,1405.04832532614,1434.28886043332
CBA,Evapo,0.184120603015075,SF_early,1422.49749105085,1405.29440926427,1434.57289260527
CBA,Evapo,0.189095477386935,SF_early,1422.71573561183,1405.54291734358,1434.85764024217
CBA,Evapo,0.194070351758794,SF_early,1422.93645307744,1405.79391882524,1435.14312378587
CBA,Evapo,0.199045226130653,SF_early,1423.15682542992,1406.04748297043,1435.42936367824
CBA,Evapo,0.204020100502513,SF_early,1423.37203935871,1406.30367904033,1435.71638036112
CBA,Evapo,0.208994974874372,SF_early,1423.59016584256,1406.5625762961,1436.00419427638
CBA,Evapo,0.213969849246231,SF_early,1423.81127956235,1406.82424399894,1436.29282586586
CBA,Evapo,0.21894472361809,SF_early,1424.03545519899,1407.08875141001,1436.58229557143
CBA,Evapo,0.22391959798995,SF_early,1424.26276743338,1407.35616779049,1436.87262383494
CBA,Evapo,0.228894472361809,SF_early,1424.4932909464,1407.62656240156,1437.16383109825
CBA,Evapo,0.233869346733668,SF_early,1424.75567897714,1407.90000450439,1437.4559378032
CBA,Evapo,0.238844221105528,SF_early,1425.02312097714,1408.17656336016,1437.74896439167
CBA,Evapo,0.243819095477387,SF_early,1425.2926933423,1408.45630823005,1438.0429313055
CBA,Evapo,0.248793969849246,SF_early,1425.5644423849,1408.73930837523,1438.33785898654
CBA,Evapo,0.253768844221106,SF_early,1425.83841441724,1409.02563305688,1438.63376787666
CBA,Evapo,0.258743718592965,SF_early,1426.1146557516,1409.31535153618,1438.93067841772
CBA,Evapo,0.263718592964824,SF_early,1426.39321270027,1409.6085330743,1439.22861105155
CBA,Evapo,0.268693467336683,SF_early,1426.67413157553,1409.90524693242,1439.52758622003
CBA,Evapo,0.273668341708543,SF_early,1426.95745868966,1410.20556237171,1439.82762436501
CBA,Evapo,0.278643216080402,SF_early,1427.24324035497,1410.50954865336,1440.12874592834
CBA,Evapo,0.283618090452261,SF_early,1427.53152288372,1410.81727503853,1440.43097135188
CBA,Evapo,0.288592964824121,SF_early,1427.82235258821,1411.12881078841,1440.73432107748
CBA,Evapo,0.29356783919598,SF_early,1428.11577578072,1411.44422516417,1441.03881554701
CBA,Evapo,0.298542713567839,SF_early,1428.41183877354,1411.76358742699,1441.34447520231
CBA,Evapo,0.303517587939699,SF_early,1428.71058787895,1412.08696683805,1441.65132048524
CBA,Evapo,0.308492462311558,SF_early,1429.01206940925,1412.41443265851,1441.95937183766
CBA,Evapo,0.313467336683417,SF_early,1429.31632967671,1412.74605414956,1442.26864970142
CBA,Evapo,0.318442211055276,SF_early,1429.62341499363,1413.08190057237,1442.57917451838
CBA,Evapo,0.323417085427136,SF_early,1429.93337167229,1413.42204118813,1442.8909667304
CBA,Evapo,0.328391959798995,SF_early,1430.24624602497,1413.766545258,1443.20404677933
CBA,Evapo,0.333366834170854,SF_early,1430.56208436397,1414.11548204316,1443.51843510702
CBA,Evapo,0.338341708542714,SF_early,1430.88093300156,1414.46892080479,1443.83415215534
CBA,Evapo,0.343316582914573,SF_early,1431.20283727252,1414.82691502015,1444.15122959341
CBA,Evapo,0.348291457286432,SF_early,1431.52783860154,1415.18945503082,1444.46974399951
CBA,Evapo,0.353266331658292,SF_early,1431.85597743581,1415.55651539446,1444.78978317919
CBA,Evapo,0.358241206030151,SF_early,1432.18828358001,1415.92807066873,1445.11143493799
CBA,Evapo,0.36321608040201,SF_early,1432.52669444701,1416.30409541129,1445.43478708146
CBA,Evapo,0.368190954773869,SF_early,1432.86855263808,1416.68456417981,1445.75992741516
CBA,Evapo,0.373165829145729,SF_early,1433.21388924237,1417.06945153194,1446.08694374462
CBA,Evapo,0.378140703517588,SF_early,1433.56273534904,1417.45873202536,1446.41592387541
CBA,Evapo,0.383115577889447,SF_early,1433.91512204726,1417.85238021771,1446.74695561306
CBA,Evapo,0.388090452261307,SF_early,1434.27108042619,1418.25037066667,1447.08012676313
CBA,Evapo,0.393065326633166,SF_early,1434.63235906442,1418.6526779299,1447.41552513116
CBA,Evapo,0.398040201005025,SF_early,1434.99750517461,1419.05927656505,1447.75323852272
CBA,Evapo,0.403015075376884,SF_early,1435.36124755873,1419.4701411298,1448.09335474333
CBA,Evapo,0.407989949748744,SF_early,1435.72873728023,1419.82165742977,1448.43596159855
CBA,Evapo,0.412964824120603,SF_early,1436.10000398195,1420.14362185091,1448.78114689394
CBA,Evapo,0.417939698492462,SF_early,1436.47507730671,1420.46900248004,1449.12899843504
CBA,Evapo,0.422914572864322,SF_early,1436.85398689736,1420.79790703047,1449.47960402739
CBA,Evapo,0.427889447236181,SF_early,1437.23676239672,1421.13044321553,1449.83305147656
CBA,Evapo,0.43286432160804,SF_early,1437.62272488211,1421.46671874852,1450.18942858808
CBA,Evapo,0.437839195979899,SF_early,1437.99849447571,1421.80684134277,1450.5488231675
CBA,Evapo,0.442814070351759,SF_early,1438.37829870375,1422.15091871158,1450.91132302038
CBA,Evapo,0.447788944723618,SF_early,1438.73917701325,1422.49905856828,1451.27701595226
CBA,Evapo,0.452763819095477,SF_early,1439.10452672747,1422.85136862617,1451.6459897687
CBA,Evapo,0.457738693467337,SF_early,1439.5451998923,1423.20795659858,1452.01833227523
CBA,Evapo,0.462713567839196,SF_early,1440.00979949624,1423.56893019882,1452.39413127741
CBA,Evapo,0.467688442211055,SF_early,1440.44169624558,1423.93439714021,1452.77347458079
CBA,Evapo,0.472663316582915,SF_early,1440.86899974971,1424.30446513605,1453.15644999092
CBA,Evapo,0.477638190954774,SF_early,1441.32554887955,1424.67924189968,1453.54314531334
CBA,Evapo,0.482613065326633,SF_early,1441.78598157063,1425.05883514439,1453.93364835361
CBA,Evapo,0.487587939698492,SF_early,1442.25026986247,1425.44335258351,1454.32804691727
CBA,Evapo,0.492562814070352,SF_early,1442.71838579462,1425.83290193036,1454.72642880988
CBA,Evapo,0.497537688442211,SF_early,1443.19030140659,1426.22759089824,1455.12888183697
CBA,Evapo,0.50251256281407,SF_early,1443.66598873794,1426.62752720047,1455.53549380411
CBA,Evapo,0.50748743718593,SF_early,1444.14541982819,1427.03281855038,1455.94635251683
CBA,Evapo,0.512462311557789,SF_early,1444.62856671687,1427.44357266127,1456.36154578069
CBA,Evapo,0.517437185929648,SF_early,1445.11540144352,1427.85989724646,1456.78116140124
CBA,Evapo,0.522412060301508,SF_early,1445.60589604768,1428.28190001927,1457.20528718402
CBA,Evapo,0.527386934673367,SF_early,1446.10002256888,1428.709688693,1457.63401093458
CBA,Evapo,0.532361809045226,SF_early,1446.59775304665,1429.14337098099,1458.06742045848
CBA,Evapo,0.537336683417085,SF_early,1447.09905952053,1429.58305459653,1458.50560356126
CBA,Evapo,0.542311557788945,SF_early,1447.59223901009,1430.02884725296,1458.94864804847
CBA,Evapo,0.547286432160804,SF_early,1448.08674854268,1430.48085666358,1459.39664172566
CBA,Evapo,0.552261306532663,SF_early,1448.58542864893,1430.9391905417,1459.84967239838
CBA,Evapo,0.557236180904523,SF_early,1449.08829221406,1431.40395660065,1460.30782787218
CBA,Evapo,0.562211055276382,SF_early,1449.59535212331,1431.87526255374,1460.7711959526
CBA,Evapo,0.567185929648241,SF_early,1450.1066212619,1432.35321611428,1461.23986444519
CBA,Evapo,0.572160804020101,SF_early,1450.61681047797,1432.8379249956,1461.71392115551
CBA,Evapo,0.57713567839196,SF_early,1451.12256575405,1433.329496911,1462.1934538891
CBA,Evapo,0.582110552763819,SF_early,1451.63318838612,1433.8280395738,1462.67855045151
CBA,Evapo,0.587085427135679,SF_early,1452.14870760072,1434.33366069732,1463.16929864829
CBA,Evapo,0.592060301507538,SF_early,1452.66915262438,1434.84646799488,1463.66578628499
CBA,Evapo,0.597035175879397,SF_early,1453.19455268365,1435.36656917978,1464.16810116716
CBA,Evapo,0.602010050251256,SF_early,1453.72493700506,1435.89407196534,1464.67633110034
CBA,Evapo,0.606984924623116,SF_early,1454.26033481516,1436.42908406488,1465.19056389009
CBA,Evapo,0.611959798994975,SF_early,1454.80077534047,1436.97171319172,1465.71088734195
CBA,Evapo,0.616934673366834,SF_early,1455.34163174882,1437.52206705917,1466.23738926148
CBA,Evapo,0.621909547738694,SF_early,1455.88144614851,1438.08025338054,1466.77015745422
CBA,Evapo,0.626884422110553,SF_early,1456.42712583269,1438.64637986916,1467.30927972571
CBA,Evapo,0.631859296482412,SF_early,1456.97873312982,1439.22055423833,1467.85484388152
CBA,Evapo,0.636834170854271,SF_early,1457.53633036837,1439.80288420137,1468.40693772718
CBA,Evapo,0.641809045226131,SF_early,1458.09997987678,1440.3934774716,1468.96564906825
CBA,Evapo,0.64678391959799,SF_early,1458.66974398352,1440.99244176233,1469.53106571028
CBA,Evapo,0.651758793969849,SF_early,1459.24568501704,1441.59988478688,1470.10327545881
CBA,Evapo,0.656733668341709,SF_early,1459.82786530581,1442.21591425857,1470.68236611939
CBA,Evapo,0.661708542713568,SF_early,1460.41634717828,1442.8406378907,1471.26842549758
CBA,Evapo,0.666683417085427,SF_early,1461.01119296291,1443.4741633966,1471.85680960676
CBA,Evapo,0.671658291457287,SF_early,1461.61246498816,1444.11659848958,1472.42925938602
CBA,Evapo,0.676633165829146,SF_early,1462.24693536457,1444.76801015978,1473.00880509323
CBA,Evapo,0.681608040201005,SF_early,1462.89700835386,1445.42830250461,1473.59537334325
CBA,Evapo,0.686582914572864,SF_early,1463.55519680356,1446.0973388983,1474.18885609695
CBA,Evapo,0.691557788944724,SF_early,1464.22137390962,1446.7749827151,1474.78914531523
CBA,Evapo,0.696532663316583,SF_early,1464.89541286797,1447.46109732925,1475.39613295895
CBA,Evapo,0.701507537688442,SF_early,1465.57718687452,1448.15554611497,1476.00971098901
CBA,Evapo,0.706482412060302,SF_early,1466.26656912523,1448.85819244651,1476.62977136627
CBA,Evapo,0.711457286432161,SF_early,1466.963432816,1449.56889969809,1477.25620605161
CBA,Evapo,0.71643216080402,SF_early,1467.6538775232,1450.28753124397,1477.88890700593
CBA,Evapo,0.721407035175879,SF_early,1468.31693032531,1451.01395045836,1478.52776619009
CBA,Evapo,0.726381909547739,SF_early,1468.98394860837,1451.74802071552,1479.17267556498
CBA,Evapo,0.731356783919598,SF_early,1469.65486156021,1452.48960538968,1479.82352709148
CBA,Evapo,0.736331658291457,SF_early,1470.32959836869,1453.23856785506,1480.48021273047
CBA,Evapo,0.741306532663317,SF_early,1471.00808822163,1453.99477148592,1481.14262444282
CBA,Evapo,0.746281407035176,SF_early,1471.69026030689,1454.75807965648,1481.81065418942
CBA,Evapo,0.751256281407035,SF_early,1472.3760438123,1455.52835574099,1482.48419393114
CBA,Evapo,0.756231155778895,SF_early,1473.06941903704,1456.30546311367,1483.16313562887
CBA,Evapo,0.761206030150754,SF_early,1473.84039478609,1457.08926514877,1483.84737124349
CBA,Evapo,0.766180904522613,SF_early,1474.61718830917,1457.87962522052,1484.53679273588
CBA,Evapo,0.771155778894472,SF_early,1475.39967840265,1458.67640670316,1485.23129206691
CBA,Evapo,0.776130653266332,SF_early,1476.18774386289,1459.47947297092,1485.93076119747
CBA,Evapo,0.781105527638191,SF_early,1476.98126348629,1460.28868739805,1486.63509208843
CBA,Evapo,0.78608040201005,SF_early,1477.7801160692,1461.10391335877,1487.34417670068
CBA,Evapo,0.79105527638191,SF_early,1478.57779618525,1461.92501422732,1488.05790699509
CBA,Evapo,0.796030150753769,SF_early,1479.36417920842,1462.75185337795,1488.77617493255
CBA,Evapo,0.801005025125628,SF_early,1480.15350822373,1463.58429418488,1489.49887247394
CBA,Evapo,0.805979899497488,SF_early,1480.89720080561,1464.42220002235,1490.22589158013
CBA,Evapo,0.810954773869347,SF_early,1481.64450430774,1465.18792298593,1490.957124212
CBA,Evapo,0.815929648241206,SF_early,1482.39532614243,1465.85686036753,1491.69246233044
CBA,Evapo,0.820904522613065,SF_early,1483.14957372199,1466.52740478302,1492.43179789633
CBA,Evapo,0.825879396984925,SF_early,1483.90715445871,1467.19951279906,1493.17502287054
CBA,Evapo,0.830854271356784,SF_early,1484.66797576489,1467.87314098229,1493.92202921396
CBA,Evapo,0.835829145728643,SF_early,1485.43194505284,1468.54824589937,1494.67270888746
CBA,Evapo,0.840804020100503,SF_early,1486.19896973486,1469.22478411695,1495.42695385192
CBA,Evapo,0.845778894472362,SF_early,1486.96895722324,1469.90271220168,1496.18465606823
CBA,Evapo,0.850753768844221,SF_early,1487.7418149303,1470.58198672022,1496.94570749726
CBA,Evapo,0.85572864321608,SF_early,1488.47934031795,1471.2625642392,1497.7100000999
CBA,Evapo,0.86070351758794,SF_early,1489.17090361927,1471.9444013253,1498.47742583702
CBA,Evapo,0.865678391959799,SF_early,1489.83387574382,1472.62745454515,1499.2478766695
CBA,Evapo,0.870653266331658,SF_early,1490.47852411161,1473.3116804654,1500.02124455823
CBA,Evapo,0.875628140703518,SF_early,1491.12343874012,1473.99703565272,1500.79742146408
CBA,Evapo,0.880603015075377,SF_early,1491.76860938854,1474.68347667375,1501.57629934793
CBA,Evapo,0.885577889447236,SF_early,1492.41402581608,1475.4329917957,1502.35777017067
CBA,Evapo,0.890552763819096,SF_early,1493.13749196803,1476.24861813001,1503.14172589317
CBA,Evapo,0.895527638190955,SF_early,1493.9266669182,1477.06631865687,1503.92805847631
CBA,Evapo,0.900502512562814,SF_early,1494.71751349521,1477.88599909481,1504.71665988098
CBA,Evapo,0.905477386934673,SF_early,1495.50995209779,1478.70756516234,1505.50742206805
CBA,Evapo,0.910452261306533,SF_early,1496.30390312467,1479.53092257798,1506.3002369984
CBA,Evapo,0.915427135678392,SF_early,1497.09928697456,1480.35597706026,1507.09499663291
CBA,Evapo,0.920402010050251,SF_early,1497.89602404618,1481.18263432769,1507.89159293247
CBA,Evapo,0.925376884422111,SF_early,1498.69403473826,1482.0108000988,1508.68991785795
CBA,Evapo,0.93035175879397,SF_early,1499.49323944951,1482.8403800921,1509.48986337022
CBA,Evapo,0.935326633165829,SF_early,1500.29355857867,1483.67128002612,1510.29132143019
CBA,Evapo,0.940301507537689,SF_early,1501.08314207501,1484.50340561937,1511.09418399871
CBA,Evapo,0.945276381909548,SF_early,1501.87079508152,1485.33666259038,1511.89834303667
CBA,Evapo,0.950251256281407,SF_early,1502.6896653629,1486.17095665766,1512.70369050496
CBA,Evapo,0.955226130653266,SF_early,1503.50944900565,1487.00619353974,1513.51011836445
CBA,Evapo,0.960201005025126,SF_early,1504.33005467362,1487.84227895514,1514.31751857602
CBA,Evapo,0.965175879396985,SF_early,1505.15139103068,1488.67911862238,1515.12578310055
CBA,Evapo,0.970150753768844,SF_early,1505.97336674069,1489.51661825997,1515.93480389892
CBA,Evapo,0.975125628140704,SF_early,1506.79589046751,1490.35468358644,1516.74447293201
CBA,Evapo,0.980100502512563,SF_early,1507.61887087502,1491.19322032031,1517.5546821607
CBA,Evapo,0.985075376884422,SF_early,1508.44221662707,1492.0321341801,1518.36532354587
CBA,Evapo,0.990050251256281,SF_early,1509.26583638753,1492.8584954326,1519.17628904841
CBA,Evapo,0.995025125628141,SF_early,1510.08963882026,1493.5373713235,1519.98747062918
CBA,Evapo,1,SF_early,1510.91353258913,1494.2162777205,1520.79876024907
CBA,Evapo,0.01,SF_intermediate,1418.62854320667,1402.63046588243,1431.37099686076
CBA,Evapo,0.0149748743718593,SF_intermediate,1418.75009658684,1402.8044047436,1431.49502282385
CBA,Evapo,0.0199497487437186,SF_intermediate,1418.87168928435,1402.97836615262,1431.61909798831
CBA,Evapo,0.0249246231155779,SF_intermediate,1418.99336061655,1403.15237265736,1431.74327155551
CBA,Evapo,0.0298994974874372,SF_intermediate,1419.11514990077,1403.32644680567,1431.86759272682
CBA,Evapo,0.0348743718592965,SF_intermediate,1419.23709645435,1403.50061114541,1431.99211070363
CBA,Evapo,0.0398492462311558,SF_intermediate,1419.35923959464,1403.67488822444,1432.11687468729
CBA,Evapo,0.0448241206030151,SF_intermediate,1419.48161863897,1403.8493005906,1432.24193387919
CBA,Evapo,0.0497989949748744,SF_intermediate,1419.60427290468,1404.02387079177,1432.36733748069
CBA,Evapo,0.0547738693467337,SF_intermediate,1419.73176797939,1404.19862137579,1432.49313469316
CBA,Evapo,0.059748743718593,SF_intermediate,1419.8899293797,1404.37357489053,1432.61937471798
CBA,Evapo,0.0647236180904523,SF_intermediate,1420.0483739382,1404.54875388384,1432.74610675652
CBA,Evapo,0.0696984924623116,SF_intermediate,1420.20712997071,1404.72418090357,1432.87338001015
CBA,Evapo,0.0746733668341709,SF_intermediate,1420.36622579305,1404.8998784976,1433.00124368025
CBA,Evapo,0.0796482412060302,SF_intermediate,1420.52568972104,1405.07586921376,1433.12974696818
CBA,Evapo,0.0846231155778894,SF_intermediate,1420.6855500705,1405.25217559992,1433.25893907531
CBA,Evapo,0.0895979899497487,SF_intermediate,1420.84583515724,1405.42882020394,1433.38886920303
CBA,Evapo,0.094572864321608,SF_intermediate,1421.00657329709,1405.60582557367,1433.51958655269
CBA,Evapo,0.0995477386934673,SF_intermediate,1421.16779280587,1405.78321425698,1433.65114032568
CBA,Evapo,0.104522613065327,SF_intermediate,1421.32952199939,1405.96100880171,1433.78357972336
CBA,Evapo,0.109497487437186,SF_intermediate,1421.49178919347,1406.13923175572,1433.91695394711
CBA,Evapo,0.114472361809045,SF_intermediate,1421.65462270394,1406.31790566688,1434.05131219829
CBA,Evapo,0.119447236180905,SF_intermediate,1421.8180508466,1406.49705308304,1434.18670367829
CBA,Evapo,0.124422110552764,SF_intermediate,1421.98210193729,1406.67669655205,1434.32317758846
CBA,Evapo,0.129396984924623,SF_intermediate,1422.14680429182,1406.85685862177,1434.46078313019
CBA,Evapo,0.134371859296482,SF_intermediate,1422.31218622601,1407.03756184007,1434.59956950485
CBA,Evapo,0.139346733668342,SF_intermediate,1422.47827605567,1407.21882875479,1434.73958591381
CBA,Evapo,0.144321608040201,SF_intermediate,1422.64510209664,1407.4006819138,1434.88088155843
CBA,Evapo,0.14929648241206,SF_intermediate,1422.81269266472,1407.58314386495,1435.0235056401
CBA,Evapo,0.15427135678392,SF_intermediate,1422.98107607573,1407.7662371561,1435.16750736017
CBA,Evapo,0.159246231155779,SF_intermediate,1423.1502806455,1407.9499843351,1435.31293592004
CBA,Evapo,0.164221105527638,SF_intermediate,1423.32033468985,1408.13440794982,1435.45984052106
CBA,Evapo,0.169195979899498,SF_intermediate,1423.56212829183,1408.3195305481,1435.60827036461
CBA,Evapo,0.174170854271357,SF_intermediate,1423.81084359839,1408.50537467782,1435.75827465206
CBA,Evapo,0.179145728643216,SF_intermediate,1424.03905927271,1408.69196288681,1435.90990258479
CBA,Evapo,0.184120603015075,SF_intermediate,1424.21592690138,1408.87931772295,1436.06320336416
CBA,Evapo,0.189095477386935,SF_intermediate,1424.39401924633,1409.06746173409,1436.21822619154
CBA,Evapo,0.194070351758794,SF_intermediate,1424.57337129946,1409.25641746808,1436.37502026832
CBA,Evapo,0.199045226130653,SF_intermediate,1424.75401805264,1409.44620747278,1436.53363479585
CBA,Evapo,0.204020100502513,SF_intermediate,1424.93599449779,1409.63685429606,1436.69411897552
CBA,Evapo,0.208994974874372,SF_intermediate,1425.11933562679,1409.82838048576,1436.85652200869
CBA,Evapo,0.213969849246231,SF_intermediate,1425.30407643154,1410.02080858974,1437.02089309674
CBA,Evapo,0.21894472361809,SF_intermediate,1425.49025190392,1410.21416115587,1437.18728144103
CBA,Evapo,0.22391959798995,SF_intermediate,1425.67789703584,1410.40846073199,1437.35573624295
CBA,Evapo,0.228894472361809,SF_intermediate,1425.86704681919,1410.60372986597,1437.52630670386
CBA,Evapo,0.233869346733668,SF_intermediate,1426.05773624586,1410.79999110566,1437.69904202513
CBA,Evapo,0.238844221105528,SF_intermediate,1426.25000030774,1410.99726699892,1437.87399140814
CBA,Evapo,0.243819095477387,SF_intermediate,1426.43464342181,1411.1955800936,1438.05120405425
CBA,Evapo,0.248793969849246,SF_intermediate,1426.60888873056,1411.39495293757,1438.23072916484
CBA,Evapo,0.253768844221106,SF_intermediate,1426.78430102275,1411.59540807868,1438.41261594129
CBA,Evapo,0.258743718592965,SF_intermediate,1426.96090461053,1411.79696806479,1438.59691358496
CBA,Evapo,0.263718592964824,SF_intermediate,1427.13872380606,1411.99965544375,1438.78367129723
CBA,Evapo,0.268693467336683,SF_intermediate,1427.3177829215,1412.20349276342,1438.97293827946
CBA,Evapo,0.273668341708543,SF_intermediate,1427.49810626899,1412.40850257166,1439.16476373303
CBA,Evapo,0.278643216080402,SF_intermediate,1427.6797181607,1412.61470741633,1439.35919685931
CBA,Evapo,0.283618090452261,SF_intermediate,1427.8911353335,1412.82212984528,1439.55628685967
CBA,Evapo,0.288592964824121,SF_intermediate,1428.12783336044,1413.03079240637,1439.75608293549
CBA,Evapo,0.29356783919598,SF_intermediate,1428.36539653789,1413.24071764746,1439.95863428814
CBA,Evapo,0.298542713567839,SF_intermediate,1428.60384031497,1413.4519281164,1440.16399011899
CBA,Evapo,0.303517587939699,SF_intermediate,1428.8431801408,1413.66444636106,1440.3721996294
CBA,Evapo,0.308492462311558,SF_intermediate,1429.08343146448,1413.87829492928,1440.58331202076
CBA,Evapo,0.313467336683417,SF_intermediate,1429.32460973514,1414.09349636893,1440.79737649443
CBA,Evapo,0.318442211055276,SF_intermediate,1429.5667304019,1414.31007322786,1441.01444225179
CBA,Evapo,0.323417085427136,SF_intermediate,1429.79331569258,1414.52804805393,1441.23455849421
CBA,Evapo,0.328391959798995,SF_intermediate,1430.01990680215,1414.74744339499,1441.45777442305
CBA,Evapo,0.333366834170854,SF_intermediate,1430.24873739291,1414.96828179892,1441.6841392397
CBA,Evapo,0.338341708542714,SF_intermediate,1430.47984245675,1415.19058581355,1441.91370214552
CBA,Evapo,0.343316582914573,SF_intermediate,1430.71325051688,1415.41437959203,1442.14649783843
CBA,Evapo,0.348291457286432,SF_intermediate,1430.94896422163,1415.63969370861,1442.38250300246
CBA,Evapo,0.353266331658292,SF_intermediate,1431.18697975065,1415.86656034283,1442.62167981821
CBA,Evapo,0.358241206030151,SF_intermediate,1431.42729328361,1416.09501167423,1442.86399046625
CBA,Evapo,0.36321608040201,SF_intermediate,1431.66990100013,1416.32507988234,1443.10939712717
CBA,Evapo,0.368190954773869,SF_intermediate,1431.91479907987,1416.5567971467,1443.35786198156
CBA,Evapo,0.373165829145729,SF_intermediate,1432.16198370247,1416.79019564683,1443.60934721
CBA,Evapo,0.378140703517588,SF_intermediate,1432.43266891264,1417.02530756229,1443.86381499307
CBA,Evapo,0.383115577889447,SF_intermediate,1432.71007963563,1417.2621650726,1444.12122751136
CBA,Evapo,0.388090452261307,SF_intermediate,1432.98988285459,1417.50080035729,1444.38154694545
CBA,Evapo,0.393065326633166,SF_intermediate,1433.2720567195,1417.74124559591,1444.63079788306
CBA,Evapo,0.398040201005025,SF_intermediate,1433.55657938034,1417.98353296799,1444.86650413147
CBA,Evapo,0.403015075376884,SF_intermediate,1433.8434289871,1418.22769465307,1445.10553503159
CBA,Evapo,0.407989949748744,SF_intermediate,1434.13258368977,1418.47376283068,1445.34786396259
CBA,Evapo,0.412964824120603,SF_intermediate,1434.42402163832,1418.72176968035,1445.59346430363
CBA,Evapo,0.417939698492462,SF_intermediate,1434.71772098274,1418.97174738163,1445.84230943388
CBA,Evapo,0.422914572864322,SF_intermediate,1435.01365987302,1419.22372811404,1446.09437273252
CBA,Evapo,0.427889447236181,SF_intermediate,1435.31181645915,1419.47774405713,1446.34962757871
CBA,Evapo,0.43286432160804,SF_intermediate,1435.61216889109,1419.73382739043,1446.60804735163
CBA,Evapo,0.437839195979899,SF_intermediate,1435.91469531885,1419.99201029347,1446.86960543042
CBA,Evapo,0.442814070351759,SF_intermediate,1436.2193738924,1420.2523249458,1447.13427519428
CBA,Evapo,0.447788944723618,SF_intermediate,1436.52618276173,1420.51480352694,1447.40203002236
CBA,Evapo,0.452763819095477,SF_intermediate,1436.81110073577,1420.77947821643,1447.67284329384
CBA,Evapo,0.457738693467337,SF_intermediate,1437.06094708959,1421.04638119381,1447.94668838787
CBA,Evapo,0.462713567839196,SF_intermediate,1437.31256751103,1421.31554463861,1448.22353868364
CBA,Evapo,0.467688442211055,SF_intermediate,1437.56601222885,1421.58700073037,1448.50336756031
CBA,Evapo,0.472663316582915,SF_intermediate,1437.8213314718,1421.86078164862,1448.78614839705
CBA,Evapo,0.477638190954774,SF_intermediate,1438.07857546864,1422.13691957291,1449.07185457302
CBA,Evapo,0.482613065326633,SF_intermediate,1438.33779444813,1422.41544668276,1449.3604594674
CBA,Evapo,0.487587939698492,SF_intermediate,1438.59903863902,1422.69639515771,1449.65193645935
CBA,Evapo,0.492562814070352,SF_intermediate,1438.86235827007,1422.9797971773,1449.94625892805
CBA,Evapo,0.497537688442211,SF_intermediate,1439.12780357004,1423.26568492106,1450.24340025265
CBA,Evapo,0.50251256281407,SF_intermediate,1439.39542476768,1423.55409056853,1450.54333381234
CBA,Evapo,0.50748743718593,SF_intermediate,1439.66527209176,1423.84504629925,1450.84603298627
CBA,Evapo,0.512462311557789,SF_intermediate,1439.93739577101,1424.13858429274,1451.15147115362
CBA,Evapo,0.517437185929648,SF_intermediate,1440.21184603422,1424.43473672855,1451.45962169355
CBA,Evapo,0.522412060301508,SF_intermediate,1440.48867311012,1424.7335357862,1451.77045798524
CBA,Evapo,0.527386934673367,SF_intermediate,1440.76792722747,1425.03501364525,1452.08395340785
CBA,Evapo,0.532361809045226,SF_intermediate,1441.04965861504,1425.33920248521,1452.40008134056
CBA,Evapo,0.537336683417085,SF_intermediate,1441.35638105492,1425.64613448564,1452.71881516252
CBA,Evapo,0.542311557788945,SF_intermediate,1441.67779058118,1425.95584182605,1453.04012825291
CBA,Evapo,0.547286432160804,SF_intermediate,1442.00093916003,1426.268356686,1453.36399399089
CBA,Evapo,0.552261306532663,SF_intermediate,1442.32583295397,1426.58371124501,1453.69038575564
CBA,Evapo,0.557236180904523,SF_intermediate,1442.65247812551,1426.90193768262,1454.01927692632
CBA,Evapo,0.562211055276382,SF_intermediate,1442.98088083716,1427.22306817836,1454.35064088211
CBA,Evapo,0.567185929648241,SF_intermediate,1443.31104725143,1427.54713491178,1454.68445100217
CBA,Evapo,0.572160804020101,SF_intermediate,1443.64298353082,1427.8741700624,1455.02068066566
CBA,Evapo,0.57713567839196,SF_intermediate,1443.97669583784,1428.20420580977,1455.35930325176
CBA,Evapo,0.582110552763819,SF_intermediate,1444.31219033501,1428.53727433341,1455.70029213964
CBA,Evapo,0.587085427135679,SF_intermediate,1444.64947318483,1428.87340781287,1456.04362070847
CBA,Evapo,0.592060301507538,SF_intermediate,1444.9885505498,1429.21263842767,1456.38926233741
CBA,Evapo,0.597035175879397,SF_intermediate,1445.32942859245,1429.55499835737,1456.73719040562
CBA,Evapo,0.602010050251256,SF_intermediate,1445.67211347526,1429.90051978148,1457.08737829229
CBA,Evapo,0.606984924623116,SF_intermediate,1446.01661136076,1430.24923487955,1457.43979937658
CBA,Evapo,0.611959798994975,SF_intermediate,1446.36292841145,1430.60117583111,1457.79442703766
CBA,Evapo,0.616934673366834,SF_intermediate,1446.71107078984,1430.95637481569,1458.15123465469
CBA,Evapo,0.621909547738694,SF_intermediate,1447.06104465844,1431.31486401284,1458.51019560685
CBA,Evapo,0.626884422110553,SF_intermediate,1447.41285617975,1431.67667560209,1458.8712832733
CBA,Evapo,0.631859296482412,SF_intermediate,1447.76651151629,1432.04184176298,1459.23447103321
CBA,Evapo,0.636834170854271,SF_intermediate,1448.12201683056,1432.41039467503,1459.59973226575
CBA,Evapo,0.641809045226131,SF_intermediate,1448.47937828507,1432.78236651779,1459.96704035009
CBA,Evapo,0.64678391959799,SF_intermediate,1448.83860204233,1433.15778947079,1460.3363686654
CBA,Evapo,0.651758793969849,SF_intermediate,1449.19969426485,1433.53669571357,1460.70769059085
CBA,Evapo,0.656733668341709,SF_intermediate,1449.56266111513,1433.91911742565,1461.08097950559
CBA,Evapo,0.661708542713568,SF_intermediate,1449.92750875568,1434.30508678659,1461.45620878882
CBA,Evapo,0.666683417085427,SF_intermediate,1450.29424334902,1434.69463597591,1461.83335181968
CBA,Evapo,0.671658291457287,SF_intermediate,1450.66287105765,1435.08779717315,1462.21238197735
CBA,Evapo,0.676633165829146,SF_intermediate,1451.03339222083,1435.4845879921,1462.59327237956
CBA,Evapo,0.681608040201005,SF_intermediate,1451.40578388488,1435.88496778354,1462.97599509827
CBA,Evapo,0.686582914572864,SF_intermediate,1451.78001727285,1436.28888133251,1463.36052194398
CBA,Evapo,0.691557788944724,SF_intermediate,1452.15606360781,1436.69627342405,1463.74682472722
CBA,Evapo,0.696532663316583,SF_intermediate,1452.52386451324,1437.1070888432,1464.1348752585
CBA,Evapo,0.701507537688442,SF_intermediate,1452.89164991977,1437.521272375,1464.52464534833
CBA,Evapo,0.706482412060302,SF_intermediate,1453.26228973186,1437.93876880448,1464.91610680724
CBA,Evapo,0.711457286432161,SF_intermediate,1453.63573637609,1438.35952291669,1465.30923144573
CBA,Evapo,0.71643216080402,SF_intermediate,1454.01194227902,1438.78347949667,1465.70399107433
CBA,Evapo,0.721407035175879,SF_intermediate,1454.39085986723,1439.21058332944,1466.10035750354
CBA,Evapo,0.726381909547739,SF_intermediate,1454.7724415673,1439.64077920006,1466.49830254389
CBA,Evapo,0.731356783919598,SF_intermediate,1455.1566398058,1440.02047785248,1466.89779800589
CBA,Evapo,0.736331658291457,SF_intermediate,1455.5434070093,1440.39149660657,1467.29881570005
CBA,Evapo,0.741306532663317,SF_intermediate,1455.93269560438,1440.76413069895,1467.70132743689
CBA,Evapo,0.746281407035176,SF_intermediate,1456.34436043284,1441.13834965154,1468.10530502692
CBA,Evapo,0.751256281407035,SF_intermediate,1456.78734104674,1441.51412298626,1468.51072028067
CBA,Evapo,0.756231155778895,SF_intermediate,1457.23379079973,1441.89142022503,1468.91754500864
CBA,Evapo,0.761206030150754,SF_intermediate,1457.68364030904,1442.27021088977,1469.32575102136
CBA,Evapo,0.766180904522613,SF_intermediate,1458.13682019188,1442.65046450239,1469.73531012933
CBA,Evapo,0.771155778894472,SF_intermediate,1458.59326106547,1443.03215058482,1470.14619414307
CBA,Evapo,0.776130653266332,SF_intermediate,1459.05289354703,1443.41523865897,1470.5583748731
CBA,Evapo,0.781105527638191,SF_intermediate,1459.51564825377,1443.79969824676,1470.95381817993
CBA,Evapo,0.78608040201005,SF_intermediate,1459.98145580292,1444.18549887012,1471.33099412327
CBA,Evapo,0.79105527638191,SF_intermediate,1460.42712147352,1444.57261005095,1471.70863485078
CBA,Evapo,0.796030150753769,SF_intermediate,1460.82928783663,1444.96100131119,1472.08672955353
CBA,Evapo,0.801005025125628,SF_intermediate,1461.23306244075,1445.35064217275,1472.46526742259
CBA,Evapo,0.805979899497488,SF_intermediate,1461.63840606047,1445.74150215754,1472.84423764901
CBA,Evapo,0.810954773869347,SF_intermediate,1462.04527947041,1446.1335507875,1473.22362942387
CBA,Evapo,0.815929648241206,SF_intermediate,1462.45364344518,1446.52675758453,1473.60343193824
CBA,Evapo,0.820904522613065,SF_intermediate,1462.8634587594,1446.92109207055,1473.98363438317
CBA,Evapo,0.825879396984925,SF_intermediate,1463.31978904022,1447.31652376749,1474.36422594974
CBA,Evapo,0.830854271356784,SF_intermediate,1463.77956261213,1447.71302219726,1474.745195829
CBA,Evapo,0.835829145728643,SF_intermediate,1464.19860797963,1448.11055688179,1475.12653321203
CBA,Evapo,0.840804020100503,SF_intermediate,1464.6191188857,1448.50909734298,1475.50822728989
CBA,Evapo,0.845778894472362,SF_intermediate,1465.04105092007,1448.90861310277,1475.89026725365
CBA,Evapo,0.850753768844221,SF_intermediate,1465.45025573692,1449.30907368307,1476.27264229437
CBA,Evapo,0.85572864321608,SF_intermediate,1465.84618984963,1449.71044860579,1476.65534160312
CBA,Evapo,0.86070351758794,SF_intermediate,1466.24311164014,1450.11270739287,1477.03835437096
CBA,Evapo,0.865678391959799,SF_intermediate,1466.64098705059,1450.51581956621,1477.42166978896
CBA,Evapo,0.870653266331658,SF_intermediate,1467.03978202314,1450.91975464773,1477.80527704819
CBA,Evapo,0.875628140703518,SF_intermediate,1467.45599715707,1451.32448215936,1478.21034738784
CBA,Evapo,0.880603015075377,SF_intermediate,1467.87222507793,1451.72997162302,1478.76858678188
CBA,Evapo,0.885577889447236,SF_intermediate,1468.28651811604,1452.13619256062,1479.32858253796
CBA,Evapo,0.890552763819096,SF_intermediate,1468.70140027086,1452.54311449408,1479.89026147433
CBA,Evapo,0.895527638190955,SF_intermediate,1469.11684592861,1452.95070694532,1480.45355040925
CBA,Evapo,0.900502512562814,SF_intermediate,1469.53282947553,1453.35893943626,1481.01837616095
CBA,Evapo,0.905477386934673,SF_intermediate,1470.00615972473,1453.76778148882,1481.58466554769
CBA,Evapo,0.910452261306533,SF_intermediate,1470.49775693665,1454.17720262492,1482.15234538771
CBA,Evapo,0.915427135678392,SF_intermediate,1470.99040418617,1454.58717236648,1482.72134249927
CBA,Evapo,0.920402010050251,SF_intermediate,1471.48404313787,1454.99766023541,1483.29158370061
CBA,Evapo,0.925376884422111,SF_intermediate,1471.94899814731,1455.40863575364,1483.86299580997
CBA,Evapo,0.93035175879397,SF_intermediate,1472.38829459311,1455.82006844308,1484.43550564562
CBA,Evapo,0.935326633165829,SF_intermediate,1472.82821278255,1456.23192782565,1485.00904002579
CBA,Evapo,0.940301507537689,SF_intermediate,1473.26870830536,1456.71404621319,1485.58352576873
CBA,Evapo,0.945276381909548,SF_intermediate,1473.70973675129,1457.19749729529,1486.11831578436
CBA,Evapo,0.950251256281407,SF_intermediate,1474.15125371006,1457.68157571947,1486.62994925799
CBA,Evapo,0.955226130653266,SF_intermediate,1474.59321477144,1458.16622445463,1487.14210121301
CBA,Evapo,0.960201005025126,SF_intermediate,1475.03557552514,1458.65138646968,1487.65471980129
CBA,Evapo,0.965175879396985,SF_intermediate,1475.47829156093,1459.13700473351,1488.16775317469
CBA,Evapo,0.970150753768844,SF_intermediate,1475.92131846852,1459.62302221503,1488.68114948506
CBA,Evapo,0.975125628140704,SF_intermediate,1476.36461183768,1460.10938188314,1489.19485688427
CBA,Evapo,0.980100502512563,SF_intermediate,1476.80812725813,1460.59602670675,1489.70882352418
CBA,Evapo,0.985075376884422,SF_intermediate,1477.26299118188,1461.08289965475,1490.22299755664
CBA,Evapo,0.990050251256281,SF_intermediate,1477.75494641282,1461.56994369604,1490.73732713352
CBA,Evapo,0.995025125628141,SF_intermediate,1478.24703039187,1462.05710179953,1491.25176040668
CBA,Evapo,1,SF_intermediate,1478.73917874499,1462.54431693412,1491.76624552798
CBA,Evapo,0.01,SF_advanced,1422.73267788211,1410.24392470533,1439.41860058506
CBA,Evapo,0.0149748743718593,SF_advanced,1423.00520711164,1410.49929075478,1439.57374645659
CBA,Evapo,0.0199497487437186,SF_advanced,1423.27773608511,1410.75465605974,1439.7289280216
CBA,Evapo,0.0249246231155779,SF_advanced,1423.55026454648,1411.01001987572,1439.88418097353
CBA,Evapo,0.0298994974874372,SF_advanced,1423.82279223969,1411.26538145823,1440.03954100586
CBA,Evapo,0.0348743718592965,SF_advanced,1424.0953189087,1411.52074006278,1440.19504381206
CBA,Evapo,0.0398492462311558,SF_advanced,1424.36784429744,1411.77609494488,1440.35072508559
CBA,Evapo,0.0448241206030151,SF_advanced,1424.62025073465,1412.03144536003,1440.50662051991
CBA,Evapo,0.0497989949748744,SF_advanced,1424.86704315057,1412.28679056375,1440.6627658085
CBA,Evapo,0.0547738693467337,SF_advanced,1425.11388870675,1412.54212981155,1440.81919664482
CBA,Evapo,0.059748743718593,SF_advanced,1425.36079404569,1412.79746235894,1440.97594872233
CBA,Evapo,0.0647236180904523,SF_advanced,1425.60776580995,1413.05278746142,1441.1330577345
CBA,Evapo,0.0696984924623116,SF_advanced,1425.85481064204,1413.30810437451,1441.2905593748
CBA,Evapo,0.0746733668341709,SF_advanced,1426.1019351845,1413.56341235371,1441.4484893367
CBA,Evapo,0.0796482412060302,SF_advanced,1426.34914607986,1413.81871065454,1441.60688331365
CBA,Evapo,0.0846231155778894,SF_advanced,1426.59644997066,1414.0739985325,1441.76577699913
CBA,Evapo,0.0895979899497487,SF_advanced,1426.84385349941,1414.32927524311,1441.9252060866
CBA,Evapo,0.094572864321608,SF_advanced,1427.09136330865,1414.58454004187,1442.08520626953
CBA,Evapo,0.0995477386934673,SF_advanced,1427.33898604091,1414.8397921843,1442.24581324139
CBA,Evapo,0.104522613065327,SF_advanced,1427.61100906295,1415.0950309259,1442.40706269563
CBA,Evapo,0.109497487437186,SF_advanced,1427.89090246447,1415.35025552218,1442.56899032573
CBA,Evapo,0.114472361809045,SF_advanced,1428.17040851172,1415.60546522865,1442.73163182516
CBA,Evapo,0.119447236180905,SF_advanced,1428.44950783697,1415.86065930083,1442.89502288737
CBA,Evapo,0.124422110552764,SF_advanced,1428.72818107251,1416.11583699422,1443.05919920584
CBA,Evapo,0.129396984924623,SF_advanced,1429.00640885062,1416.37099756433,1443.22419647403
CBA,Evapo,0.134371859296482,SF_advanced,1429.2841718036,1416.62614026667,1443.3900503854
CBA,Evapo,0.139346733668342,SF_advanced,1429.56145056373,1416.88126435675,1443.55679663343
CBA,Evapo,0.144321608040201,SF_advanced,1429.83822576329,1417.13636909008,1443.72447091158
CBA,Evapo,0.14929648241206,SF_advanced,1430.163714547,1417.39145372217,1443.89310891332
CBA,Evapo,0.15427135678392,SF_advanced,1430.49416441153,1417.60020085897,1444.0627463321
CBA,Evapo,0.159246231155779,SF_advanced,1430.79606886831,1417.77651298904,1444.23341886141
CBA,Evapo,0.164221105527638,SF_advanced,1431.05320416,1417.9540703003,1444.4051621947
CBA,Evapo,0.169195979899498,SF_advanced,1431.30998111686,1418.13291429879,1444.57801202543
CBA,Evapo,0.174170854271357,SF_advanced,1431.5663881797,1418.31308649054,1444.75200404709
CBA,Evapo,0.179145728643216,SF_advanced,1431.82241378934,1418.49462838159,1444.92717395313
CBA,Evapo,0.184120603015075,SF_advanced,1432.07804638659,1418.67758147798,1445.10355743701
CBA,Evapo,0.189095477386935,SF_advanced,1432.33327441225,1418.86198728575,1445.28119019221
CBA,Evapo,0.194070351758794,SF_advanced,1432.58808630714,1419.04788731095,1445.46010791219
CBA,Evapo,0.199045226130653,SF_advanced,1432.84397879498,1419.2353230596,1445.64034629042
CBA,Evapo,0.204020100502513,SF_advanced,1433.11320058607,1419.42433603776,1445.82194102036
CBA,Evapo,0.208994974874372,SF_advanced,1433.38166703631,1419.61496775145,1446.00492779549
CBA,Evapo,0.213969849246231,SF_advanced,1433.64935877799,1419.80725970673,1446.18934230925
CBA,Evapo,0.21894472361809,SF_advanced,1433.91625644339,1420.00125340962,1446.37522025513
CBA,Evapo,0.22391959798995,SF_advanced,1434.1823406648,1420.19699036617,1446.56259732658
CBA,Evapo,0.228894472361809,SF_advanced,1434.44759207451,1420.39451208242,1446.75150921708
CBA,Evapo,0.233869346733668,SF_advanced,1434.71199130481,1420.5938600644,1446.94199162009
CBA,Evapo,0.238844221105528,SF_advanced,1434.97551898797,1420.79507581816,1447.13408022908
CBA,Evapo,0.243819095477387,SF_advanced,1435.23815575628,1420.99820084974,1447.32781073751
CBA,Evapo,0.248793969849246,SF_advanced,1435.49988224203,1421.20327666517,1447.52321883884
CBA,Evapo,0.253768844221106,SF_advanced,1435.76067907751,1421.4103447705,1447.72034022655
CBA,Evapo,0.258743718592965,SF_advanced,1436.02052689501,1421.61944667176,1447.9192105941
CBA,Evapo,0.263718592964824,SF_advanced,1436.2794063268,1421.83062387499,1448.11986563496
CBA,Evapo,0.268693467336683,SF_advanced,1436.55615781391,1422.04391788624,1448.32234104259
CBA,Evapo,0.273668341708543,SF_advanced,1436.83316960679,1422.25937021154,1448.52667251046
CBA,Evapo,0.278643216080402,SF_advanced,1437.10879571368,1422.47702235693,1448.73289573203
CBA,Evapo,0.283618090452261,SF_advanced,1437.38300998956,1422.69691582846,1448.94104640078
CBA,Evapo,0.288592964824121,SF_advanced,1437.6557862894,1422.91909213215,1449.15116021016
CBA,Evapo,0.29356783919598,SF_advanced,1437.92709846821,1423.14359277406,1449.36327285365
CBA,Evapo,0.298542713567839,SF_advanced,1438.19692038094,1423.37045926021,1449.5774200247
CBA,Evapo,0.303517587939699,SF_advanced,1438.46522588259,1423.59973309666,1449.7936374168
CBA,Evapo,0.308492462311558,SF_advanced,1438.73198882814,1423.83145578943,1450.01196072339
CBA,Evapo,0.313467336683417,SF_advanced,1438.99718307257,1424.06566884457,1450.23242563795
CBA,Evapo,0.318442211055276,SF_advanced,1439.26078247085,1424.30241376812,1450.45506785395
CBA,Evapo,0.323417085427136,SF_advanced,1439.52276087797,1424.54173206612,1450.67992306485
CBA,Evapo,0.328391959798995,SF_advanced,1439.78309214892,1424.78366524461,1450.90702696411
CBA,Evapo,0.333366834170854,SF_advanced,1440.04175013867,1425.02825480962,1451.1364152452
CBA,Evapo,0.338341708542714,SF_advanced,1440.2987087022,1425.27554226719,1451.3681236016
CBA,Evapo,0.343316582914573,SF_advanced,1440.55395102844,1425.52554687707,1451.60216902937
CBA,Evapo,0.348291457286432,SF_advanced,1440.8074976421,1425.77819891378,1451.83849373501
CBA,Evapo,0.353266331658292,SF_advanced,1441.05937840183,1426.03340640553,1452.07702122764
CBA,Evapo,0.358241206030151,SF_advanced,1441.30962316628,1426.29107738055,1452.31767501637
CBA,Evapo,0.36321608040201,SF_advanced,1441.58438058884,1426.55111986706,1452.56037861032
CBA,Evapo,0.368190954773869,SF_advanced,1441.90780736588,1426.81344189328,1452.80505551858
CBA,Evapo,0.373165829145729,SF_advanced,1442.2311981315,1427.07795148742,1453.05162925029
CBA,Evapo,0.378140703517588,SF_advanced,1442.55449395234,1427.34455667772,1453.30002331453
CBA,Evapo,0.383115577889447,SF_advanced,1442.87763589504,1427.61316549239,1453.55016122044
CBA,Evapo,0.388090452261307,SF_advanced,1443.20056502622,1427.88368595965,1453.80196647712
CBA,Evapo,0.393065326633166,SF_advanced,1443.52322241252,1428.15602610773,1454.05536259368
CBA,Evapo,0.398040201005025,SF_advanced,1443.84554912057,1428.43009396484,1454.31027307923
CBA,Evapo,0.403015075376884,SF_advanced,1444.167486217,1428.7057975592,1454.56662144289
CBA,Evapo,0.407989949748744,SF_advanced,1444.48897476845,1428.98304491904,1454.82433119377
CBA,Evapo,0.412964824120603,SF_advanced,1444.80995584155,1429.26174407258,1455.08332584097
CBA,Evapo,0.417939698492462,SF_advanced,1445.13037050293,1429.54180304803,1455.34352889362
CBA,Evapo,0.422914572864322,SF_advanced,1445.45015981923,1429.82312987362,1455.60486386081
CBA,Evapo,0.427889447236181,SF_advanced,1445.76926485708,1430.10563257757,1455.86725425167
CBA,Evapo,0.43286432160804,SF_advanced,1446.08762668311,1430.3892191881,1456.13062357531
CBA,Evapo,0.437839195979899,SF_advanced,1446.40518636396,1430.67379773343,1456.39489534083
CBA,Evapo,0.442814070351759,SF_advanced,1446.72188496626,1430.95927624178,1456.65999305736
CBA,Evapo,0.447788944723618,SF_advanced,1447.03766355664,1431.24556274137,1456.92584023399
CBA,Evapo,0.452763819095477,SF_advanced,1447.35246320173,1431.53256526043,1457.19236037985
CBA,Evapo,0.457738693467337,SF_advanced,1447.59007342755,1431.82019182716,1457.45947700404
CBA,Evapo,0.462713567839196,SF_advanced,1447.82596864209,1432.10835046981,1457.72711361567
CBA,Evapo,0.467688442211055,SF_advanced,1448.06116006189,1432.39694921657,1457.99519372387
CBA,Evapo,0.472663316582915,SF_advanced,1448.29565239274,1432.68589609569,1458.26364083773
CBA,Evapo,0.477638190954774,SF_advanced,1448.52945034046,1432.97509913537,1458.53237846637
CBA,Evapo,0.482613065326633,SF_advanced,1448.76255861084,1433.26446636383,1458.80133011891
CBA,Evapo,0.487587939698492,SF_advanced,1448.99498190967,1433.55390580931,1459.07041930445
CBA,Evapo,0.492562814070352,SF_advanced,1449.22672494277,1433.84332550001,1459.33956953211
CBA,Evapo,0.497537688442211,SF_advanced,1449.45779241593,1434.13263346416,1459.60870431099
CBA,Evapo,0.50251256281407,SF_advanced,1449.68818903495,1434.42173772999,1459.87774715022
CBA,Evapo,0.50748743718593,SF_advanced,1449.91791950564,1434.7105463257,1460.14662155889
CBA,Evapo,0.512462311557789,SF_advanced,1450.14698853378,1434.99896727953,1460.41525104613
CBA,Evapo,0.517437185929648,SF_advanced,1450.37540082519,1435.28690861969,1460.68355912104
CBA,Evapo,0.522412060301508,SF_advanced,1450.61311375201,1435.57427837441,1460.95146929274
CBA,Evapo,0.527386934673367,SF_advanced,1450.90576250091,1435.86098457189,1461.21890507034
CBA,Evapo,0.532361809045226,SF_advanced,1451.19658569522,1436.14693524038,1461.48578996295
CBA,Evapo,0.537336683417085,SF_advanced,1451.48550768339,1436.43203840808,1461.75204747967
CBA,Evapo,0.542311557788945,SF_advanced,1451.77245281386,1436.71620210321,1462.01760112963
CBA,Evapo,0.547286432160804,SF_advanced,1452.0573454351,1436.99933435401,1462.28237442194
CBA,Evapo,0.552261306532663,SF_advanced,1452.34010989555,1437.28134318868,1462.53661150462
CBA,Evapo,0.557236180904523,SF_advanced,1452.62067054367,1437.56213663545,1462.76121365158
CBA,Evapo,0.562211055276382,SF_advanced,1452.89895172791,1437.84162272254,1462.98560149183
CBA,Evapo,0.567185929648241,SF_advanced,1453.17487779672,1438.11970947817,1463.20975217993
CBA,Evapo,0.572160804020101,SF_advanced,1453.44837309856,1438.39630493057,1463.4336428704
CBA,Evapo,0.57713567839196,SF_advanced,1453.71936198188,1438.67131710794,1463.65725071778
CBA,Evapo,0.582110552763819,SF_advanced,1453.98776879513,1438.89151698561,1463.88055287663
CBA,Evapo,0.587085427135679,SF_advanced,1454.25351788676,1439.10875128501,1464.10352650147
CBA,Evapo,0.592060301507538,SF_advanced,1454.50217134187,1439.32454569342,1464.32614874684
CBA,Evapo,0.597035175879397,SF_advanced,1454.72691808881,1439.53887239575,1464.54839676729
CBA,Evapo,0.602010050251256,SF_advanced,1454.95030061621,1439.75170357691,1464.77024771735
CBA,Evapo,0.606984924623116,SF_advanced,1455.17229751819,1439.96301142181,1464.99167875156
CBA,Evapo,0.611959798994975,SF_advanced,1455.39288738889,1440.17276811536,1465.21266702447
CBA,Evapo,0.616934673366834,SF_advanced,1455.61204882246,1440.38094584245,1465.43318969061
CBA,Evapo,0.621909547738694,SF_advanced,1455.82976041303,1440.58751678801,1465.65322390452
CBA,Evapo,0.626884422110553,SF_advanced,1456.04600075474,1440.79245313694,1465.87274682074
CBA,Evapo,0.631859296482412,SF_advanced,1456.26074844174,1440.99572707414,1466.09173559381
CBA,Evapo,0.636834170854271,SF_advanced,1456.47398206815,1441.19731078452,1466.31016737827
CBA,Evapo,0.641809045226131,SF_advanced,1456.68568022812,1441.397176453,1466.52801932866
CBA,Evapo,0.64678391959799,SF_advanced,1456.89582151579,1441.59529626447,1466.74526859952
CBA,Evapo,0.651758793969849,SF_advanced,1457.10438452529,1441.79164240385,1466.98438790044
CBA,Evapo,0.656733668341709,SF_advanced,1457.31134785077,1441.98618705604,1467.23498037298
CBA,Evapo,0.661708542713568,SF_advanced,1457.51669008636,1442.17890240595,1467.4819810806
CBA,Evapo,0.666683417085427,SF_advanced,1457.72038982621,1442.3697606385,1467.72529675326
CBA,Evapo,0.671658291457287,SF_advanced,1457.92242566444,1442.55873393857,1467.96483412096
CBA,Evapo,0.676633165829146,SF_advanced,1458.12278401867,1442.74580395712,1468.20052523538
CBA,Evapo,0.681608040201005,SF_advanced,1458.3214826004,1442.93099020913,1468.43240343505
CBA,Evapo,0.686582914572864,SF_advanced,1458.51854694458,1443.11432167563,1468.66052738018
CBA,Evapo,0.691557788944724,SF_advanced,1458.71400258617,1443.29582733764,1468.88495573102
CBA,Evapo,0.696532663316583,SF_advanced,1458.90787506014,1443.47553617619,1469.10574714778
CBA,Evapo,0.701507537688442,SF_advanced,1459.10018990145,1443.65347717231,1469.32296029068
CBA,Evapo,0.706482412060302,SF_advanced,1459.29097264505,1443.82967930701,1469.53665381997
CBA,Evapo,0.711457286432161,SF_advanced,1459.48024882592,1444.00417156131,1469.74688639587
CBA,Evapo,0.71643216080402,SF_advanced,1459.66804397901,1444.17698291625,1469.95371667859
CBA,Evapo,0.721407035175879,SF_advanced,1459.85438363929,1444.34814235285,1470.15720332838
CBA,Evapo,0.726381909547739,SF_advanced,1460.03929334171,1444.51767885213,1470.35740500545
CBA,Evapo,0.731356783919598,SF_advanced,1460.22279862124,1444.68562139511,1470.55438037003
CBA,Evapo,0.736331658291457,SF_advanced,1460.40492501284,1444.85199896281,1470.74818808236
CBA,Evapo,0.741306532663317,SF_advanced,1460.59109633247,1445.01684053627,1470.93888680265
CBA,Evapo,0.746281407035176,SF_advanced,1460.81442915146,1445.1801750965,1471.12653519114
CBA,Evapo,0.751256281407035,SF_advanced,1461.03755149275,1445.34203162453,1471.31119190805
CBA,Evapo,0.756231155778895,SF_advanced,1461.26046748334,1445.50243910138,1471.49291561361
CBA,Evapo,0.761206030150754,SF_advanced,1461.48318125025,1445.66142650807,1471.67176496804
CBA,Evapo,0.766180904522613,SF_advanced,1461.70569692049,1445.81902282563,1471.84779863158
CBA,Evapo,0.771155778894472,SF_advanced,1461.92801862109,1445.97525703508,1472.02107526445
CBA,Evapo,0.776130653266332,SF_advanced,1462.15015047904,1446.13015811745,1472.19165352687
CBA,Evapo,0.781105527638191,SF_advanced,1462.33136015764,1446.28375505376,1472.36014293131
CBA,Evapo,0.78608040201005,SF_advanced,1462.47909497383,1446.43607682503,1472.55986321257
CBA,Evapo,0.79105527638191,SF_advanced,1462.62476979242,1446.58715241229,1472.75910153401
CBA,Evapo,0.796030150753769,SF_advanced,1462.76843252032,1446.73701079655,1472.95786910399
CBA,Evapo,0.801005025125628,SF_advanced,1462.91013106446,1446.88568095885,1473.15617713087
CBA,Evapo,0.805979899497488,SF_advanced,1463.10540077235,1447.03319188021,1473.35403682303
CBA,Evapo,0.810954773869347,SF_advanced,1463.32293753235,1447.17957254165,1473.55145938883
CBA,Evapo,0.815929648241206,SF_advanced,1463.54067663748,1447.32485192419,1473.74845603665
CBA,Evapo,0.820904522613065,SF_advanced,1463.7527045126,1447.46905900886,1473.93804400324
CBA,Evapo,0.825879396984925,SF_advanced,1463.91920838414,1447.61222277668,1474.09213552779
CBA,Evapo,0.830854271356784,SF_advanced,1464.05937436167,1447.75437220867,1474.24475857921
CBA,Evapo,0.835829145728643,SF_advanced,1464.18704739847,1447.89553628586,1474.39595511389
CBA,Evapo,0.840804020100503,SF_advanced,1464.31364897832,1448.03574398928,1474.54576708818
CBA,Evapo,0.845778894472362,SF_advanced,1464.49862420962,1448.17502429994,1474.69423645848
CBA,Evapo,0.850753768844221,SF_advanced,1464.69912420133,1448.31340619887,1474.84140518115
CBA,Evapo,0.85572864321608,SF_advanced,1464.89927246498,1448.45091866709,1474.98731521257
CBA,Evapo,0.86070351758794,SF_advanced,1465.09908072483,1448.58759068563,1475.13200850912
CBA,Evapo,0.865678391959799,SF_advanced,1465.29856070516,1448.7234512355,1475.27552702716
CBA,Evapo,0.870653266331658,SF_advanced,1465.49772413022,1448.85852929774,1475.41791272308
CBA,Evapo,0.875628140703518,SF_advanced,1465.66282591243,1448.99285385337,1475.55920755325
CBA,Evapo,0.880603015075377,SF_advanced,1465.82441591541,1449.12645388341,1475.69945347405
CBA,Evapo,0.885577889447236,SF_advanced,1465.98548785823,1449.25935836888,1475.83869244184
CBA,Evapo,0.890552763819096,SF_advanced,1466.14606332674,1449.39159629081,1475.97696641301
CBA,Evapo,0.895527638190955,SF_advanced,1466.30616390677,1449.52319663022,1476.11431734393
CBA,Evapo,0.900502512562814,SF_advanced,1466.44463705552,1449.65418836814,1476.25078719097
CBA,Evapo,0.905477386934673,SF_advanced,1466.5825960048,1449.78460048559,1476.38990660889
CBA,Evapo,0.910452261306533,SF_advanced,1466.7201293027,1449.91446196358,1476.5441470309
CBA,Evapo,0.915427135678392,SF_advanced,1466.85725935193,1450.04380178316,1476.69766979689
CBA,Evapo,0.920402010050251,SF_advanced,1466.99400855518,1450.17264892533,1476.85051477666
CBA,Evapo,0.925376884422111,SF_advanced,1467.2004599249,1450.30103237112,1477.00272183997
CBA,Evapo,0.93035175879397,SF_advanced,1467.43209278919,1450.42898110156,1477.1543308566
CBA,Evapo,0.935326633165829,SF_advanced,1467.63018784175,1450.55652409767,1477.30538169634
CBA,Evapo,0.940301507537689,SF_advanced,1467.81043037051,1450.68369034048,1477.45591422895
CBA,Evapo,0.945276381909548,SF_advanced,1467.99037774272,1450.810508811,1477.60596832423
CBA,Evapo,0.950251256281407,SF_advanced,1468.17005455477,1450.93700849026,1477.75558385194
CBA,Evapo,0.955226130653266,SF_advanced,1468.37665494608,1451.06321835929,1477.90480068188
CBA,Evapo,0.960201005025126,SF_advanced,1468.62066525841,1451.1891673991,1478.0536586838
CBA,Evapo,0.965175879396985,SF_advanced,1468.86481284966,1451.31488459072,1478.2021977275
CBA,Evapo,0.970150753768844,SF_advanced,1469.10908055997,1451.44039891518,1478.35045768275
CBA,Evapo,0.975125628140704,SF_advanced,1469.35345122946,1451.5657393535,1478.49847841933
CBA,Evapo,0.980100502512563,SF_advanced,1469.59790769827,1451.6909348867,1478.64629980702
CBA,Evapo,0.985075376884422,SF_advanced,1469.84102283042,1451.81601449581,1478.7939617156
CBA,Evapo,0.990050251256281,SF_advanced,1469.94866198579,1451.98234388389,1478.94150401484
CBA,Evapo,0.995025125628141,SF_advanced,1470.05621158676,1452.15047505476,1479.08896657452
CBA,Evapo,1,SF_advanced,1470.16371641053,1452.31857673351,1479.23638926442
EBA,Evapo,0.01,PF,1586.16543147469,1573.83184729352,1597.37007138836
EBA,Evapo,0.0149748743718593,PF,1585.61604249224,1573.42706110587,1596.78865892963
EBA,Evapo,0.0199497487437186,PF,1585.06647928598,1572.86763103048,1596.20707218704
EBA,Evapo,0.0249246231155779,PF,1584.51656763208,1572.30786992756,1595.62513687673
EBA,Evapo,0.0298994974874372,PF,1583.96613330673,1571.74761228337,1594.96098202184
EBA,Evapo,0.0348743718592965,PF,1583.41500208611,1571.18669258415,1594.26434666803
EBA,Evapo,0.0398492462311558,PF,1582.86299974641,1570.62494531613,1593.56702471613
EBA,Evapo,0.0448241206030151,PF,1582.3099520638,1570.06220496555,1592.86887884653
EBA,Evapo,0.0497989949748744,PF,1581.75568481448,1569.49830601867,1592.1697717396
EBA,Evapo,0.0547738693467337,PF,1581.20002377463,1568.93308296171,1591.46956607573
EBA,Evapo,0.059748743718593,PF,1580.64279472042,1568.36637028092,1590.76812453531
EBA,Evapo,0.0647236180904523,PF,1579.99542445285,1567.79800246254,1590.0653097987
EBA,Evapo,0.0696984924623116,PF,1579.33778651,1567.22781399282,1589.3609845463
EBA,Evapo,0.0746733668341709,PF,1578.7204252294,1566.65563935799,1588.65501145849
EBA,Evapo,0.0796482412060302,PF,1578.13953494275,1566.08131304429,1587.94725321566
EBA,Evapo,0.0846231155778894,PF,1577.55635509713,1565.50466953797,1587.23757249817
EBA,Evapo,0.0895979899497487,PF,1576.97072215261,1564.92554332526,1586.52583198642
EBA,Evapo,0.094572864321608,PF,1576.38247256926,1564.34376889242,1585.81189436079
EBA,Evapo,0.0995477386934673,PF,1575.79144280716,1563.75918072567,1585.09562230166
EBA,Evapo,0.104522613065327,PF,1575.19746932638,1563.17161331126,1584.37687848941
EBA,Evapo,0.109497487437186,PF,1574.60038858699,1562.58090113543,1583.65552560442
EBA,Evapo,0.114472361809045,PF,1574.00003704906,1561.98687868442,1582.93142632708
EBA,Evapo,0.119447236180905,PF,1573.39625117268,1561.38938044448,1582.20444333777
EBA,Evapo,0.124422110552764,PF,1572.78886741791,1560.78824090184,1581.47443931688
EBA,Evapo,0.129396984924623,PF,1572.17772224482,1560.18329454275,1580.74127694478
EBA,Evapo,0.134371859296482,PF,1571.5626521135,1559.57437585344,1580.00481890185
EBA,Evapo,0.139346733668342,PF,1570.94349348401,1558.96131932016,1579.26492786848
EBA,Evapo,0.144321608040201,PF,1570.32008281642,1558.34395942915,1578.52146652506
EBA,Evapo,0.14929648241206,PF,1569.69225657081,1557.72213066665,1577.77429755196
EBA,Evapo,0.15427135678392,PF,1569.05985120726,1557.0956675189,1577.02328362956
EBA,Evapo,0.159246231155779,PF,1568.42270318583,1556.46440447214,1576.26828743826
EBA,Evapo,0.164221105527638,PF,1567.78064896661,1555.82817601262,1575.50917165842
EBA,Evapo,0.169195979899498,PF,1567.13352500965,1555.18681662657,1574.74579897044
EBA,Evapo,0.174170854271357,PF,1566.48116777504,1554.54016080023,1573.98075423703
EBA,Evapo,0.179145728643216,PF,1565.81139036011,1553.88804301985,1573.2996791223
EBA,Evapo,0.184120603015075,PF,1565.10726882987,1553.23029777167,1572.61282774622
EBA,Evapo,0.189095477386935,PF,1564.39599000632,1552.56675954192,1571.92003021876
EBA,Evapo,0.194070351758794,PF,1563.67934554149,1551.89726281686,1571.22111664988
EBA,Evapo,0.199045226130653,PF,1562.95718638981,1551.22164208272,1570.51591714953
EBA,Evapo,0.204020100502513,PF,1562.22936350568,1550.53973182573,1569.80426182768
EBA,Evapo,0.208994974874372,PF,1561.49572784351,1549.85136653215,1569.0859807943
EBA,Evapo,0.213969849246231,PF,1560.75613035771,1549.15638068822,1568.36090415933
EBA,Evapo,0.21894472361809,PF,1560.01042200269,1548.45460878017,1567.62886203274
EBA,Evapo,0.22391959798995,PF,1559.25845373285,1547.74588529425,1566.8896845245
EBA,Evapo,0.228894472361809,PF,1558.50007650262,1547.03004471669,1566.14320174455
EBA,Evapo,0.233869346733668,PF,1557.73514126639,1546.30692153374,1565.38924380287
EBA,Evapo,0.238844221105528,PF,1556.96349897858,1545.57635023164,1564.62764080941
EBA,Evapo,0.243819095477387,PF,1556.18500059359,1544.83816529664,1563.85822287413
EBA,Evapo,0.248793969849246,PF,1555.39949706584,1544.09220121496,1563.08082010699
EBA,Evapo,0.253768844221106,PF,1554.60683934974,1543.33829247286,1562.29526261796
EBA,Evapo,0.258743718592965,PF,1553.80687839968,1542.57627355657,1561.50138051699
EBA,Evapo,0.263718592964824,PF,1552.99946517009,1541.80597895233,1560.69900391405
EBA,Evapo,0.268693467336683,PF,1552.18445061537,1541.0272431464,1559.88796291909
EBA,Evapo,0.273668341708543,PF,1551.36168568993,1540.239900625,1559.06808764208
EBA,Evapo,0.278643216080402,PF,1550.4821307165,1539.44378587437,1558.23920819298
EBA,Evapo,0.283618090452261,PF,1549.58820425432,1538.63873338077,1557.40115468174
EBA,Evapo,0.288592964824121,PF,1548.72623001481,1537.82457763043,1556.55375721833
EBA,Evapo,0.29356783919598,PF,1547.88697279309,1537.00115310959,1555.6968459127
EBA,Evapo,0.298542713567839,PF,1547.10178669906,1536.16829430449,1554.83025087483
EBA,Evapo,0.303517587939699,PF,1546.32771014262,1535.32583570137,1553.95380221466
EBA,Evapo,0.308492462311558,PF,1545.5195925818,1534.47361178649,1553.06733004216
EBA,Evapo,0.313467336683417,PF,1544.62955219754,1533.61145704606,1552.1706644673
EBA,Evapo,0.318442211055276,PF,1543.72837783113,1532.73920596635,1551.26363560002
EBA,Evapo,0.323417085427136,PF,1542.81588695826,1531.85669303358,1550.34607355029
EBA,Evapo,0.328391959798995,PF,1541.86425349326,1530.963752734,1549.41780842808
EBA,Evapo,0.333366834170854,PF,1540.88040179917,1530.06021955385,1548.47867034333
EBA,Evapo,0.338341708542714,PF,1539.88806484068,1529.14592797937,1547.52848940602
EBA,Evapo,0.343316582914573,PF,1538.91098310865,1528.22084345471,1546.56723000641
EBA,Evapo,0.348291457286432,PF,1537.96171145021,1527.2854552556,1545.59539365601
EBA,Evapo,0.353266331658292,PF,1537.00180114557,1526.3403836157,1544.61361614665
EBA,Evapo,0.358241206030151,PF,1536.03189088745,1525.38624876864,1543.62253327014
EBA,Evapo,0.36321608040201,PF,1535.05261936858,1524.42367094808,1542.62278081829
EBA,Evapo,0.368190954773869,PF,1534.06462528168,1523.45327038765,1541.61499458295
EBA,Evapo,0.373165829145729,PF,1533.0685473195,1522.475667321,1540.59981035591
EBA,Evapo,0.378140703517588,PF,1532.06502417476,1521.49148198178,1539.577863929
EBA,Evapo,0.383115577889447,PF,1531.05469454019,1520.50133460363,1538.54979109405
EBA,Evapo,0.388090452261307,PF,1530.03819710852,1519.50584542019,1537.51622764286
EBA,Evapo,0.393065326633166,PF,1529.04387812345,1518.50563466512,1536.47780936727
EBA,Evapo,0.398040201005025,PF,1528.04656415388,1517.50132257205,1535.43517205909
EBA,Evapo,0.403015075376884,PF,1527.03067928871,1516.49352937463,1534.38895151014
EBA,Evapo,0.407989949748744,PF,1526.00942286767,1515.4828753065,1533.33978351224
EBA,Evapo,0.412964824120603,PF,1524.98654819381,1514.46998060132,1532.2883038572
EBA,Evapo,0.417939698492462,PF,1523.96264232113,1513.45546549272,1531.23514833686
EBA,Evapo,0.422914572864322,PF,1522.93829230366,1512.42480244996,1530.18095274303
EBA,Evapo,0.427889447236181,PF,1521.9140851954,1511.36492320987,1529.12635286753
EBA,Evapo,0.43286432160804,PF,1520.89060805037,1510.30514489946,1528.07198450218
EBA,Evapo,0.437839195979899,PF,1519.86844792258,1509.24612650131,1527.0184834388
EBA,Evapo,0.442814070351759,PF,1518.83480676258,1508.18852699805,1525.9664854692
EBA,Evapo,0.447788944723618,PF,1517.79343592128,1507.13300537226,1524.91662638522
EBA,Evapo,0.452763819095477,PF,1516.75377003026,1506.08022060657,1523.86954197866
EBA,Evapo,0.457738693467337,PF,1515.69792136073,1505.03083168356,1522.82586804135
EBA,Evapo,0.462713567839196,PF,1514.63811637842,1503.98549758585,1521.78624036511
EBA,Evapo,0.467688442211055,PF,1513.58131226107,1502.94487729603,1520.75129474176
EBA,Evapo,0.472663316582915,PF,1512.54092062988,1501.90962979672,1519.72166696312
EBA,Evapo,0.477638190954774,PF,1511.52991144704,1500.88041407052,1518.69799282101
EBA,Evapo,0.482613065326633,PF,1510.52424696936,1499.85788910003,1517.68090810724
EBA,Evapo,0.487587939698492,PF,1509.52457615285,1498.84271386785,1516.67104861364
EBA,Evapo,0.492562814070352,PF,1508.55690993397,1497.83554735659,1515.66905013203
EBA,Evapo,0.497537688442211,PF,1507.60812221864,1496.83704854886,1514.67554845422
EBA,Evapo,0.50251256281407,PF,1506.66107990855,1495.84787642726,1513.69238542469
EBA,Evapo,0.50748743718593,PF,1505.67397227235,1494.86868997439,1512.7985101232
EBA,Evapo,0.512462311557789,PF,1504.73004736092,1493.90014817286,1511.91460769099
EBA,Evapo,0.517437185929648,PF,1503.76334172788,1492.94291000527,1511.04123982216
EBA,Evapo,0.522412060301508,PF,1502.80813761368,1491.99763445422,1510.17896821084
EBA,Evapo,0.527386934673367,PF,1501.86508225804,1491.06498050232,1509.32835455114
EBA,Evapo,0.532361809045226,PF,1500.9348229007,1490.14560713218,1508.4899605372
EBA,Evapo,0.537336683417085,PF,1500.01800678139,1489.2401733264,1507.66434786312
EBA,Evapo,0.542311557788945,PF,1499.11528113984,1488.34933806758,1506.85207822304
EBA,Evapo,0.547286432160804,PF,1498.23225191122,1487.47376033832,1506.05371331106
EBA,Evapo,0.552261306532663,PF,1497.36955368626,1486.61409912124,1505.26981482131
EBA,Evapo,0.557236180904523,PF,1496.52193450654,1485.77101339893,1504.5009444479
EBA,Evapo,0.562211055276382,PF,1495.69004332804,1484.945162154,1503.74766388497
EBA,Evapo,0.567185929648241,PF,1494.87452910679,1484.13720436906,1503.01053482663
EBA,Evapo,0.572160804020101,PF,1494.0773727197,1483.3477990267,1502.29011896699
EBA,Evapo,0.57713567839196,PF,1493.32626081512,1482.57760510954,1501.58697800019
EBA,Evapo,0.582110552763819,PF,1492.5941703153,1481.82728160017,1500.90167362033
EBA,Evapo,0.587085427135679,PF,1491.88169200185,1481.09748748121,1500.23476752154
EBA,Evapo,0.592060301507538,PF,1491.18941665635,1480.38888173524,1499.58682139794
EBA,Evapo,0.597035175879397,PF,1490.51793506042,1479.70212334489,1498.95839694365
EBA,Evapo,0.602010050251256,PF,1489.86783799566,1479.03787129276,1498.35005585279
EBA,Evapo,0.606984924623116,PF,1489.23971624367,1478.39678456143,1497.76235981948
EBA,Evapo,0.611959798994975,PF,1488.63416058604,1477.77952213354,1497.19587053784
EBA,Evapo,0.616934673366834,PF,1488.05176180438,1477.18674299167,1496.65114970199
EBA,Evapo,0.621909547738694,PF,1487.4931106803,1476.61910611842,1496.12875900605
EBA,Evapo,0.626884422110553,PF,1486.95879799539,1476.07727049642,1495.62926014414
EBA,Evapo,0.631859296482412,PF,1486.44941453125,1475.56189510825,1495.15321481038
EBA,Evapo,0.636834170854271,PF,1485.96555106949,1475.07363893653,1494.7011846989
EBA,Evapo,0.641809045226131,PF,1485.5077983917,1474.61316096385,1494.2737315038
EBA,Evapo,0.64678391959799,PF,1485.06345793007,1474.18112017283,1493.87141691921
EBA,Evapo,0.651758793969849,PF,1484.63450401078,1473.77817554606,1493.49480263925
EBA,Evapo,0.656733668341709,PF,1484.23389359523,1473.40498606615,1493.14445035804
EBA,Evapo,0.661708542713568,PF,1483.86227715711,1473.06221071571,1492.8209217697
EBA,Evapo,0.666683417085427,PF,1483.52030517005,1472.75050847734,1492.52477856836
EBA,Evapo,0.671658291457287,PF,1483.20862810772,1472.47053833364,1492.25658244812
EBA,Evapo,0.676633165829146,PF,1482.92770988657,1472.22276764113,1492.01672949557
EBA,Evapo,0.681608040201005,PF,1482.67726819414,1472.006897252,1491.80495336712
EBA,Evapo,0.686582914572864,PF,1482.47189470715,1471.82243639235,1491.62082211161
EBA,Evapo,0.691557788944724,PF,1482.30565408342,1471.66889428829,1491.46390377792
EBA,Evapo,0.696532663316583,PF,1482.16997734164,1471.54578016591,1491.3337664149
EBA,Evapo,0.701507537688442,PF,1482.06437151596,1471.45260325132,1491.22997807141
EBA,Evapo,0.706482412060302,PF,1481.98834364054,1471.38887277062,1491.15210679631
EBA,Evapo,0.711457286432161,PF,1481.94140074956,1471.3540979499,1491.09972063846
EBA,Evapo,0.71643216080402,PF,1481.92304987716,1471.34778801528,1491.07238764673
EBA,Evapo,0.721407035175879,PF,1481.93279805752,1471.36945219286,1491.06967586996
EBA,Evapo,0.726381909547739,PF,1481.97015232479,1471.41859970872,1491.09115335703
EBA,Evapo,0.731356783919598,PF,1482.03461971315,1471.49473978899,1491.1363881568
EBA,Evapo,0.736331658291457,PF,1482.12570725674,1471.59738165976,1491.20494831811
EBA,Evapo,0.741306532663317,PF,1482.24292198973,1471.72603454713,1491.29640188984
EBA,Evapo,0.746281407035176,PF,1482.38577094629,1471.8802076772,1491.41031692084
EBA,Evapo,0.751256281407035,PF,1482.55376116057,1472.05941027608,1491.54626145997
EBA,Evapo,0.756231155778895,PF,1482.74639966675,1472.25510523203,1491.7038035561
EBA,Evapo,0.761206030150754,PF,1482.96319349897,1472.45691904222,1491.88251125808
EBA,Evapo,0.766180904522613,PF,1483.20364969141,1472.68178386384,1492.08195261478
EBA,Evapo,0.771155778894472,PF,1483.46727527822,1472.92921946747,1492.30169567504
EBA,Evapo,0.776130653266332,PF,1483.75357729357,1473.19874562371,1492.54130848774
EBA,Evapo,0.781105527638191,PF,1484.06206277162,1473.48988210316,1492.80035910174
EBA,Evapo,0.78608040201005,PF,1484.39223874653,1473.80214867642,1493.07841556589
EBA,Evapo,0.79105527638191,PF,1484.74361225247,1474.13506511407,1493.37504592905
EBA,Evapo,0.796030150753769,PF,1485.11569032359,1474.48815118672,1493.68981824009
EBA,Evapo,0.801005025125628,PF,1485.50797999406,1474.86092666496,1494.02230054786
EBA,Evapo,0.805979899497488,PF,1485.91998829805,1475.25291131938,1494.37206090123
EBA,Evapo,0.810954773869347,PF,1486.3512222697,1475.66362492059,1494.73866734905
EBA,Evapo,0.815929648241206,PF,1486.80118894319,1476.09258723917,1495.12168794019
EBA,Evapo,0.820904522613065,PF,1487.26939535268,1476.53931804572,1495.5206907235
EBA,Evapo,0.825879396984925,PF,1487.75534853233,1477.00333711083,1495.93524374784
EBA,Evapo,0.830854271356784,PF,1488.2585555163,1477.48416420511,1496.36491506208
EBA,Evapo,0.835829145728643,PF,1488.77852333876,1477.98131909915,1496.80927271508
EBA,Evapo,0.840804020100503,PF,1489.22829279499,1478.49432156354,1497.26788475569
EBA,Evapo,0.845778894472362,PF,1489.69106973868,1479.02269136887,1497.74031923278
EBA,Evapo,0.850753768844221,PF,1490.16732098644,1479.56594828575,1498.2261441952
EBA,Evapo,0.85572864321608,PF,1490.74164848087,1480.12361208477,1498.72492769182
EBA,Evapo,0.86070351758794,PF,1491.37516470854,1480.69520253652,1499.2362377715
EBA,Evapo,0.865678391959799,PF,1492.02314370114,1481.28023941161,1499.75964248309
EBA,Evapo,0.870653266331658,PF,1492.66652097949,1481.87824248061,1500.29470987546
EBA,Evapo,0.875628140703518,PF,1493.30276051469,1482.48873151414,1500.84100799746
EBA,Evapo,0.880603015075377,PF,1493.9517392758,1483.11122628278,1501.39810489796
EBA,Evapo,0.885577889447236,PF,1494.61294769378,1483.74524655714,1501.96556862582
EBA,Evapo,0.890552763819096,PF,1495.2858761996,1484.3903121078,1502.5429672299
EBA,Evapo,0.895527638190955,PF,1495.93024807901,1485.04594270536,1503.12986875905
EBA,Evapo,0.900502512562814,PF,1496.58333130277,1485.71165812042,1503.72584126214
EBA,Evapo,0.905477386934673,PF,1497.24613467764,1486.38697812357,1504.33045278802
EBA,Evapo,0.910452261306533,PF,1497.91817219606,1487.07142248541,1504.94327138557
EBA,Evapo,0.915427135678392,PF,1498.59895785048,1487.76451097653,1505.56386510363
EBA,Evapo,0.920402010050251,PF,1499.28800563334,1488.46576336753,1506.19180199107
EBA,Evapo,0.925376884422111,PF,1499.98482953709,1489.17469942901,1506.82665009674
EBA,Evapo,0.93035175879397,PF,1500.68894355417,1489.89083893155,1507.46797746952
EBA,Evapo,0.935326633165829,PF,1501.39986167703,1490.61370164576,1508.11535215825
EBA,Evapo,0.940301507537689,PF,1502.11709789811,1491.34280734223,1508.7683422118
EBA,Evapo,0.945276381909548,PF,1502.84016620986,1492.07767579156,1509.42651567903
EBA,Evapo,0.950251256281407,PF,1503.56858060471,1492.81782676433,1510.0894406088
EBA,Evapo,0.955226130653266,PF,1504.2797154171,1493.56278003116,1510.75668504997
EBA,Evapo,0.960201005025126,PF,1504.98321473303,1494.31205536262,1511.42781705139
EBA,Evapo,0.965175879396985,PF,1505.69042637745,1495.06517252932,1512.10534785627
EBA,Evapo,0.970150753768844,PF,1506.40088630931,1495.82165130185,1512.87214984848
EBA,Evapo,0.975125628140704,PF,1507.11413048754,1496.58101145081,1513.64177519319
EBA,Evapo,0.980100502512563,PF,1507.82969487107,1497.3427727468,1514.41375333166
EBA,Evapo,0.985075376884422,PF,1508.54711541886,1498.13727379131,1515.18761370512
EBA,Evapo,0.990050251256281,PF,1509.26592808983,1498.95170495636,1515.96288575483
EBA,Evapo,0.995025125628141,PF,1509.98566884292,1499.76712599997,1516.73909892205
EBA,Evapo,1,PF,1510.70587363708,1500.58304198288,1517.51578264801
EBA,Evapo,0.01,SF_early,1454.70713322007,1443.03264684912,1461.55284508384
EBA,Evapo,0.0149748743718593,SF_early,1455.51115249982,1443.85730369521,1462.3123397844
EBA,Evapo,0.0199497487437186,SF_early,1456.31511189723,1444.68187686944,1463.13284453741
EBA,Evapo,0.0249246231155779,SF_early,1457.11895152998,1445.50628269996,1463.97740435669
EBA,Evapo,0.0298994974874372,SF_early,1457.92261151574,1446.33043751492,1464.82179292284
EBA,Evapo,0.0348743718592965,SF_early,1458.72603197218,1447.15425764245,1465.66595315148
EBA,Evapo,0.0398492462311558,SF_early,1459.52915301696,1447.97765941071,1466.50982795823
EBA,Evapo,0.0448241206030151,SF_early,1460.38526038921,1448.80055914783,1467.35336025873
EBA,Evapo,0.0497989949748744,SF_early,1461.26192763884,1449.62287318196,1468.19649296859
EBA,Evapo,0.0547738693467337,SF_early,1462.13780368021,1450.44451784125,1469.03916900343
EBA,Evapo,0.059748743718593,SF_early,1462.95157221316,1451.26540945384,1469.88133127888
EBA,Evapo,0.0647236180904523,SF_early,1463.70204429019,1452.08546434788,1470.72292271056
EBA,Evapo,0.0696984924623116,SF_early,1464.45217081776,1452.9045988515,1471.56388621409
EBA,Evapo,0.0746733668341709,SF_early,1465.2019203823,1453.72272929286,1472.40416470511
EBA,Evapo,0.0796482412060302,SF_early,1465.95126157021,1454.5397720001,1473.24370109922
EBA,Evapo,0.0846231155778894,SF_early,1466.70016296792,1455.35564330136,1474.08243831205
EBA,Evapo,0.0895979899497487,SF_early,1467.44859316183,1456.17025952479,1474.92031925924
EBA,Evapo,0.094572864321608,SF_early,1468.19652073837,1456.98353699853,1475.75728685639
EBA,Evapo,0.0995477386934673,SF_early,1468.94391428393,1457.79539205072,1476.59328401913
EBA,Evapo,0.104522613065327,SF_early,1469.69074238494,1458.60574100952,1477.42825366309
EBA,Evapo,0.109497487437186,SF_early,1470.43697362782,1459.41450020306,1478.26213870389
EBA,Evapo,0.114472361809045,SF_early,1471.18257659896,1460.22158595949,1479.09488205716
EBA,Evapo,0.119447236180905,SF_early,1471.9275198848,1461.02691460696,1479.9264266385
EBA,Evapo,0.124422110552764,SF_early,1472.67177207174,1461.8304024736,1480.75671536356
EBA,Evapo,0.129396984924623,SF_early,1473.41530174619,1462.63196588757,1481.58569114794
EBA,Evapo,0.134371859296482,SF_early,1474.15807749457,1463.43152117701,1482.32956217011
EBA,Evapo,0.139346733668342,SF_early,1474.9617895421,1464.22898467006,1483.05451042082
EBA,Evapo,0.144321608040201,SF_early,1475.80196274728,1465.02427269487,1483.77892879605
EBA,Evapo,0.14929648241206,SF_early,1476.58275121332,1465.81730157957,1484.50279691596
EBA,Evapo,0.15427135678392,SF_early,1477.32929973591,1466.60798765233,1485.22609440074
EBA,Evapo,0.159246231155779,SF_early,1478.07490884957,1467.39624724127,1485.94880087054
EBA,Evapo,0.164221105527638,SF_early,1478.81954616089,1468.18199667455,1486.67089594556
EBA,Evapo,0.169195979899498,SF_early,1479.56317927644,1468.96515228031,1487.39235924596
EBA,Evapo,0.174170854271357,SF_early,1480.30577580283,1469.74563038669,1488.11317039191
EBA,Evapo,0.179145728643216,SF_early,1481.04730334664,1470.52334732184,1488.83330900359
EBA,Evapo,0.184120603015075,SF_early,1481.78772951446,1471.29821941391,1489.55275470118
EBA,Evapo,0.189095477386935,SF_early,1482.52702191287,1472.07016299103,1490.27148710484
EBA,Evapo,0.194070351758794,SF_early,1483.26514814847,1472.83909438135,1490.98948583475
EBA,Evapo,0.199045226130653,SF_early,1484.00207582785,1473.60492991302,1491.81230252591
EBA,Evapo,0.204020100502513,SF_early,1484.80293727983,1474.36758591418,1492.63798565147
EBA,Evapo,0.208994974874372,SF_early,1485.55283736396,1475.12697871297,1493.45902385165
EBA,Evapo,0.213969849246231,SF_early,1486.29591871891,1475.88302463755,1494.27529802577
EBA,Evapo,0.21894472361809,SF_early,1487.03749921681,1476.63564001605,1495.0866890732
EBA,Evapo,0.22391959798995,SF_early,1487.7775422514,1477.38474117662,1495.89307789329
EBA,Evapo,0.228894472361809,SF_early,1488.51601121639,1478.1302444474,1496.69434538538
EBA,Evapo,0.233869346733668,SF_early,1489.25286950552,1478.87206615654,1497.49037244882
EBA,Evapo,0.238844221105528,SF_early,1489.98808051252,1479.61012263218,1498.28103998296
EBA,Evapo,0.243819095477387,SF_early,1490.72160763112,1480.34433020247,1499.06622888715
EBA,Evapo,0.248793969849246,SF_early,1491.45341425506,1481.07460519555,1499.84582006074
EBA,Evapo,0.253768844221106,SF_early,1492.18346377805,1481.80086393957,1500.61969440307
EBA,Evapo,0.258743718592965,SF_early,1492.91171959384,1482.52302276267,1501.3877328135
EBA,Evapo,0.263718592964824,SF_early,1493.63814509615,1483.24099799299,1502.14981619138
EBA,Evapo,0.268693467336683,SF_early,1494.36270367871,1483.95470595868,1502.90582543605
EBA,Evapo,0.273668341708543,SF_early,1495.08535873526,1484.66406298788,1503.65564144686
EBA,Evapo,0.278643216080402,SF_early,1495.76935768909,1485.36898540875,1504.39914512317
EBA,Evapo,0.283618090452261,SF_early,1496.4288474892,1486.06938954941,1505.13621736431
EBA,Evapo,0.288592964824121,SF_early,1497.08636475579,1486.76519173802,1505.86673906964
EBA,Evapo,0.29356783919598,SF_early,1497.74187362459,1487.45630830273,1506.59059113852
EBA,Evapo,0.298542713567839,SF_early,1498.39533823136,1488.14265557167,1507.30765447028
EBA,Evapo,0.303517587939699,SF_early,1499.06423114668,1488.82414987299,1508.01780996427
EBA,Evapo,0.308492462311558,SF_early,1499.74954475457,1489.50070753484,1508.72093851986
EBA,Evapo,0.313467336683417,SF_early,1500.43247734697,1490.17224488536,1509.41692103637
EBA,Evapo,0.318442211055276,SF_early,1501.11298924029,1490.83867825269,1510.10563841317
EBA,Evapo,0.323417085427136,SF_early,1501.79104075094,1491.49992396498,1510.7869715496
EBA,Evapo,0.328391959798995,SF_early,1502.46659219533,1492.15589835037,1511.46080134501
EBA,Evapo,0.333366834170854,SF_early,1503.13960388986,1492.80651773702,1512.12700869875
EBA,Evapo,0.338341708542714,SF_early,1503.81003615094,1493.45169845305,1512.78547451017
EBA,Evapo,0.343316582914573,SF_early,1504.47787952277,1494.09141047375,1513.43614765726
EBA,Evapo,0.348291457286432,SF_early,1505.14324546064,1494.72583836292,1514.07924893262
EBA,Evapo,0.353266331658292,SF_early,1505.80627564765,1495.35522033149,1514.71506710746
EBA,Evapo,0.358241206030151,SF_early,1506.4671117669,1495.9797945904,1515.34389095304
EBA,Evapo,0.36321608040201,SF_early,1507.12589550145,1496.59979935056,1515.96600924057
EBA,Evapo,0.368190954773869,SF_early,1507.78276853441,1497.21547282293,1516.5817107413
EBA,Evapo,0.373165829145729,SF_early,1508.43787254887,1497.82705321842,1517.19128422645
EBA,Evapo,0.378140703517588,SF_early,1509.09134922791,1498.43477874797,1517.79501846726
EBA,Evapo,0.383115577889447,SF_early,1509.74334025462,1499.03888762251,1518.39320223497
EBA,Evapo,0.388090452261307,SF_early,1510.39398731209,1499.63961805297,1518.9861243008
EBA,Evapo,0.393065326633166,SF_early,1511.04343208341,1500.23720825029,1519.57407343599
EBA,Evapo,0.398040201005025,SF_early,1511.69181625166,1500.8318964254,1520.15733841177
EBA,Evapo,0.403015075376884,SF_early,1512.33928149995,1501.42392078923,1520.73620799937
EBA,Evapo,0.407989949748744,SF_early,1513.01151501463,1502.0135195527,1521.31097097003
EBA,Evapo,0.412964824120603,SF_early,1513.69136384523,1502.60093092676,1521.88191609498
EBA,Evapo,0.417939698492462,SF_early,1514.37103878241,1503.18639312233,1522.44933214546
EBA,Evapo,0.422914572864322,SF_early,1515.01106286517,1503.77014435035,1523.01350789269
EBA,Evapo,0.427889447236181,SF_early,1515.57823430814,1504.35242282174,1523.60683484405
EBA,Evapo,0.43286432160804,SF_early,1516.16926306927,1504.93346674745,1524.27876463937
EBA,Evapo,0.437839195979899,SF_early,1516.75941489168,1505.5135143384,1524.95041785076
EBA,Evapo,0.442814070351759,SF_early,1517.3486591048,1506.09280380551,1525.62185071428
EBA,Evapo,0.447788944723618,SF_early,1517.93720263932,1506.67157335974,1526.29311946594
EBA,Evapo,0.452763819095477,SF_early,1518.5252524259,1507.250061212,1526.96428034179
EBA,Evapo,0.457738693467337,SF_early,1519.11301539522,1507.82850557323,1527.63538957785
EBA,Evapo,0.462713567839196,SF_early,1519.70069847797,1508.40714465436,1528.30650341016
EBA,Evapo,0.467688442211055,SF_early,1520.35820527183,1508.98621666632,1528.97767807475
EBA,Evapo,0.472663316582915,SF_early,1521.04320295899,1509.56595982005,1529.64896980765
EBA,Evapo,0.477638190954774,SF_early,1521.72936300408,1510.14661232647,1530.32043484491
EBA,Evapo,0.482613065326633,SF_early,1522.41677756528,1510.72841239652,1530.99212942254
EBA,Evapo,0.487587939698492,SF_early,1523.1055388008,1511.31159824113,1531.66410977658
EBA,Evapo,0.492562814070352,SF_early,1523.82623643397,1511.89640807123,1532.33643214308
EBA,Evapo,0.497537688442211,SF_early,1524.56225896746,1512.48308009775,1533.00915275805
EBA,Evapo,0.50251256281407,SF_early,1525.29941125122,1513.07185253163,1533.68232785753
EBA,Evapo,0.50748743718593,SF_early,1525.98064558423,1513.6629635838,1534.35601367755
EBA,Evapo,0.512462311557789,SF_early,1526.6353949996,1514.25665146518,1535.03026645416
EBA,Evapo,0.517437185929648,SF_early,1527.29264521433,1514.85315438672,1535.70514242337
EBA,Evapo,0.522412060301508,SF_early,1527.96225807351,1515.45271055933,1536.38069782123
EBA,Evapo,0.527386934673367,SF_early,1528.65626954539,1516.05555819396,1537.05698888377
EBA,Evapo,0.532361809045226,SF_early,1529.29861612033,1516.66193550154,1537.73407184701
EBA,Evapo,0.537336683417085,SF_early,1529.94296489321,1517.272080693,1538.412002947
EBA,Evapo,0.542311557788945,SF_early,1530.58944929616,1517.88623197926,1539.09083841976
EBA,Evapo,0.547286432160804,SF_early,1531.23820276132,1518.50462757126,1539.77063450133
EBA,Evapo,0.552261306532663,SF_early,1531.9180326918,1519.12750567994,1540.45144742774
EBA,Evapo,0.557236180904523,SF_early,1532.63507077508,1519.75510451622,1541.13333343503
EBA,Evapo,0.562211055276382,SF_early,1533.35513549256,1520.38766229104,1541.81634875922
EBA,Evapo,0.567185929648241,SF_early,1534.07830719844,1521.02541721533,1542.50054963636
EBA,Evapo,0.572160804020101,SF_early,1534.80466624693,1521.66860750002,1543.18599230246
EBA,Evapo,0.57713567839196,SF_early,1535.53429299223,1522.31747135604,1543.87273299357
EBA,Evapo,0.582110552763819,SF_early,1536.26726778856,1522.97224699433,1544.56082794572
EBA,Evapo,0.587085427135679,SF_early,1537.00367099012,1523.63317262581,1545.25033339495
EBA,Evapo,0.592060301507538,SF_early,1537.74358295111,1524.30048646142,1545.94302110201
EBA,Evapo,0.597035175879397,SF_early,1538.48708402576,1524.97442671208,1546.69881529758
EBA,Evapo,0.602010050251256,SF_early,1539.23425456826,1525.65523158874,1547.45900590621
EBA,Evapo,0.606984924623116,SF_early,1539.98517493282,1526.34313930232,1548.22373788809
EBA,Evapo,0.611959798994975,SF_early,1540.73992547365,1527.03838806376,1548.99315620345
EBA,Evapo,0.616934673366834,SF_early,1541.49858654495,1527.74121608398,1549.76740581247
EBA,Evapo,0.621909547738694,SF_early,1542.26123850095,1528.45186157393,1550.54663167537
EBA,Evapo,0.626884422110553,SF_early,1543.02796169583,1529.17056274452,1551.33097875235
EBA,Evapo,0.631859296482412,SF_early,1543.79883648382,1529.89755780669,1552.12059200361
EBA,Evapo,0.636834170854271,SF_early,1544.57394321911,1530.63308497138,1552.91561638937
EBA,Evapo,0.641809045226131,SF_early,1545.35336225592,1531.37738244952,1553.71619686982
EBA,Evapo,0.64678391959799,SF_early,1546.13717394846,1532.13068845203,1554.52247840517
EBA,Evapo,0.651758793969849,SF_early,1546.92545865093,1532.89324118985,1555.33460595563
EBA,Evapo,0.656733668341709,SF_early,1547.71829671753,1533.66527887391,1556.1527244814
EBA,Evapo,0.661708542713568,SF_early,1548.51541758455,1534.44703971515,1556.97697894269
EBA,Evapo,0.666683417085427,SF_early,1549.30649415616,1535.23876192449,1557.8075142997
EBA,Evapo,0.671658291457287,SF_early,1550.10733502202,1536.04068371287,1558.64447551263
EBA,Evapo,0.676633165829146,SF_early,1550.91810175857,1536.85297723134,1559.48796678869
EBA,Evapo,0.681608040201005,SF_early,1551.73870560894,1537.67555039144,1560.33792932307
EBA,Evapo,0.686582914572864,SF_early,1552.56899523292,1538.50824504485,1561.19426355793
EBA,Evapo,0.691557788944724,SF_early,1553.40076217818,1539.35090304322,1562.05686993547
EBA,Evapo,0.696532663316583,SF_early,1554.2313520617,1540.20336623824,1562.92564889786
EBA,Evapo,0.701507537688442,SF_early,1555.05873107807,1541.06547648156,1563.80050088727
EBA,Evapo,0.706482412060302,SF_early,1555.85529918996,1541.93707562485,1564.6813263459
EBA,Evapo,0.711457286432161,SF_early,1556.65590085054,1542.81800551977,1565.56802571592
EBA,Evapo,0.71643216080402,SF_early,1557.46046769458,1543.70810801801,1566.46049943951
EBA,Evapo,0.721407035175879,SF_early,1558.26893135684,1544.60722497121,1567.35864795885
EBA,Evapo,0.726381909547739,SF_early,1559.08122347209,1545.51519823106,1568.26237171611
EBA,Evapo,0.731356783919598,SF_early,1559.89727567511,1546.43186964921,1569.17157115349
EBA,Evapo,0.736331658291457,SF_early,1560.71701960065,1547.35708107734,1570.08614671316
EBA,Evapo,0.741306532663317,SF_early,1561.54038688349,1548.29067436711,1571.0059988373
EBA,Evapo,0.746281407035176,SF_early,1562.46731070894,1549.23249137019,1571.93102796808
EBA,Evapo,0.751256281407035,SF_early,1563.40371721022,1550.18237393824,1572.8611345477
EBA,Evapo,0.756231155778895,SF_early,1564.34577568646,1551.14016392294,1573.79621901832
EBA,Evapo,0.761206030150754,SF_early,1565.22850902846,1552.10570317595,1574.73618182213
EBA,Evapo,0.766180904522613,SF_early,1566.05709748184,1553.07883354893,1575.68092340131
EBA,Evapo,0.771155778894472,SF_early,1566.87851822267,1554.05939689356,1576.63034419804
EBA,Evapo,0.776130653266332,SF_early,1567.70201489084,1555.0472350615,1577.5843446545
EBA,Evapo,0.781105527638191,SF_early,1568.5275423575,1556.04218990441,1578.54282521286
EBA,Evapo,0.78608040201005,SF_early,1569.47971120492,1557.04410327398,1579.50568631532
EBA,Evapo,0.79105527638191,SF_early,1570.51855888703,1558.05281702185,1580.47282840404
EBA,Evapo,0.796030150753769,SF_early,1571.37397783025,1559.06817299971,1581.4441519212
EBA,Evapo,0.801005025125628,SF_early,1572.19947264786,1560.09001305921,1582.419557309
EBA,Evapo,0.805979899497488,SF_early,1573.02606805652,1561.00917313104,1583.3989450096
EBA,Evapo,0.810954773869347,SF_early,1573.85373654146,1561.92435240029,1584.38221546519
EBA,Evapo,0.815929648241206,SF_early,1574.68245058789,1562.84401425456,1585.4183509797
EBA,Evapo,0.820904522613065,SF_early,1575.55060942366,1563.76804073111,1586.48051370524
EBA,Evapo,0.825879396984925,SF_early,1576.42461122325,1564.69631386717,1587.5011383332
EBA,Evapo,0.830854271356784,SF_early,1577.30048995949,1565.62871569997,1588.45475500391
EBA,Evapo,0.835829145728643,SF_early,1578.17819200561,1566.56512826675,1589.53090928991
EBA,Evapo,0.840804020100503,SF_early,1579.05766373487,1567.50543360475,1590.61099631611
EBA,Evapo,0.845778894472362,SF_early,1579.93885152049,1568.4495137512,1591.69489690856
EBA,Evapo,0.850753768844221,SF_early,1580.82170173572,1569.39725074333,1592.78249189332
EBA,Evapo,0.85572864321608,SF_early,1581.74695370617,1570.34852661839,1593.87366209644
EBA,Evapo,0.86070351758794,SF_early,1582.77358893682,1571.30322341361,1594.96828834398
EBA,Evapo,0.865678391959799,SF_early,1583.7342312363,1572.26122316622,1596.06625146198
EBA,Evapo,0.870653266331658,SF_early,1584.61051502715,1573.22240791346,1597.16743227651
EBA,Evapo,0.875628140703518,SF_early,1585.44351550153,1574.18665969257,1598.27171161362
EBA,Evapo,0.880603015075377,SF_early,1586.26286296595,1575.15386054079,1599.37897029937
EBA,Evapo,0.885577889447236,SF_early,1587.08308381546,1576.12389249534,1600.4890891598
EBA,Evapo,0.890552763819096,SF_early,1587.93791571191,1577.09663759347,1601.60194902098
EBA,Evapo,0.895527638190955,SF_early,1588.85126399042,1578.0719778724,1602.71743070896
EBA,Evapo,0.900502512562814,SF_early,1589.88974322554,1579.04979536938,1603.83541504979
EBA,Evapo,0.905477386934673,SF_early,1590.78403028944,1580.02997212165,1604.95578286952
EBA,Evapo,0.910452261306533,SF_early,1591.67090213199,1581.01239016643,1606.07841499422
EBA,Evapo,0.915427135678392,SF_early,1592.55883277972,1581.99693154097,1607.20319224994
EBA,Evapo,0.920402010050251,SF_early,1593.4477634101,1582.98347828249,1608.32999546272
EBA,Evapo,0.925376884422111,SF_early,1594.33763520064,1583.97191242825,1609.45870545864
EBA,Evapo,0.93035175879397,SF_early,1595.22838932882,1584.96211601546,1610.58920306373
EBA,Evapo,0.935326633165829,SF_early,1596.11996697213,1585.87412328174,1611.72136910406
EBA,Evapo,0.940301507537689,SF_early,1597.01230930807,1586.78593037429,1612.85508440568
EBA,Evapo,0.945276381909548,SF_early,1597.90535751412,1587.69868287193,1613.99022979464
EBA,Evapo,0.950251256281407,SF_early,1598.79905276777,1588.61230199092,1615.12668609701
EBA,Evapo,0.955226130653266,SF_early,1599.69333624652,1589.52670894748,1616.26433413882
EBA,Evapo,0.960201005025126,SF_early,1600.58814912785,1590.44182495786,1617.40305474615
EBA,Evapo,0.965175879396985,SF_early,1601.48343258927,1591.35757123831,1618.54272874504
EBA,Evapo,0.970150753768844,SF_early,1602.37912780824,1592.27386900506,1619.68323696154
EBA,Evapo,0.975125628140704,SF_early,1603.27638846059,1593.19063947436,1620.82446022172
EBA,Evapo,0.980100502512563,SF_early,1604.18363885227,1594.10780386245,1621.96627935163
EBA,Evapo,0.985075376884422,SF_early,1605.15502883825,1595.02528338557,1623.10857517731
EBA,Evapo,0.990050251256281,SF_early,1606.22253352171,1595.94299925996,1624.25122852484
EBA,Evapo,0.995025125628141,SF_early,1607.29026859377,1596.86087270187,1625.39412022025
EBA,Evapo,1,SF_early,1608.35811886014,1597.77882492754,1626.53713108961
EBA,Evapo,0.01,SF_intermediate,1448.31745442793,1437.51006854847,1458.81997077838
EBA,Evapo,0.0149748743718593,SF_intermediate,1448.9900464797,1438.20458510066,1459.46458739187
EBA,Evapo,0.0199497487437186,SF_intermediate,1449.66265936665,1438.89911049565,1460.10924058132
EBA,Evapo,0.0249246231155779,SF_intermediate,1450.33531392394,1439.59365357627,1460.75396692269
EBA,Evapo,0.0298994974874372,SF_intermediate,1451.01099644482,1440.28822318532,1461.37842500965
EBA,Evapo,0.0348743718592965,SF_intermediate,1451.69262977874,1440.98282816563,1461.90154081827
EBA,Evapo,0.0398492462311558,SF_intermediate,1452.3743723197,1441.67747735999,1462.42498472355
EBA,Evapo,0.0448241206030151,SF_intermediate,1453.05624590911,1442.37217961123,1462.94882234483
EBA,Evapo,0.0497989949748744,SF_intermediate,1453.73827238837,1443.06694376215,1463.47311930144
EBA,Evapo,0.0547738693467337,SF_intermediate,1454.42047359889,1443.76177865556,1463.99794121271
EBA,Evapo,0.059748743718593,SF_intermediate,1455.10287138208,1444.45669313429,1464.52335369798
EBA,Evapo,0.0647236180904523,SF_intermediate,1455.78548757935,1445.15169604114,1465.04942237657
EBA,Evapo,0.0696984924623116,SF_intermediate,1456.4683440321,1445.84679621892,1465.57621286782
EBA,Evapo,0.0746733668341709,SF_intermediate,1457.15146258175,1446.54200251044,1466.10379079107
EBA,Evapo,0.0796482412060302,SF_intermediate,1457.84622492712,1447.23732375853,1466.78990326144
EBA,Evapo,0.0846231155778894,SF_intermediate,1458.49459721039,1447.93276880598,1467.48368946022
EBA,Evapo,0.0895979899497487,SF_intermediate,1459.12316216012,1448.62834649561,1468.17734812112
EBA,Evapo,0.094572864321608,SF_intermediate,1459.7685208117,1449.32406567024,1468.87087074163
EBA,Evapo,0.0995477386934673,SF_intermediate,1460.44430064541,1450.01993517267,1469.56424881921
EBA,Evapo,0.104522613065327,SF_intermediate,1461.10723080614,1450.71596384572,1470.25747385135
EBA,Evapo,0.109497487437186,SF_intermediate,1461.76382997659,1451.4121605322,1470.95053733552
EBA,Evapo,0.114472361809045,SF_intermediate,1462.42098498997,1452.10853407492,1471.64343076919
EBA,Evapo,0.119447236180905,SF_intermediate,1463.07872363844,1452.80509331669,1472.33614564984
EBA,Evapo,0.124422110552764,SF_intermediate,1463.78328797819,1453.50184710033,1473.02867347495
EBA,Evapo,0.129396984924623,SF_intermediate,1464.4756991244,1454.19880426865,1473.72100574199
EBA,Evapo,0.134371859296482,SF_intermediate,1465.13185530176,1454.87750705882,1474.41313394843
EBA,Evapo,0.139346733668342,SF_intermediate,1465.77703921483,1455.53593146364,1475.10504959175
EBA,Evapo,0.144321608040201,SF_intermediate,1466.42308351335,1456.19514039136,1475.79674416943
EBA,Evapo,0.14929648241206,SF_intermediate,1467.07002128906,1456.85516401594,1476.48820917894
EBA,Evapo,0.15427135678392,SF_intermediate,1467.71788563372,1457.51603251134,1477.17943611776
EBA,Evapo,0.159246231155779,SF_intermediate,1468.36670963908,1458.17777605152,1477.87041648336
EBA,Evapo,0.164221105527638,SF_intermediate,1469.02922075764,1458.84042481043,1478.56114177321
EBA,Evapo,0.169195979899498,SF_intermediate,1469.69432432502,1459.50400896203,1479.2516034848
EBA,Evapo,0.174170854271357,SF_intermediate,1470.36031724109,1460.16855868028,1479.94179311559
EBA,Evapo,0.179145728643216,SF_intermediate,1471.02722729802,1460.83410413913,1480.63170216307
EBA,Evapo,0.184120603015075,SF_intermediate,1471.69508228793,1461.50067551256,1481.3213221247
EBA,Evapo,0.189095477386935,SF_intermediate,1472.36391000298,1462.1683029745,1482.01064449797
EBA,Evapo,0.194070351758794,SF_intermediate,1473.03373823532,1462.83701669893,1482.69966078034
EBA,Evapo,0.199045226130653,SF_intermediate,1473.70459477709,1463.50684685979,1483.3883624693
EBA,Evapo,0.204020100502513,SF_intermediate,1474.37650742044,1464.17782363105,1484.07674106232
EBA,Evapo,0.208994974874372,SF_intermediate,1475.04950395752,1464.84997718666,1484.76478805687
EBA,Evapo,0.213969849246231,SF_intermediate,1475.72361218047,1465.52333770058,1485.45249495043
EBA,Evapo,0.21894472361809,SF_intermediate,1476.39885988144,1466.19793534678,1486.13985324047
EBA,Evapo,0.22391959798995,SF_intermediate,1477.07527485257,1466.8738002992,1486.82685442447
EBA,Evapo,0.228894472361809,SF_intermediate,1477.75288488602,1467.5509627318,1487.51348999991
EBA,Evapo,0.233869346733668,SF_intermediate,1478.43171777393,1468.22945281855,1488.19975146426
EBA,Evapo,0.238844221105528,SF_intermediate,1479.11180130845,1468.9093007334,1488.88563031499
EBA,Evapo,0.243819095477387,SF_intermediate,1479.79316328172,1469.59053665031,1489.57111804958
EBA,Evapo,0.248793969849246,SF_intermediate,1480.47583148589,1470.27319074323,1490.25620616551
EBA,Evapo,0.253768844221106,SF_intermediate,1481.15983371311,1470.95729318613,1490.94088616025
EBA,Evapo,0.258743718592965,SF_intermediate,1481.84519775553,1471.64287415295,1491.62514953128
EBA,Evapo,0.263718592964824,SF_intermediate,1482.53195140528,1472.32996381767,1492.30898777606
EBA,Evapo,0.268693467336683,SF_intermediate,1483.22012245453,1473.01859235424,1492.99239239209
EBA,Evapo,0.273668341708543,SF_intermediate,1483.90973869541,1473.7087899366,1493.67535487682
EBA,Evapo,0.278643216080402,SF_intermediate,1484.60082792007,1474.40058673874,1494.35786672774
EBA,Evapo,0.283618090452261,SF_intermediate,1485.29341792066,1475.09401293459,1495.03991944233
EBA,Evapo,0.288592964824121,SF_intermediate,1485.98753648932,1475.78909869812,1495.72150451805
EBA,Evapo,0.29356783919598,SF_intermediate,1486.68321141821,1476.48587420329,1496.40261345238
EBA,Evapo,0.298542713567839,SF_intermediate,1487.38047049946,1477.18436962405,1497.0832377428
EBA,Evapo,0.303517587939699,SF_intermediate,1488.07934152524,1477.88461513436,1497.76336888679
EBA,Evapo,0.308492462311558,SF_intermediate,1488.77985228767,1478.58664090818,1498.44299838181
EBA,Evapo,0.313467336683417,SF_intermediate,1489.48203057892,1479.29047711947,1499.12211772534
EBA,Evapo,0.318442211055276,SF_intermediate,1490.18590419112,1479.99615394219,1499.80071841487
EBA,Evapo,0.323417085427136,SF_intermediate,1490.89150091642,1480.70370155028,1500.47879194786
EBA,Evapo,0.328391959798995,SF_intermediate,1491.59884854697,1481.41315011772,1501.15632982178
EBA,Evapo,0.333366834170854,SF_intermediate,1492.30797487492,1482.12452981846,1501.83332353413
EBA,Evapo,0.338341708542714,SF_intermediate,1493.01890769242,1482.83787082645,1502.50976458236
EBA,Evapo,0.343316582914573,SF_intermediate,1493.72954461907,1483.5532001464,1503.18566227962
EBA,Evapo,0.348291457286432,SF_intermediate,1494.40772813152,1484.27053210597,1503.86109720172
EBA,Evapo,0.353266331658292,SF_intermediate,1495.08962287584,1484.98987786359,1504.53616774014
EBA,Evapo,0.358241206030151,SF_intermediate,1495.77521639699,1485.71124857767,1505.21097228634
EBA,Evapo,0.36321608040201,SF_intermediate,1496.46449623997,1486.43465540662,1505.88560923181
EBA,Evapo,0.368190954773869,SF_intermediate,1497.15744994973,1487.16010950885,1506.56017696801
EBA,Evapo,0.373165829145729,SF_intermediate,1497.85406507126,1487.88762204278,1507.23477388643
EBA,Evapo,0.378140703517588,SF_intermediate,1498.55119756822,1488.61720416683,1507.90949837853
EBA,Evapo,0.383115577889447,SF_intermediate,1499.23255745459,1489.34886703941,1508.5844488358
EBA,Evapo,0.388090452261307,SF_intermediate,1499.88216744302,1490.08262181892,1509.25972364969
EBA,Evapo,0.393065326633166,SF_intermediate,1500.53105303164,1490.8184796638,1509.9354212117
EBA,Evapo,0.398040201005025,SF_intermediate,1501.17775362387,1491.55645173245,1510.61163991329
EBA,Evapo,0.403015075376884,SF_intermediate,1501.8265277005,1492.29654918328,1511.28847814594
EBA,Evapo,0.407989949748744,SF_intermediate,1502.47749038528,1493.03878317471,1511.96603430112
EBA,Evapo,0.412964824120603,SF_intermediate,1503.13699629959,1493.78316486516,1512.64440677032
EBA,Evapo,0.417939698492462,SF_intermediate,1503.83699025878,1494.52970541303,1513.32369394499
EBA,Evapo,0.422914572864322,SF_intermediate,1504.52305994786,1495.27841597675,1514.00399421662
EBA,Evapo,0.427889447236181,SF_intermediate,1505.28060926201,1496.02930771473,1514.68540597668
EBA,Evapo,0.43286432160804,SF_intermediate,1506.06346175413,1496.78239178537,1515.36802761664
EBA,Evapo,0.437839195979899,SF_intermediate,1506.81675909839,1497.53767934711,1516.05195752799
EBA,Evapo,0.442814070351759,SF_intermediate,1507.56395345929,1498.29518155834,1516.73729410219
EBA,Evapo,0.447788944723618,SF_intermediate,1508.31485275618,1499.05490957748,1517.42413573072
EBA,Evapo,0.452763819095477,SF_intermediate,1509.0467826657,1499.81687456296,1518.11258080505
EBA,Evapo,0.457738693467337,SF_intermediate,1509.76842547364,1500.58108767318,1518.80272771666
EBA,Evapo,0.462713567839196,SF_intermediate,1510.52425881945,1501.34756006656,1519.49467485702
EBA,Evapo,0.467688442211055,SF_intermediate,1511.32071430143,1502.1163029015,1520.27281492143
EBA,Evapo,0.472663316582915,SF_intermediate,1512.12075989685,1502.88732733644,1521.08273572784
EBA,Evapo,0.477638190954774,SF_intermediate,1512.89703624742,1503.66064452977,1521.89503380851
EBA,Evapo,0.482613065326633,SF_intermediate,1513.67336212334,1504.43626563992,1522.70965922921
EBA,Evapo,0.487587939698492,SF_intermediate,1514.45324780015,1505.2142018253,1523.5265620557
EBA,Evapo,0.492562814070352,SF_intermediate,1515.23667513597,1505.99446424432,1524.34569235373
EBA,Evapo,0.497537688442211,SF_intermediate,1516.0236259889,1506.7770640554,1525.16700018907
EBA,Evapo,0.50251256281407,SF_intermediate,1516.81408221706,1507.55943872303,1525.99043562748
EBA,Evapo,0.50748743718593,SF_intermediate,1517.55568552192,1508.30166453932,1526.81594873472
EBA,Evapo,0.512462311557789,SF_intermediate,1518.30071038279,1509.04669968231,1527.64348957656
EBA,Evapo,0.517437185929648,SF_intermediate,1519.05017844429,1509.7946013768,1528.47300821876
EBA,Evapo,0.522412060301508,SF_intermediate,1519.80415525995,1510.54542684758,1529.30445472708
EBA,Evapo,0.527386934673367,SF_intermediate,1520.56270638333,1511.29923331946,1530.13777916728
EBA,Evapo,0.532361809045226,SF_intermediate,1521.32589736795,1512.05607801724,1530.97293160513
EBA,Evapo,0.537336683417085,SF_intermediate,1522.10273213992,1512.81601816571,1531.80986210638
EBA,Evapo,0.542311557788945,SF_intermediate,1522.92429647267,1513.57911098968,1532.6485207368
EBA,Evapo,0.547286432160804,SF_intermediate,1523.73560571457,1514.34541371394,1533.48885756215
EBA,Evapo,0.552261306532663,SF_intermediate,1524.52679454161,1515.11498356329,1534.33082264819
EBA,Evapo,0.557236180904523,SF_intermediate,1525.3217623644,1515.88787776253,1535.17436606069
EBA,Evapo,0.562211055276382,SF_intermediate,1526.12055731428,1516.66415353647,1536.0194378654
EBA,Evapo,0.567185929648241,SF_intermediate,1526.92322752258,1517.44386810989,1536.86598812809
EBA,Evapo,0.572160804020101,SF_intermediate,1527.72982112063,1518.2270787076,1537.71396691453
EBA,Evapo,0.57713567839196,SF_intermediate,1528.54038623976,1519.0138425544,1538.56332429046
EBA,Evapo,0.582110552763819,SF_intermediate,1529.35497101131,1519.80421687509,1539.41401032166
EBA,Evapo,0.587085427135679,SF_intermediate,1530.17362356661,1520.59825889446,1540.26597507389
EBA,Evapo,0.592060301507538,SF_intermediate,1530.996392037,1521.39602583732,1541.11916861291
EBA,Evapo,0.597035175879397,SF_intermediate,1531.8233245538,1522.19757492846,1541.97354100447
EBA,Evapo,0.602010050251256,SF_intermediate,1532.65446924834,1523.00296339269,1542.82904231435
EBA,Evapo,0.606984924623116,SF_intermediate,1533.48987425198,1523.8122484548,1543.68562260831
EBA,Evapo,0.611959798994975,SF_intermediate,1534.32958769602,1524.62548733959,1544.5432319521
EBA,Evapo,0.616934673366834,SF_intermediate,1535.17365771182,1525.44273727186,1545.4018204115
EBA,Evapo,0.621909547738694,SF_intermediate,1536.0221324307,1526.26405547641,1546.26133805225
EBA,Evapo,0.626884422110553,SF_intermediate,1536.87505998399,1527.08949917804,1547.12173494013
EBA,Evapo,0.631859296482412,SF_intermediate,1537.73248850303,1527.91912560154,1547.98296114089
EBA,Evapo,0.636834170854271,SF_intermediate,1538.59446611915,1528.75299197173,1548.8449667203
EBA,Evapo,0.641809045226131,SF_intermediate,1539.46104096369,1529.59115551338,1549.70770174413
EBA,Evapo,0.64678391959799,SF_intermediate,1540.33226116797,1530.43367345132,1550.57111627812
EBA,Evapo,0.651758793969849,SF_intermediate,1541.20817486333,1531.28060301033,1551.43516038805
EBA,Evapo,0.656733668341709,SF_intermediate,1542.08883018111,1532.13200141521,1552.29978413967
EBA,Evapo,0.661708542713568,SF_intermediate,1542.97427525263,1532.98792589077,1553.16493759875
EBA,Evapo,0.666683417085427,SF_intermediate,1543.86455820923,1533.84843366179,1554.03057083105
EBA,Evapo,0.671658291457287,SF_intermediate,1544.73433072808,1534.71358195309,1554.89663390234
EBA,Evapo,0.676633165829146,SF_intermediate,1545.60734029365,1535.583406589,1555.76308424138
EBA,Evapo,0.681608040201005,SF_intermediate,1546.48406379888,1536.45785779202,1556.62990872904
EBA,Evapo,0.686582914572864,SF_intermediate,1547.36444410625,1537.3368643842,1557.49710160918
EBA,Evapo,0.691557788944724,SF_intermediate,1548.24842407821,1538.22035518758,1558.36465712566
EBA,Evapo,0.696532663316583,SF_intermediate,1549.13594657723,1539.10825902421,1559.23256952236
EBA,Evapo,0.701507537688442,SF_intermediate,1550.02695446579,1540.00050471613,1560.10083304314
EBA,Evapo,0.706482412060302,SF_intermediate,1550.92139060634,1540.89702108539,1560.96944193187
EBA,Evapo,0.711457286432161,SF_intermediate,1551.81919786135,1541.79773695403,1561.83839043242
EBA,Evapo,0.71643216080402,SF_intermediate,1552.7203190933,1542.70258114409,1562.70767278865
EBA,Evapo,0.721407035175879,SF_intermediate,1553.62469716464,1543.61148247763,1563.57728324444
EBA,Evapo,0.726381909547739,SF_intermediate,1554.53227493784,1544.52436977668,1564.44721604364
EBA,Evapo,0.731356783919598,SF_intermediate,1555.44299527538,1545.44117186328,1565.39886361387
EBA,Evapo,0.736331658291457,SF_intermediate,1556.35680103971,1546.36181755949,1566.39101247911
EBA,Evapo,0.741306532663317,SF_intermediate,1557.2736350933,1547.28623568734,1567.38694922871
EBA,Evapo,0.746281407035176,SF_intermediate,1558.19344029863,1548.21435506889,1568.38660239313
EBA,Evapo,0.751256281407035,SF_intermediate,1559.14824032525,1549.11569863959,1569.38990050288
EBA,Evapo,0.756231155778895,SF_intermediate,1560.1199943215,1550.01708145235,1570.39677208842
EBA,Evapo,0.761206030150754,SF_intermediate,1561.11345126975,1550.92106704918,1571.40714568025
EBA,Evapo,0.766180904522613,SF_intermediate,1562.03974396949,1551.82760231202,1572.42094980884
EBA,Evapo,0.771155778894472,SF_intermediate,1562.9687443843,1552.73663412285,1573.43811300469
EBA,Evapo,0.776130653266332,SF_intermediate,1563.90039490321,1553.6481093636,1574.45856379828
EBA,Evapo,0.781105527638191,SF_intermediate,1564.83463791526,1554.56197491626,1575.48223072008
EBA,Evapo,0.78608040201005,SF_intermediate,1565.7714158095,1555.47817766276,1576.50904230059
EBA,Evapo,0.79105527638191,SF_intermediate,1566.71067097497,1556.39666448507,1577.53892707029
EBA,Evapo,0.796030150753769,SF_intermediate,1567.65234580071,1557.31738226515,1578.57181355966
EBA,Evapo,0.801005025125628,SF_intermediate,1568.59638267576,1558.24027788495,1579.60763029919
EBA,Evapo,0.805979899497488,SF_intermediate,1569.63797126851,1559.16529822644,1580.64630581936
EBA,Evapo,0.810954773869347,SF_intermediate,1570.73990611104,1560.09239017157,1581.68776865065
EBA,Evapo,0.815929648241206,SF_intermediate,1571.85459190003,1561.0215006023,1582.73194732355
EBA,Evapo,0.820904522613065,SF_intermediate,1573.01245143377,1561.95257640058,1583.77877036855
EBA,Evapo,0.825879396984925,SF_intermediate,1574.20370769737,1562.88556444838,1584.82816631612
EBA,Evapo,0.830854271356784,SF_intermediate,1575.40091947868,1563.82041162765,1585.88006369675
EBA,Evapo,0.835829145728643,SF_intermediate,1576.60391662007,1564.75706482035,1586.93439104092
EBA,Evapo,0.840804020100503,SF_intermediate,1577.60629928595,1565.69547090844,1587.99107687912
EBA,Evapo,0.845778894472362,SF_intermediate,1578.60193507549,1566.63557677388,1589.05004974184
EBA,Evapo,0.850753768844221,SF_intermediate,1579.59929571719,1567.57732929862,1590.11123815955
EBA,Evapo,0.85572864321608,SF_intermediate,1580.52993781579,1568.52067536463,1591.17457066274
EBA,Evapo,0.86070351758794,SF_intermediate,1581.4059811085,1569.46556185385,1592.2399757819
EBA,Evapo,0.865678391959799,SF_intermediate,1582.28177612814,1570.41193564825,1593.3073820475
EBA,Evapo,0.870653266331658,SF_intermediate,1583.24142309008,1571.35974362979,1594.37671799004
EBA,Evapo,0.875628140703518,SF_intermediate,1584.21582660547,1572.30893268042,1595.44791213999
EBA,Evapo,0.880603015075377,SF_intermediate,1585.19140113385,1573.25944968211,1596.52089302784
EBA,Evapo,0.885577889447236,SF_intermediate,1586.16809983469,1574.2112415168,1597.59558918408
EBA,Evapo,0.890552763819096,SF_intermediate,1587.14587586749,1575.16425506646,1598.67192913919
EBA,Evapo,0.895527638190955,SF_intermediate,1588.12468239172,1576.11843721305,1599.74984142365
EBA,Evapo,0.900502512562814,SF_intermediate,1589.10447256685,1577.07373483852,1600.82925456794
EBA,Evapo,0.905477386934673,SF_intermediate,1590.08519955238,1578.03009482483,1601.91009710255
EBA,Evapo,0.910452261306533,SF_intermediate,1591.14669328282,1578.98746405395,1602.99229755797
EBA,Evapo,0.915427135678392,SF_intermediate,1592.2659381975,1579.94578940781,1604.07578446468
EBA,Evapo,0.920402010050251,SF_intermediate,1593.38702985999,1580.9050177684,1605.16048635316
EBA,Evapo,0.925376884422111,SF_intermediate,1594.50985963808,1581.86509601766,1606.24633175389
EBA,Evapo,0.93035175879397,SF_intermediate,1595.63431889954,1582.82597103755,1607.31108654021
EBA,Evapo,0.935326633165829,SF_intermediate,1596.76029901214,1583.78758971002,1608.28978872715
EBA,Evapo,0.940301507537689,SF_intermediate,1597.91562879941,1584.74989891705,1609.26904996758
EBA,Evapo,0.945276381909548,SF_intermediate,1599.05206945776,1585.71284554058,1610.2488272574
EBA,Evapo,0.950251256281407,SF_intermediate,1600.1189216553,1586.67637646257,1611.2290775925
EBA,Evapo,0.955226130653266,SF_intermediate,1601.18660934266,1587.64043856499,1612.20975796874
EBA,Evapo,0.960201005025126,SF_intermediate,1602.25504897087,1588.60497872978,1613.19082538203
EBA,Evapo,0.965175879396985,SF_intermediate,1603.32415699093,1589.56994383891,1614.17223682824
EBA,Evapo,0.970150753768844,SF_intermediate,1604.39384985388,1590.53528077433,1615.15394930326
EBA,Evapo,0.975125628140704,SF_intermediate,1605.41709875589,1591.50093641801,1616.13591980297
EBA,Evapo,0.980100502512563,SF_intermediate,1606.40880122928,1592.46685765189,1617.11810532326
EBA,Evapo,0.985075376884422,SF_intermediate,1607.39903970015,1593.43299135795,1618.10046286001
EBA,Evapo,0.990050251256281,SF_intermediate,1608.34339553962,1594.39928441813,1619.0829494091
EBA,Evapo,0.995025125628141,SF_intermediate,1609.32271300481,1595.36568371439,1620.39405289883
EBA,Evapo,1,SF_intermediate,1610.3098524814,1596.3321361287,1621.70839771506
EBA,Evapo,0.01,SF_advanced,1447.46210652902,1432.25823766659,1460.77765238082
EBA,Evapo,0.0149748743718593,SF_advanced,1448.32094226461,1433.138741965,1461.47112989985
EBA,Evapo,0.0199497487437186,SF_advanced,1449.17969364058,1434.0191851869,1462.16461965045
EBA,Evapo,0.0249246231155779,SF_advanced,1450.0382762973,1434.89950625577,1462.77279164115
EBA,Evapo,0.0298994974874372,SF_advanced,1450.86285167394,1435.77964409509,1463.35906692023
EBA,Evapo,0.0348743718592965,SF_advanced,1451.63688772707,1436.65953762834,1463.94558090995
EBA,Evapo,0.0398492462311558,SF_advanced,1452.41072375106,1437.53912577901,1464.532393288
EBA,Evapo,0.0448241206030151,SF_advanced,1453.18431974009,1438.41834747058,1465.11956373202
EBA,Evapo,0.0497989949748744,SF_advanced,1453.95763568833,1439.29714162653,1465.70715191968
EBA,Evapo,0.0547738693467337,SF_advanced,1454.73063158995,1440.17544717035,1466.29521752865
EBA,Evapo,0.059748743718593,SF_advanced,1455.50326743913,1441.05320302553,1466.88382023659
EBA,Evapo,0.0647236180904523,SF_advanced,1456.27550323003,1441.93034811554,1467.47301972116
EBA,Evapo,0.0696984924623116,SF_advanced,1457.04729895684,1442.80682136387,1468.06287566003
EBA,Evapo,0.0746733668341709,SF_advanced,1457.76635541329,1443.68256169401,1468.65344773085
EBA,Evapo,0.0796482412060302,SF_advanced,1458.48143639375,1444.55750802943,1469.2447956113
EBA,Evapo,0.0846231155778894,SF_advanced,1459.19613770889,1445.43159929362,1469.83697897903
EBA,Evapo,0.0895979899497487,SF_advanced,1459.91043223974,1446.30477441006,1470.4300575117
EBA,Evapo,0.094572864321608,SF_advanced,1460.62429286736,1447.17697230224,1471.02409088699
EBA,Evapo,0.0995477386934673,SF_advanced,1461.3376924728,1448.04813189364,1471.61913878256
EBA,Evapo,0.104522613065327,SF_advanced,1462.05060393711,1448.91819210775,1472.21526087606
EBA,Evapo,0.109497487437186,SF_advanced,1462.76300014132,1449.79776592493,1472.81251684516
EBA,Evapo,0.114472361809045,SF_advanced,1463.49571226052,1450.68880434533,1473.41096636752
EBA,Evapo,0.119447236180905,SF_advanced,1464.27602471755,1451.57829586039,1474.01066912081
EBA,Evapo,0.124422110552764,SF_advanced,1465.05521234732,1452.46616680797,1474.63902306976
EBA,Evapo,0.129396984924623,SF_advanced,1465.8332240213,1453.18465694368,1475.37217765466
EBA,Evapo,0.134371859296482,SF_advanced,1466.61000861099,1453.95967701063,1476.10511287459
EBA,Evapo,0.139346733668342,SF_advanced,1467.38551498787,1454.73412611018,1476.83781958934
EBA,Evapo,0.144321608040201,SF_advanced,1468.15969202342,1455.50798140363,1477.57028865871
EBA,Evapo,0.14929648241206,SF_advanced,1468.93248858914,1456.28122005229,1478.30251094248
EBA,Evapo,0.15427135678392,SF_advanced,1469.70385355652,1457.05381921745,1479.03447730045
EBA,Evapo,0.159246231155779,SF_advanced,1470.50717950622,1457.82575606043,1479.76617859242
EBA,Evapo,0.164221105527638,SF_advanced,1471.38343314451,1458.59700774252,1480.49760567817
EBA,Evapo,0.169195979899498,SF_advanced,1472.25791583307,1459.36755142503,1481.2287494175
EBA,Evapo,0.174170854271357,SF_advanced,1473.13057044447,1460.13736426927,1481.9596006702
EBA,Evapo,0.179145728643216,SF_advanced,1474.0013398513,1460.90642343654,1482.69015029607
EBA,Evapo,0.184120603015075,SF_advanced,1474.86609144488,1461.67470608814,1483.42038915489
EBA,Evapo,0.189095477386935,SF_advanced,1475.64111632029,1462.44218938537,1484.15030810646
EBA,Evapo,0.194070351758794,SF_advanced,1476.41429303491,1463.20885048954,1484.87989801058
EBA,Evapo,0.199045226130653,SF_advanced,1477.18557025093,1463.97466656196,1485.60914972703
EBA,Evapo,0.204020100502513,SF_advanced,1477.95489663055,1464.73961476393,1486.33805411561
EBA,Evapo,0.208994974874372,SF_advanced,1478.72222083598,1465.50367225674,1487.06660203612
EBA,Evapo,0.213969849246231,SF_advanced,1479.48749152941,1466.26681620172,1487.79478434833
EBA,Evapo,0.21894472361809,SF_advanced,1480.25065737304,1467.02902376015,1488.52259191206
EBA,Evapo,0.22391959798995,SF_advanced,1480.99502757485,1467.79027209334,1489.25001558708
EBA,Evapo,0.228894472361809,SF_advanced,1481.71364810088,1468.55053836261,1489.9770462332
EBA,Evapo,0.233869346733668,SF_advanced,1482.46253499324,1469.30979972924,1490.7036747102
EBA,Evapo,0.238844221105528,SF_advanced,1483.21592796558,1470.06803335455,1491.42989187788
EBA,Evapo,0.243819095477387,SF_advanced,1483.96837011852,1470.82521639983,1492.2121051752
EBA,Evapo,0.248793969849246,SF_advanced,1484.71984078208,1471.5813260264,1493.01204486545
EBA,Evapo,0.253768844221106,SF_advanced,1485.47031928626,1472.33633939556,1493.81032035791
EBA,Evapo,0.258743718592965,SF_advanced,1486.21978496108,1473.09023366861,1494.60689698181
EBA,Evapo,0.263718592964824,SF_advanced,1486.96821713656,1473.84298600685,1495.40174006636
EBA,Evapo,0.268693467336683,SF_advanced,1487.71559514271,1474.59457357159,1496.19481494075
EBA,Evapo,0.273668341708543,SF_advanced,1488.42666100252,1475.34497352413,1496.98608693422
EBA,Evapo,0.278643216080402,SF_advanced,1489.1486716475,1476.09416302578,1497.77552137598
EBA,Evapo,0.283618090452261,SF_advanced,1489.85657191107,1476.84211923783,1498.56308359522
EBA,Evapo,0.288592964824121,SF_advanced,1490.56474720643,1477.5888193216,1499.34873892118
EBA,Evapo,0.29356783919598,SF_advanced,1491.27320253414,1478.33424043839,1500.13245268305
EBA,Evapo,0.298542713567839,SF_advanced,1491.98194289478,1479.0783597495,1500.91419021006
EBA,Evapo,0.303517587939699,SF_advanced,1492.69097328894,1479.82115441624,1501.69391683142
EBA,Evapo,0.308492462311558,SF_advanced,1493.4002987172,1480.5626015999,1502.47159787633
EBA,Evapo,0.313467336683417,SF_advanced,1494.10992418012,1481.3026784618,1503.24719867402
EBA,Evapo,0.318442211055276,SF_advanced,1494.81985467829,1482.04136216323,1504.0206845537
EBA,Evapo,0.323417085427136,SF_advanced,1495.53009521229,1482.77862986551,1504.79202084457
EBA,Evapo,0.328391959798995,SF_advanced,1496.2406507827,1483.48801232108,1505.56117287585
EBA,Evapo,0.333366834170854,SF_advanced,1496.95152639008,1484.17723725841,1506.32810597676
EBA,Evapo,0.338341708542714,SF_advanced,1497.66272703502,1484.86735766647,1507.09278547651
EBA,Evapo,0.343316582914573,SF_advanced,1498.37426352329,1485.55839466194,1507.8551972787
EBA,Evapo,0.348291457286432,SF_advanced,1499.10151834236,1486.25039872218,1508.61540958454
EBA,Evapo,0.353266331658292,SF_advanced,1499.83001478552,1486.94342766479,1509.37351116964
EBA,Evapo,0.358241206030151,SF_advanced,1500.557907677,1487.63753930734,1510.12959080959
EBA,Evapo,0.36321608040201,SF_advanced,1501.28527226438,1488.33279146739,1510.88373728
EBA,Evapo,0.368190954773869,SF_advanced,1502.01218379521,1489.02924196254,1511.63603935647
EBA,Evapo,0.373165829145729,SF_advanced,1502.73871751708,1489.72694861034,1512.3865858146
EBA,Evapo,0.378140703517588,SF_advanced,1503.46494867754,1490.42596922839,1513.13546543
EBA,Evapo,0.383115577889447,SF_advanced,1504.19095252418,1491.12636163424,1513.88276697825
EBA,Evapo,0.388090452261307,SF_advanced,1504.91680430456,1491.82818364548,1514.62857923498
EBA,Evapo,0.393065326633166,SF_advanced,1505.64257926625,1492.53149307969,1515.37299097577
EBA,Evapo,0.398040201005025,SF_advanced,1506.36835265682,1493.23634775443,1516.11609097624
EBA,Evapo,0.403015075376884,SF_advanced,1507.09419972384,1493.94280548729,1516.85796801197
EBA,Evapo,0.407989949748744,SF_advanced,1507.82019571488,1494.65092409583,1517.59871085858
EBA,Evapo,0.412964824120603,SF_advanced,1508.54641587751,1495.36076139764,1518.33840829167
EBA,Evapo,0.417939698492462,SF_advanced,1509.2729354593,1496.07237521028,1519.07714908683
EBA,Evapo,0.422914572864322,SF_advanced,1509.99982970783,1496.78582335134,1519.81502201968
EBA,Evapo,0.427889447236181,SF_advanced,1510.72717387065,1497.50116363839,1520.5521158658
EBA,Evapo,0.43286432160804,SF_advanced,1511.39029203185,1498.218453889,1521.28851940081
EBA,Evapo,0.437839195979899,SF_advanced,1512.04150702565,1498.93775192075,1522.02432140031
EBA,Evapo,0.442814070351759,SF_advanced,1512.69262806284,1499.65911555122,1522.75961063989
EBA,Evapo,0.447788944723618,SF_advanced,1513.34440963989,1500.38260259797,1523.49447589516
EBA,Evapo,0.452763819095477,SF_advanced,1514.01596287098,1501.10827087859,1524.22900594172
EBA,Evapo,0.457738693467337,SF_advanced,1514.6547088795,1501.83617821065,1524.96328955517
EBA,Evapo,0.462713567839196,SF_advanced,1515.29411123426,1502.56638241173,1525.69741551112
EBA,Evapo,0.467688442211055,SF_advanced,1515.93435755248,1503.29894129939,1526.43147258517
EBA,Evapo,0.472663316582915,SF_advanced,1516.5756354514,1504.03391269122,1527.16554955291
EBA,Evapo,0.477638190954774,SF_advanced,1517.21813254825,1504.77135440479,1527.89973518996
EBA,Evapo,0.482613065326633,SF_advanced,1517.86203646024,1505.51132425768,1528.63411827191
EBA,Evapo,0.487587939698492,SF_advanced,1518.50753480461,1506.25388006746,1529.36878757436
EBA,Evapo,0.492562814070352,SF_advanced,1519.15481519858,1506.9990796517,1530.10383187291
EBA,Evapo,0.497537688442211,SF_advanced,1519.79699266325,1507.74698082799,1530.83933994318
EBA,Evapo,0.50251256281407,SF_advanced,1520.41660815107,1508.49764141389,1531.57540056075
EBA,Evapo,0.50748743718593,SF_advanced,1521.03828973411,1509.25111922698,1532.31210250124
EBA,Evapo,0.512462311557789,SF_advanced,1521.66227476768,1510.00747208484,1533.04953454024
EBA,Evapo,0.517437185929648,SF_advanced,1522.28880060706,1510.76675780504,1533.78778545335
EBA,Evapo,0.522412060301508,SF_advanced,1522.91810460754,1511.52903420516,1534.52694401619
EBA,Evapo,0.527386934673367,SF_advanced,1523.55042412442,1512.29435910277,1535.26709900434
EBA,Evapo,0.532361809045226,SF_advanced,1524.18674467302,1513.06279031545,1536.00833919341
EBA,Evapo,0.537336683417085,SF_advanced,1524.90453601623,1513.83438566077,1536.750753359
EBA,Evapo,0.542311557788945,SF_advanced,1525.64310460474,1514.60920295631,1537.49443027672
EBA,Evapo,0.547286432160804,SF_advanced,1526.38419045428,1515.38730001964,1538.23945872217
EBA,Evapo,0.552261306532663,SF_advanced,1527.12789930116,1516.16873466834,1538.98592747094
EBA,Evapo,0.557236180904523,SF_advanced,1527.87433688167,1516.95356471999,1539.73392529865
EBA,Evapo,0.562211055276382,SF_advanced,1528.62360893211,1517.74184799215,1540.48354098089
EBA,Evapo,0.567185929648241,SF_advanced,1529.37582118878,1518.53364230241,1541.23486329326
EBA,Evapo,0.572160804020101,SF_advanced,1530.13107938797,1519.32900546833,1541.98798101136
EBA,Evapo,0.57713567839196,SF_advanced,1530.88948926598,1520.1279953075,1542.74298291081
EBA,Evapo,0.582110552763819,SF_advanced,1531.65115655912,1520.93066963749,1543.49995776719
EBA,Evapo,0.587085427135679,SF_advanced,1532.41618700367,1521.73708627587,1544.25899435612
EBA,Evapo,0.592060301507538,SF_advanced,1533.18468633593,1522.50343913974,1545.02018145319
EBA,Evapo,0.597035175879397,SF_advanced,1533.9567602922,1523.2666689463,1545.78360783401
EBA,Evapo,0.602010050251256,SF_advanced,1534.73251460878,1524.03410762874,1546.54936227417
EBA,Evapo,0.606984924623116,SF_advanced,1535.51205502196,1524.80589085058,1547.31753354928
EBA,Evapo,0.611959798994975,SF_advanced,1536.29548726804,1525.58215427534,1548.08821043494
EBA,Evapo,0.616934673366834,SF_advanced,1537.08291708333,1526.36303356655,1548.86148170676
EBA,Evapo,0.621909547738694,SF_advanced,1537.92972616454,1527.14866438772,1549.63743614032
EBA,Evapo,0.626884422110553,SF_advanced,1538.78492980392,1527.93918240238,1550.41616251125
EBA,Evapo,0.631859296482412,SF_advanced,1539.62427257701,1528.73472327404,1551.19774959513
EBA,Evapo,0.636834170854271,SF_advanced,1540.43720649648,1529.53542266623,1551.98228616758
EBA,Evapo,0.641809045226131,SF_advanced,1541.25575947155,1530.34141624246,1552.76986100419
EBA,Evapo,0.64678391959799,SF_advanced,1542.08003300362,1531.15283966627,1553.56056288056
EBA,Evapo,0.651758793969849,SF_advanced,1542.91012859406,1531.96982860116,1554.35448057229
EBA,Evapo,0.656733668341709,SF_advanced,1543.74614774425,1532.79251871067,1555.151702855
EBA,Evapo,0.661708542713568,SF_advanced,1544.58819195556,1533.6210456583,1555.95231850427
EBA,Evapo,0.666683417085427,SF_advanced,1545.43636272938,1534.45554510759,1556.75641629572
EBA,Evapo,0.671658291457287,SF_advanced,1546.29076156709,1535.29615272205,1557.56408500494
EBA,Evapo,0.676633165829146,SF_advanced,1547.15145706941,1536.14296578738,1558.37538936995
EBA,Evapo,0.681608040201005,SF_advanced,1548.0183862345,1536.99592807793,1559.19029797843
EBA,Evapo,0.686582914572864,SF_advanced,1548.89145315984,1537.85494499025,1560.0087553805
EBA,Evapo,0.691557788944724,SF_advanced,1549.77056194293,1538.71992192087,1560.83070612623
EBA,Evapo,0.696532663316583,SF_advanced,1550.65561668127,1539.59076426632,1561.65609476575
EBA,Evapo,0.701507537688442,SF_advanced,1551.54652147236,1540.46737742314,1562.48486584914
EBA,Evapo,0.706482412060302,SF_advanced,1552.43786317924,1541.34966678786,1563.31696392651
EBA,Evapo,0.711457286432161,SF_advanced,1553.29280028202,1542.23753775703,1564.15233354796
EBA,Evapo,0.71643216080402,SF_advanced,1554.20854751621,1543.13089572716,1564.99091926359
EBA,Evapo,0.721407035175879,SF_advanced,1555.13007896966,1544.02964609481,1565.83266562349
EBA,Evapo,0.726381909547739,SF_advanced,1556.05729316483,1544.93369425649,1566.67751717777
EBA,Evapo,0.731356783919598,SF_advanced,1556.9900886242,1545.84294560876,1567.52541847654
EBA,Evapo,0.736331658291457,SF_advanced,1557.92836387023,1546.75730554814,1568.39634927072
EBA,Evapo,0.741306532663317,SF_advanced,1558.8720174254,1547.67667947117,1569.27383063623
EBA,Evapo,0.746281407035176,SF_advanced,1559.82094781217,1548.60097277438,1570.15399168138
EBA,Evapo,0.751256281407035,SF_advanced,1560.75082810566,1549.53009085431,1571.03678087388
EBA,Evapo,0.756231155778895,SF_advanced,1561.66557398997,1550.46393910749,1571.92214668144
EBA,Evapo,0.761206030150754,SF_advanced,1562.58523353991,1551.40242293047,1572.81003757174
EBA,Evapo,0.766180904522613,SF_advanced,1563.50970647658,1552.34544771976,1573.70040201248
EBA,Evapo,0.771155778894472,SF_advanced,1564.4388925211,1553.29291887191,1574.59318847138
EBA,Evapo,0.776130653266332,SF_advanced,1565.37269139457,1554.24474178346,1575.48834541611
EBA,Evapo,0.781105527638191,SF_advanced,1566.31100281811,1555.20082185093,1576.38582131439
EBA,Evapo,0.78608040201005,SF_advanced,1567.25372651283,1556.16106447087,1577.28556463391
EBA,Evapo,0.79105527638191,SF_advanced,1568.26870471101,1557.1253750398,1578.18752384238
EBA,Evapo,0.796030150753769,SF_advanced,1569.31036744901,1558.09365895426,1579.09164740748
EBA,Evapo,0.801005025125628,SF_advanced,1570.35811718985,1559.0658216108,1579.99788379693
EBA,Evapo,0.805979899497488,SF_advanced,1571.41180547005,1560.04176840593,1580.9474337382
EBA,Evapo,0.810954773869347,SF_advanced,1572.47128382611,1561.02140473621,1582.0180073026
EBA,Evapo,0.815929648241206,SF_advanced,1573.53640379456,1562.00463599815,1583.09263166519
EBA,Evapo,0.820904522613065,SF_advanced,1574.60701691192,1562.99136758831,1584.17120022601
EBA,Evapo,0.825879396984925,SF_advanced,1575.64486681884,1563.9815049032,1585.2536063851
EBA,Evapo,0.830854271356784,SF_advanced,1576.57088084605,1564.97495333938,1586.33974354252
EBA,Evapo,0.835829145728643,SF_advanced,1577.49899332571,1565.97161829336,1587.4295050983
EBA,Evapo,0.840804020100503,SF_advanced,1578.44381275826,1566.97140516169,1588.52278445251
EBA,Evapo,0.845778894472362,SF_advanced,1579.4602905786,1567.97421934091,1589.61947500518
EBA,Evapo,0.850753768844221,SF_advanced,1580.47994944409,1568.97996622754,1590.71947015637
EBA,Evapo,0.85572864321608,SF_advanced,1581.50268674038,1569.98855121812,1591.82266330613
EBA,Evapo,0.86070351758794,SF_advanced,1582.5283998531,1570.99987970919,1592.92894785449
EBA,Evapo,0.865678391959799,SF_advanced,1583.55698616791,1572.01385709728,1594.03821720151
EBA,Evapo,0.870653266331658,SF_advanced,1584.58834307043,1573.03038877893,1595.15036474724
EBA,Evapo,0.875628140703518,SF_advanced,1585.61282355202,1574.04938015067,1596.26528389173
EBA,Evapo,0.880603015075377,SF_advanced,1586.55426979051,1575.07073660903,1597.30918003453
EBA,Evapo,0.885577889447236,SF_advanced,1587.49714355304,1576.09436355056,1598.31928612884
EBA,Evapo,0.890552763819096,SF_advanced,1588.50487341204,1577.12016637179,1599.33121505363
EBA,Evapo,0.895527638190955,SF_advanced,1589.51636707109,1578.14805046924,1600.34488755538
EBA,Evapo,0.900502512562814,SF_advanced,1590.52991956737,1579.17792123946,1601.36022438061
EBA,Evapo,0.905477386934673,SF_advanced,1591.54543286102,1580.20968407899,1602.37714627582
EBA,Evapo,0.910452261306533,SF_advanced,1592.56280891217,1581.17931997095,1603.3955739875
EBA,Evapo,0.915427135678392,SF_advanced,1593.58194968094,1582.09226772695,1604.41542826216
EBA,Evapo,0.920402010050251,SF_advanced,1594.60275712748,1583.00624997963,1605.4366298463
EBA,Evapo,0.925376884422111,SF_advanced,1595.62513321191,1583.92120587623,1606.45909948641
EBA,Evapo,0.93035175879397,SF_advanced,1596.64897989436,1584.83707456402,1607.48275792901
EBA,Evapo,0.935326633165829,SF_advanced,1597.67419913497,1585.75379519024,1608.50752592059
EBA,Evapo,0.940301507537689,SF_advanced,1598.70069289387,1586.67130690216,1609.53332420765
EBA,Evapo,0.945276381909548,SF_advanced,1599.72836313119,1587.58954884703,1610.5600735367
EBA,Evapo,0.950251256281407,SF_advanced,1600.75711180706,1588.50846017209,1611.58769465423
EBA,Evapo,0.955226130653266,SF_advanced,1601.79494460278,1589.42798002462,1612.61610830675
EBA,Evapo,0.960201005025126,SF_advanced,1602.84377279624,1590.34804755185,1613.64523524076
EBA,Evapo,0.965175879396985,SF_advanced,1603.89336696837,1591.26860190105,1614.67499620276
EBA,Evapo,0.970150753768844,SF_advanced,1604.94363137183,1592.18958221947,1615.70531193925
EBA,Evapo,0.975125628140704,SF_advanced,1605.99447025929,1593.10369562162,1616.73610319673
EBA,Evapo,0.980100502512563,SF_advanced,1607.04578788341,1594.01750342056,1617.76729072171
EBA,Evapo,0.985075376884422,SF_advanced,1608.09748849687,1594.93146906329,1618.79879526068
EBA,Evapo,0.990050251256281,SF_advanced,1609.14947635233,1595.84555308886,1620.00500414335
EBA,Evapo,0.995025125628141,SF_advanced,1610.20165570246,1596.75971603633,1621.30284163543
EBA,Evapo,1,SF_advanced,1611.28286922903,1597.67616177815,1622.60086469359
SBA,Evapo,0.01,PF,1441.38566522506,1418.18620072399,1453.48080951095
SBA,Evapo,0.0149748743718593,PF,1440.80087920701,1417.80112405928,1452.82582529987
SBA,Evapo,0.0199497487437186,PF,1440.15918786702,1417.41566858792,1452.17051852399
SBA,Evapo,0.0249246231155779,PF,1439.516928201,1417.02945550325,1451.5145666185
SBA,Evapo,0.0298994974874372,PF,1438.9123817329,1416.64210599863,1450.85764701857
SBA,Evapo,0.0348743718592965,PF,1438.34322434423,1416.25324126739,1450.19943715941
SBA,Evapo,0.0398492462311558,PF,1437.78316061032,1415.8624825029,1449.53961447621
SBA,Evapo,0.0448241206030151,PF,1437.27339984688,1415.46945089849,1448.87785640416
SBA,Evapo,0.0497989949748744,PF,1436.76134114397,1415.07376764752,1448.21384037845
SBA,Evapo,0.0547738693467337,PF,1436.24665622452,1414.67505394334,1447.54724383427
SBA,Evapo,0.059748743718593,PF,1435.72901681145,1414.27293097928,1446.87774420681
SBA,Evapo,0.0647236180904523,PF,1435.2080946277,1413.8670199487,1446.20501893127
SBA,Evapo,0.0696984924623116,PF,1434.68356139621,1413.45694204495,1445.52874544283
SBA,Evapo,0.0746733668341709,PF,1434.1550888399,1413.04231846137,1444.84860117669
SBA,Evapo,0.0796482412060302,PF,1433.6223486817,1412.62277039132,1444.16426356804
SBA,Evapo,0.0846231155778894,PF,1433.08501264455,1412.19791902814,1443.47541005207
SBA,Evapo,0.0895979899497487,PF,1432.53286469995,1411.76738556517,1442.78171806397
SBA,Evapo,0.094572864321608,PF,1431.96772589689,1411.33079119577,1442.08286503894
SBA,Evapo,0.0995477386934673,PF,1431.29827760812,1410.88775711329,1441.37852841216
SBA,Evapo,0.104522613065327,PF,1430.59845635071,1410.43790451107,1440.66838561882
SBA,Evapo,0.109497487437186,PF,1429.89345490575,1409.98085458246,1439.95211409413
SBA,Evapo,0.114472361809045,PF,1429.18300063181,1409.5162285208,1439.22939127326
SBA,Evapo,0.119447236180905,PF,1428.46682088742,1409.04364751945,1438.59233978585
SBA,Evapo,0.124422110552764,PF,1427.80002334863,1408.56273277176,1437.97864367249
SBA,Evapo,0.129396984924623,PF,1427.19433540457,1408.07310547106,1437.35690013952
SBA,Evapo,0.134371859296482,PF,1426.5926080079,1407.40617202684,1436.72675929914
SBA,Evapo,0.139346733668342,PF,1426.01733773739,1406.64358493023,1436.08787126353
SBA,Evapo,0.144321608040201,PF,1425.43309354672,1405.87494751627,1435.43988614489
SBA,Evapo,0.14929648241206,PF,1424.83953028509,1405.10002708043,1434.7824540554
SBA,Evapo,0.15427135678392,PF,1424.21157793247,1404.31859091821,1434.11522510727
SBA,Evapo,0.159246231155779,PF,1423.55855794004,1403.53040632509,1433.43784941267
SBA,Evapo,0.164221105527638,PF,1422.89585907674,1402.73524059655,1432.74997708381
SBA,Evapo,0.169195979899498,PF,1422.22315871354,1401.93286102808,1432.05125823286
SBA,Evapo,0.174170854271357,PF,1421.48044084985,1401.12303491517,1431.34134297203
SBA,Evapo,0.179145728643216,PF,1420.71764878651,1400.30552955331,1430.61988141351
SBA,Evapo,0.184120603015075,PF,1419.9451571598,1399.48011223797,1429.88652366947
SBA,Evapo,0.189095477386935,PF,1419.16268068844,1398.64655026466,1429.14091985213
SBA,Evapo,0.194070351758794,PF,1418.36993409114,1397.80461092884,1428.38272007366
SBA,Evapo,0.199045226130653,PF,1417.5786609026,1396.95406152602,1427.61157444626
SBA,Evapo,0.204020100502513,PF,1416.77352273669,1396.09466935167,1426.82713308212
SBA,Evapo,0.208994974874372,PF,1415.94154614097,1395.22620170128,1426.02904609342
SBA,Evapo,0.213969849246231,PF,1415.09572715163,1394.34842587033,1425.21696359237
SBA,Evapo,0.21894472361809,PF,1414.23571970882,1393.46110915433,1424.39053569115
SBA,Evapo,0.22391959798995,PF,1413.36117775271,1392.56401884874,1423.54941250196
SBA,Evapo,0.228894472361809,PF,1412.47175522346,1391.65692224906,1422.69324413698
SBA,Evapo,0.233869346733668,PF,1411.61728737845,1390.73958665077,1421.8216807084
SBA,Evapo,0.238844221105528,PF,1410.81358212134,1389.81177934935,1420.82559971342
SBA,Evapo,0.243819095477387,PF,1409.99180625448,1388.87326764031,1419.81116728663
SBA,Evapo,0.248793969849246,PF,1409.12766950266,1387.92381881911,1418.78359416623
SBA,Evapo,0.253768844221106,PF,1408.20316973525,1386.96320018125,1417.742600763
SBA,Evapo,0.258743718592965,PF,1407.26295024766,1385.99117902221,1416.68790748772
SBA,Evapo,0.263718592964824,PF,1406.30669022929,1385.00752263749,1415.61923475116
SBA,Evapo,0.268693467336683,PF,1405.33406886951,1384.01199832256,1414.5363029641
SBA,Evapo,0.273668341708543,PF,1404.34476535771,1383.00437337291,1413.4388325373
SBA,Evapo,0.278643216080402,PF,1403.33845888327,1381.98441508403,1412.32654388155
SBA,Evapo,0.283618090452261,PF,1402.31482863557,1380.9518907514,1411.19915740762
SBA,Evapo,0.288592964824121,PF,1401.27355380401,1379.90656767051,1410.05639352628
SBA,Evapo,0.29356783919598,PF,1400.21431357796,1378.84821313685,1408.89797264831
SBA,Evapo,0.298542713567839,PF,1399.13678714681,1377.7765944459,1407.72361518448
SBA,Evapo,0.303517587939699,PF,1398.04065369994,1376.69147889315,1406.53304154557
SBA,Evapo,0.308492462311558,PF,1396.92559242674,1375.59263377409,1405.32597214234
SBA,Evapo,0.313467336683417,PF,1395.79128251659,1374.4798263842,1404.10212738559
SBA,Evapo,0.318442211055276,PF,1394.63740315888,1373.35282401896,1402.86122768607
SBA,Evapo,0.323417085427136,PF,1393.46363354298,1372.21139397387,1401.60299345456
SBA,Evapo,0.328391959798995,PF,1392.26965285829,1371.05530354441,1400.32714510185
SBA,Evapo,0.333366834170854,PF,1391.05514029419,1369.88432002606,1399.03340303869
SBA,Evapo,0.338341708542714,PF,1389.81977504006,1368.69821071432,1397.72148767588
SBA,Evapo,0.343316582914573,PF,1388.56348360121,1367.49694724554,1396.3913529365
SBA,Evapo,0.348291457286432,PF,1387.28718174664,1366.2813186196,1395.04388679296
SBA,Evapo,0.353266331658292,PF,1385.99203256129,1365.05231817725,1393.68021073
SBA,Evapo,0.358241206030151,PF,1384.67919913008,1363.81093925924,1392.30144623234
SBA,Evapo,0.36321608040201,PF,1383.34984453793,1362.55817520631,1390.90871478472
SBA,Evapo,0.368190954773869,PF,1382.0048614028,1361.29501935923,1389.50313787187
SBA,Evapo,0.373165829145729,PF,1380.64622421056,1360.02246505873,1388.08583697851
SBA,Evapo,0.378140703517588,PF,1379.27428464518,1358.74150564558,1386.65793358939
SBA,Evapo,0.383115577889447,PF,1377.89047625859,1357.45313446052,1385.22054918922
SBA,Evapo,0.388090452261307,PF,1376.4959621357,1356.15834484429,1383.77480526275
SBA,Evapo,0.393065326633166,PF,1375.09190536145,1354.85813013766,1382.3218232947
SBA,Evapo,0.398040201005025,PF,1373.67946902076,1353.55348368137,1380.86272476981
SBA,Evapo,0.403015075376884,PF,1372.25981619856,1352.24539881617,1379.3986311728
SBA,Evapo,0.407989949748744,PF,1370.83410997978,1350.9348688828,1377.93066398841
SBA,Evapo,0.412964824120603,PF,1369.40351344935,1349.62288722203,1376.45994470136
SBA,Evapo,0.417939698492462,PF,1367.94248161697,1348.31044717461,1374.9875947964
SBA,Evapo,0.422914572864322,PF,1366.43785060276,1346.99854208127,1373.51473575824
SBA,Evapo,0.427889447236181,PF,1364.92924356354,1345.68816528278,1372.04248907163
SBA,Evapo,0.43286432160804,PF,1363.41795175644,1344.38031011987,1370.57197622129
SBA,Evapo,0.437839195979899,PF,1361.90526643862,1343.07596993331,1369.10431869195
SBA,Evapo,0.442814070351759,PF,1360.39247886723,1341.77613806385,1367.64063796835
SBA,Evapo,0.447788944723618,PF,1358.88088029942,1340.48180785222,1366.18205553521
SBA,Evapo,0.452763819095477,PF,1357.37176199235,1339.19397263919,1364.72969287727
SBA,Evapo,0.457738693467337,PF,1355.86641520317,1337.9136257655,1363.28467147926
SBA,Evapo,0.462713567839196,PF,1354.36613118902,1336.64176057191,1361.84811282591
SBA,Evapo,0.467688442211055,PF,1352.87220120706,1335.37937039915,1360.42113840195
SBA,Evapo,0.472663316582915,PF,1351.38591651445,1334.127448588,1359.00486969211
SBA,Evapo,0.477638190954774,PF,1349.90856836833,1332.88698847918,1357.60042818113
SBA,Evapo,0.482613065326633,PF,1348.44144802586,1331.65898341346,1356.20893535373
SBA,Evapo,0.487587939698492,PF,1346.98584674419,1330.44442673159,1354.83151269464
SBA,Evapo,0.492562814070352,PF,1345.56545418801,1329.24431177431,1353.4692816886
SBA,Evapo,0.497537688442211,PF,1344.17243728134,1328.05963188237,1352.12336382034
SBA,Evapo,0.50251256281407,PF,1342.79539860406,1326.89138039653,1350.79488057459
SBA,Evapo,0.50748743718593,PF,1341.43555647176,1325.74055065753,1349.48495343608
SBA,Evapo,0.512462311557789,PF,1340.09412920005,1324.60813600613,1348.19470388954
SBA,Evapo,0.517437185929648,PF,1338.77233510451,1323.49512978308,1346.9252534197
SBA,Evapo,0.522412060301508,PF,1337.47139250077,1322.40252532912,1345.6777235113
SBA,Evapo,0.527386934673367,PF,1336.19251970441,1321.33131598501,1344.45323564906
SBA,Evapo,0.532361809045226,PF,1334.90050074903,1320.28249509149,1343.25291131771
SBA,Evapo,0.537336683417085,PF,1333.6561439044,1319.25705598932,1342.077872002
SBA,Evapo,0.542311557788945,PF,1332.47595743874,1318.25599201925,1340.92923918664
SBA,Evapo,0.547286432160804,PF,1331.32360106929,1317.20377059644,1339.80813435637
SBA,Evapo,0.552261306532663,PF,1330.20026613965,1316.06141946476,1338.71567899592
SBA,Evapo,0.557236180904523,PF,1329.10714399347,1314.94787887372,1337.65299459003
SBA,Evapo,0.562211055276382,PF,1328.04542597437,1313.86440026006,1336.62120262341
SBA,Evapo,0.567185929648241,PF,1327.01630342598,1312.81223506052,1335.60568792145
SBA,Evapo,0.572160804020101,PF,1326.02096769193,1311.79263471182,1334.5712624749
SBA,Evapo,0.57713567839196,PF,1325.06061011585,1310.80685065071,1333.57141171889
SBA,Evapo,0.582110552763819,PF,1324.13642204137,1309.85613431393,1332.60736261694
SBA,Evapo,0.587085427135679,PF,1323.24959481212,1308.9417371382,1331.68034213259
SBA,Evapo,0.592060301507538,PF,1322.40131977173,1308.06491056028,1330.79157722935
SBA,Evapo,0.597035175879397,PF,1321.59278826383,1307.22690601688,1329.94229487078
SBA,Evapo,0.602010050251256,PF,1320.82519163205,1306.42897494476,1329.13372202038
SBA,Evapo,0.606984924623116,PF,1320.15885777806,1305.67236878065,1328.36708564171
SBA,Evapo,0.611959798994975,PF,1319.557916303,1304.95833896128,1327.64361269827
SBA,Evapo,0.616934673366834,PF,1318.99810758087,1304.28813692339,1326.96453015362
SBA,Evapo,0.621909547738694,PF,1318.48049633123,1303.66301410372,1326.33106497127
SBA,Evapo,0.626884422110553,PF,1318.00370262371,1303.084221939,1325.74444411475
SBA,Evapo,0.631859296482412,PF,1317.53281867633,1302.55301186597,1325.2058945476
SBA,Evapo,0.636834170854271,PF,1317.10799272201,1302.07063532137,1324.71664323335
SBA,Evapo,0.641809045226131,PF,1316.7303342473,1301.63834374194,1324.27791713553
SBA,Evapo,0.64678391959799,PF,1316.40095273876,1301.25738856441,1323.89094321766
SBA,Evapo,0.651758793969849,PF,1316.12095768294,1300.92902122552,1323.55694844328
SBA,Evapo,0.656733668341709,PF,1315.89145856638,1300.654493162,1323.27715977592
SBA,Evapo,0.661708542713568,PF,1315.69095127926,1300.43505581059,1323.05280417911
SBA,Evapo,0.666683417085427,PF,1315.53000542217,1300.27196060803,1322.88510861638
SBA,Evapo,0.671658291457287,PF,1315.42650688714,1300.16645899105,1322.77530005126
SBA,Evapo,0.676633165829146,PF,1315.38132346903,1300.11944522507,1322.72425167567
SBA,Evapo,0.681608040201005,PF,1315.39391761832,1300.13038489016,1322.73142159515
SBA,Evapo,0.686582914572864,PF,1315.46340044935,1300.19838639508,1322.79591414361
SBA,Evapo,0.691557788944724,PF,1315.58888307647,1300.32255814858,1322.91683365497
SBA,Evapo,0.696532663316583,PF,1315.76947661402,1300.50200855941,1323.09328446317
SBA,Evapo,0.701507537688442,PF,1316.00429217636,1300.73584603633,1323.32437090211
SBA,Evapo,0.706482412060302,PF,1316.29244087783,1301.02317898808,1323.60919730573
SBA,Evapo,0.711457286432161,PF,1316.63303383278,1301.36311582342,1323.94686800794
SBA,Evapo,0.71643216080402,PF,1317.02518215555,1301.75476495111,1324.33648734267
SBA,Evapo,0.721407035175879,PF,1317.4679969605,1302.1972347799,1324.80093520755
SBA,Evapo,0.726381909547739,PF,1317.96058936198,1302.68963371853,1325.3267725812
SBA,Evapo,0.731356783919598,PF,1318.50207047432,1303.23107017576,1325.89933595286
SBA,Evapo,0.736331658291457,PF,1319.09155141188,1303.82065256035,1326.51777575891
SBA,Evapo,0.741306532663317,PF,1319.69757475995,1304.45748928105,1327.18124243578
SBA,Evapo,0.746281407035176,PF,1320.34246678536,1305.1406887466,1327.88888641984
SBA,Evapo,0.751256281407035,PF,1321.03116554416,1305.86935936577,1328.63985814751
SBA,Evapo,0.756231155778895,PF,1321.7628120808,1306.6426095473,1329.43330805519
SBA,Evapo,0.761206030150754,PF,1322.53654743972,1307.45954769995,1330.26838657927
SBA,Evapo,0.766180904522613,PF,1323.35151266537,1308.31928223247,1331.14424415615
SBA,Evapo,0.771155778894472,PF,1324.20684880218,1309.22092155361,1332.06003122223
SBA,Evapo,0.776130653266332,PF,1325.10169689461,1310.16357407213,1333.01489821392
SBA,Evapo,0.781105527638191,PF,1326.03519798709,1311.14634819678,1334.00799556762
SBA,Evapo,0.78608040201005,PF,1327.00649312407,1312.16835233631,1335.03847371971
SBA,Evapo,0.79105527638191,PF,1328.06834825787,1313.22869489947,1336.10548310662
SBA,Evapo,0.796030150753769,PF,1329.18808224702,1314.32648429502,1337.20817416472
SBA,Evapo,0.801005025125628,PF,1330.34498306441,1315.46082893171,1338.34569733043
SBA,Evapo,0.805979899497488,PF,1331.53814420203,1316.63083721829,1339.51720304014
SBA,Evapo,0.810954773869347,PF,1332.75522786348,1317.83561756351,1340.72184173025
SBA,Evapo,0.815929648241206,PF,1333.94192171874,1319.07427837614,1341.95876383717
SBA,Evapo,0.820904522613065,PF,1335.12988275567,1320.34592806491,1343.22711979729
SBA,Evapo,0.825879396984925,PF,1336.34775804209,1321.64967503858,1344.52606004701
SBA,Evapo,0.830854271356784,PF,1337.59471662662,1322.98462770591,1345.85473502274
SBA,Evapo,0.835829145728643,PF,1338.86992755789,1324.34989447565,1347.21229516086
SBA,Evapo,0.840804020100503,PF,1340.17255988453,1325.74458375655,1348.5978908978
SBA,Evapo,0.845778894472362,PF,1341.50178265516,1327.16780395737,1350.01067266993
SBA,Evapo,0.850753768844221,PF,1342.85676491841,1328.61866348685,1351.44979091366
SBA,Evapo,0.85572864321608,PF,1344.2366757229,1330.09627075374,1352.9143960654
SBA,Evapo,0.86070351758794,PF,1345.64068411726,1331.59973416681,1354.40363856154
SBA,Evapo,0.865678391959799,PF,1347.06795915011,1333.12816213481,1355.91666883849
SBA,Evapo,0.870653266331658,PF,1348.51766987008,1334.68066306648,1357.45263733263
SBA,Evapo,0.875628140703518,PF,1349.98898532579,1336.25634537058,1359.01069448038
SBA,Evapo,0.880603015075377,PF,1351.48107456587,1337.85431745587,1360.58999071813
SBA,Evapo,0.885577889447236,PF,1352.99310663894,1339.47368773109,1362.18967648228
SBA,Evapo,0.890552763819096,PF,1354.52425059363,1341.11356460499,1363.80890220923
SBA,Evapo,0.895527638190955,PF,1356.07367547857,1342.77305648634,1365.44681833539
SBA,Evapo,0.900502512562814,PF,1357.65640392664,1344.45127178388,1367.10257529715
SBA,Evapo,0.905477386934673,PF,1359.31519476494,1346.14731890637,1368.7867779077
SBA,Evapo,0.910452261306533,PF,1360.99083462495,1347.86030626255,1370.50377436983
SBA,Evapo,0.915427135678392,PF,1362.72764813684,1349.58934226119,1372.23689282137
SBA,Evapo,0.920402010050251,PF,1364.48340618768,1351.33353531103,1373.98523759622
SBA,Evapo,0.925376884422111,PF,1366.25382987193,1353.09199382083,1375.74791302833
SBA,Evapo,0.93035175879397,PF,1368.08096373977,1354.86382619934,1377.5240234516
SBA,Evapo,0.935326633165829,PF,1369.92877998002,1356.64814085531,1379.31267319996
SBA,Evapo,0.940301507537689,PF,1371.78870950614,1358.44404619749,1381.11296660734
SBA,Evapo,0.945276381909548,PF,1373.59591263795,1360.25065063464,1382.92400800765
SBA,Evapo,0.950251256281407,PF,1375.3071936454,1361.98854242301,1384.74490173481
SBA,Evapo,0.955226130653266,PF,1377.02689609261,1363.64973737822,1386.57475212276
SBA,Evapo,0.960201005025126,PF,1378.7541778356,1365.31791351512,1388.4126635054
SBA,Evapo,0.965175879396985,PF,1380.4881967304,1366.99229514685,1390.25774021667
SBA,Evapo,0.970150753768844,PF,1382.22811063303,1368.67210658655,1392.10908659049
SBA,Evapo,0.975125628140704,PF,1383.97307739952,1370.35657214738,1393.96580696077
SBA,Evapo,0.980100502512563,PF,1385.72233719987,1372.04491614248,1395.82700566144
SBA,Evapo,0.985075376884422,PF,1387.54429751161,1373.73636288499,1397.69178702642
SBA,Evapo,0.990050251256281,PF,1389.3689181952,1375.43013668806,1399.55925538964
SBA,Evapo,0.995025125628141,PF,1391.19531246002,1377.12546186484,1401.42851508501
SBA,Evapo,1,PF,1392.95036347929,1378.82156272848,1403.29867044646
SBA,Evapo,0.01,SF_early,1284.60826669751,1273.34658223398,1293.15093349052
SBA,Evapo,0.0149748743718593,SF_early,1285.44056207291,1274.09250277462,1293.97888965546
SBA,Evapo,0.0199497487437186,SF_early,1286.27277811773,1274.83834872103,1294.80675794517
SBA,Evapo,0.0249246231155779,SF_early,1287.10483550141,1275.58404547902,1295.63445048443
SBA,Evapo,0.0298994974874372,SF_early,1287.93665489336,1276.36991571762,1296.46187939802
SBA,Evapo,0.0348743718592965,SF_early,1288.76815696301,1277.17383666285,1297.28895681071
SBA,Evapo,0.0398492462311558,SF_early,1289.68302919908,1277.9773011901,1298.11559484728
SBA,Evapo,0.0448241206030151,SF_early,1290.6230628239,1278.78021801576,1298.9417056325
SBA,Evapo,0.0497989949748744,SF_early,1291.56218713303,1279.58249585624,1299.80257702076
SBA,Evapo,0.0547738693467337,SF_early,1292.50027222423,1280.38404342794,1300.70225545185
SBA,Evapo,0.059748743718593,SF_early,1293.43718819525,1281.18476944727,1301.60105842727
SBA,Evapo,0.0647236180904523,SF_early,1294.37280514386,1281.98458263063,1302.49888867416
SBA,Evapo,0.0696984924623116,SF_early,1295.30699316781,1282.78339169442,1303.39564891966
SBA,Evapo,0.0746733668341709,SF_early,1296.23962236486,1283.49083964925,1304.29124189093
SBA,Evapo,0.0796482412060302,SF_early,1297.17056283277,1284.18489543712,1305.18557031512
SBA,Evapo,0.0846231155778894,SF_early,1298.0996846693,1284.87867330123,1306.07853691936
SBA,Evapo,0.0895979899497487,SF_early,1299.02685797221,1285.57215338988,1306.9700444308
SBA,Evapo,0.094572864321608,SF_early,1299.95195283925,1286.26531585138,1307.8599955766
SBA,Evapo,0.0995477386934673,SF_early,1300.87483936818,1286.95814083403,1308.7482930839
SBA,Evapo,0.104522613065327,SF_early,1301.79538765676,1287.65060848613,1309.63483967985
SBA,Evapo,0.109497487437186,SF_early,1302.71346780276,1288.34269895599,1310.51953809159
SBA,Evapo,0.114472361809045,SF_early,1303.62894990392,1289.03439239191,1311.35308792934
SBA,Evapo,0.119447236180905,SF_early,1304.54170405801,1289.7256689422,1312.09326562721
SBA,Evapo,0.124422110552764,SF_early,1305.45160036278,1290.41650875515,1312.83256570934
SBA,Evapo,0.129396984924623,SF_early,1306.36727176905,1291.10689197906,1313.57094828412
SBA,Evapo,0.134371859296482,SF_early,1307.30491258334,1291.79679876225,1314.30837345991
SBA,Evapo,0.139346733668342,SF_early,1308.23885466588,1292.48620925302,1315.15053239783
SBA,Evapo,0.144321608040201,SF_early,1309.16895006741,1293.17510359966,1316.07651624016
SBA,Evapo,0.14929648241206,SF_early,1310.09505083867,1293.86346195048,1316.99809109224
SBA,Evapo,0.15427135678392,SF_early,1311.01700903037,1294.55126445379,1317.91509365814
SBA,Evapo,0.159246231155779,SF_early,1311.93467669326,1295.23849125788,1318.82736064192
SBA,Evapo,0.164221105527638,SF_early,1312.84790587807,1295.92512251106,1319.73472874764
SBA,Evapo,0.169195979899498,SF_early,1313.69357434649,1296.61113836164,1320.63703467938
SBA,Evapo,0.174170854271357,SF_early,1314.47177206521,1297.29651895791,1321.53411514119
SBA,Evapo,0.179145728643216,SF_early,1315.24763110238,1297.98124444817,1322.42580683715
SBA,Evapo,0.184120603015075,SF_early,1316.02108058885,1298.66529498074,1323.31194647131
SBA,Evapo,0.189095477386935,SF_early,1316.79204965548,1299.34865070392,1324.19237074775
SBA,Evapo,0.194070351758794,SF_early,1317.56046743314,1300.031291766,1325.06691637052
SBA,Evapo,0.199045226130653,SF_early,1318.3262630527,1300.71319831529,1325.93542004369
SBA,Evapo,0.204020100502513,SF_early,1319.089365645,1301.3943505001,1326.79771847133
SBA,Evapo,0.208994974874372,SF_early,1319.84970434092,1302.07472846872,1327.6536483575
SBA,Evapo,0.213969849246231,SF_early,1320.60760281938,1302.75431236946,1328.50304640627
SBA,Evapo,0.21894472361809,SF_early,1321.40922742724,1303.43308235063,1329.34574932169
SBA,Evapo,0.22391959798995,SF_early,1322.20586794538,1304.11101856052,1330.18159380785
SBA,Evapo,0.228894472361809,SF_early,1322.99740570497,1304.78810114744,1331.01041656879
SBA,Evapo,0.233869346733668,SF_early,1323.78372203721,1305.46431025969,1331.83205430859
SBA,Evapo,0.238844221105528,SF_early,1324.56469827331,1306.13962604557,1332.64634373131
SBA,Evapo,0.243819095477387,SF_early,1325.34021574446,1306.81402865339,1333.45312154102
SBA,Evapo,0.248793969849246,SF_early,1326.11015578186,1307.48749823145,1334.25222444177
SBA,Evapo,0.253768844221106,SF_early,1326.8743997167,1308.16001492806,1335.04348913764
SBA,Evapo,0.258743718592965,SF_early,1327.63282888018,1308.83155889151,1335.82675233269
SBA,Evapo,0.263718592964824,SF_early,1328.3853246035,1309.50211027011,1336.60185073099
SBA,Evapo,0.268693467336683,SF_early,1329.13176821785,1310.17164921216,1337.3686210366
SBA,Evapo,0.273668341708543,SF_early,1329.87204105443,1310.84015586597,1338.12689995358
SBA,Evapo,0.278643216080402,SF_early,1330.60602444443,1311.50761037984,1338.876524186
SBA,Evapo,0.283618090452261,SF_early,1331.33359971907,1312.17399290206,1339.61733043793
SBA,Evapo,0.288592964824121,SF_early,1332.04399881679,1312.83928358095,1340.34915541342
SBA,Evapo,0.29356783919598,SF_early,1332.74081517757,1313.50346256481,1341.07183581655
SBA,Evapo,0.298542713567839,SF_early,1333.4316035093,1314.16651000194,1341.78520835138
SBA,Evapo,0.303517587939699,SF_early,1334.11625805707,1314.82840604064,1342.48910972197
SBA,Evapo,0.308492462311558,SF_early,1334.79467306599,1315.48913082922,1343.1833766324
SBA,Evapo,0.313467336683417,SF_early,1335.46674278117,1316.14866451598,1343.86784578671
SBA,Evapo,0.318442211055276,SF_early,1336.1323614477,1316.80698724922,1344.54235388899
SBA,Evapo,0.323417085427136,SF_early,1336.79142331071,1317.46407917725,1345.20673764329
SBA,Evapo,0.328391959798995,SF_early,1337.44382261528,1318.11992044836,1345.86083375368
SBA,Evapo,0.333366834170854,SF_early,1338.08945360652,1318.77449121086,1346.50447892422
SBA,Evapo,0.338341708542714,SF_early,1338.72821052954,1319.42777161306,1347.13750985898
SBA,Evapo,0.343316582914573,SF_early,1339.36004517719,1320.07975788119,1347.75984871927
SBA,Evapo,0.348291457286432,SF_early,1339.98513953329,1320.73051055323,1348.37175949536
SBA,Evapo,0.353266331658292,SF_early,1340.6037331294,1321.38010624509,1348.97359163478
SBA,Evapo,0.358241206030151,SF_early,1341.2160654971,1322.02862157269,1349.56569458504
SBA,Evapo,0.36321608040201,SF_early,1341.82237616796,1322.67613315194,1350.14841779367
SBA,Evapo,0.368190954773869,SF_early,1342.42290467354,1323.32271759875,1350.72211070818
SBA,Evapo,0.373165829145729,SF_early,1343.01789054541,1323.96845152903,1351.2871227761
SBA,Evapo,0.378140703517588,SF_early,1343.60757331515,1324.6134115587,1351.84380344495
SBA,Evapo,0.383115577889447,SF_early,1344.19219251431,1325.25767430368,1352.43596710642
SBA,Evapo,0.388090452261307,SF_early,1344.77198767446,1325.90131637986,1353.17673647846
SBA,Evapo,0.393065326633166,SF_early,1345.34719832718,1326.54441440317,1353.91508269637
SBA,Evapo,0.398040201005025,SF_early,1345.91806400404,1327.18704498952,1354.65109137115
SBA,Evapo,0.403015075376884,SF_early,1346.46731444554,1327.82928475482,1355.38484811374
SBA,Evapo,0.407989949748744,SF_early,1347.01404223403,1328.47121031499,1356.11643853513
SBA,Evapo,0.412964824120603,SF_early,1347.57398211993,1329.11289828594,1356.84594824629
SBA,Evapo,0.417939698492462,SF_early,1348.13162633554,1329.75442528357,1357.57346285819
SBA,Evapo,0.422914572864322,SF_early,1348.6872226527,1330.39586792381,1358.29906798179
SBA,Evapo,0.427889447236181,SF_early,1349.2654273398,1331.03730282257,1359.02284922807
SBA,Evapo,0.43286432160804,SF_early,1349.8125850695,1331.67880659575,1359.744892208
SBA,Evapo,0.437839195979899,SF_early,1350.35731407588,1332.32045585928,1360.46528253254
SBA,Evapo,0.442814070351759,SF_early,1350.89985389051,1332.96232722906,1361.18410581268
SBA,Evapo,0.447788944723618,SF_early,1351.44044404496,1333.60449732101,1361.90144765938
SBA,Evapo,0.452763819095477,SF_early,1351.97932407079,1334.24704275104,1362.61739368361
SBA,Evapo,0.457738693467337,SF_early,1352.51673349958,1334.89004013507,1363.33202949635
SBA,Evapo,0.462713567839196,SF_early,1353.05291186288,1335.533566089,1364.04544070855
SBA,Evapo,0.467688442211055,SF_early,1353.58809869228,1336.17769722876,1364.7577129312
SBA,Evapo,0.472663316582915,SF_early,1354.12253351934,1336.70225812153,1365.46893177527
SBA,Evapo,0.477638190954774,SF_early,1354.65645587562,1337.21613382605,1366.17918285172
SBA,Evapo,0.482613065326633,SF_early,1355.19182627533,1337.72942849538,1366.88855177153
SBA,Evapo,0.487587939698492,SF_early,1355.76523987833,1338.24233654674,1367.59712414566
SBA,Evapo,0.492562814070352,SF_early,1356.33876114456,1338.75505239735,1368.30498558509
SBA,Evapo,0.497537688442211,SF_early,1356.91260522738,1339.26777046443,1369.01222170079
SBA,Evapo,0.50251256281407,SF_early,1357.48698728015,1339.7806851652,1369.71891810373
SBA,Evapo,0.50748743718593,SF_early,1358.06212245624,1340.29399091689,1370.42516040488
SBA,Evapo,0.512462311557789,SF_early,1358.63822590898,1340.80788213672,1371.13103421521
SBA,Evapo,0.517437185929648,SF_early,1359.21551279175,1341.3225532419,1371.81988533632
SBA,Evapo,0.522412060301508,SF_early,1359.7941982579,1341.83819864967,1372.42418509072
SBA,Evapo,0.527386934673367,SF_early,1360.37449746079,1342.35501277725,1373.02827418897
SBA,Evapo,0.532361809045226,SF_early,1360.95662555377,1342.87319004185,1373.63232707822
SBA,Evapo,0.537336683417085,SF_early,1361.54079769021,1343.3929248607,1374.23651820563
SBA,Evapo,0.542311557788945,SF_early,1362.12722902346,1343.91441165101,1374.84102201835
SBA,Evapo,0.547286432160804,SF_early,1362.71613470687,1344.43784483003,1375.44601296353
SBA,Evapo,0.552261306532663,SF_early,1363.30772989381,1344.96341881495,1376.05166548833
SBA,Evapo,0.557236180904523,SF_early,1363.90222973763,1345.49132802302,1376.65815403989
SBA,Evapo,0.562211055276382,SF_early,1364.4998493917,1346.02176687144,1377.26565306538
SBA,Evapo,0.567185929648241,SF_early,1365.10080400936,1346.55492977744,1377.87433701194
SBA,Evapo,0.572160804020101,SF_early,1365.70530874397,1347.09101115825,1378.48438032673
SBA,Evapo,0.57713567839196,SF_early,1366.3135787489,1347.63020543108,1379.0959574569
SBA,Evapo,0.582110552763819,SF_early,1366.9258291775,1348.17270701316,1379.7092428496
SBA,Evapo,0.587085427135679,SF_early,1367.54227518313,1348.7187103217,1380.32441095198
SBA,Evapo,0.592060301507538,SF_early,1368.16313191915,1349.26840977394,1380.94163621121
SBA,Evapo,0.597035175879397,SF_early,1368.7886145389,1349.82199978709,1381.56109307442
SBA,Evapo,0.602010050251256,SF_early,1369.41893819576,1350.37967477838,1382.18295598878
SBA,Evapo,0.606984924623116,SF_early,1370.05431804308,1350.94162916502,1382.80739940144
SBA,Evapo,0.611959798994975,SF_early,1370.69496923421,1351.50805736425,1383.43459775954
SBA,Evapo,0.616934673366834,SF_early,1371.34110692251,1352.07915379327,1384.06472551025
SBA,Evapo,0.621909547738694,SF_early,1371.99294626135,1352.65511286932,1384.69795710072
SBA,Evapo,0.626884422110553,SF_early,1372.65070240407,1353.23612900961,1385.33446697809
SBA,Evapo,0.631859296482412,SF_early,1373.31459050404,1353.82239663137,1385.97442958953
SBA,Evapo,0.636834170854271,SF_early,1373.98482571462,1354.41411015182,1386.61801938218
SBA,Evapo,0.641809045226131,SF_early,1374.66162318915,1355.01146398819,1387.2654108032
SBA,Evapo,0.64678391959799,SF_early,1375.345198081,1355.61465255768,1387.91677829974
SBA,Evapo,0.651758793969849,SF_early,1376.03576554353,1356.22387027754,1388.57229631895
SBA,Evapo,0.656733668341709,SF_early,1376.73354073009,1356.83931156497,1389.23213930798
SBA,Evapo,0.661708542713568,SF_early,1377.43873879404,1357.4611708372,1389.896481714
SBA,Evapo,0.666683417085427,SF_early,1378.15157488874,1358.08964251145,1390.56549798415
SBA,Evapo,0.671658291457287,SF_early,1378.87226416755,1358.72492100494,1391.23936256558
SBA,Evapo,0.676633165829146,SF_early,1379.60096555033,1359.36715065215,1391.91820814719
SBA,Evapo,0.681608040201005,SF_early,1380.33761302305,1360.01627545647,1392.60200038484
SBA,Evapo,0.686582914572864,SF_early,1381.08208433815,1360.67218933859,1393.29066317613
SBA,Evapo,0.691557788944724,SF_early,1381.8342572481,1361.33478621915,1393.98412041865
SBA,Evapo,0.696532663316583,SF_early,1382.59400950537,1362.00396001881,1394.68229601
SBA,Evapo,0.701507537688442,SF_early,1383.36121886241,1362.67960465824,1395.38511384779
SBA,Evapo,0.706482412060302,SF_early,1384.13576307169,1363.36161405809,1396.09249782962
SBA,Evapo,0.711457286432161,SF_early,1384.91751988568,1364.04988213902,1396.80437185308
SBA,Evapo,0.71643216080402,SF_early,1385.70636705683,1364.7443028217,1397.52065981577
SBA,Evapo,0.721407035175879,SF_early,1386.50218233761,1365.44477002678,1398.24128561529
SBA,Evapo,0.726381909547739,SF_early,1387.30484348047,1366.15117767492,1398.96617314925
SBA,Evapo,0.731356783919598,SF_early,1388.1142282379,1366.86341968678,1399.69524631524
SBA,Evapo,0.736331658291457,SF_early,1388.93021436233,1367.58138998303,1400.42842901086
SBA,Evapo,0.741306532663317,SF_early,1389.75267960625,1368.30498248432,1401.1656451337
SBA,Evapo,0.746281407035176,SF_early,1390.5815017221,1369.0340911113,1401.90681858138
SBA,Evapo,0.751256281407035,SF_early,1391.41655846236,1369.76860978465,1402.65187325149
SBA,Evapo,0.756231155778895,SF_early,1392.25772757948,1370.50843242502,1403.40073304163
SBA,Evapo,0.761206030150754,SF_early,1393.10488682594,1371.25345295306,1404.15332184939
SBA,Evapo,0.766180904522613,SF_early,1393.95791395418,1372.00356528945,1404.90956357238
SBA,Evapo,0.771155778894472,SF_early,1394.81668671668,1372.75866335483,1405.6693821082
SBA,Evapo,0.776130653266332,SF_early,1395.6810828659,1373.51864106987,1406.43270135444
SBA,Evapo,0.781105527638191,SF_early,1396.55098015429,1374.28339235524,1407.19944520871
SBA,Evapo,0.78608040201005,SF_early,1397.42625633433,1375.05281113157,1407.96953756861
SBA,Evapo,0.79105527638191,SF_early,1398.17648152728,1375.85875977269,1408.74290233173
SBA,Evapo,0.796030150753769,SF_early,1398.91661428101,1376.72393471524,1409.51946339567
SBA,Evapo,0.801005025125628,SF_early,1399.65880660314,1377.59430040063,1410.29914465804
SBA,Evapo,0.805979899497488,SF_early,1400.40300826031,1378.46973022535,1411.16178339374
SBA,Evapo,0.810954773869347,SF_early,1401.14916901914,1379.35009758594,1412.06616538877
SBA,Evapo,0.815929648241206,SF_early,1401.89723864625,1380.23527587891,1412.97307013779
SBA,Evapo,0.820904522613065,SF_early,1402.64716690826,1381.12513850077,1413.88243125251
SBA,Evapo,0.825879396984925,SF_early,1403.39890357181,1382.01955884804,1414.79418234469
SBA,Evapo,0.830854271356784,SF_early,1404.24325061618,1382.91841031723,1415.70825702605
SBA,Evapo,0.835829145728643,SF_early,1405.23720784203,1383.82156630487,1416.62458890834
SBA,Evapo,0.840804020100503,SF_early,1406.23670817645,1384.72890020747,1417.54311160329
SBA,Evapo,0.845778894472362,SF_early,1407.24158364646,1385.64028542155,1418.46375872264
SBA,Evapo,0.850753768844221,SF_early,1408.25166627907,1386.55559534361,1419.38646387814
SBA,Evapo,0.85572864321608,SF_early,1409.25143872407,1387.47470337019,1420.3111606815
SBA,Evapo,0.86070351758794,SF_early,1410.10966858808,1388.39748289779,1421.23778274448
SBA,Evapo,0.865678391959799,SF_early,1410.95839284103,1389.32380732293,1422.16626367881
SBA,Evapo,0.870653266331658,SF_early,1411.80971626815,1390.25355004212,1423.09653709623
SBA,Evapo,0.875628140703518,SF_early,1412.6795915104,1391.1865844519,1424.02853660847
SBA,Evapo,0.880603015075377,SF_early,1413.65216436241,1392.12278394876,1424.96219582728
SBA,Evapo,0.885577889447236,SF_early,1414.62756208735,1393.06202192923,1425.89744836438
SBA,Evapo,0.890552763819096,SF_early,1415.60566698216,1394.00417178982,1426.83422783153
SBA,Evapo,0.895527638190955,SF_early,1416.58636134383,1394.94910692705,1427.77246784045
SBA,Evapo,0.900502512562814,SF_early,1417.56952746929,1395.89670073744,1428.71210200288
SBA,Evapo,0.905477386934673,SF_early,1418.55504765553,1396.8468266175,1429.65306393056
SBA,Evapo,0.910452261306533,SF_early,1419.5428041995,1397.79935796375,1430.59528723523
SBA,Evapo,0.915427135678392,SF_early,1420.45753388099,1398.7541681727,1431.53870552863
SBA,Evapo,0.920402010050251,SF_early,1421.35449345209,1399.71113064088,1432.48325242248
SBA,Evapo,0.925376884422111,SF_early,1422.25299339977,1400.67011876479,1433.42886152854
SBA,Evapo,0.93035175879397,SF_early,1423.1529374505,1401.63100594096,1434.37546645854
SBA,Evapo,0.935326633165829,SF_early,1424.05422933074,1402.59366556589,1435.32300082421
SBA,Evapo,0.940301507537689,SF_early,1424.95677276694,1403.55797103612,1436.27139823729
SBA,Evapo,0.945276381909548,SF_early,1425.86047148559,1404.52379574815,1437.22059230953
SBA,Evapo,0.950251256281407,SF_early,1426.76522921314,1405.49101309849,1438.17051665265
SBA,Evapo,0.955226130653266,SF_early,1427.67094967605,1406.45949648368,1439.1211048784
SBA,Evapo,0.960201005025126,SF_early,1428.57753660079,1407.42911930021,1440.07229059851
SBA,Evapo,0.965175879396985,SF_early,1429.48489371381,1408.39975494462,1441.02400742472
SBA,Evapo,0.970150753768844,SF_early,1430.3929247416,1409.37127681341,1442.0436280499
SBA,Evapo,0.975125628140704,SF_early,1431.3015334106,1410.3435583031,1443.09071024682
SBA,Evapo,0.980100502512563,SF_early,1432.21062344728,1411.31647281021,1444.13845567152
SBA,Evapo,0.985075376884422,SF_early,1433.12009857811,1412.28989373125,1445.18673167845
SBA,Evapo,0.990050251256281,SF_early,1434.02986252955,1413.26369446275,1446.23540562206
SBA,Evapo,0.995025125628141,SF_early,1435.0537964205,1414.23774840121,1447.3244007374
SBA,Evapo,1,SF_early,1436.07872867625,1415.21192894316,1448.41870693039
SBA,Evapo,0.01,SF_intermediate,1289.18879178262,1272.51414258179,1298.94166343358
SBA,Evapo,0.0149748743718593,SF_intermediate,1290.09171808027,1273.5735954817,1299.81831164682
SBA,Evapo,0.0199497487437186,SF_intermediate,1290.99452917434,1274.63284284937,1300.69487947475
SBA,Evapo,0.0249246231155779,SF_intermediate,1291.89710986122,1275.69167915254,1301.57128653205
SBA,Evapo,0.0298994974874372,SF_intermediate,1292.79934493733,1276.74989885896,1302.44745243343
SBA,Evapo,0.0348743718592965,SF_intermediate,1293.70111919908,1277.80729643639,1303.32329679357
SBA,Evapo,0.0398492462311558,SF_intermediate,1294.60231744287,1278.86366635257,1304.19873922715
SBA,Evapo,0.0448241206030151,SF_intermediate,1295.47519709948,1279.91880307525,1305.07369934888
SBA,Evapo,0.0497989949748744,SF_intermediate,1296.32735460951,1280.97250107219,1305.94809677343
SBA,Evapo,0.0547738693467337,SF_intermediate,1297.17876556657,1282.02455481114,1306.82185111551
SBA,Evapo,0.059748743718593,SF_intermediate,1298.02933665152,1283.07475875984,1307.69488198979
SBA,Evapo,0.0647236180904523,SF_intermediate,1298.79067177134,1284.12290738605,1308.56710901098
SBA,Evapo,0.0696984924623116,SF_intermediate,1299.52536406761,1285.16879515752,1309.43845179375
SBA,Evapo,0.0746733668341709,SF_intermediate,1300.31875998277,1286.21221654199,1310.30882995281
SBA,Evapo,0.0796482412060302,SF_intermediate,1301.22028474866,1287.25296600723,1311.17816310283
SBA,Evapo,0.0846231155778894,SF_intermediate,1302.24513025636,1288.29083802098,1312.04637085852
SBA,Evapo,0.0895979899497487,SF_intermediate,1303.29751715033,1289.32562705099,1312.90158077415
SBA,Evapo,0.094572864321608,SF_intermediate,1304.35960586596,1290.35712756501,1313.63123740464
SBA,Evapo,0.0995477386934673,SF_intermediate,1305.29763023827,1291.3116427828,1314.36033000986
SBA,Evapo,0.104522613065327,SF_intermediate,1306.25615502122,1292.10793316766,1315.08882541188
SBA,Evapo,0.109497487437186,SF_intermediate,1307.19469237294,1292.90291329982,1315.81669043272
SBA,Evapo,0.114472361809045,SF_intermediate,1308.09745158622,1293.6965142186,1316.54389189443
SBA,Evapo,0.119447236180905,SF_intermediate,1308.99775495285,1294.48866696333,1317.27039661905
SBA,Evapo,0.124422110552764,SF_intermediate,1309.89548552773,1295.27930257336,1317.99617142864
SBA,Evapo,0.129396984924623,SF_intermediate,1310.72061090584,1296.068352088,1318.72118314523
SBA,Evapo,0.134371859296482,SF_intermediate,1311.47264331097,1296.85574654659,1319.44539859086
SBA,Evapo,0.139346733668342,SF_intermediate,1312.22387415063,1297.64141698847,1320.16878458759
SBA,Evapo,0.144321608040201,SF_intermediate,1312.9742713622,1298.42529445295,1320.89130795744
SBA,Evapo,0.14929648241206,SF_intermediate,1313.8142090832,1299.20730997938,1321.61293552248
SBA,Evapo,0.15427135678392,SF_intermediate,1314.70613571173,1299.98739460709,1322.33363410473
SBA,Evapo,0.159246231155779,SF_intermediate,1315.59542349581,1300.7654793754,1323.05337052625
SBA,Evapo,0.164221105527638,SF_intermediate,1316.48198144079,1301.54149532365,1323.88643849927
SBA,Evapo,0.169195979899498,SF_intermediate,1317.36571855204,1302.31537349116,1324.85675708462
SBA,Evapo,0.174170854271357,SF_intermediate,1318.24654383492,1303.08704491728,1325.82178924512
SBA,Evapo,0.179145728643216,SF_intermediate,1319.1243662948,1303.85644064133,1326.78136977999
SBA,Evapo,0.184120603015075,SF_intermediate,1319.99909493704,1304.62349170264,1327.73533348845
SBA,Evapo,0.189095477386935,SF_intermediate,1320.87257958566,1305.38812914054,1328.68351516972
SBA,Evapo,0.194070351758794,SF_intermediate,1321.74420062458,1306.15028399437,1329.62574962303
SBA,Evapo,0.199045226130653,SF_intermediate,1322.61138510991,1306.90988730345,1330.56187164761
SBA,Evapo,0.204020100502513,SF_intermediate,1323.47401313479,1307.66687010713,1331.49171604267
SBA,Evapo,0.208994974874372,SF_intermediate,1324.33196479237,1308.42116344472,1332.41511760744
SBA,Evapo,0.213969849246231,SF_intermediate,1325.1851201758,1309.17269835556,1333.33191114115
SBA,Evapo,0.21894472361809,SF_intermediate,1326.03335937821,1309.92140587898,1334.241931443
SBA,Evapo,0.22391959798995,SF_intermediate,1326.87656249277,1310.66721705431,1335.14501331224
SBA,Evapo,0.228894472361809,SF_intermediate,1327.63315032877,1311.41006292089,1336.04099154808
SBA,Evapo,0.233869346733668,SF_intermediate,1328.38513183888,1312.14987451804,1336.92970094975
SBA,Evapo,0.238844221105528,SF_intermediate,1329.13398254931,1312.8865828851,1337.81097631646
SBA,Evapo,0.243819095477387,SF_intermediate,1329.87963288676,1313.62011906139,1338.68465244745
SBA,Evapo,0.248793969849246,SF_intermediate,1330.62201327788,1314.35041408625,1339.55056414193
SBA,Evapo,0.253768844221106,SF_intermediate,1331.36105414936,1315.07739899902,1340.40854619913
SBA,Evapo,0.258743718592965,SF_intermediate,1332.09668592788,1315.80100483901,1341.25843341828
SBA,Evapo,0.263718592964824,SF_intermediate,1332.82883904009,1316.52116264557,1342.10006059858
SBA,Evapo,0.268693467336683,SF_intermediate,1333.57110412878,1317.23780345802,1342.93326253928
SBA,Evapo,0.273668341708543,SF_intermediate,1334.32679566477,1317.95085831569,1343.75787403959
SBA,Evapo,0.278643216080402,SF_intermediate,1335.08002662313,1318.66025825792,1344.57372989873
SBA,Evapo,0.283618090452261,SF_intermediate,1335.83075057786,1319.36593432404,1345.38066491594
SBA,Evapo,0.288592964824121,SF_intermediate,1336.57892110297,1320.06781755338,1346.17851389042
SBA,Evapo,0.29356783919598,SF_intermediate,1337.32449177246,1320.76583898526,1346.96711162141
SBA,Evapo,0.298542713567839,SF_intermediate,1338.06741616035,1321.45992965903,1347.74629290813
SBA,Evapo,0.303517587939699,SF_intermediate,1338.80764784063,1322.15002061401,1348.5158925498
SBA,Evapo,0.308492462311558,SF_intermediate,1339.54514038731,1322.83604288953,1349.27574534565
SBA,Evapo,0.313467336683417,SF_intermediate,1340.27984737441,1323.51792752493,1350.02568609489
SBA,Evapo,0.318442211055276,SF_intermediate,1341.01172237592,1324.19560555953,1350.76554959676
SBA,Evapo,0.323417085427136,SF_intermediate,1341.74071896586,1324.86900803267,1351.49517065047
SBA,Evapo,0.328391959798995,SF_intermediate,1342.42776711257,1325.53806598368,1352.21438405525
SBA,Evapo,0.333366834170854,SF_intermediate,1343.08893355849,1326.20271045189,1352.92302461032
SBA,Evapo,0.338341708542714,SF_intermediate,1343.74397261274,1326.86287247663,1353.62092711491
SBA,Evapo,0.343316582914573,SF_intermediate,1344.39286199532,1327.51854595708,1354.30802610842
SBA,Evapo,0.348291457286432,SF_intermediate,1345.03586737661,1328.16997623186,1354.98465509102
SBA,Evapo,0.353266331658292,SF_intermediate,1345.67332641455,1328.81747149943,1355.65124730306
SBA,Evapo,0.358241206030151,SF_intermediate,1346.30557676708,1329.46133995825,1356.30823598489
SBA,Evapo,0.36321608040201,SF_intermediate,1346.93295609215,1330.10188980678,1356.95605437685
SBA,Evapo,0.368190954773869,SF_intermediate,1347.5558020477,1330.73942924348,1357.59513571929
SBA,Evapo,0.373165829145729,SF_intermediate,1348.17445229169,1331.37426646683,1358.22591325257
SBA,Evapo,0.378140703517588,SF_intermediate,1348.77910668549,1332.00670967527,1358.84882021704
SBA,Evapo,0.383115577889447,SF_intermediate,1349.30980830491,1332.63706706727,1359.46428985304
SBA,Evapo,0.388090452261307,SF_intermediate,1349.83389694098,1333.2656468413,1360.07275540092
SBA,Evapo,0.393065326633166,SF_intermediate,1350.35184625318,1333.89275719582,1360.67465010104
SBA,Evapo,0.398040201005025,SF_intermediate,1350.86412990104,1334.51870632929,1361.27040719374
SBA,Evapo,0.403015075376884,SF_intermediate,1351.37122154407,1335.14380244017,1361.86045991937
SBA,Evapo,0.407989949748744,SF_intermediate,1351.87359484176,1335.76835372693,1362.44524151828
SBA,Evapo,0.412964824120603,SF_intermediate,1352.38798081039,1336.39266838802,1363.02518523083
SBA,Evapo,0.417939698492462,SF_intermediate,1352.91849131018,1337.01705462191,1363.60072429735
SBA,Evapo,0.422914572864322,SF_intermediate,1353.44646808589,1337.64182062707,1364.17229195821
SBA,Evapo,0.427889447236181,SF_intermediate,1353.97233066096,1338.26727460195,1364.74032145374
SBA,Evapo,0.43286432160804,SF_intermediate,1354.49649855885,1338.89372474502,1365.3052460243
SBA,Evapo,0.437839195979899,SF_intermediate,1355.06433612422,1339.52147925474,1365.86749891024
SBA,Evapo,0.442814070351759,SF_intermediate,1355.67588911541,1340.15084632957,1366.42751335191
SBA,Evapo,0.447788944723618,SF_intermediate,1356.28895127189,1340.78213416798,1366.98572258965
SBA,Evapo,0.452763819095477,SF_intermediate,1356.90387387552,1341.41565096842,1367.54255986383
SBA,Evapo,0.457738693467337,SF_intermediate,1357.52100820816,1342.05170492937,1368.09845841477
SBA,Evapo,0.462713567839196,SF_intermediate,1358.14070555168,1342.69060424928,1368.65385148285
SBA,Evapo,0.467688442211055,SF_intermediate,1358.76331718795,1343.33265712661,1369.20917230839
SBA,Evapo,0.472663316582915,SF_intermediate,1359.38919439884,1343.97817175983,1369.76485413177
SBA,Evapo,0.477638190954774,SF_intermediate,1360.01868846619,1344.62745634741,1370.32133019331
SBA,Evapo,0.482613065326633,SF_intermediate,1360.65215067189,1345.28081908779,1370.93141563477
SBA,Evapo,0.487587939698492,SF_intermediate,1361.2899322978,1345.93856817946,1371.62184761649
SBA,Evapo,0.492562814070352,SF_intermediate,1361.93238462578,1346.60101182086,1372.31594087748
SBA,Evapo,0.497537688442211,SF_intermediate,1362.57985893769,1347.26845821046,1373.01401494121
SBA,Evapo,0.50251256281407,SF_intermediate,1363.23270651541,1347.94121554672,1373.71638933118
SBA,Evapo,0.50748743718593,SF_intermediate,1363.8912786408,1348.61959202811,1374.42338357086
SBA,Evapo,0.512462311557789,SF_intermediate,1364.55592659572,1349.30389585309,1375.13531718375
SBA,Evapo,0.517437185929648,SF_intermediate,1365.22700166203,1349.99443522012,1375.85250969333
SBA,Evapo,0.522412060301508,SF_intermediate,1365.90485512161,1350.69151832766,1376.57528062309
SBA,Evapo,0.527386934673367,SF_intermediate,1366.58983825632,1351.21017776115,1377.3039494965
SBA,Evapo,0.532361809045226,SF_intermediate,1367.28230234803,1351.71813120937,1378.03883583706
SBA,Evapo,0.537336683417085,SF_intermediate,1367.98259867859,1352.23453420795,1378.78025916825
SBA,Evapo,0.542311557788945,SF_intermediate,1368.69107852987,1352.75995123582,1379.52853901355
SBA,Evapo,0.547286432160804,SF_intermediate,1369.40809318375,1353.29494677193,1380.28399489645
SBA,Evapo,0.552261306532663,SF_intermediate,1370.13399392208,1353.84008529523,1381.04694634044
SBA,Evapo,0.557236180904523,SF_intermediate,1370.86913202672,1354.39593128465,1381.817712869
SBA,Evapo,0.562211055276382,SF_intermediate,1371.61385877956,1354.96304921915,1382.59661400561
SBA,Evapo,0.567185929648241,SF_intermediate,1372.36852546244,1355.54200357765,1383.38396927377
SBA,Evapo,0.572160804020101,SF_intermediate,1373.13348335724,1356.13335883912,1384.18009819695
SBA,Evapo,0.57713567839196,SF_intermediate,1373.91942318655,1356.73767948249,1384.98532029864
SBA,Evapo,0.582110552763819,SF_intermediate,1374.69256328526,1357.35552998671,1385.79995510232
SBA,Evapo,0.587085427135679,SF_intermediate,1375.47592452776,1357.98747483071,1386.62432213149
SBA,Evapo,0.592060301507538,SF_intermediate,1376.26983620354,1358.63407849345,1387.45874090962
SBA,Evapo,0.597035175879397,SF_intermediate,1377.07462760208,1359.29590545386,1388.3035309602
SBA,Evapo,0.602010050251256,SF_intermediate,1377.89062801288,1359.97352019089,1389.15901180672
SBA,Evapo,0.606984924623116,SF_intermediate,1378.71816672542,1360.66748718349,1390.02550297266
SBA,Evapo,0.611959798994975,SF_intermediate,1379.55757302918,1361.37837091059,1390.90332398151
SBA,Evapo,0.616934673366834,SF_intermediate,1380.40917621366,1362.10673585115,1391.79279435674
SBA,Evapo,0.621909547738694,SF_intermediate,1381.27330556833,1362.8531464841,1392.69423362186
SBA,Evapo,0.626884422110553,SF_intermediate,1382.15029038268,1363.61816728839,1393.60796130033
SBA,Evapo,0.631859296482412,SF_intermediate,1383.0404599462,1364.40236274296,1394.53429691566
SBA,Evapo,0.636834170854271,SF_intermediate,1383.94414354838,1365.20629732675,1395.47355999131
SBA,Evapo,0.641809045226131,SF_intermediate,1384.8616704787,1366.03053551872,1396.42607005078
SBA,Evapo,0.64678391959799,SF_intermediate,1385.79337002665,1366.87564179779,1397.39214661755
SBA,Evapo,0.651758793969849,SF_intermediate,1386.75909852211,1367.74218064293,1398.37210921511
SBA,Evapo,0.656733668341709,SF_intermediate,1387.75927780537,1368.63071653306,1399.36627736694
SBA,Evapo,0.661708542713568,SF_intermediate,1388.77545347776,1369.54181394714,1400.37497059653
SBA,Evapo,0.666683417085427,SF_intermediate,1389.80794647334,1370.47603736411,1401.39850842736
SBA,Evapo,0.671658291457287,SF_intermediate,1390.85707772619,1371.4339512629,1402.43721038292
SBA,Evapo,0.676633165829146,SF_intermediate,1391.92307185513,1372.41596479275,1403.49130363266
SBA,Evapo,0.681608040201005,SF_intermediate,1393.00576821797,1373.42186578396,1404.56064592987
SBA,Evapo,0.686582914572864,SF_intermediate,1394.10490985725,1374.45128673714,1405.64500267384
SBA,Evapo,0.691557788944724,SF_intermediate,1395.22023981555,1375.50386015288,1406.74413926383
SBA,Evapo,0.696532663316583,SF_intermediate,1396.3515011354,1376.57921853177,1407.85782109911
SBA,Evapo,0.701507537688442,SF_intermediate,1397.49843685937,1377.6769943744,1408.98581357895
SBA,Evapo,0.706482412060302,SF_intermediate,1398.66079003001,1378.79682018138,1410.12788210262
SBA,Evapo,0.711457286432161,SF_intermediate,1399.83830368989,1379.93832845329,1411.28379206939
SBA,Evapo,0.71643216080402,SF_intermediate,1401.03072088154,1381.10115169073,1412.45330887853
SBA,Evapo,0.721407035175879,SF_intermediate,1402.23778464754,1382.28492239429,1413.6361979293
SBA,Evapo,0.726381909547739,SF_intermediate,1403.4331660503,1383.48927306458,1414.83222462098
SBA,Evapo,0.731356783919598,SF_intermediate,1404.64183576651,1384.71383620217,1416.04115435284
SBA,Evapo,0.736331658291457,SF_intermediate,1405.86376975967,1385.95824430767,1417.26275252415
SBA,Evapo,0.741306532663317,SF_intermediate,1407.09872239502,1387.22212988167,1418.49678453417
SBA,Evapo,0.746281407035176,SF_intermediate,1408.3464480378,1388.50512542477,1419.74301578218
SBA,Evapo,0.751256281407035,SF_intermediate,1409.60670105326,1389.80686343756,1421.00121166745
SBA,Evapo,0.756231155778895,SF_intermediate,1410.87923580663,1391.12697642063,1422.27113758923
SBA,Evapo,0.761206030150754,SF_intermediate,1412.16380666316,1392.46509687458,1423.55255894681
SBA,Evapo,0.766180904522613,SF_intermediate,1413.46016798808,1393.8208573,1424.84524113946
SBA,Evapo,0.771155778894472,SF_intermediate,1414.76807414665,1395.19389019748,1426.14894956644
SBA,Evapo,0.776130653266332,SF_intermediate,1416.0872795041,1396.58382806763,1427.46344962702
SBA,Evapo,0.781105527638191,SF_intermediate,1417.41753842567,1397.99030341104,1428.78850672047
SBA,Evapo,0.78608040201005,SF_intermediate,1418.75860527662,1399.41294872829,1430.12388624607
SBA,Evapo,0.79105527638191,SF_intermediate,1420.11023442216,1400.85139651999,1431.46935360308
SBA,Evapo,0.796030150753769,SF_intermediate,1421.41365954809,1402.30527928673,1432.82467419076
SBA,Evapo,0.801005025125628,SF_intermediate,1422.67947486423,1403.7742295291,1434.1896134084
SBA,Evapo,0.805979899497488,SF_intermediate,1423.95415948779,1405.2578797477,1435.56393665526
SBA,Evapo,0.810954773869347,SF_intermediate,1425.23749168607,1406.75586244311,1436.9474093306
SBA,Evapo,0.815929648241206,SF_intermediate,1426.5292497264,1408.26781011595,1438.30378687227
SBA,Evapo,0.820904522613065,SF_intermediate,1427.82921187608,1409.79335526679,1439.64866157693
SBA,Evapo,0.825879396984925,SF_intermediate,1429.13715640243,1411.33213039624,1441.00169889115
SBA,Evapo,0.830854271356784,SF_intermediate,1430.45286157278,1412.88376800489,1442.36267207578
SBA,Evapo,0.835829145728643,SF_intermediate,1431.77610565442,1414.44790059333,1443.73135439165
SBA,Evapo,0.840804020100503,SF_intermediate,1433.10666691468,1416.02416066216,1445.10751909962
SBA,Evapo,0.845778894472362,SF_intermediate,1434.44432362087,1417.61218071197,1446.49093946053
SBA,Evapo,0.850753768844221,SF_intermediate,1435.7888540403,1419.21159324335,1447.88138873523
SBA,Evapo,0.85572864321608,SF_intermediate,1437.1778275406,1420.82203075691,1449.27864018456
SBA,Evapo,0.86070351758794,SF_intermediate,1438.64380025063,1422.44312575323,1450.68246706936
SBA,Evapo,0.865678391959799,SF_intermediate,1440.11711077383,1424.07451073291,1452.09264265049
SBA,Evapo,0.870653266331658,SF_intermediate,1441.59749704542,1425.71581819654,1453.50894018879
SBA,Evapo,0.875628140703518,SF_intermediate,1443.08469700066,1427.36668064472,1454.9311329451
SBA,Evapo,0.880603015075377,SF_intermediate,1444.57284288851,1429.02673057804,1456.35899418027
SBA,Evapo,0.885577889447236,SF_intermediate,1445.99993792174,1430.6956004971,1457.79229715515
SBA,Evapo,0.890552763819096,SF_intermediate,1447.43208232343,1432.37292290249,1459.23081513058
SBA,Evapo,0.895527638190955,SF_intermediate,1448.86905655582,1434.05833029481,1460.6743213674
SBA,Evapo,0.900502512562814,SF_intermediate,1450.31064108115,1435.75145517464,1462.12258912647
SBA,Evapo,0.905477386934673,SF_intermediate,1451.75661636167,1437.45193004259,1463.57539166862
SBA,Evapo,0.910452261306533,SF_intermediate,1453.20676285962,1439.15938739924,1465.03250225471
SBA,Evapo,0.915427135678392,SF_intermediate,1454.66086103723,1440.8734597452,1466.49369414558
SBA,Evapo,0.920402010050251,SF_intermediate,1456.11869135675,1442.59377958105,1467.95874060207
SBA,Evapo,0.925376884422111,SF_intermediate,1457.58003428042,1444.3199794074,1469.42741488503
SBA,Evapo,0.93035175879397,SF_intermediate,1459.04467027047,1446.05169172483,1470.89949025531
SBA,Evapo,0.935326633165829,SF_intermediate,1460.49419971983,1447.78854903394,1472.37473997375
SBA,Evapo,0.940301507537689,SF_intermediate,1461.86991092973,1449.53018383532,1473.8529373012
SBA,Evapo,0.945276381909548,SF_intermediate,1463.24775304885,1451.21901273173,1475.38751891369
SBA,Evapo,0.950251256281407,SF_intermediate,1464.62754850141,1452.78149282194,1477.06448229202
SBA,Evapo,0.955226130653266,SF_intermediate,1466.01622577508,1454.34641198682,1478.74415986956
SBA,Evapo,0.960201005025126,SF_intermediate,1467.58348022905,1455.91352631891,1480.42628022637
SBA,Evapo,0.965175879396985,SF_intermediate,1469.20353707627,1457.48259191074,1482.11057194254
SBA,Evapo,0.970150753768844,SF_intermediate,1470.82545033484,1459.05336485484,1483.79676359815
SBA,Evapo,0.975125628140704,SF_intermediate,1472.44895480315,1460.62560124375,1485.48458377327
SBA,Evapo,0.980100502512563,SF_intermediate,1474.07378527957,1462.19905716999,1487.173761048
SBA,Evapo,0.985075376884422,SF_intermediate,1475.69967656248,1463.7734887261,1488.8640240024
SBA,Evapo,0.990050251256281,SF_intermediate,1477.32636345025,1465.34865200462,1490.55510121657
SBA,Evapo,0.995025125628141,SF_intermediate,1478.95358074126,1466.92430309807,1492.24672127057
SBA,Evapo,1,SF_intermediate,1480.5810632339,1468.50019809899,1493.9386127445
SBA,Evapo,0.01,SF_advanced,1300.16992170734,1281.67675913379,1317.19784667727
SBA,Evapo,0.0149748743718593,SF_advanced,1301.15906749436,1282.70748137996,1318.01603628058
SBA,Evapo,0.0199497487437186,SF_advanced,1302.14811930824,1283.73813013669,1318.8341869287
SBA,Evapo,0.0249246231155779,SF_advanced,1303.13698317585,1284.76863191454,1319.65225966648
SBA,Evapo,0.0298994974874372,SF_advanced,1304.12556512406,1285.79891322405,1320.47021553871
SBA,Evapo,0.0348743718592965,SF_advanced,1305.11377117974,1286.82890057579,1321.28801559022
SBA,Evapo,0.0398492462311558,SF_advanced,1306.10150736974,1287.85852048032,1322.10562086583
SBA,Evapo,0.0448241206030151,SF_advanced,1307.08867972093,1288.88769944818,1322.92299241036
SBA,Evapo,0.0497989949748744,SF_advanced,1308.07519426019,1289.91636398994,1323.74009126863
SBA,Evapo,0.0547738693467337,SF_advanced,1309.06808883456,1290.94444061615,1324.55687848546
SBA,Evapo,0.059748743718593,SF_advanced,1310.14977168827,1291.97185583738,1325.37331510567
SBA,Evapo,0.0647236180904523,SF_advanced,1311.22692629391,1292.99853616416,1326.18936217408
SBA,Evapo,0.0696984924623116,SF_advanced,1312.19421727986,1294.02440810708,1327.00498073551
SBA,Evapo,0.0746733668341709,SF_advanced,1313.03194194919,1295.04939817667,1327.82013183479
SBA,Evapo,0.0796482412060302,SF_advanced,1313.94927639839,1296.07343288349,1328.63477651672
SBA,Evapo,0.0846231155778894,SF_advanced,1314.93586371286,1297.09643873811,1329.44887582613
SBA,Evapo,0.0895979899497487,SF_advanced,1315.92129937786,1298.11834225108,1330.26239080785
SBA,Evapo,0.094572864321608,SF_advanced,1316.90550661674,1299.13906993296,1331.07528250668
SBA,Evapo,0.0995477386934673,SF_advanced,1317.88840865288,1300.1585482943,1331.88751196746
SBA,Evapo,0.104522613065327,SF_advanced,1318.85656228744,1301.17670384566,1332.69904023499
SBA,Evapo,0.109497487437186,SF_advanced,1319.82785317891,1302.19346309759,1333.50982835411
SBA,Evapo,0.114472361809045,SF_advanced,1320.79726460771,1303.20875256066,1334.31983736963
SBA,Evapo,0.119447236180905,SF_advanced,1321.76470260068,1304.22249874541,1335.12902832636
SBA,Evapo,0.124422110552764,SF_advanced,1322.73007318469,1305.23462816241,1335.93736226914
SBA,Evapo,0.129396984924623,SF_advanced,1323.7388081174,1306.24506732222,1336.74480024278
SBA,Evapo,0.134371859296482,SF_advanced,1324.78808032932,1307.25374273538,1337.5513032921
SBA,Evapo,0.139346733668342,SF_advanced,1325.83417772665,1308.26058091246,1338.35683246192
SBA,Evapo,0.144321608040201,SF_advanced,1326.86783492323,1309.26550836401,1339.16134879706
SBA,Evapo,0.14929648241206,SF_advanced,1327.88704910595,1310.26845160059,1339.96481334235
SBA,Evapo,0.15427135678392,SF_advanced,1328.90367790832,1311.26933713275,1340.76718714259
SBA,Evapo,0.159246231155779,SF_advanced,1329.87442275915,1312.3400709045,1341.56843124262
SBA,Evapo,0.164221105527638,SF_advanced,1330.80400845609,1313.40897512991,1342.36850668724
SBA,Evapo,0.169195979899498,SF_advanced,1331.68916060379,1314.47351415683,1343.16737452129
SBA,Evapo,0.174170854271357,SF_advanced,1332.55397558365,1315.53354717242,1343.96499578958
SBA,Evapo,0.179145728643216,SF_advanced,1333.41660634634,1316.58893336382,1344.76133153693
SBA,Evapo,0.184120603015075,SF_advanced,1334.35149253443,1317.63953191819,1345.55634280816
SBA,Evapo,0.189095477386935,SF_advanced,1335.308189087,1318.68520202266,1346.34999064809
SBA,Evapo,0.194070351758794,SF_advanced,1336.26109258456,1319.72580286438,1347.14223610154
SBA,Evapo,0.199045226130653,SF_advanced,1337.21009766449,1320.7611936305,1347.93304021333
SBA,Evapo,0.204020100502513,SF_advanced,1338.12850006376,1321.79123350817,1348.72236402829
SBA,Evapo,0.208994974874372,SF_advanced,1339.02863484415,1322.81578168452,1349.51016859122
SBA,Evapo,0.213969849246231,SF_advanced,1339.92502982561,1323.83469734671,1350.29641494696
SBA,Evapo,0.21894472361809,SF_advanced,1340.84275131853,1324.84783968188,1351.08106414032
SBA,Evapo,0.22391959798995,SF_advanced,1341.76410619695,1325.85506787718,1351.86407721612
SBA,Evapo,0.228894472361809,SF_advanced,1342.67987072228,1326.85624111975,1352.64541521918
SBA,Evapo,0.233869346733668,SF_advanced,1343.5899148863,1327.85121859674,1353.42503919433
SBA,Evapo,0.238844221105528,SF_advanced,1344.4941086808,1328.83985949529,1354.20291018637
SBA,Evapo,0.243819095477387,SF_advanced,1345.39232209758,1329.82202300256,1354.97898924014
SBA,Evapo,0.248793969849246,SF_advanced,1346.28442512841,1330.79756830568,1355.75323740045
SBA,Evapo,0.253768844221106,SF_advanced,1347.17028776509,1331.76635459181,1356.61868105744
SBA,Evapo,0.258743718592965,SF_advanced,1348.04977999941,1332.72824104808,1357.56986093216
SBA,Evapo,0.263718592964824,SF_advanced,1348.92277182316,1333.68308686165,1358.51223649305
SBA,Evapo,0.268693467336683,SF_advanced,1349.78913322812,1334.63075121965,1359.44563165382
SBA,Evapo,0.273668341708543,SF_advanced,1350.64873420608,1335.57109330924,1360.3698703282
SBA,Evapo,0.278643216080402,SF_advanced,1351.50144474883,1336.50397231757,1361.28477642992
SBA,Evapo,0.283618090452261,SF_advanced,1352.34713484816,1337.42924743177,1362.19017387268
SBA,Evapo,0.288592964824121,SF_advanced,1353.18567449586,1338.346777839,1363.08588657023
SBA,Evapo,0.29356783919598,SF_advanced,1354.01693368371,1339.25642272639,1363.97173843627
SBA,Evapo,0.298542713567839,SF_advanced,1354.84078240351,1340.1580412811,1364.84755338454
SBA,Evapo,0.303517587939699,SF_advanced,1355.65709064704,1341.05149269028,1365.71315532876
SBA,Evapo,0.308492462311558,SF_advanced,1356.50797466185,1341.93663614106,1366.56836818264
SBA,Evapo,0.313467336683417,SF_advanced,1357.35419200667,1342.81333082059,1367.41301585992
SBA,Evapo,0.318442211055276,SF_advanced,1358.19456379461,1343.68143591602,1368.24692227432
SBA,Evapo,0.323417085427136,SF_advanced,1359.01407318768,1344.5408106145,1369.06991133956
SBA,Evapo,0.328391959798995,SF_advanced,1359.81924186622,1345.39131410316,1369.88180696936
SBA,Evapo,0.333366834170854,SF_advanced,1360.61909604469,1346.23280556917,1370.68243307745
SBA,Evapo,0.338341708542714,SF_advanced,1361.41355268401,1347.06514419965,1371.47161357755
SBA,Evapo,0.343316582914573,SF_advanced,1362.20258159264,1347.88826107963,1372.24927304006
SBA,Evapo,0.348291457286432,SF_advanced,1362.986363969,1348.67502768781,1373.00549407703
SBA,Evapo,0.353266331658292,SF_advanced,1363.73973239245,1349.40701293707,1373.67715708038
SBA,Evapo,0.358241206030151,SF_advanced,1364.55780276337,1350.13721316552,1374.34049679367
SBA,Evapo,0.36321608040201,SF_advanced,1365.3312516932,1350.86583300566,1374.99595026162
SBA,Evapo,0.368190954773869,SF_advanced,1366.08605817331,1351.59307709,1375.64395452894
SBA,Evapo,0.373165829145729,SF_advanced,1366.83510806523,1352.31915005102,1376.28494664032
SBA,Evapo,0.378140703517588,SF_advanced,1367.59288810441,1353.04425652124,1376.91936364047
SBA,Evapo,0.383115577889447,SF_advanced,1368.34640215913,1353.76860113314,1377.5476425741
SBA,Evapo,0.388090452261307,SF_advanced,1369.09590362411,1354.50945859862,1378.1702204859
SBA,Evapo,0.393065326633166,SF_advanced,1369.84164589407,1355.32912508524,1378.78753442059
SBA,Evapo,0.398040201005025,SF_advanced,1370.58388236374,1356.14790093412,1379.40002142287
SBA,Evapo,0.403015075376884,SF_advanced,1371.32286642784,1356.96108356373,1380.00811853743
SBA,Evapo,0.407989949748744,SF_advanced,1372.05885148109,1357.63252968276,1380.612262809
SBA,Evapo,0.412964824120603,SF_advanced,1372.79209091821,1358.29935514087,1381.21289128227
SBA,Evapo,0.417939698492462,SF_advanced,1373.52283813393,1358.9619008754,1381.81044100194
SBA,Evapo,0.422914572864322,SF_advanced,1374.25134652297,1359.62050782367,1382.40534901273
SBA,Evapo,0.427889447236181,SF_advanced,1374.94792764199,1360.27551692302,1383.1543042432
SBA,Evapo,0.43286432160804,SF_advanced,1375.61679145013,1360.92726911076,1383.95288400595
SBA,Evapo,0.437839195979899,SF_advanced,1376.2832080224,1361.57610532423,1384.74917600632
SBA,Evapo,0.442814070351759,SF_advanced,1376.94754138889,1362.22236650076,1385.54336080598
SBA,Evapo,0.447788944723618,SF_advanced,1377.61015557971,1362.86639357767,1386.3356189666
SBA,Evapo,0.452763819095477,SF_advanced,1378.27141462498,1363.50852749229,1387.12613104984
SBA,Evapo,0.457738693467337,SF_advanced,1378.93168255479,1364.14910918195,1387.91507761738
SBA,Evapo,0.462713567839196,SF_advanced,1379.59132339926,1364.78847958398,1388.70263923089
SBA,Evapo,0.467688442211055,SF_advanced,1380.25070118848,1365.4269796357,1389.48899645204
SBA,Evapo,0.472663316582915,SF_advanced,1380.91017995257,1366.06495027444,1390.27432984249
SBA,Evapo,0.477638190954774,SF_advanced,1381.57611086304,1366.70273243753,1391.05881996392
SBA,Evapo,0.482613065326633,SF_advanced,1382.29579552635,1367.38324203602,1391.84264737799
SBA,Evapo,0.487587939698492,SF_advanced,1383.01642450094,1368.04249424443,1392.62599264638
SBA,Evapo,0.492562814070352,SF_advanced,1383.73824789081,1368.61266097847,1393.3241481283
SBA,Evapo,0.497537688442211,SF_advanced,1384.48938189986,1369.18564518267,1394.02740726951
SBA,Evapo,0.50251256281407,SF_advanced,1385.37394659756,1369.76184837398,1394.90323903152
SBA,Evapo,0.50748743718593,SF_advanced,1386.26030467799,1370.35248174388,1395.77990335534
SBA,Evapo,0.512462311557789,SF_advanced,1387.14850946507,1370.95223043235,1396.6574119513
SBA,Evapo,0.517437185929648,SF_advanced,1388.03861428273,1371.55431788276,1397.53577652973
SBA,Evapo,0.522412060301508,SF_advanced,1388.93067245489,1372.15912824455,1398.41500880095
SBA,Evapo,0.527386934673367,SF_advanced,1389.82473730547,1372.76704566715,1399.29512047529
SBA,Evapo,0.532361809045226,SF_advanced,1390.7208621584,1373.37845430002,1400.15933811054
SBA,Evapo,0.537336683417085,SF_advanced,1391.6191003376,1373.99373829257,1401.01343605137
SBA,Evapo,0.542311557788945,SF_advanced,1392.44258177163,1374.61328179425,1401.86821422673
SBA,Evapo,0.547286432160804,SF_advanced,1393.24426459961,1375.23746895451,1402.72373225262
SBA,Evapo,0.552261306532663,SF_advanced,1394.04856707021,1375.86668392277,1403.58004974503
SBA,Evapo,0.557236180904523,SF_advanced,1394.85562865205,1376.50131084847,1404.43722631995
SBA,Evapo,0.562211055276382,SF_advanced,1395.66558881371,1377.14173388106,1405.29532159337
SBA,Evapo,0.567185929648241,SF_advanced,1396.4785870238,1377.78833716996,1406.1543951813
SBA,Evapo,0.572160804020101,SF_advanced,1397.29476275091,1378.44150486463,1407.01450669972
SBA,Evapo,0.57713567839196,SF_advanced,1398.11425546366,1379.10162111449,1407.87571576463
SBA,Evapo,0.582110552763819,SF_advanced,1398.93720463063,1379.76907006898,1408.73808199201
SBA,Evapo,0.587085427135679,SF_advanced,1399.76374972044,1380.44423587754,1409.60166499787
SBA,Evapo,0.592060301507538,SF_advanced,1400.59403020167,1381.1416819651,1410.46652439819
SBA,Evapo,0.597035175879397,SF_advanced,1401.42818554293,1381.85533413667,1411.33271980898
SBA,Evapo,0.602010050251256,SF_advanced,1402.26635521282,1382.58023563483,1412.20031084621
SBA,Evapo,0.606984924623116,SF_advanced,1403.10867867995,1383.31678797655,1413.0693571259
SBA,Evapo,0.611959798994975,SF_advanced,1403.9552954129,1384.0653926788,1413.93991826402
SBA,Evapo,0.616934673366834,SF_advanced,1404.80634488028,1384.82645125856,1414.81205387657
SBA,Evapo,0.621909547738694,SF_advanced,1405.6619665507,1385.60036523281,1415.68582357955
SBA,Evapo,0.626884422110553,SF_advanced,1406.52229989275,1386.38753611851,1416.56128698895
SBA,Evapo,0.631859296482412,SF_advanced,1407.38748437503,1387.18836543263,1417.43850372076
SBA,Evapo,0.636834170854271,SF_advanced,1408.25765946614,1388.00325469216,1418.31753339097
SBA,Evapo,0.641809045226131,SF_advanced,1409.13296463468,1388.83260541407,1419.19843561559
SBA,Evapo,0.64678391959799,SF_advanced,1410.01353934926,1389.67681911532,1420.0812700106
SBA,Evapo,0.651758793969849,SF_advanced,1410.89952307847,1390.5362973129,1420.96609619199
SBA,Evapo,0.656733668341709,SF_advanced,1411.79105529091,1391.41144152377,1421.85297377576
SBA,Evapo,0.661708542713568,SF_advanced,1412.68827545519,1392.30265326491,1422.7419623779
SBA,Evapo,0.666683417085427,SF_advanced,1413.5913230399,1393.21033405329,1423.63312161441
SBA,Evapo,0.671658291457287,SF_advanced,1414.49752124016,1394.13488540589,1424.52651110127
SBA,Evapo,0.676633165829146,SF_advanced,1415.39858259803,1395.07659830382,1425.422174736
SBA,Evapo,0.681608040201005,SF_advanced,1416.30742470353,1396.03532158473,1426.37802375566
SBA,Evapo,0.686582914572864,SF_advanced,1417.22392785286,1397.01079355043,1427.34082310742
SBA,Evapo,0.691557788944724,SF_advanced,1418.14797234222,1398.00275250272,1428.3080281203
SBA,Evapo,0.696532663316583,SF_advanced,1419.07943846778,1399.0109367434,1429.27956886319
SBA,Evapo,0.701507537688442,SF_advanced,1420.01820652574,1400.03508457427,1430.25537540494
SBA,Evapo,0.706482412060302,SF_advanced,1420.96415681229,1401.07493429713,1431.23537781443
SBA,Evapo,0.711457286432161,SF_advanced,1421.91716962362,1402.13022421378,1432.21950616053
SBA,Evapo,0.71643216080402,SF_advanced,1422.87712525592,1403.20069262602,1433.20769051211
SBA,Evapo,0.721407035175879,SF_advanced,1423.84390400538,1404.28607783565,1434.19986093804
SBA,Evapo,0.726381909547739,SF_advanced,1424.84155205676,1405.38611814447,1435.19594750719
SBA,Evapo,0.731356783919598,SF_advanced,1425.94802906085,1406.50055185428,1436.19588028844
SBA,Evapo,0.736331658291457,SF_advanced,1427.06266354507,1407.62911726688,1437.19958935065
SBA,Evapo,0.741306532663317,SF_advanced,1428.18530444497,1408.77155268407,1438.2070047627
SBA,Evapo,0.746281407035176,SF_advanced,1429.31580069611,1409.92759640765,1439.21805659346
SBA,Evapo,0.751256281407035,SF_advanced,1430.45400123404,1411.09698673943,1440.23267491179
SBA,Evapo,0.756231155778895,SF_advanced,1431.59975499432,1412.27946198119,1441.25078978657
SBA,Evapo,0.761206030150754,SF_advanced,1432.75291091249,1413.47476043475,1442.27233128668
SBA,Evapo,0.766180904522613,SF_advanced,1433.90672841297,1414.6826204019,1443.29722948097
SBA,Evapo,0.771155778894472,SF_advanced,1435.0593332953,1415.90278018444,1444.26896608525
SBA,Evapo,0.776130653266332,SF_advanced,1436.21763671318,1417.13497808417,1445.23847756415
SBA,Evapo,0.781105527638191,SF_advanced,1437.38151478538,1418.3789524029,1446.20942961064
SBA,Evapo,0.78608040201005,SF_advanced,1438.5508436307,1419.63444144242,1447.49578019259
SBA,Evapo,0.79105527638191,SF_advanced,1439.72549936793,1420.90118350453,1448.73907807043
SBA,Evapo,0.796030150753769,SF_advanced,1440.90535811586,1422.17891689103,1449.93661762686
SBA,Evapo,0.801005025125628,SF_advanced,1442.13183010303,1423.46737990372,1451.1405529014
SBA,Evapo,0.805979899497488,SF_advanced,1443.3967537689,1424.76631084441,1452.35072790095
SBA,Evapo,0.810954773869347,SF_advanced,1444.64344370035,1426.0754480149,1453.56698663235
SBA,Evapo,0.815929648241206,SF_advanced,1445.88296400175,1427.39452971697,1454.7891731025
SBA,Evapo,0.820904522613065,SF_advanced,1447.11316278782,1428.72329425244,1456.01713131827
SBA,Evapo,0.825879396984925,SF_advanced,1448.34879989398,1430.0614799231,1457.25070528653
SBA,Evapo,0.830854271356784,SF_advanced,1449.58972425579,1431.40882503076,1458.48973901416
SBA,Evapo,0.835829145728643,SF_advanced,1450.83578480878,1432.76506787721,1459.73407650804
SBA,Evapo,0.840804020100503,SF_advanced,1452.08683048852,1434.12994676426,1460.98356177503
SBA,Evapo,0.845778894472362,SF_advanced,1453.17067759203,1435.43970538713,1462.23803882201
SBA,Evapo,0.850753768844221,SF_advanced,1454.21561941997,1436.47622223358,1463.49735165587
SBA,Evapo,0.85572864321608,SF_advanced,1455.26304312058,1437.51524933588,1464.76134428347
SBA,Evapo,0.86070351758794,SF_advanced,1456.31286596478,1438.55670301883,1466.02986071168
SBA,Evapo,0.865678391959799,SF_advanced,1457.36500522348,1439.60049960723,1467.36817844881
SBA,Evapo,0.870653266331658,SF_advanced,1458.58675354414,1440.6465554259,1468.80502168367
SBA,Evapo,0.875628140703518,SF_advanced,1459.86326387047,1441.69478679964,1470.24857942196
SBA,Evapo,0.880603015075377,SF_advanced,1461.00562461813,1442.74511005325,1471.69859341357
SBA,Evapo,0.885577889447236,SF_advanced,1462.15080287328,1443.79744151153,1473.15480540834
SBA,Evapo,0.890552763819096,SF_advanced,1463.5171262194,1444.8516974993,1474.61695715615
SBA,Evapo,0.895527638190955,SF_advanced,1464.85745741023,1445.90779434136,1476.08479040687
SBA,Evapo,0.900502512562814,SF_advanced,1466.19617093145,1446.96564836251,1477.55804691037
SBA,Evapo,0.905477386934673,SF_advanced,1467.49737365774,1448.02517588757,1479.03646841651
SBA,Evapo,0.910452261306533,SF_advanced,1468.64220053888,1449.08629324132,1480.51979667517
SBA,Evapo,0.915427135678392,SF_advanced,1469.78904762532,1450.14891674858,1482.0077734362
SBA,Evapo,0.920402010050251,SF_advanced,1470.84628771156,1451.21296273416,1483.50014044948
SBA,Evapo,0.925376884422111,SF_advanced,1471.85607322334,1452.27834752285,1484.99663946488
SBA,Evapo,0.93035175879397,SF_advanced,1472.96064218451,1453.34498743947,1486.49701223225
SBA,Evapo,0.935326633165829,SF_advanced,1474.13070388306,1454.41279880882,1488.00100050148
SBA,Evapo,0.940301507537689,SF_advanced,1475.30234988403,1455.4816979557,1489.50834602243
SBA,Evapo,0.945276381909548,SF_advanced,1476.60174083924,1456.55160120492,1491.01879054497
SBA,Evapo,0.950251256281407,SF_advanced,1477.71353106189,1457.62242488129,1492.53207581895
SBA,Evapo,0.955226130653266,SF_advanced,1478.87423648308,1458.6940853096,1494.04794359426
SBA,Evapo,0.960201005025126,SF_advanced,1480.21777813853,1459.76649881467,1495.56613562076
SBA,Evapo,0.965175879396985,SF_advanced,1481.63991885506,1460.8395817213,1497.08639364832
SBA,Evapo,0.970150753768844,SF_advanced,1483.03649784151,1461.91325035429,1498.60845942681
SBA,Evapo,0.975125628140704,SF_advanced,1484.27631238156,1462.98742103845,1500.13207470608
SBA,Evapo,0.980100502512563,SF_advanced,1485.51679531034,1464.06201009859,1501.65698123602
SBA,Evapo,0.985075376884422,SF_advanced,1486.7578129501,1465.1369338595,1503.18292076648
SBA,Evapo,0.990050251256281,SF_advanced,1487.9992316231,1466.212108646,1504.70963504735
SBA,Evapo,0.995025125628141,SF_advanced,1489.24091765159,1467.28745078289,1506.23686582847
SBA,Evapo,1,SF_advanced,1490.48273735782,1468.36287659498,1507.76435485973
