region;response;run;contrast_type;frac_area;PF_minus_SF_early;PF_minus_SF_intermediate;PF_minus_SF_advanced
EBA;Prec;1;Spatially adjusted;0,01;6,41133629881006;9,5492457939763;-11,1476279915064
EBA;Prec;1;Spatially adjusted;0,0302040816326531;4,77715787595616;9,01936810179177;-11,4526673963842
EBA;Prec;1;Spatially adjusted;0,0504081632653061;3,15432022157847;8,4953061074566;-11,7512078082991
EBA;Prec;1;Spatially adjusted;0,0706122448979592;1,55416410415228;7,98287550882014;-12,0367502342883
EBA;Prec;1;Spatially adjusted;0,0908163265306122;-0,01196970784531;7,48789200373221;-12,3027956813889
EBA;Prec;1;Spatially adjusted;0,111020408163265;-1,53274044594036;7,01617129004126;-12,5428451566386
EBA;Prec;1;Spatially adjusted;0,131224489795918;-2,99680734165577;6,573529065598;-12,7503996670735
EBA;Prec;1;Spatially adjusted;0,151428571428571;-4,39282962651578;6,16578102825088;-12,9189602197312
EBA;Prec;1;Spatially adjusted;0,171632653061224;-5,70946653204373;5,79874287584971;-13,0420278216493
EBA;Prec;1;Spatially adjusted;0,191836734693878;-6,93537728976526;5,4782303062434;-13,1131034798641
EBA;Prec;1;Spatially adjusted;0,212040816326531;-8,05922113120369;5,21005901728131;-13,1256882014136
EBA;Prec;1;Spatially adjusted;0,232244897959184;-9,06965728788282;5,0000447068137;-13,0732829933345
EBA;Prec;1;Spatially adjusted;0,252448979591837;-9,95534499132646;4,85400307268947;-12,9493888626639
EBA;Prec;1;Spatially adjusted;0,27265306122449;-10,7049434730607;4,77774981275798;-12,747506816439
EBA;Prec;1;Spatially adjusted;0,292857142857143;-11,3071119646074;4,77710062486858;-12,4611378616974
EBA;Prec;1;Spatially adjusted;0,313061224489796;-11,750509697491;4,85787120687064;-12,0837830054752
EBA;Prec;1;Spatially adjusted;0,333265306122449;-12,0237959032365;5,02587725661351;-11,6089432548106
EBA;Prec;1;Spatially adjusted;0,353469387755102;-12,1206565025391;5,28467098354213;-11,0344407007606
EBA;Prec;1;Spatially adjusted;0,373673469387755;-12,0548841727764;5,62875064347736;-10,375381770466
EBA;Prec;1;Spatially adjusted;0,393877551020408;-11,8452982804993;6,05035100383702;-9,65119397508715
EBA;Prec;1;Spatially adjusted;0,414081632653061;-11,5107181922585;6,54170683203847;-8,88130482578481
EBA;Prec;1;Spatially adjusted;0,434285714285714;-11,0699632746018;7,0950528954977;-8,08514183372017
EBA;Prec;1;Spatially adjusted;0,454489795918367;-10,5418528940813;7,70262396163298;-7,28213251005309
EBA;Prec;1;Spatially adjusted;0,47469387755102;-9,94520641724603;8,3566547978603;-6,49170436594523
EBA;Prec;1;Spatially adjusted;0,494897959183674;-9,29884321064583;9,04938017159748;-5,73328491255779
EBA;Prec;1;Spatially adjusted;0,515102040816327;-8,62158264083064;9,77303485026096;-5,02630166104973
EBA;Prec;1;Spatially adjusted;0,53530612244898;-7,93224407435037;10,5198536012676;-4,39018212258316
EBA;Prec;1;Spatially adjusted;0,555510204081633;-7,24964687775491;11,2820711920349;-3,84435380831883
EBA;Prec;1;Spatially adjusted;0,575714285714286;-6,59261041759555;12,0519223899801;-3,40824422941705
EBA;Prec;1;Spatially adjusted;0,595918367346939;-5,97995406041991;12,8216419625196;-3,10128089703903
EBA;Prec;1;Spatially adjusted;0,616122448979592;-5,43049717277927;13,5834646770713;-2,94289132234462
EBA;Prec;1;Spatially adjusted;0,636326530612245;-4,96305912122398;14,3296253010508;-2,95250301649594
EBA;Prec;1;Spatially adjusted;0,656530612244898;-4,59645927230258;15,0523586018762;-3,14954349065283
EBA;Prec;1;Spatially adjusted;0,676734693877551;-4,34951699256635;15,7438993469641;-3,55344025597651
EBA;Prec;1;Spatially adjusted;0,696938775510204;-4,23647261939277;16,3981823194567;-4,17802578215924
EBA;Prec;1;Spatially adjusted;0,717142857142857;-4,25325037347056;17,0159423653995;-5,01475237302429
EBA;Prec;1;Spatially adjusted;0,73734693877551;-4,39119544631558;17,5996143465623;-6,04947729092555
EBA;Prec;1;Spatially adjusted;0,757551020408163;-4,64165302944502;18,151633124714;-7,26805779821734
EBA;Prec;1;Spatially adjusted;0,777755102040816;-4,99596831437566;18,6744335616258;-8,65635115725536
EBA;Prec;1;Spatially adjusted;0,797959183673469;-5,44548649262379;19,1704505190678;-10,2002146303935
EBA;Prec;1;Spatially adjusted;0,818163265306122;-5,98155275570616;19,6421188588088;-11,8855054799856
EBA;Prec;1;Spatially adjusted;0,838367346938776;-6,59551229513909;20,0918734426195;-13,6980809683869
EBA;Prec;1;Spatially adjusted;0,858571428571429;-7,27871030243932;20,5221491322709;-15,6237983579522
EBA;Prec;1;Spatially adjusted;0,878775510204082;-8,02249196912317;20,9353807895318;-17,6485149110354
EBA;Prec;1;Spatially adjusted;0,898979591836735;-8,81820248670783;21,3340032761726;-19,7580878899917
EBA;Prec;1;Spatially adjusted;0,919183673469388;-9,65718704670962;21,7204514539631;-21,9383745571749
EBA;Prec;1;Spatially adjusted;0,939387755102041;-10,5307908406448;22,0971601846736;-24,17523217494
EBA;Prec;1;Spatially adjusted;0,959591836734694;-11,4303590600307;22,4665643300737;-26,4545180056416
EBA;Prec;1;Spatially adjusted;0,979795918367347;-12,3472368963835;22,831098751934;-28,7620893116341
EBA;Prec;1;Spatially adjusted;1;-13,2727695412186;23,1931983120244;-31,0838033552723
EBA;Prec;1;Current landscape;0,0268934927880764;393,279625482785;302,627704405935;139,701374009472
EBA;Prec;1;Current landscape;0,0757830440998077;258,043113355606;186,368371612579;25,3302343144983
EBA;Prec;1;Current landscape;0,123993612825871;313,506557822782;234,545605578159;40,4283846856733
EBA;Prec;1;Current landscape;0,174904957413673;273,824154818832;138,10975815216;-44,133842014503
EBA;Prec;1;Current landscape;0,229810036718845;313,510798694932;183,628437568403;40,0597859885152
EBA;Prec;1;Current landscape;0,272142261266708;229,475820372707;154,413711235419;-46,069888722408
EBA;Prec;1;Current landscape;0,325509637594223;307,769117330779;216,701841470033;71,3569931806342
EBA;Prec;1;Current landscape;0,373407781124115;362,703148716999;338,607540924464;81,82223449595
EBA;Prec;1;Current landscape;0,423620253801346;293,284317678137;233,444181668107;35,8198961075623
EBA;Prec;1;Current landscape;0,476794928312302;383,093109931351;260,292894003318;78,8530715670377
EBA;Prec;1;Current landscape;0,527388155460358;318,502902850919;192,036271590324;30,7827026552905
EBA;Prec;1;Current landscape;0,577141344547272;219,219109613467;174,074810622872;0,702878094456992
EBA;Prec;1;Current landscape;0,624869406223297;236,132448255952;156,974127167651;34,7192398466036
EBA;Prec;1;Current landscape;0,676131665706635;287,670713589447;177,293944303048;25,9687060241154
EBA;Prec;1;Current landscape;0,72240674495697;245,508996864521;138,123466094811;11,325729488246
EBA;Prec;1;Current landscape;0,771511107683182;313,932333768458;213,80144612634;41,6573899319819
EBA;Prec;1;Current landscape;0,825794756412506;203,143103910759;183,606921641407;43,5127149526202
EBA;Prec;1;Current landscape;0,874845802783966;184,541372041469;137,063847042397;33,1982138476228
EBA;Prec;1;Current landscape;0,921057879924774;74,5381024395597;63,0859906590513;-55,6862828886601
EBA;Prec;1;Current landscape;1;231,698662051292;91,1003542015337;-40,483592740622
EBA;Prec;2;Spatially adjusted;0,01;-7,79698685205813;4,56465768038652;-23,7302366032668
EBA;Prec;2;Spatially adjusted;0,0302040816326531;-7,56066518979696;4,56529098540295;-22,6102834796616
EBA;Prec;2;Spatially adjusted;0,0504081632653061;-7,3263225917658;4,5694724844443;-21,4949884382659
EBA;Prec;2;Spatially adjusted;0,0706122448979592;-7,09593812219327;4,58075037153503;-20,3890095612883
EBA;Prec;2;Spatially adjusted;0,0908163265306122;-6,87149084530938;4,60267284069914;-19,2970049309383
EBA;Prec;2;Spatially adjusted;0,111020408163265;-6,65495982534503;4,63878808596201;-18,2236326294255
EBA;Prec;2;Spatially adjusted;0,131224489795918;-6,44832412652841;4,69264430134808;-17,1735507389581
EBA;Prec;2;Spatially adjusted;0,151428571428571;-6,25356281308905;4,76778968088183;-16,1514173417454
EBA;Prec;2;Spatially adjusted;0,171632653061224;-6,07265494925741;4,86777241858817;-15,161890519998
EBA;Prec;2;Spatially adjusted;0,191836734693878;-5,90757959926305;4,99614070849157;-14,2096283559235
EBA;Prec;2;Spatially adjusted;0,212040816326531;-5,76031582733504;5,15644274461602;-13,2992889317316
EBA;Prec;2;Spatially adjusted;0,232244897959184;-5,63284269770338;5,35222672098735;-12,4355303296315
EBA;Prec;2;Spatially adjusted;0,252448979591837;-5,52713927459809;5,58704083162911;-11,6230106318326
EBA;Prec;2;Spatially adjusted;0,27265306122449;-5,44518462224733;5,86443327056668;-10,8663879205442
EBA;Prec;2;Spatially adjusted;0,292857142857143;-5,38895780488201;6,18795223182451;-10,170320277975
EBA;Prec;2;Spatially adjusted;0,313061224489796;-5,36043788673214;6,56114590942707;-9,5394657863344
EBA;Prec;2;Spatially adjusted;0,333265306122449;-5,3616039320259;6,98756249739881;-8,97848252783115
EBA;Prec;2;Spatially adjusted;0,353469387755102;-5,39363662495771;7,46946517502329;-8,49122877069294
EBA;Prec;2;Spatially adjusted;0,373673469387755;-5,45452312957195;8,00397706261947;-8,07836352721643
EBA;Prec;2;Spatially adjusted;0,393877551020408;-5,54145222987927;8,58693626576451;-7,73974599571739
EBA;Prec;2;Spatially adjusted;0,414081632653061;-5,65161270988801;9,21418089003555;-7,47523537450979
EBA;Prec;2;Spatially adjusted;0,434285714285714;-5,78219335360745;9,88154904101066;-7,28469086190944
EBA;Prec;2;Spatially adjusted;0,454489795918367;-5,93038294504686;10,5848788242665;-7,16797165623166
EBA;Prec;2;Spatially adjusted;0,47469387755102;-6,09337026821595;11,3200083453812;-7,12493695579042
EBA;Prec;2;Spatially adjusted;0,494897959183674;-6,26834410712354;12,0827757099314;-7,15544595890151
EBA;Prec;2;Spatially adjusted;0,515102040816327;-6,4524932457789;12,8690190234952;-7,25935786387981
EBA;Prec;2;Spatially adjusted;0,53530612244898;-6,64300646819129;13,6745763916497;-7,43653186904021
EBA;Prec;2;Spatially adjusted;0,555510204081633;-6,83707255836998;14,4952859199725;-7,68682717269758
EBA;Prec;2;Spatially adjusted;0,575714285714286;-7,03188030032379;15,3269857140408;-8,0101029731677
EBA;Prec;2;Spatially adjusted;0,595918367346939;-7,22461847806198;16,1655138794317;-8,40621846876456
EBA;Prec;2;Spatially adjusted;0,616122448979592;-7,41247587559383;17,0067085217238;-8,87503285780394
EBA;Prec;2;Spatially adjusted;0,636326530612245;-7,59264127692859;17,8464077464932;-9,41640533860073
EBA;Prec;2;Spatially adjusted;0,656530612244898;-7,76230346607599;18,6804496593181;-10,0301951094693
EBA;Prec;2;Spatially adjusted;0,676734693877551;-7,91865122704485;19,5046723657752;-10,7162613687256
EBA;Prec;2;Spatially adjusted;0,696938775510204;-8,05950985530262;20,3157532569799;-11,4737353682285
EBA;Prec;2;Spatially adjusted;0,717142857142857;-8,18525069215184;21,1137268661932;-12,2988365740152
EBA;Prec;2;Spatially adjusted;0,73734693877551;-8,29688159035277;21,8994670122161;-13,1870565056665
EBA;Prec;2;Spatially adjusted;0,757551020408163;-8,39541040266659;22,6738475138473;-14,1338866827628
EBA;Prec;2;Spatially adjusted;0,777755102040816;-8,48184498185265;23,4377421898853;-15,1348186248865
EBA;Prec;2;Spatially adjusted;0,797959183673469;-8,55719318067258;24,1920248591309;-16,1853438516177
EBA;Prec;2;Spatially adjusted;0,818163265306122;-8,62246285188667;24,9375693403827;-17,2809538825381
EBA;Prec;2;Spatially adjusted;0,838367346938776;-8,67866184825607;25,6752494524399;-18,417140237229
EBA;Prec;2;Spatially adjusted;0,858571428571429;-8,7267980225397;26,4059390141024;-19,5893944352706
EBA;Prec;2;Spatially adjusted;0,878775510204082;-8,76787922749918;27,1305118441692;-20,7932079962443
EBA;Prec;2;Spatially adjusted;0,898979591836735;-8,8029133158966;27,8498417614396;-22,0240724397318
EBA;Prec;2;Spatially adjusted;0,919183673469388;-8,83290814048996;28,5648025847131;-23,2774792853134
EBA;Prec;2;Spatially adjusted;0,939387755102041;-8,85887155404089;29,2762681327895;-24,5489200525713
EBA;Prec;2;Spatially adjusted;0,959591836734694;-8,8818114093101;29,9851122244677;-25,8338862610849
EBA;Prec;2;Spatially adjusted;0,979795918367347;-8,90273555905878;30,6922086785467;-27,1278694304374
EBA;Prec;2;Spatially adjusted;1;-8,9226518560472;31,3984313138267;-28,4263610802077
EBA;Prec;2;Current landscape;0,0265962909907103;377,353827546777;331,402219013852;147,206048710369
EBA;Prec;2;Current landscape;0,0781057849526405;289,564217956645;220,870809036956;88,8678129350606
EBA;Prec;2;Current landscape;0,12392046302557;230,371940598831;119,830566655748;-49,7906035457427
EBA;Prec;2;Current landscape;0,176667273044586;293,156858946207;196,716266677929;34,1709773221764
EBA;Prec;2;Current landscape;0,227580100297928;308,320242699054;215,931824351881;37,5974663184797
EBA;Prec;2;Current landscape;0,276326224207878;228,574448416761;113,362413795796;-25,3831097008761
EBA;Prec;2;Current landscape;0,328098863363266;189,234344589954;120,216779769503;-62,0082956860224
EBA;Prec;2;Current landscape;0,375319570302963;266,484337408609;227,408654680336;21,5241633846103
EBA;Prec;2;Current landscape;0,426968961954117;355,078584148156;277,945557981311;48,5885547558278
EBA;Prec;2;Current landscape;0,477020815014839;275,049068791143;219,846042006903;14,4785907331511
EBA;Prec;2;Current landscape;0,52250736951828;227,934324535617;182,762950956604;52,8727249569774
EBA;Prec;2;Current landscape;0,574129462242127;188,038156298568;145,780800032409;5,05748498992989
EBA;Prec;2;Current landscape;0,624425768852234;255,131608428492;217,936394483017;90,0031789999553
EBA;Prec;2;Current landscape;0,67539769411087;189,446863378076;180,115286777122;89,6701802023054
EBA;Prec;2;Current landscape;0,728148460388184;358,921265500148;267,108403662406;122,347183434282
EBA;Prec;2;Current landscape;0,775038987398148;247,245669670954;183,758207666116;52,5444469740637
EBA;Prec;2;Current landscape;0,825382709503174;251,012800549019;232,495081370005;138,469484048071
EBA;Prec;2;Current landscape;0,872056603431702;219,2225982245;98,9611995086907;-18,9101790078535
EBA;Prec;2;Current landscape;0,922850668430328;260,699981688645;138,260777258892;45,8234990383148
EBA;Prec;2;Current landscape;1;285,481442622386;174,026967051376;74,6452014953334
EBA;Prec;3;Spatially adjusted;0,01;0,320634699633501;9,22319979060285;-9,90923423558024
EBA;Prec;3;Spatially adjusted;0,0302040816326531;-0,190878658331712;9,09850047314694;-10,1771133756374
EBA;Prec;3;Spatially adjusted;0,0504081632653061;-0,7016377219893;8,97555553548682;-10,4406908199012
EBA;Prec;3;Spatially adjusted;0,0706122448979592;-1,21088819703346;8,85611935741918;-10,6956648725773
EBA;Prec;3;Spatially adjusted;0,0908163265306122;-1,7178757891561;8,74194631874025;-10,9377338378713
EBA;Prec;3;Spatially adjusted;0,111020408163265;-2,22184620405096;8,63479079924537;-11,1625960199904
EBA;Prec;3;Spatially adjusted;0,131224489795918;-2,72204514741043;8,53640717873168;-11,3659497231406
EBA;Prec;3;Spatially adjusted;0,151428571428571;-3,21771832492823;8,44854983699543;-11,5434932515273
EBA;Prec;3;Spatially adjusted;0,171632653061224;-3,70811144229629;8,37297315383194;-11,6909249093578
EBA;Prec;3;Spatially adjusted;0,191836734693878;-4,1924702052097;8,3114315090379;-11,8039430008375
EBA;Prec;3;Spatially adjusted;0,212040816326531;-4,67004031935858;8,26567928240911;-11,8782458301725
EBA;Prec;3;Spatially adjusted;0,232244897959184;-5,14006749043801;8,23747085374225;-11,9095317015699
EBA;Prec;3;Spatially adjusted;0,252448979591837;-5,60179742414084;8,22856060283311;-11,8934989192348
EBA;Prec;3;Spatially adjusted;0,27265306122449;-6,05447582615943;8,24070290947793;-11,825845787374
EBA;Prec;3;Spatially adjusted;0,292857142857143;-6,49734840218662;8,27565215347295;-11,7022706101934
EBA;Prec;3;Spatially adjusted;0,313061224489796;-6,92966085791477;8,3351627146144;-11,5184716918993
EBA;Prec;3;Spatially adjusted;0,333265306122449;-7,35065889903899;8,42098897269807;-11,2701473366978
EBA;Prec;3;Spatially adjusted;0,353469387755102;-7,75940934599657;8,53461943120374;-10,95601584819
EBA;Prec;3;Spatially adjusted;0,373673469387755;-8,15426347821131;8,67647908834215;-10,5868755275587
EBA;Prec;3;Spatially adjusted;0,393877551020408;-8,53339368985235;8,8467270660085;-10,1765446753798
EBA;Prec;3;Spatially adjusted;0,414081632653061;-8,89497237508931;9,04552248609707;-9,73884159223098
EBA;Prec;3;Spatially adjusted;0,434285714285714;-9,23717192808999;9,27302447050124;-9,28758457868935
EBA;Prec;3;Spatially adjusted;0,454489795918367;-9,55816474302583;9,52939214111711;-8,83659193533231
EBA;Prec;3;Spatially adjusted;0,47469387755102;-9,85612321406506;9,81478461983716;-8,39968196273549
EBA;Prec;3;Spatially adjusted;0,494897959183674;-10,1292197353764;10,1293610285579;-7,99067296147723
EBA;Prec;3;Spatially adjusted;0,515102040816327;-10,3756267011295;10,4732804891719;-7,62338323213407
EBA;Prec;3;Spatially adjusted;0,53530612244898;-10,5935165054934;10,8467021235747;-7,31163107528346
EBA;Prec;3;Spatially adjusted;0,555510204081633;-10,7810615426374;11,2497850536602;-7,06923479150191
EBA;Prec;3;Spatially adjusted;0,575714285714286;-10,9364342067311;11,6826884013235;-6,91001268136688
EBA;Prec;3;Spatially adjusted;0,595918367346939;-11,0578068919431;12,1455712884585;-6,8477830454558
EBA;Prec;3;Spatially adjusted;0,616122448979592;-11,1433519924431;12,6385928369596;-6,89636418434429
EBA;Prec;3;Spatially adjusted;0,636326530612245;-11,1912419024006;13,1619121687213;-7,06957439861071
EBA;Prec;3;Spatially adjusted;0,656530612244898;-11,1996490159845;13,715688405638;-7,3812319888325
EBA;Prec;3;Spatially adjusted;0,676734693877551;-11,1667457273629;14,3000806696045;-7,84515525558481
EBA;Prec;3;Spatially adjusted;0,696938775510204;-11,0914583859294;14,914900987731;-8,47112940792249
EBA;Prec;3;Spatially adjusted;0,717142857142857;-10,9757291619626;15,558573007992;-9,25280728879898
EBA;Prec;3;Spatially adjusted;0,73734693877551;-10,8222541809655;16,2291732835788;-10,1798086496456
EBA;Prec;3;Spatially adjusted;0,757551020408163;-10,6337295684393;16,9247783676833;-11,2417532418931
EBA;Prec;3;Spatially adjusted;0,777755102040816;-10,4128514498861;17,643464813495;-12,4282608169724
EBA;Prec;3;Spatially adjusted;0,797959183673469;-10,1623159508094;18,3833091742058;-13,7289511263139
EBA;Prec;3;Spatially adjusted;0,818163265306122;-9,88481919671085;19,142388003007;-15,1334439213483
EBA;Prec;3;Spatially adjusted;0,838367346938776;-9,58305731309201;19,9187778530886;-16,6313589535062
EBA;Prec;3;Spatially adjusted;0,858571428571429;-9,25972642545685;20,7105552776425;-18,2123159742187
EBA;Prec;3;Spatially adjusted;0,878775510204082;-8,91752265930518;21,5157968298595;-19,8659347349158
EBA;Prec;3;Spatially adjusted;0,898979591836735;-8,55914214014047;22,3325790629301;-21,5818349870287
EBA;Prec;3;Spatially adjusted;0,919183673469388;-8,18728099346481;23,1589785300457;-23,3496364819885
EBA;Prec;3;Spatially adjusted;0,939387755102041;-7,80463534478031;23,9930717843977;-25,1589589712253
EBA;Prec;3;Spatially adjusted;0,959591836734694;-7,41390131958951;24,8329353791764;-26,99942220617
EBA;Prec;3;Spatially adjusted;0,979795918367347;-7,01777504339452;25,6766458675729;-28,8606459382531
EBA;Prec;3;Spatially adjusted;1;-6,61895264169607;26,522279802778;-30,7322499189058
EBA;Prec;3;Current landscape;0,0303291194140911;355,06458981789;314,816148816465;213,724288322017
EBA;Prec;3;Current landscape;0,0788705870509148;333,638768993416;280,414212842535;69,7484198715961
EBA;Prec;3;Current landscape;0,124809511005879;200,848053452971;97,9324191692972;-46,7145373022518
EBA;Prec;3;Current landscape;0,174491666257381;219,014290064098;102,335642407585;-57,6340208989536
EBA;Prec;3;Current landscape;0,222810313105583;287,258099819421;185,117696282688;17,7440003784996
EBA;Prec;3;Current landscape;0,276084780693054;330,916768418908;173,85418271321;-19,2064650239809
EBA;Prec;3;Current landscape;0,328587532043457;257,940271720702;155,184029754111;-15,3772361571159
EBA;Prec;3;Current landscape;0,371859312057495;293,804826056804;194,866386479113;-23,7932671694798
EBA;Prec;3;Current landscape;0,425581350922585;261,650665248369;159,600117273511;-42,891321662612
EBA;Prec;3;Current landscape;0,476348638534546;296,418795852212;246,91402610061;11,4028922004691
EBA;Prec;3;Current landscape;0,523478090763092;297,446457727537;265,675254524225;65,7839338767453
EBA;Prec;3;Current landscape;0,576474636793137;354,13193704118;260,414753789068;94,7886883137508
EBA;Prec;3;Current landscape;0,622934460639954;319,619187494816;234,80444537779;99,1097185241429
EBA;Prec;3;Current landscape;0,672623664140702;284,539883233896;204,827270543542;51,3533842546908
EBA;Prec;3;Current landscape;0,723249018192291;241,83282895574;201,061312975669;28,2541615598411
EBA;Prec;3;Current landscape;0,776329010725021;281,676927253894;246,282698139839;107,987867135689
EBA;Prec;3;Current landscape;0,824587434530259;289,092922909418;149,848229305196;102,468353554034
EBA;Prec;3;Current landscape;0,875839233398438;244,192262166536;151,497242902941;40,7562515073696
EBA;Prec;3;Current landscape;0,930239975452423;150,995286564052;90,6164402868214;-26,4700831516916
EBA;Prec;3;Current landscape;1;241,127079488774;208,216933200865;50,7669321158164
EBA;Prec;4;Spatially adjusted;0,01;2,36027272950014;9,75467244560059;-5,06998730616169
EBA;Prec;4;Spatially adjusted;0,0302040816326531;1,38720820871595;8,94791479341302;-4,69933414050047
EBA;Prec;4;Spatially adjusted;0,0504081632653061;0,416780415268931;8,14964341709174;-4,33131246753374
EBA;Prec;4;Spatially adjusted;0,0706122448979592;-0,548373923503277;7,36834459250304;-3,96855377995644
EBA;Prec;4;Spatially adjusted;0,0908163265306122;-1,50561808026396;6,61250459551275;-3,61368957046443
EBA;Prec;4;Spatially adjusted;0,111020408163265;-2,45231532767684;5,89060970198716;-3,26935133175175
EBA;Prec;4;Spatially adjusted;0,131224489795918;-3,38582893840339;5,21114618779257;-2,93817055651334
EBA;Prec;4;Spatially adjusted;0,151428571428571;-4,30352218510598;4,58260032879525;-2,62277873744415
EBA;Prec;4;Spatially adjusted;0,171632653061224;-5,20275834044969;4,01345840086151;-2,32580736723958
EBA;Prec;4;Spatially adjusted;0,191836734693878;-6,080900677096;3,51220667985808;-2,04988793859411
EBA;Prec;4;Spatially adjusted;0,212040816326531;-6,93531246770726;3,08733144164989;-1,79765194420179
EBA;Prec;4;Spatially adjusted;0,232244897959184;-7,76335698494722;2,74731896210369;-1,57173087675892
EBA;Prec;4;Spatially adjusted;0,252448979591837;-8,56239750147779;2,50065551708576;-1,37475622896
EBA;Prec;4;Spatially adjusted;0,27265306122449;-9,32979728996315;2,35582738246239;-1,20935949349905
EBA;Prec;4;Spatially adjusted;0,292857142857143;-10,0629196230643;2,32132083409988;-1,07817216307194
EBA;Prec;4;Spatially adjusted;0,313061224489796;-10,7591277734455;2,40562214786451;-0,98382573037361
EBA;Prec;4;Spatially adjusted;0,333265306122449;-11,4157850137699;2,61721759962165;-0,928951688098095
EBA;Prec;4;Spatially adjusted;0,353469387755102;-12,0308897246537;2,96119007129028;-0,916071156001635
EBA;Prec;4;Spatially adjusted;0,373673469387755;-12,6049807185345;3,42900886899315;-0,947263762084731
EBA;Prec;4;Spatially adjusted;0,393877551020408;-13,139231915804;4,00873990490709;-1,02449876140827
EBA;Prec;4;Spatially adjusted;0,414081632653061;-13,6348172368544;4,68844909120753;-1,14974540903268
EBA;Prec;4;Spatially adjusted;0,434285714285714;-14,0929106020781;5,45620234006947;-1,32497296002066
EBA;Prec;4;Spatially adjusted;0,454489795918367;-14,5146859318652;6,30006556366971;-1,55215066943174
EBA;Prec;4;Spatially adjusted;0,47469387755102;-14,9013171466077;7,20810467418278;-1,83324779232771
EBA;Prec;4;Spatially adjusted;0,494897959183674;-15,2539781666987;8,16838558378504;-2,17023358376991
EBA;Prec;4;Spatially adjusted;0,515102040816327;-15,573842912529;9,16897420465148;-2,56507729881923
EBA;Prec;4;Spatially adjusted;0,53530612244898;-15,8620853044899;10,197936448958;-3,01974819253655
EBA;Prec;4;Spatially adjusted;0,555510204081633;-16,1198792629743;11,2433382288809;-3,53621551998367
EBA;Prec;4;Spatially adjusted;0,575714285714286;-16,3483987083741;12,2932454565948;-4,11644853622147
EBA;Prec;4;Spatially adjusted;0,595918367346939;-16,5488175610794;13,3357240442765;-4,76241649630993
EBA;Prec;4;Spatially adjusted;0,616122448979592;-16,722309741484;14,3588399041009;-5,47608865531174
EBA;Prec;4;Spatially adjusted;0,636326530612245;-16,8700491699783;15,3506589482436;-6,2594342682869
EBA;Prec;4;Spatially adjusted;0,656530612244898;-16,9932097669544;16,2992470888803;-7,11442259029764
EBA;Prec;4;Spatially adjusted;0,676734693877551;-17,0929654528036;17,192670238187;-8,04302287640394
EBA;Prec;4;Spatially adjusted;0,696938775510204;-17,1705260673402;18,0216822717175;-9,04608886812457
EBA;Prec;4;Spatially adjusted;0,717142857142857;-17,2272451280633;18,7877889185411;-10,1200122528053
EBA;Prec;4;Spatially adjusted;0,73734693877551;-17,2645120718935;19,495183871104;-11,2600692042479
EBA;Prec;4;Spatially adjusted;0,757551020408163;-17,2837163357526;20,148060821854;-12,4615358962565
EBA;Prec;4;Spatially adjusted;0,777755102040816;-17,2862473565597;20,7506134632386;-13,7196885026328
EBA;Prec;4;Spatially adjusted;0,797959183673469;-17,2734945712373;21,3070354877041;-15,0298031971793
EBA;Prec;4;Spatially adjusted;0,818163265306122;-17,2468474167054;21,8215205876977;-16,3871561536994
EBA;Prec;4;Spatially adjusted;0,838367346938776;-17,2076953298856;22,2982624556671;-17,787023545995
EBA;Prec;4;Spatially adjusted;0,858571428571429;-17,1574277476989;22,741454784059;-19,2246815478698
EBA;Prec;4;Spatially adjusted;0,878775510204082;-17,0974341070646;23,1552912653215;-20,6954063331259
EBA;Prec;4;Spatially adjusted;0,898979591836735;-17,0291038449063;23,5439655919004;-22,1944740755653
EBA;Prec;4;Spatially adjusted;0,919183673469388;-16,9538263981426;23,9116714562433;-23,7171609489919
EBA;Prec;4;Spatially adjusted;0,939387755102041;-16,8729912036956;24,262602550798;-25,2587431272073
EBA;Prec;4;Spatially adjusted;0,959591836734694;-16,7879876984862;24,6009525680111;-26,8144967840149
EBA;Prec;4;Spatially adjusted;0,979795918367347;-16,7002053194333;24,9309152003302;-28,3796980932175
EBA;Prec;4;Spatially adjusted;1;-16,6110335034614;25,2566841402017;-29,9496232286169
EBA;Prec;4;Current landscape;0,0285034291446209;413,651277726998;346,395057365626;234,58570213322
EBA;Prec;4;Current landscape;0,0749285966157913;286,892049748942;225,924067564733;74,6015694894504
EBA;Prec;4;Current landscape;0,126518428325653;203,029587263957;154,287566088513;9,31956620251776
EBA;Prec;4;Current landscape;0,170660823583603;324,486659468392;271,202876427408;94,9328069910253
EBA;Prec;4;Current landscape;0,225524052977562;358,073383500768;260,866721228163;73,4343277336916
EBA;Prec;4;Current landscape;0,274958103895187;314,297979972209;210,943231234439;10,8327172418512
EBA;Prec;4;Current landscape;0,325394630432129;301,429257449748;263,611265658115;93,9012491454687
EBA;Prec;4;Current landscape;0,374588936567307;242,507354148918;181,915982589124;79,9347823086937
EBA;Prec;4;Current landscape;0,424229979515076;269,269914110704;199,661843422005;13,7870211375612
EBA;Prec;4;Current landscape;0,474708944559097;319,771246120981;188,667567718788;69,2665924998005
EBA;Prec;4;Current landscape;0,522707879543304;287,508457472983;255,161276561459;69,7534656497387
EBA;Prec;4;Current landscape;0,575565278530121;208,109869609486;157,591999230486;0,146071374973417
EBA;Prec;4;Current landscape;0,624073922634125;227,073273466917;145,576894565051;-14,1574581787499
EBA;Prec;4;Current landscape;0,675634205341339;179,922832144998;152,710283467273;6,71334669793441
EBA;Prec;4;Current landscape;0,725239157676697;249,591016986995;267,185147551685;77,1344411818973
EBA;Prec;4;Current landscape;0,775449752807618;232,695566359472;174,338984660782;28,7903107546977
EBA;Prec;4;Current landscape;0,826644331216812;157,041407516801;185,217863880787;34,8372630947411
EBA;Prec;4;Current landscape;0,876614451408386;243,754248064842;204,064791739405;97,5643205903334
EBA;Prec;4;Current landscape;0,924034178256989;229,790293693219;113,84564043906;27,721733690993
EBA;Prec;4;Current landscape;1;285,202798903002;119,16994916997;23,5767530416697
EBA;Prec;5;Spatially adjusted;0,01;4,19726194596069;2,83181484441866;-8,07875001024104
EBA;Prec;5;Spatially adjusted;0,0302040816326531;3,62352662042213;3,08273035984757;-8,51115406646977
EBA;Prec;5;Spatially adjusted;0,0504081632653061;3,04882251507161;3,33520840224537;-8,93975084010253
EBA;Prec;5;Spatially adjusted;0,0706122448979592;2,47218085009763;3,5908114985823;-9,36073304854426
EBA;Prec;5;Spatially adjusted;0,0908163265306122;1,89263284568642;3,85110217582678;-9,77029340919853
EBA;Prec;5;Spatially adjusted;0,111020408163265;1,30920972202739;4,11764296094907;-10,1646246394689
EBA;Prec;5;Spatially adjusted;0,131224489795918;0,72094269930767;4,39199638091804;-10,5399194567608
EBA;Prec;5;Spatially adjusted;0,151428571428571;0,126862997716216;4,67572496270259;-10,8923705784782
EBA;Prec;5;Spatially adjusted;0,171632653061224;-0,473998162560292;4,97039123327295;-11,2181707220252
EBA;Prec;5;Spatially adjusted;0,191836734693878;-1,08260956133336;5,27755771959755;-11,5135126048053
EBA;Prec;5;Spatially adjusted;0,212040816326531;-1,69993997841493;5,5987869486471;-11,774588944224
EBA;Prec;5;Spatially adjusted;0,232244897959184;-2,32695819361652;5,93564144738957;-11,9975924576847
EBA;Prec;5;Spatially adjusted;0,252448979591837;-2,96463298675189;6,28968374279475;-12,1787158625916
EBA;Prec;5;Spatially adjusted;0,27265306122449;-3,61393313763119;6,66247636183152;-12,3141518763491
EBA;Prec;5;Spatially adjusted;0,292857142857143;-4,27582742606819;7,05558183147014;-12,4000932163613
EBA;Prec;5;Spatially adjusted;0,313061224489796;-4,95128463187393;7,47056267867947;-12,432732600033
EBA;Prec;5;Spatially adjusted;0,333265306122449;-5,64127353486038;7,90898143042932;-12,4082627447674
EBA;Prec;5;Spatially adjusted;0,353469387755102;-6,34515962198839;8,37139458418415;-12,3251684810916
EBA;Prec;5;Spatially adjusted;0,373673469387755;-7,05589520880949;8,85433451939434;-12,191103092021
EBA;Prec;5;Spatially adjusted;0,393877551020408;-7,76482931802548;9,35332758600589;-12,0160119736915
EBA;Prec;5;Spatially adjusted;0,414081632653061;-8,46331097233497;9,86390013396567;-11,8098405222427
EBA;Prec;5;Spatially adjusted;0,434285714285714;-9,14268919444112;10,3815785132178;-11,58253413381
EBA;Prec;5;Spatially adjusted;0,454489795918367;-9,79431300704118;10,9018890737093;-11,3440382045319
EBA;Prec;5;Spatially adjusted;0,47469387755102;-10,4095314328388;11,4203581653865;-11,1042981305445
EBA;Prec;5;Spatially adjusted;0,494897959183674;-10,9796934945321;11,9325121381949;-10,8732593079862
EBA;Prec;5;Spatially adjusted;0,515102040816327;-11,4961482148228;12,4338773420805;-10,6608671329946
EBA;Prec;5;Spatially adjusted;0,53530612244898;-11,9502446164106;12,9199801269888;-10,477067001706
EBA;Prec;5;Spatially adjusted;0,555510204081633;-12,3333317219976;13,3863468428663;-10,3318043102581
EBA;Prec;5;Spatially adjusted;0,575714285714286;-12,6367585542826;13,8285038396589;-10,2350244547888
EBA;Prec;5;Spatially adjusted;0,595918367346939;-12,8518741359667;14,2419774673131;-10,1966728314346
EBA;Prec;5;Spatially adjusted;0,616122448979592;-12,9700274897509;14,6222940757739;-10,226694836334
EBA;Prec;5;Spatially adjusted;0,636326530612245;-12,9825676383348;14,9649800149882;-10,335035865623
EBA;Prec;5;Spatially adjusted;0,656530612244898;-12,8808436044192;15,2655616349007;-10,5316413154396
EBA;Prec;5;Spatially adjusted;0,676734693877551;-12,656204410705;15,5195652854591;-10,8264565819209
EBA;Prec;5;Spatially adjusted;0,696938775510204;-12,3028113900364;15,7237947126523;-11,2266428783819
EBA;Prec;5;Spatially adjusted;0,717142857142857;-11,8260751158391;15,8801632466498;-11,7282246868449
EBA;Prec;5;Spatially adjusted;0,73734693877551;-11,2342184716804;15,9918616136642;-12,3244423065094
EBA;Prec;5;Spatially adjusted;0,757551020408163;-10,5354643411288;16,0620805399085;-13,0085360365761
EBA;Prec;5;Spatially adjusted;0,777755102040816;-9,73803560775423;16,0940107515967;-13,7737461762445
EBA;Prec;5;Spatially adjusted;0,797959183673469;-8,8501551551235;16,0908429749402;-14,613313024714
EBA;Prec;5;Spatially adjusted;0,818163265306122;-7,880045866807;16,0557679361541;-15,520476881185
EBA;Prec;5;Spatially adjusted;0,838367346938776;-6,83593062637237;15,9919763614498;-16,4884780448579
EBA;Prec;5;Spatially adjusted;0,858571428571429;-5,72603231738913;15,902658977041;-17,5105568149311
EBA;Prec;5;Spatially adjusted;0,878775510204082;-4,55857382342447;15,7910065091405;-18,579953490605
EBA;Prec;5;Spatially adjusted;0,898979591836735;-3,34177802804879;15,6602096839624;-19,6899083710805
EBA;Prec;5;Spatially adjusted;0,919183673469388;-2,08386781482932;15,5134592277182;-20,8336617555569
EBA;Prec;5;Spatially adjusted;0,939387755102041;-0,793066067335531;15,3539458666219;-22,0044539432333
EBA;Prec;5;Spatially adjusted;0,959591836734694;0,522404330863992;15,1848603268863;-23,19552523331
EBA;Prec;5;Spatially adjusted;0,979795918367347;1,85432049620158;15,0093933347248;-24,4001159249874
EBA;Prec;5;Spatially adjusted;1;3,19445954510729;14,83073561635;-25,6114663174649
EBA;Prec;5;Current landscape;0,0295516690239311;344,445778669122;317,759180612133;228,661978455432
EBA;Prec;5;Current landscape;0,0746193826198578;328,209650527168;240,892257764613;127,174309821939
EBA;Prec;5;Current landscape;0,127381920814514;168,898301372799;122,394951414903;-29,688477398769
EBA;Prec;5;Current landscape;0,174563646316528;303,197871051705;211,784700440111;52,2094313644711
EBA;Prec;5;Current landscape;0,224890932440758;268,467331525902;164,084554637821;-0,340491491166631
EBA;Prec;5;Current landscape;0,273686587810516;281,029711448788;193,990324118151;5,37906176689967
EBA;Prec;5;Current landscape;0,324416548013687;297,933684151292;229,240167369975;5,46753985442638
EBA;Prec;5;Current landscape;0,374982908368111;361,77877284201;269,770243070622;87,4967149900167
EBA;Prec;5;Current landscape;0,425143271684647;225,588378833697;140,504187196276;-34,846233213379
EBA;Prec;5;Current landscape;0,478804558515549;313,672205550521;260,167504349022;14,3430031716603
EBA;Prec;5;Current landscape;0,527753829956055;243,605236250893;190,901155251759;-2,25331174087569
EBA;Prec;5;Current landscape;0,576105296611786;277,747038916291;242,33841659291;1,95779876198412
EBA;Prec;5;Current landscape;0,623595714569092;349,398274952585;238,034133577807;37,4939556614349
EBA;Prec;5;Current landscape;0,675498336553574;350,605482294625;266,075895005787;68,1167937279984
EBA;Prec;5;Current landscape;0,719449192285538;342,371653797897;270,221152545947;90,385720685957
EBA;Prec;5;Current landscape;0,774189352989197;289,908641825718;196,843568415639;113,061307929152
EBA;Prec;5;Current landscape;0,826797693967819;233,962201660492;131,201578908379;89,5436892236553
EBA;Prec;5;Current landscape;0,874562293291092;263,06227373768;109,886941052821;85,1301128057435
EBA;Prec;5;Current landscape;0,928386867046356;177,078948850656;76,2669598891571;24,3539802505516
EBA;Prec;5;Current landscape;1;345,703803045052;145,4210234677;22,4378880017343
EBA;Prec;6;Spatially adjusted;0,01;8,23655884227856;3,96076985746186;-12,4649813454021
EBA;Prec;6;Spatially adjusted;0,0302040816326531;6,8833315017323;3,85049179177895;-11,3430212304006
EBA;Prec;6;Spatially adjusted;0,0504081632653061;5,5393123484987;3,74026134402038;-10,2285583155121
EBA;Prec;6;Spatially adjusted;0,0706122448979592;4,2137095698904;3,63012613211095;-9,12908980085058
EBA;Prec;6;Spatially adjusted;0,0908163265306122;2,91573135321914;3,52013377397498;-8,05211288652936
EBA;Prec;6;Spatially adjusted;0,111020408163265;1,65458588579759;3,41033188753727;-7,00512477266102
EBA;Prec;6;Spatially adjusted;0,131224489795918;0,439481354939289;3,3007680907217;-5,99562265935992
EBA;Prec;6;Spatially adjusted;0,151428571428571;-0,720374052044463;3,19149000145262;-5,03110374673815
EBA;Prec;6;Spatially adjusted;0,171632653061224;-1,81577214784056;3,08254523765572;-4,11906523491007
EBA;Prec;6;Spatially adjusted;0,191836734693878;-2,83750474513727;2,97398141725444;-3,26700432398911
EBA;Prec;6;Spatially adjusted;0,212040816326531;-3,77636365662102;2,86584615817401;-2,48241821408783
EBA;Prec;6;Spatially adjusted;0,232244897959184;-4,62314069498007;2,75818707833832;-1,77280410532012
EBA;Prec;6;Spatially adjusted;0,252448979591837;-5,36862767290131;2,65105179567217;-1,14565919779898
EBA;Prec;6;Spatially adjusted;0,27265306122449;-6,00361640307301;2,5444879280999;-0,608480691638306
EBA;Prec;6;Spatially adjusted;0,292857142857143;-6,51889869818206;2,43854309354538;-0,168765786951099
EBA;Prec;6;Spatially adjusted;0,313061224489796;-6,90526637091625;2,33326490993477;0,165988316150106
EBA;Prec;6;Spatially adjusted;0,333265306122449;-7,15351123396295;2,2287009951915;0,38828441755004
EBA;Prec;6;Spatially adjusted;0,353469387755102;-7,25874630718181;2,12594938456641;0,492760235943479
EBA;Prec;6;Spatially adjusted;0,373673469387755;-7,23336943911909;2,03030978261859;0,482593165245362
EBA;Prec;6;Spatially adjusted;0,393877551020408;-7,09409968549289;1,9481323112318;0,363095518178397
EBA;Prec;6;Spatially adjusted;0,414081632653061;-6,85765610202225;1,8857670922921;0,139579607465294
EBA;Prec;6;Spatially adjusted;0,434285714285714;-6,54075774442481;1,8495642476837;-0,182642254171697
EBA;Prec;6;Spatially adjusted;0,454489795918367;-6,16012366841824;1,84587389929129;-0,598257754010774
EBA;Prec;6;Spatially adjusted;0,47469387755102;-5,73247292972201;1,88104616900046;-1,10195457932878
EBA;Prec;6;Spatially adjusted;0,494897959183674;-5,27452458405423;1,96143117869542;-1,68842041740436
EBA;Prec;6;Spatially adjusted;0,515102040816327;-4,80299768713303;2,09337905026132;-2,35234295551436
EBA;Prec;6;Spatially adjusted;0,53530612244898;-4,33461129467696;2,28323990558238;-3,08840988093698
EBA;Prec;6;Spatially adjusted;0,555510204081633;-3,88608446240369;2,53736386654418;-3,89130888094905
EBA;Prec;6;Spatially adjusted;0,575714285714286;-3,47413624603223;2,86210105503187;-4,75572764282879
EBA;Prec;6;Spatially adjusted;0,595918367346939;-3,11548570128025;3,26380159292967;-5,67635385385347
EBA;Prec;6;Spatially adjusted;0,616122448979592;-2,82685188386677;3,7488156021227;-6,6478752013013
EBA;Prec;6;Spatially adjusted;0,636326530612245;-2,62495384950944;4,32349320449566;-7,66497937244958
EBA;Prec;6;Spatially adjusted;0,656530612244898;-2,52651065392729;4,99418452193322;-8,72235405457604
EBA;Prec;6;Spatially adjusted;0,676734693877551;-2,54824135283752;5,76723967632142;-9,81468693495844
EBA;Prec;6;Spatially adjusted;0,696938775510204;-2,70265252444187;6,64681799882465;-10,9372422750203
EBA;Prec;6;Spatially adjusted;0,717142857142857;-2,9854008368693;7,62831565773604;-12,0875906327697
EBA;Prec;6;Spatially adjusted;0,73734693877551;-3,38793048073148;8,70493803062755;-13,263879140361
EBA;Prec;6;Spatially adjusted;0,757551020408163;-3,901685646641;9,86989049507201;-14,4642549299483
EBA;Prec;6;Spatially adjusted;0,777755102040816;-4,51811052520861;11,1163784286427;-15,6868651336854
EBA;Prec;6;Spatially adjusted;0,797959183673469;-5,22864930704691;12,4376072089117;-16,9298568837266
EBA;Prec;6;Spatially adjusted;0,818163265306122;-6,02474618276619;13,826782213453;-18,1913773122265
EBA;Prec;6;Spatially adjusted;0,838367346938776;-6,89784534298133;15,2771088198383;-19,4695735513392
EBA;Prec;6;Spatially adjusted;0,858571428571429;-7,83939097830034;16,7817924056412;-20,7625927332183
EBA;Prec;6;Spatially adjusted;0,878775510204082;-8,8408272793381;18,3340383484342;-22,0685819900182
EBA;Prec;6;Spatially adjusted;0,898979591836735;-9,89359843670445;19,9270520257901;-23,3856884538932
EBA;Prec;6;Spatially adjusted;0,919183673469388;-10,989148641012;21,5540388152817;-24,7120592569977
EBA;Prec;6;Spatially adjusted;0,939387755102041;-12,1189220828715;23,2082040944824;-26,0458415314852
EBA;Prec;6;Spatially adjusted;0,959591836734694;-13,2743629528973;24,8827532409641;-27,3851824095104
EBA;Prec;6;Spatially adjusted;0,979795918367347;-14,4469154416988;26,5708916323006;-28,7282290232274
EBA;Prec;6;Spatially adjusted;1;-15,6280237398882;28,2658246460642;-30,0731285047905
EBA;Prec;6;Current landscape;0,0263970661908388;379,978602582527;324,956367780575;182,084480049913
EBA;Prec;6;Current landscape;0,0774748474359512;247,449322746607;156,85042753492;26,8586427976866
EBA;Prec;6;Current landscape;0,125256568193436;248,858064897536;196,73249776521;85,2625536856813
EBA;Prec;6;Current landscape;0,174443602561951;249,305249691462;159,879678393237;45,7595616376852
EBA;Prec;6;Current landscape;0,224488258361816;315,528314911846;214,480814052117;60,17885595389
EBA;Prec;6;Current landscape;0,274205178022385;357,690296250841;292,460694871294;155,882788584392
EBA;Prec;6;Current landscape;0,330900430679321;244,408350746089;181,25508222442;25,3659513197599
EBA;Prec;6;Current landscape;0,375160694122315;333,434849286463;197,871215999892;53,4253717578217
EBA;Prec;6;Current landscape;0,423284381628036;212,466661768688;139,108485717263;-37,5110104149844
EBA;Prec;6;Current landscape;0,477780163288116;289,456357758154;212,95391613119;28,3289454763781
EBA;Prec;6;Current landscape;0,525531470775604;198,971599629188;133,956154934528;-71,4604412236358
EBA;Prec;6;Current landscape;0,573189496994019;218,45935328918;160,445545425008;-15,6940508171288
EBA;Prec;6;Current landscape;0,624523043632507;234,420600587341;139,938917886231;44,0225358129178
EBA;Prec;6;Current landscape;0,675222247838974;238,229880995367;139,889328165735;-24,9470869975248
EBA;Prec;6;Current landscape;0,723957479000092;246,497480084812;199,53265432231;14,4548006562413
EBA;Prec;6;Current landscape;0,774409890174866;257,856463230767;193,552226823825;54,9794987767264
EBA;Prec;6;Current landscape;0,823131084442139;235,328203476048;129,941397270133;49,8953522063707
EBA;Prec;6;Current landscape;0,876747697591781;230,203040712039;113,469525399963;-17,2511994166794
EBA;Prec;6;Current landscape;0,924948573112488;290,157460410006;66,0086637986246;28,8052425259639
EBA;Prec;6;Current landscape;1;304,906578369025;101,529367723518;17,5513365296379
EBA;Prec;7;Spatially adjusted;0,01;-1,75188601003993;-4,33167099678712;-8,62535816912123
EBA;Prec;7;Spatially adjusted;0,0302040816326531;-1,83474664797586;-3,65744551376974;-8,49347545048522
EBA;Prec;7;Spatially adjusted;0,0504081632653061;-1,92068730930578;-2,98542961064368;-8,35922564907969
EBA;Prec;7;Spatially adjusted;0,0706122448979592;-2,01278801742137;-2,31783286730024;-8,22024168213511
EBA;Prec;7;Spatially adjusted;0,0908163265306122;-2,11412879571571;-1,65686486362983;-8,07415646688378
EBA;Prec;7;Spatially adjusted;0,111020408163265;-2,22778966758142;-1,00473517952332;-7,91860292055435
EBA;Prec;7;Spatially adjusted;0,131224489795918;-2,35685065641292;-0,363653394872927;-7,75121396037866
EBA;Prec;7;Spatially adjusted;0,151428571428571;-2,50439178560191;0,264170910430948;-7,56962250358674
EBA;Prec;7;Spatially adjusted;0,171632653061224;-2,67349307854101;0,876528156496988;-7,37146146740997
EBA;Prec;7;Spatially adjusted;0,191836734693878;-2,86723455862466;1,47120876343433;-7,15436376907883
EBA;Prec;7;Spatially adjusted;0,212040816326531;-3,088696249245;2,04600315135167;-6,91596232582424
EBA;Prec;7;Spatially adjusted;0,232244897959184;-3,34095817379557;2,59870174035814;-6,65389005487623
EBA;Prec;7;Spatially adjusted;0,252448979591837;-3,62710035566806;3,12709495056197;-6,36577987346664
EBA;Prec;7;Spatially adjusted;0,27265306122449;-3,950202818256;3,62897320207276;-6,04926469882457
EBA;Prec;7;Spatially adjusted;0,292857142857143;-4,31334558495337;4,10212691499964;-5,70197744818188
EBA;Prec;7;Spatially adjusted;0,313061224489796;-4,71960867915232;4,54434650945041;-5,32155103876858
EBA;Prec;7;Spatially adjusted;0,333265306122449;-5,17207212424592;4,95342240553509;-4,9056183878165
EBA;Prec;7;Spatially adjusted;0,353469387755102;-5,67202313524467;5,32869495654268;-4,45469811398061
EBA;Prec;7;Spatially adjusted;0,373673469387755;-6,21357769363112;5,67570424848736;-3,98085164162103
EBA;Prec;7;Spatially adjusted;0,393877551020408;-6,7890589725057;6,0015403005641;-3,4990260965219
EBA;Prec;7;Spatially adjusted;0,414081632653061;-7,39079014496883;6,31329313196738;-3,02416860446874
EBA;Prec;7;Spatially adjusted;0,434285714285714;-8,01109438411959;6,6180527618917;-2,57122629124615
EBA;Prec;7;Spatially adjusted;0,454489795918367;-8,64229486306022;6,92290920953201;-2,15514628263873
EBA;Prec;7;Spatially adjusted;0,47469387755102;-9,27671475488842;7,23495249408279;-1,79087570443153
EBA;Prec;7;Spatially adjusted;0,494897959183674;-9,90667723270599;7,56127263473945;-1,49336168240916
EBA;Prec;7;Spatially adjusted;0,515102040816327;-10,5245054696134;7,90895965069603;-1,27755134235667
EBA;Prec;7;Spatially adjusted;0,53530612244898;-11,1225226387096;8,28510356114748;-1,15839181005913
EBA;Prec;7;Spatially adjusted;0,555510204081633;-11,6930519130956;8,69679438528829;-1,15083021130113
EBA;Prec;7;Spatially adjusted;0,575714285714286;-12,2284164658718;9,15112214231385;-1,26981367186727
EBA;Prec;7;Spatially adjusted;0,595918367346939;-12,7209394701372;9,65517685141822;-1,53028931754307
EBA;Prec;7;Spatially adjusted;0,616122448979592;-13,1629440989936;10,2160485317963;-1,94720427411221
EBA;Prec;7;Spatially adjusted;0,636326530612245;-13,5467535255402;10,8408272026431;-2,53550566736067
EBA;Prec;7;Spatially adjusted;0,656530612244898;-13,8646909228769;11,5366028831531;-3,31014062307258
EBA;Prec;7;Spatially adjusted;0,676734693877551;-14,1090794641054;12,3104655925213;-4,28605626703302
EBA;Prec;7;Spatially adjusted;0,696938775510204;-14,2743678943393;13,167436419159;-5,47345616433313
EBA;Prec;7;Spatially adjusted;0,717142857142857;-14,3635072467519;14,1042607283457;-6,8635696372894
EBA;Prec;7;Spatially adjusted;0,73734693877551;-14,381574126533;15,1156149545795;-8,44288244752579
EBA;Prec;7;Spatially adjusted;0,757551020408163;-14,3336451388682;16,1961755323555;-10,1978803566635
EBA;Prec;7;Spatially adjusted;0,777755102040816;-14,2247968889469;17,3406188961712;-12,1150491263265
EBA;Prec;7;Spatially adjusted;0,797959183673469;-14,0601059819569;18,5436214805231;-14,180874518137
EBA;Prec;7;Spatially adjusted;0,818163265306122;-13,8446490230863;19,7998597199075;-16,3818422937188
EBA;Prec;7;Spatially adjusted;0,838367346938776;-13,5835026175232;21,1040100488226;-18,7044382146942
EBA;Prec;7;Spatially adjusted;0,858571428571429;-13,2817433704558;22,4507489017633;-21,1351480426861
EBA;Prec;7;Spatially adjusted;0,878775510204082;-12,9444478870714;23,8347527132269;-23,660457539318
EBA;Prec;7;Spatially adjusted;0,898979591836735;-12,576692772559;25,250697917711;-26,2668524662122
EBA;Prec;7;Spatially adjusted;0,919183673469388;-12,1835546321072;26,6932609497112;-28,940818584992
EBA;Prec;7;Spatially adjusted;0,939387755102041;-11,7701100709019;28,1571182437247;-31,6688416572802
EBA;Prec;7;Spatially adjusted;0,959591836734694;-11,3414356941335;29,6369462342477;-34,4374074446992
EBA;Prec;7;Spatially adjusted;0,979795918367347;-10,9026081069883;31,1274213557772;-37,2330017088725
EBA;Prec;7;Spatially adjusted;1;-10,458703914655;32,6232200428103;-40,0421102114228
EBA;Prec;7;Current landscape;0,0233826823532581;455,769504018682;370,507235484827;274,510191031348
EBA;Prec;7;Current landscape;0,0755026489496231;299,926690575612;204,593571067392;85,8475246807771
EBA;Prec;7;Current landscape;0,125607997179031;279,8787222686;201,564934564118;82,9007745464683
EBA;Prec;7;Current landscape;0,174018353223801;309,418102306658;171,308032708756;-9,59656144025985
EBA;Prec;7;Current landscape;0,225794047117233;337,768816315491;227,827014132585;49,3459717258065
EBA;Prec;7;Current landscape;0,275778204202652;388,028312240192;286,803460559108;95,6926057413866
EBA;Prec;7;Current landscape;0,327109098434448;244,273205860595;156,474041551039;-4,73413884023285
EBA;Prec;7;Current landscape;0,375181049108505;244,724806726981;168,016474466033;-23,087772506527
EBA;Prec;7;Current landscape;0,424476146697998;288,142076296895;199,933974363146;40,590894470703
EBA;Prec;7;Current landscape;0,476097986102104;223,652523520482;139,761985445837;-33,9139999583153
EBA;Prec;7;Current landscape;0,52367427945137;340,270685987249;249,076189584057;85,5834636898453
EBA;Prec;7;Current landscape;0,574569344520569;351,452008381552;212,543023422453;73,3519419278468
EBA;Prec;7;Current landscape;0,624649465084076;254,836909231613;174,406283131757;24,527353905482
EBA;Prec;7;Current landscape;0,673023581504822;260,707073595876;178,674333259705;17,8030144742697
EBA;Prec;7;Current landscape;0,725096464157104;255,152666898196;211,615617537166;6,00921041288393
EBA;Prec;7;Current landscape;0,773554027080536;292,968102169413;260,322919305299;67,3601849184993
EBA;Prec;7;Current landscape;0,826408624649048;204,450127658297;159,34980023808;71,9104934097927
EBA;Prec;7;Current landscape;0,877470970153809;195,706794490522;143,01301384884;-23,0363617818375
EBA;Prec;7;Current landscape;0,927780389785767;156,63088675139;89,930467916683;-77,5157818277189
EBA;Prec;7;Current landscape;1;232,636753157508;103,526733340063;-32,839673677619
EBA;Prec;8;Spatially adjusted;0,01;-0,541632724900865;3,79735598833486;-0,66548583365784
EBA;Prec;8;Spatially adjusted;0,0302040816326531;-0,532530164847685;4,08023358858236;-1,2976931054377
EBA;Prec;8;Spatially adjusted;0,0504081632653061;-0,52125802619139;4,36347635431275;-1,92396945978044
EBA;Prec;8;Spatially adjusted;0,0706122448979592;-0,505646730327044;4,64744945100983;-2,53838397925074
EBA;Prec;8;Spatially adjusted;0,0908163265306122;-0,48352669865244;4,93251804415513;-3,13500574641148
EBA;Prec;8;Spatially adjusted;0,111020408163265;-0,452728352563099;5,21904729923244;-3,70790384382553
EBA;Prec;8;Spatially adjusted;0,131224489795918;-0,41108211345545;5,50740238172512;-4,25114735405714
EBA;Prec;8;Spatially adjusted;0,151428571428571;-0,356418402726831;5,79794845711604;-4,75880535967008
EBA;Prec;8;Spatially adjusted;0,171632653061224;-0,286567641772763;6,09105069088764;-5,22494694322677
EBA;Prec;8;Spatially adjusted;0,191836734693878;-0,199360251989674;6,38707424852328;-5,64364118729145
EBA;Prec;8;Spatially adjusted;0,212040816326531;-0,0926266547735395;6,68638429550583;-6,008957174427
EBA;Prec;8;Spatially adjusted;0,232244897959184;0,0358027284778473;6,98934599731865;-6,31496398719764
EBA;Prec;8;Spatially adjusted;0,252448979591837;0,188097476368966;7,29632451944508;-6,55573070816627
EBA;Prec;8;Spatially adjusted;0,27265306122449;0,366427167504298;7,60768502736664;-6,72532641989619
EBA;Prec;8;Spatially adjusted;0,292857142857143;0,572961380486049;7,9237926865676;-6,8178202049512
EBA;Prec;8;Spatially adjusted;0,313061224489796;0,80986969391779;8,24501266253037;-6,82728114589509
EBA;Prec;8;Spatially adjusted;0,333265306122449;1,07932168640446;8,57171012073832;-6,74777832529117
EBA;Prec;8;Spatially adjusted;0,353469387755102;1,38151603865526;8,90404763183324;-6,57716593827126
EBA;Prec;8;Spatially adjusted;0,373673469387755;1,70876783980293;9,24137738708851;-6,32843863024391
EBA;Prec;8;Spatially adjusted;0,393877551020408;2,05142128108901;9,58284898293914;-6,01837615918703
EBA;Prec;8;Spatially adjusted;0,414081632653061;2,39982055375322;9,92761201581652;-5,66375828307719
EBA;Prec;8;Spatially adjusted;0,434285714285714;2,74430984903665;10,2748160821548;-5,28136475989186
EBA;Prec;8;Spatially adjusted;0,454489795918367;3,07523335817814;10,623610778387;-4,88797534760852
EBA;Prec;8;Spatially adjusted;0,47469387755102;3,38293527241785;10,9731457009461;-4,50036980420418
EBA;Prec;8;Spatially adjusted;0,494897959183674;3,65775978299598;11,3225704462657;-4,13532788765633
EBA;Prec;8;Spatially adjusted;0,515102040816327;3,89005108115362;11,671034610778;-3,80962935594198
EBA;Prec;8;Spatially adjusted;0,53530612244898;4,07015335813003;12,0176877909175;-3,5400539670386
EBA;Prec;8;Spatially adjusted;0,555510204081633;4,1884108051654;12,3616795831163;-3,34338147892368
EBA;Prec;8;Spatially adjusted;0,575714285714286;4,23516761350083;12,7021595838078;-3,23639164957376
EBA;Prec;8;Spatially adjusted;0,595918367346939;4,20076797437514;13,0382773894253;-3,23586423696679
EBA;Prec;8;Spatially adjusted;0,616122448979592;4,07555607902896;13,369182596402;-3,35857899907978
EBA;Prec;8;Spatially adjusted;0,636326530612245;3,84987611870247;13,6940248011711;-3,62131569389021
EBA;Prec;8;Spatially adjusted;0,656530612244898;3,51407228463631;14,0119536001653;-4,04085407937509
EBA;Prec;8;Spatially adjusted;0,676734693877551;3,05848876806977;14,3221185898178;-4,63397391351191
EBA;Prec;8;Spatially adjusted;0,696938775510204;2,4764273480705;14,6239008318753;-5,41267539871205
EBA;Prec;8;Spatially adjusted;0,717142857142857;1,77302015501527;14,9176072493306;-6,36984051512764
EBA;Prec;8;Spatially adjusted;0,73734693877551;0,956356907107875;15,2037762304913;-7,49357168734332
EBA;Prec;8;Spatially adjusted;0,757551020408163;0,0345273225516394;15,4829461636637;-8,77197133994514
EBA;Prec;8;Spatially adjusted;0,777755102040816;-0,98437888044964;15,7556554371549;-10,1931418975191
EBA;Prec;8;Spatially adjusted;0,797959183673469;-2,09227198369172;16,0224424392723;-11,7451857846504
EBA;Prec;8;Spatially adjusted;0,818163265306122;-3,28106226897171;16,2838455583214;-13,4162054259245
EBA;Prec;8;Spatially adjusted;0,838367346938776;-4,54266001808446;16,5404031826101;-15,194303245928
EBA;Prec;8;Spatially adjusted;0,858571428571429;-5,868975512828;16,7926537004446;-17,0675816692456
EBA;Prec;8;Spatially adjusted;0,878775510204082;-7,25191903499763;17,0411355001315;-19,0241431204636
EBA;Prec;8;Spatially adjusted;0,898979591836735;-8,68340086638955;17,2863869699781;-21,0520900241677
EBA;Prec;8;Spatially adjusted;0,919183673469388;-10,1553312888;17,5289464982907;-23,139524804943
EBA;Prec;8;Spatially adjusted;0,939387755102041;-11,6596205840256;17,7693524733759;-25,274549887376
EBA;Prec;8;Spatially adjusted;0,959591836734694;-13,1881790338621;18,0081432835409;-27,4452676960518
EBA;Prec;8;Spatially adjusted;0,979795918367347;-14,7329169201066;18,2458573170929;-29,639780655556
EBA;Prec;8;Spatially adjusted;1;-16,285744524555;18,4830329623378;-31,8461911904747
EBA;Prec;8;Current landscape;0,0275463555008173;428,383222866113;374,340869708737;280,508026912782
EBA;Prec;8;Current landscape;0,0758074223995209;330,59952447997;276,011908004919;113,155531269681
EBA;Prec;8;Current landscape;0,12606717646122;241,26465776903;211,649578625927;61,772682658489
EBA;Prec;8;Current landscape;0,173545762896538;303,137015192612;201,782277624727;55,3911686183874
EBA;Prec;8;Current landscape;0,22307188808918;323,12342568142;241,895700818293;64,3506253766755
EBA;Prec;8;Current landscape;0,28090301156044;244,381080783114;137,59805496971;7,11499534983068
EBA;Prec;8;Current landscape;0,328940242528915;288,202059330414;172,271592588148;16,3794947691436
EBA;Prec;8;Current landscape;0,374942064285278;282,61228032997;194,156584040134;-31,1773400481452
EBA;Prec;8;Current landscape;0,423522368073464;222,222670773473;193,054899983325;-1,42440613625149
EBA;Prec;8;Current landscape;0,474818006157875;202,152951099908;157,865208633653;-6,26858015713196
EBA;Prec;8;Current landscape;0,52334052324295;307,845318675042;173,431000143614;52,1243794193279
EBA;Prec;8;Current landscape;0,575485169887543;285,49945510301;217,566946337418;54,7503222440259
EBA;Prec;8;Current landscape;0,625338912010193;271,516896195068;216,169946761735;140,736287551439
EBA;Prec;8;Current landscape;0,673833668231964;305,13402389254;128,850500502453;19,6732920848735
EBA;Prec;8;Current landscape;0,723812818527222;220,38576673938;203,397242592516;12,6951248954101
EBA;Prec;8;Current landscape;0,774130076169968;288,371093364422;163,962692427746;28,692754589415
EBA;Prec;8;Current landscape;0,823768138885498;219,923306796081;102,730582394338;23,1890994518421
EBA;Prec;8;Current landscape;0,874127864837646;242,987286647842;90,3584540293341;-22,5027579939965
EBA;Prec;8;Current landscape;0,927029013633728;72,9201577085655;53,4906526529121;7,35735889578564
EBA;Prec;8;Current landscape;1;304,096158243019;122,763243426743;3,93700845701869
EBA;Prec;9;Spatially adjusted;0,01;-2,97635540344481;5,58042701982868;-11,7933805861708
EBA;Prec;9;Spatially adjusted;0,0302040816326531;-2,57421026418479;5,66328075771162;-11,4845365789761
EBA;Prec;9;Spatially adjusted;0,0504081632653061;-2,18101888164074;5,74316895537231;-11,1734436274251
EBA;Prec;9;Spatially adjusted;0,0706122448979592;-1,80573501253002;5,81712607258851;-10,8578527871614
EBA;Prec;9;Spatially adjusted;0,0908163265306122;-1,45731241356907;5,88218656913705;-10,5355151138297
EBA;Prec;9;Spatially adjusted;0,111020408163265;-1,14470484147432;5,93538490479705;-10,2041816630731
EBA;Prec;9;Spatially adjusted;0,131224489795918;-0,876866052962669;5,97375553934489;-9,86160349053534
EBA;Prec;9;Spatially adjusted;0,151428571428571;-0,662749804749637;5,99433293255879;-9,50553165186057
EBA;Prec;9;Spatially adjusted;0,171632653061224;-0,511309853553485;5,99415154421649;-9,13371720269197
EBA;Prec;9;Spatially adjusted;0,191836734693878;-0,431499956089283;5,97024583409575;-8,74391119867414
EBA;Prec;9;Spatially adjusted;0,212040816326531;-0,432273869073015;5,91965026197431;-8,33386469545076
EBA;Prec;9;Spatially adjusted;0,232244897959184;-0,522585349223391;5,83939928762902;-7,90132874866504
EBA;Prec;9;Spatially adjusted;0,252448979591837;-0,711388153255484;5,72652737083854;-7,44405441396111
EBA;Prec;9;Spatially adjusted;0,27265306122449;-1,00763603788619;5,57806897137971;-6,95979274698266
EBA;Prec;9;Spatially adjusted;0,292857142857143;-1,42028275983239;5,39105854903073;-6,44629480337426
EBA;Prec;9;Spatially adjusted;0,313061224489796;-1,95828207581008;5,16253056356891;-5,90131163877868
EBA;Prec;9;Spatially adjusted;0,333265306122449;-2,63058774253614;4,88951947477244;-5,32259430884051
EBA;Prec;9;Spatially adjusted;0,353469387755102;-3,44162731387132;4,5719086385061;-4,71062702033805
EBA;Prec;9;Spatially adjusted;0,373673469387755;-4,37772353225728;4,22097699498363;-4,07682658459044
EBA;Prec;9;Spatially adjusted;0,393877551020408;-5,42067293727541;3,85085238050579;-3,43534296405232
EBA;Prec;9;Spatially adjusted;0,414081632653061;-6,55227206851305;3,47566263137514;-2,80032612117702
EBA;Prec;9;Spatially adjusted;0,434285714285714;-7,75431746555296;3,1095355838911;-2,18592601841965
EBA;Prec;9;Spatially adjusted;0,454489795918367;-9,00860566798065;2,76659907435624;-1,60629261823351
EBA;Prec;9;Spatially adjusted;0,47469387755102;-10,2969332153798;2,46098093907176;-1,07557588307327
EBA;Prec;9;Spatially adjusted;0,494897959183674;-11,6010966473355;2,20680901433752;-0,607925775393142
EBA;Prec;9;Spatially adjusted;0,515102040816327;-12,9028925034322;2,01821113645565;-0,217492257646882
EBA;Prec;9;Spatially adjusted;0,53530612244898;-14,1841173232547;1,90931514172735;0,0815747077108426
EBA;Prec;9;Spatially adjusted;0,555510204081633;-15,426567646387;1,89424886645384;0,275125158225819
EBA;Prec;9;Spatially adjusted;0,575714285714286;-16,6120400124141;1,98714014693678;0,349009131444745
EBA;Prec;9;Spatially adjusted;0,595918367346939;-17,722330960919;2,20211681947603;0,2890766649125
EBA;Prec;9;Spatially adjusted;0,616122448979592;-18,7392370314892;2,55330672037326;0,0811777961757798
EBA;Prec;9;Spatially adjusted;0,636326530612245;-19,6445547637068;3,05483768593012;-0,288837437220536
EBA;Prec;9;Spatially adjusted;0,656530612244898;-20,4200806971562;3,7208375524483;-0,835118997729751
EBA;Prec;9;Spatially adjusted;0,676734693877551;-21,0476113714235;4,56543415622718;-1,57181684780608
EBA;Prec;9;Spatially adjusted;0,696938775510204;-21,5137084728244;5,59839314654482;-2,50859172437004
EBA;Prec;9;Spatially adjusted;0,717142857142857;-21,8239942746009;6,81203142457798;-3,63714746220421
EBA;Prec;9;Spatially adjusted;0,73734693877551;-21,9888561967296;8,1943037044789;-4,94469867055659
EBA;Prec;9;Spatially adjusted;0,757551020408163;-22,018681659184;9,7331647003989;-6,41845995867743
EBA;Prec;9;Spatially adjusted;0,777755102040816;-21,9238580819397;11,4165691264921;-8,04564593581381
EBA;Prec;9;Spatially adjusted;0,797959183673469;-21,7147728849714;13,2324716969092;-9,81347121121553
EBA;Prec;9;Spatially adjusted;0,818163265306122;-21,4018134882549;15,1688271258035;-11,7091503941301
EBA;Prec;9;Spatially adjusted;0,838367346938776;-20,9953673117639;17,2135901273268;-13,7198980938074
EBA;Prec;9;Spatially adjusted;0,858571428571429;-20,5058217754731;19,3547154156313;-15,8329289194949
EBA;Prec;9;Spatially adjusted;0,878775510204082;-19,9435642993581;21,5801577048705;-18,0354574804419
EBA;Prec;9;Spatially adjusted;0,898979591836735;-19,318982303394;23,877871709195;-20,3146983858974
EBA;Prec;9;Spatially adjusted;0,919183673469388;-18,6424632075559;26,2358121427583;-22,6578662451093
EBA;Prec;9;Spatially adjusted;0,939387755102041;-17,9243944318173;28,6419337197121;-25,052175667327
EBA;Prec;9;Spatially adjusted;0,959591836734694;-17,1751633961544;31,0841911542098;-27,484841261798
EBA;Prec;9;Spatially adjusted;0,979795918367347;-16,4051575205417;33,550539160402;-29,9430776377722
EBA;Prec;9;Spatially adjusted;1;-15,6247642249546;36,028932452442;-32,4140994044978
EBA;Prec;9;Current landscape;0,0273019205778837;376,852160714918;326,484517610132;193,514387638317
EBA;Prec;9;Current landscape;0,0736725926399231;319,030874520918;270,538914804059;126,836702709386
EBA;Prec;9;Current landscape;0,126500174403191;289,39171565688;220,60262637056;97,8207872165044
EBA;Prec;9;Current landscape;0,176535874605179;303,865084423132;220,23480536065;34,4520157414304
EBA;Prec;9;Current landscape;0,221335858106614;239,68881703367;151,153531832063;-21,8499623992434
EBA;Prec;9;Current landscape;0,276983961462975;283,511389124808;154,112871492113;-24,0009247209191
EBA;Prec;9;Current landscape;0,329344555735588;233,852183467638;202,204615828553;15,0681447621146
EBA;Prec;9;Current landscape;0,375162750482559;305,22332405252;224,149853461826;44,051977609035
EBA;Prec;9;Current landscape;0,423739820718765;217,153278265205;220,409980353229;4,93375549937855
EBA;Prec;9;Current landscape;0,475646466016769;279,546530902526;243,600071580392;55,3070172206731
EBA;Prec;9;Current landscape;0,525140404701233;291,315892478864;239,414863266282;55,9583384694343
EBA;Prec;9;Current landscape;0,577523440122605;259,301486956718;253,368458393568;87,4072656767489
EBA;Prec;9;Current landscape;0,625090181827545;297,490199649406;200,591243936578;52,4015664632907
EBA;Prec;9;Current landscape;0,676160782575607;228,571201520997;180,187152837833;76,2897039108766
EBA;Prec;9;Current landscape;0,723641574382782;252,894033731658;278,784135794058;133,598256729656
EBA;Prec;9;Current landscape;0,775284916162491;153,352885611405;139,306276707066;36,2036673415864
EBA;Prec;9;Current landscape;0,824645102024079;141,091395737131;91,0198842213199;38,2882303164688
EBA;Prec;9;Current landscape;0,87609338760376;104,350383309736;28,7348439625198;45,7808021146484
EBA;Prec;9;Current landscape;0,926881313323975;100,17004535844;49,4703082021824;-26,2460814472452
EBA;Prec;9;Current landscape;1;233,196278371883;160,124418180776;13,7370992286742
EBA;Prec;10;Spatially adjusted;0,01;9,03891105494722;0,75121573278102;-6,23370345481089
EBA;Prec;10;Spatially adjusted;0,0302040816326531;7,59334013219677;1,38306925331153;-6,57971156406848
EBA;Prec;10;Spatially adjusted;0,0504081632653061;6,1546501358157;2,01055009722995;-6,92040123049765
EBA;Prec;10;Spatially adjusted;0,0706122448979592;4,72972199217293;2,62928558792191;-7,25045401126954
EBA;Prec;10;Spatially adjusted;0,0908163265306122;3,32543662763601;3,23490304877532;-7,56455146355529
EBA;Prec;10;Spatially adjusted;0,111020408163265;1,94867496857614;3,82302980317672;-7,85737514452694
EBA;Prec;10;Spatially adjusted;0,131224489795918;0,60631794136043;4,38929317451402;-8,12360661135608
EBA;Prec;10;Spatially adjusted;0,151428571428571;-0,694753527641296;4,92932048617286;-8,35792742121384
EBA;Prec;10;Spatially adjusted;0,171632653061224;-1,94765851206057;5,43873906154204;-8,55501913127137
EBA;Prec;10;Spatially adjusted;0,191836734693878;-3,14551608552802;5,91317622400766;-8,70956329869978
EBA;Prec;10;Spatially adjusted;0,212040816326531;-4,28144532167471;6,34825929695717;-8,81624148067203
EBA;Prec;10;Spatially adjusted;0,232244897959184;-5,34856529413128;6,73961560377666;-8,8697352343579
EBA;Prec;10;Spatially adjusted;0,252448979591837;-6,3399950765297;7,08287246785494;-8,86472611692943
EBA;Prec;10;Spatially adjusted;0,27265306122449;-7,24885374250061;7,37365721257766;-8,79589568555821
EBA;Prec;10;Spatially adjusted;0,292857142857143;-8,06826036567418;7,60759716133271;-8,65792549741582
EBA;Prec;10;Spatially adjusted;0,313061224489796;-8,79133401968329;7,78031963750664;-8,44549710967294
EBA;Prec;10;Spatially adjusted;0,333265306122449;-9,41119377815721;7,88745196448645;-8,15329207950163
EBA;Prec;10;Spatially adjusted;0,353469387755102;-9,92391826680614;7,92721174442659;-7,78001727506489
EBA;Prec;10;Spatially adjusted;0,373673469387755;-10,3374243196536;7,90817769454998;-7,34048080849198
EBA;Prec;10;Spatially adjusted;0,393877551020408;-10,6625883227975;7,84151881084472;-6,85351610290354
EBA;Prec;10;Spatially adjusted;0,414081632653061;-10,9102866623416;7,73840408930118;-6,33795658142071
EBA;Prec;10;Spatially adjusted;0,434285714285714;-11,0913957243861;7,61000252590884;-5,81263566716416
EBA;Prec;10;Spatially adjusted;0,454489795918367;-11,2167918950317;7,46748311665624;-5,29638678325546
EBA;Prec;10;Spatially adjusted;0,47469387755102;-11,2973515603794;7,3220148575333;-4,80804335281482
EBA;Prec;10;Spatially adjusted;0,494897959183674;-11,3439511065299;7,18476674452995;-4,36643879896383
EBA;Prec;10;Spatially adjusted;0,515102040816327;-11,3674669195843;7,06690777363474;-3,99040654482315
EBA;Prec;10;Spatially adjusted;0,53530612244898;-11,3787753856436;6,97960694083758;-3,6987800135139
EBA;Prec;10;Spatially adjusted;0,555510204081633;-11,3887528908085;6,93403324212795;-3,5103926281563
EBA;Prec;10;Spatially adjusted;0,575714285714286;-11,4082758211803;6,94135567349485;-3,44407781187238
EBA;Prec;10;Spatially adjusted;0,595918367346939;-11,4482205628592;7,01274323092821;-3,51866898778189
EBA;Prec;10;Spatially adjusted;0,616122448979592;-11,5194635019466;7,15936491041657;-3,75299957900688
EBA;Prec;10;Spatially adjusted;0,636326530612245;-11,6328810245441;7,39238970795032;-4,16590300866756
EBA;Prec;10;Spatially adjusted;0,656530612244898;-11,7993495167507;7,72298661951845;-4,77621269988458
EBA;Prec;10;Spatially adjusted;0,676734693877551;-12,0297453646695;8,16232464110999;-5,60276207577999
EBA;Prec;10;Spatially adjusted;0,696938775510204;-12,3323530177399;8,71846220577936;-6,65879697741411
EBA;Prec;10;Spatially adjusted;0,717142857142857;-12,705089178758;9,38701549483585;-7,93521291760953
EBA;Prec;10;Spatially adjusted;0,73734693877551;-13,1432786138635;10,1604901266542;-9,41731782712895
EBA;Prec;10;Spatially adjusted;0,757551020408163;-13,6422460891899;11,0313917196077;-11,0904196367346
EBA;Prec;10;Spatially adjusted;0,777755102040816;-14,1973163708763;11,9922258920715;-12,9398262771888
EBA;Prec;10;Spatially adjusted;0,797959183673469;-14,803814225058;13,0354982624194;-14,9508456792551
EBA;Prec;10;Spatially adjusted;0,818163265306122;-15,4570644178725;14,1537144490248;-17,1087857736957
EBA;Prec;10;Spatially adjusted;0,838367346938776;-16,1523917154564;15,3393800702634;-19,3989544912733
EBA;Prec;10;Spatially adjusted;0,858571428571429;-16,8851208839465;16,5850007445083;-21,8066597627494
EBA;Prec;10;Spatially adjusted;0,878775510204082;-17,6505766894793;17,8830820901344;-24,3172095188879
EBA;Prec;10;Spatially adjusted;0,898979591836735;-18,4440838981914;19,2261297255154;-26,9159116904511
EBA;Prec;10;Spatially adjusted;0,919183673469388;-19,2609672762201;20,6066492690252;-29,5880742082013
EBA;Prec;10;Spatially adjusted;0,939387755102041;-20,0965515897019;22,0171463390388;-32,3190050029007
EBA;Prec;10;Spatially adjusted;0,959591836734694;-20,9461616047734;23,4501265539293;-35,0940120053133
EBA;Prec;10;Spatially adjusted;0,979795918367347;-21,8051220875709;24,8980955320717;-37,8984031462001
EBA;Prec;10;Spatially adjusted;1;-22,6687578042324;26,3535588918398;-40,7174863563237
EBA;Prec;10;Current landscape;0,0279184505343437;366,316890992058;310,447751691395;139,036649682805
EBA;Prec;10;Current landscape;0,0752939432859421;291,358271308424;217,557257017686;71,541437036979
EBA;Prec;10;Current landscape;0,1255913823843;304,072358903053;209,577433160739;76,7495446376534
EBA;Prec;10;Current landscape;0,174860432744026;275,527068021076;130,226382335135;-7,43338775668963
EBA;Prec;10;Current landscape;0,223540991544724;403,114484173944;249,431185865111;35,3955698976292
EBA;Prec;10;Current landscape;0,2789546251297;340,994389814243;261,473608357693;94,8111433692861
EBA;Prec;10;Current landscape;0,326817393302917;338,044347568582;340,813274734328;100,891285676525
EBA;Prec;10;Current landscape;0,375694751739502;335,621642024518;259,470274082854;78,188556336569
EBA;Prec;10;Current landscape;0,428243219852448;209,501188693054;102,840236226119;-47,6982464880607
EBA;Prec;10;Current landscape;0,472002059221268;263,097539751723;203,852270222964;70,8002081192703
EBA;Prec;10;Current landscape;0,525223016738892;244,63570253658;199,748613796314;85,8772363207959
EBA;Prec;10;Current landscape;0,574442446231842;258,453225365257;188,23139046723;42,4054279008087
EBA;Prec;10;Current landscape;0,622285187244415;205,521312598107;166,935165050448;73,9690521257835
EBA;Prec;10;Current landscape;0,676125466823578;202,394669292144;156,052420685878;-87,0960413398534
EBA;Prec;10;Current landscape;0,72353333234787;234,06513548879;268,909855783734;79,0776157615073
EBA;Prec;10;Current landscape;0,773697406053544;289,243602135251;185,217647742198;24,8955646616701
EBA;Prec;10;Current landscape;0,823464393615723;179,793103221389;102,306033457164;16,6571426727737
EBA;Prec;10;Current landscape;0,873619586229325;231,976958192573;104,797298392688;48,8528529754372
EBA;Prec;10;Current landscape;0,923373222351074;122,738706718002;73,8789913902883;41,9531235473355
EBA;Prec;10;Current landscape;1;242,881468821136;106,133365644972;31,3835237571816
EBA;Prec;11;Spatially adjusted;0,01;-3,47844600726921;4,94125925134313;-5,63422512207444
EBA;Prec;11;Spatially adjusted;0,0302040816326531;-3,32778555255572;4,84415366181247;-5,83697634187956
EBA;Prec;11;Spatially adjusted;0,0504081632653061;-3,18035519541627;4,74874363149911;-6,03623446141137
EBA;Prec;11;Spatially adjusted;0,0706122448979592;-3,03938503342806;4,65672471962034;-6,22850638039699
EBA;Prec;11;Spatially adjusted;0,0908163265306122;-2,90810516416468;4,56979248539301;-6,41029899856221
EBA;Prec;11;Spatially adjusted;0,111020408163265;-2,78974568520289;4,48964248803486;-6,57811921563507
EBA;Prec;11;Spatially adjusted;0,131224489795918;-2,68753669411626;4,41797028676319;-6,72847393134134
EBA;Prec;11;Spatially adjusted;0,151428571428571;-2,60470828848065;4,35647144079439;-6,85787004540862
EBA;Prec;11;Spatially adjusted;0,171632653061224;-2,54449056587191;4,30684150934621;-6,96281445756313
EBA;Prec;11;Spatially adjusted;0,191836734693878;-2,51011362386362;4,27077605163686;-7,03981406753201
EBA;Prec;11;Spatially adjusted;0,212040816326531;-2,50480756003208;4,2499706268818;-7,08537577504103
EBA;Prec;11;Spatially adjusted;0,232244897959184;-2,53180247195314;4,24612079429926;-7,09600647981824
EBA;Prec;11;Spatially adjusted;0,252448979591837;-2,59432845720039;4,26092211310652;-7,06821308158897
EBA;Prec;11;Spatially adjusted;0,27265306122449;-2,69561561334967;4,29607014252088;-6,99850248008215
EBA;Prec;11;Spatially adjusted;0,292857142857143;-2,83889403797593;4,35326044175872;-6,88338157502221
EBA;Prec;11;Spatially adjusted;0,313061224489796;-3,02739382865502;4,43418857003871;-6,7193572661372
EBA;Prec;11;Spatially adjusted;0,333265306122449;-3,26434508296188;4,54055008657679;-6,50293645315333
EBA;Prec;11;Spatially adjusted;0,353469387755102;-3,55168720363372;4,67388584908622;-6,23336328126152
EBA;Prec;11;Spatially adjusted;0,373673469387755;-3,88619681405953;4,8351179092615;-5,9208308775037
EBA;Prec;11;Spatially adjusted;0,393877551020408;-4,26335984279058;5,02501361729264;-5,57826961438559
EBA;Prec;11;Spatially adjusted;0,414081632653061;-4,67866221837721;5,24434032336967;-5,21860986441379
EBA;Prec;11;Spatially adjusted;0,434285714285714;-5,12758986937024;5,49386537768214;-4,85478200009447
EBA;Prec;11;Spatially adjusted;0,454489795918367;-5,60562872432229;5,77435613042053;-4,49971639393243
EBA;Prec;11;Spatially adjusted;0,47469387755102;-6,1082647117828;6,0865799317744;-4,16634341843474
EBA;Prec;11;Spatially adjusted;0,494897959183674;-6,63098376030439;6,43130413193376;-3,86759344610709
EBA;Prec;11;Spatially adjusted;0,515102040816327;-7,16927179843651;6,80929608108909;-3,61639684945521
EBA;Prec;11;Spatially adjusted;0,53530612244898;-7,71861475473179;7,22132312942949;-3,42568400098571
EBA;Prec;11;Spatially adjusted;0,555510204081633;-8,27449855774057;7,66815262714636;-3,30838527320384
EBA;Prec;11;Spatially adjusted;0,575714285714286;-8,83240913601367;8,15055192442742;-3,27743103861621
EBA;Prec;11;Spatially adjusted;0,595918367346939;-9,38783241810188;8,66928837146497;-3,34575166972763
EBA;Prec;11;Spatially adjusted;0,616122448979592;-9,93625433255738;9,22512931844767;-3,52627753904562
EBA;Prec;11;Spatially adjusted;0,636326530612245;-10,4731608079305;9,81884211556553;-3,83193901907453
EBA;Prec;11;Spatially adjusted;0,656530612244898;-10,9940377727726;10,4511941130086;-4,27566648232232
EBA;Prec;11;Spatially adjusted;0,676734693877551;-11,4943711556343;11,1229526609673;-4,8703903012929
EBA;Prec;11;Spatially adjusted;0,696938775510204;-11,9706602475326;11,8343387398004;-5,62517821632355
EBA;Prec;11;Spatially adjusted;0,717142857142857;-12,4234577893403;12,5833878505446;-6,53364743906923
EBA;Prec;11;Spatially adjusted;0,73734693877551;-12,8543298843979;13,3675891244061;-7,58555254901648
EBA;Prec;11;Spatially adjusted;0,757551020408163;-13,2648426360443;14,1844316925913;-8,77064812565004
EBA;Prec;11;Spatially adjusted;0,777755102040816;-13,6565621476198;15,0314046863045;-10,078688748456
EBA;Prec;11;Spatially adjusted;0,797959183673469;-14,0310545224615;15,9059972367531;-11,4994289969195
EBA;Prec;11;Spatially adjusted;0,818163265306122;-14,3898858639109;16,8056984751424;-13,0226234505271
EBA;Prec;11;Spatially adjusted;0,838367346938776;-14,7346222753067;17,7279975326783;-14,6380266887636
EBA;Prec;11;Spatially adjusted;0,858571428571429;-15,0668298599876;18,6703835405669;-16,335393291115
EBA;Prec;11;Spatially adjusted;0,878775510204082;-15,3880747212934;19,6303456300143;-18,104477837067
EBA;Prec;11;Spatially adjusted;0,898979591836735;-15,6999229625631;20,6053729322261;-19,9350349061051
EBA;Prec;11;Spatially adjusted;0,919183673469388;-16,0039406871365;21,5929545784079;-21,8168190777151
EBA;Prec;11;Spatially adjusted;0,939387755102041;-16,3016939983527;22,5905796997668;-23,7395849313821
EBA;Prec;11;Spatially adjusted;0,959591836734694;-16,594748999551;23,5957374275072;-25,6930870465922
EBA;Prec;11;Spatially adjusted;0,979795918367347;-16,8846717940705;24,6059168928359;-27,6670800028314
EBA;Prec;11;Spatially adjusted;1;-17,1730284852501;25,6186072269588;-29,6513183795846
EBA;Prec;11;Current landscape;0,026139591820538;383,618861623447;366,075286515847;288,56776552751
EBA;Prec;11;Current landscape;0,0760838016867638;247,468340638826;186,759216371081;89,8199540046071
EBA;Prec;11;Current landscape;0,125618770718575;289,528409809762;217,731119940703;91,3741252947189
EBA;Prec;11;Current landscape;0,171580925583839;303,494345880964;241,538850643162;100,117025038078
EBA;Prec;11;Current landscape;0,226100906729698;243,708302533775;159,271390765296;26,3158407221767
EBA;Prec;11;Current landscape;0,274674713611603;299,897683901184;228,146105052663;39,12183008996
EBA;Prec;11;Current landscape;0,329646944999695;262,644430233248;179,667285872852;25,7264210202679
EBA;Prec;11;Current landscape;0,375900834798813;310,213605786991;262,782009496857;65,8807895014611
EBA;Prec;11;Current landscape;0,422428324818611;305,253560555409;243,077626532626;14,8846692976213
EBA;Prec;11;Current landscape;0,477658867835999;287,47513549099;212,496068285203;50,8907670456501
EBA;Prec;11;Current landscape;0,523079574108124;282,8790732474;191,60168894248;29,9163838800459
EBA;Prec;11;Current landscape;0,573347806930542;200,026521506657;176,061631240372;59,2585491135319
EBA;Prec;11;Current landscape;0,624313414096832;275,198991808934;236,908480647653;130,702183748508
EBA;Prec;11;Current landscape;0,675783038139343;245,102679074621;198,499164675302;42,2370402711049
EBA;Prec;11;Current landscape;0,725095093250275;252,583546064494;237,283175403503;59,4733429208845
EBA;Prec;11;Current landscape;0,775020122528076;244,061822863454;147,323390871076;48,2407829469034
EBA;Prec;11;Current landscape;0,825341582298279;259,708156682648;194,139347479922;89,9296030796022
EBA;Prec;11;Current landscape;0,875129342079163;213,391138679886;126,573014670824;41,3053588597468
EBA;Prec;11;Current landscape;0,924931645393372;191,731371156086;154,539259957338;68,1834198497586
EBA;Prec;11;Current landscape;1;182,584368992409;162,443419514854;50,2024640700415
EBA;Prec;12;Spatially adjusted;0,01;-3,96673797978383;2,09625521343742;-24,1795104131161
EBA;Prec;12;Spatially adjusted;0,0302040816326531;-4,15131821412115;2,66264128998682;-23,0731918148804
EBA;Prec;12;Spatially adjusted;0,0504081632653061;-4,33925720144407;3,22616202889731;-21,9686075844261
EBA;Prec;12;Spatially adjusted;0,0706122448979592;-4,5339136947382;3,78395209252813;-20,8674920895332
EBA;Prec;12;Spatially adjusted;0,0908163265306122;-4,7386464469887;4,33314614324127;-19,7715796979851
EBA;Prec;12;Spatially adjusted;0,111020408163265;-4,95681421118252;4,8708788433969;-18,6826047775608
EBA;Prec;12;Spatially adjusted;0,131224489795918;-5,19177574030346;5,39428485535564;-17,602301696043
EBA;Prec;12;Spatially adjusted;0,151428571428571;-5,44688978733802;5,90049884147766;-16,5324048212124
EBA;Prec;12;Spatially adjusted;0,171632653061224;-5,72551510527228;6,38665546412449;-15,4746485208493
EBA;Prec;12;Spatially adjusted;0,191836734693878;-6,03101044709092;6,84988938565584;-14,4307671627357
EBA;Prec;12;Spatially adjusted;0,212040816326531;-6,36673456578046;7,2873352684328;-13,4024951146534
EBA;Prec;12;Spatially adjusted;0,232244897959184;-6,73604621432514;7,69612777481598;-12,3915667443825
EBA;Prec;12;Spatially adjusted;0,252448979591837;-7,14230414571193;8,07340156716555;-11,3997164197044
EBA;Prec;12;Spatially adjusted;0,27265306122449;-7,58886711292598;8,41629130784259;-10,4286785084009
EBA;Prec;12;Spatially adjusted;0,292857142857143;-8,07909386895244;8,72193165920771;-9,48018737825214
EBA;Prec;12;Spatially adjusted;0,313061224489796;-8,61634316677737;8,9874572836211;-8,5559773970399
EBA;Prec;12;Spatially adjusted;0,333265306122449;-9,20397375938637;9,21000284344382;-7,65778293254607
EBA;Prec;12;Spatially adjusted;0,353469387755102;-9,84243748926156;9,38816690434942;-6,78839632858671
EBA;Prec;12;Spatially adjusted;0,373673469387755;-10,5205585568715;9,52640364526769;-5,95484183312419
EBA;Prec;12;Spatially adjusted;0,393877551020408;-11,2242542521817;9,63063114844135;-5,16520167015733
EBA;Prec;12;Spatially adjusted;0,414081632653061;-11,9394418651586;9,70676749611175;-4,42755806368405
EBA;Prec;12;Spatially adjusted;0,434285714285714;-12,652038685766;9,76073077052297;-3,74999323770226
EBA;Prec;12;Spatially adjusted;0,454489795918367;-13,3479620039707;9,79843905391635;-3,14058941621033
EBA;Prec;12;Spatially adjusted;0,47469387755102;-14,0131291097377;9,82581042853508;-2,60742882320619
EBA;Prec;12;Spatially adjusted;0,494897959183674;-14,6334572930318;9,84876297662095;-2,15859368268957
EBA;Prec;12;Spatially adjusted;0,515102040816327;-15,1948638438193;9,87321478041804;-1,80216621865611
EBA;Prec;12;Spatially adjusted;0,53530612244898;-15,6832660520649;9,90508392216725;-1,54622865510646
EBA;Prec;12;Spatially adjusted;0,555510204081633;-16,084581207735;9,95028848411221;-1,39886321603717
EBA;Prec;12;Spatially adjusted;0,575714285714286;-16,3847266007942;10,0147465484952;-1,36815212544752
EBA;Prec;12;Spatially adjusted;0,595918367346939;-16,5696195212086;10,1043761975588;-1,46217760733498
EBA;Prec;12;Spatially adjusted;0,616122448979592;-16,625177258943;10,2250955135455;-1,68902188569837
EBA;Prec;12;Spatially adjusted;0,636326530612245;-16,5373171039628;10,3828225786979;-2,05676718453515
EBA;Prec;12;Spatially adjusted;0,656530612244898;-16,2919563462342;10,5834754752586;-2,57349572784415
EBA;Prec;12;Spatially adjusted;0,676734693877551;-15,8750122757215;10,8329722854705;-3,24728973962328
EBA;Prec;12;Spatially adjusted;0,696938775510204;-15,276683321802;11,1356743070774;-4,08316411807527
EBA;Prec;12;Spatially adjusted;0,717142857142857;-14,5042924714899;11,489715699835;-5,07386445821612
EBA;Prec;12;Spatially adjusted;0,73734693877551;-13,5694438512123;11,8916738389994;-6,20906902926663
EBA;Prec;12;Spatially adjusted;0,757551020408163;-12,4837415873953;12,3381260998267;-7,4784561004476
EBA;Prec;12;Spatially adjusted;0,777755102040816;-11,2587898064653;12,8256498575752;-8,8717039409803
EBA;Prec;12;Spatially adjusted;0,797959183673469;-9,90619263484678;13,350822487499;-10,3784908200855
EBA;Prec;12;Spatially adjusted;0,818163265306122;-8,43755419896752;13,9102213648571;-11,9884950069827
EBA;Prec;12;Spatially adjusted;0,838367346938776;-6,86447862525347;14,5004238649053;-13,691394770894
EBA;Prec;12;Spatially adjusted;0,858571428571429;-5,19857004013056;15,1180073628998;-15,4768683810389
EBA;Prec;12;Spatially adjusted;0,878775510204082;-3,45143257002383;15,7595492340979;-17,3345941066391
EBA;Prec;12;Spatially adjusted;0,898979591836735;-1,63467034136102;16,4216268537562;-19,2542502169154
EBA;Prec;12;Spatially adjusted;0,919183673469388;0,240112519432387;17,1008175971306;-21,2255149810876
EBA;Prec;12;Spatially adjusted;0,939387755102041;2,16131188593045;17,793698839479;-23,2380666683771
EBA;Prec;12;Spatially adjusted;0,959591836734694;4,11732363170677;18,4968479560571;-25,2815835480046
EBA;Prec;12;Spatially adjusted;0,979795918367347;6,09654363033496;19,2068423221217;-27,3457438891901
EBA;Prec;12;Spatially adjusted;1;8,08736775539046;19,9202593129303;-29,4202259611552
EBA;Prec;12;Current landscape;0,0286802742630243;333,153275248916;283,080773525888;138,418483044569
EBA;Prec;12;Current landscape;0,0790086165070534;328,546218352453;268,20474351557;154,46535403125
EBA;Prec;12;Current landscape;0,121406752616167;225,015698599918;159,539220438288;42,8481321705158
EBA;Prec;12;Current landscape;0,179083660244942;249,624091692561;103,968861266411;-19,1726326959542
EBA;Prec;12;Current landscape;0,22585953772068;333,556488276405;161,782947237044;14,6026266721951
EBA;Prec;12;Current landscape;0,278923094272614;252,126254258229;193,657142864514;-17,621443067067
EBA;Prec;12;Current landscape;0,327282041311264;259,644270276186;231,270743909936;31,6516363718547
EBA;Prec;12;Current landscape;0,377826005220413;306,816261116519;248,239949470362;76,6909279448105
EBA;Prec;12;Current landscape;0,42372353374958;251,40598299215;239,278257396573;29,1419548305307
EBA;Prec;12;Current landscape;0,475944563746452;253,198276246544;198,460569269701;-7,7146353699336
EBA;Prec;12;Current landscape;0,525035738945007;309,328266253854;225,880183445856;101,388616691836
EBA;Prec;12;Current landscape;0,575725495815277;253,200828465323;218,806987631099;80,2957466950688
EBA;Prec;12;Current landscape;0,620741844177246;322,380474197712;253,481872559034;96,7678734295555
EBA;Prec;12;Current landscape;0,674743235111237;340,967042624544;274,528712338309;108,309106378385
EBA;Prec;12;Current landscape;0,725624322891235;297,251214150035;298,009602040749;94,1282946149481
EBA;Prec;12;Current landscape;0,776532173156738;374,117566604254;253,038859549645;122,437876021131
EBA;Prec;12;Current landscape;0,823145151138306;289,532319007369;196,395045496441;79,8467454109514
EBA;Prec;12;Current landscape;0,876810371875763;285,345772378133;121,032264672308;37,7686204767051
EBA;Prec;12;Current landscape;0,92553973197937;268,593837208289;140,519149952027;153,906828309601
EBA;Prec;12;Current landscape;1;288,899184968689;138,111844866421;88,0384837668808
EBA;Prec;13;Spatially adjusted;0,01;8,76580892658512;5,87700530092525;8,618918155963
EBA;Prec;13;Spatially adjusted;0,0302040816326531;7,49796280816736;6,05646441026511;7,23217268881672
EBA;Prec;13;Spatially adjusted;0,0504081632653061;6,23738587554453;6,2361165726029;5,85666201505501
EBA;Prec;13;Spatially adjusted;0,0706122448979592;4,99134731451204;6,41615484093472;4,50362092806154
EBA;Prec;13;Spatially adjusted;0,0908163265306122;3,76711631086437;6,59677226825852;3,18428422122042
EBA;Prec;13;Spatially adjusted;0,111020408163265;2,57196205039645;6,77816190757176;1,90988668791579
EBA;Prec;13;Spatially adjusted;0,131224489795918;1,41315371890369;6,96051681187055;0,691663121531747
EBA;Prec;13;Spatially adjusted;0,151428571428571;0,297960502181013;7,14403003415373;-0,459151684546669
EBA;Prec;13;Spatially adjusted;0,171632653061224;-0,766348413977084;7,32889462741787;-1,53132293693716
EBA;Prec;13;Spatially adjusted;0,191836734693878;-1,77250384377476;7,51530364465998;-2,51361584225333
EBA;Prec;13;Spatially adjusted;0,212040816326531;-2,71323660141752;7,70345013887845;-3,39479560711288
EBA;Prec;13;Spatially adjusted;0,232244897959184;-3,58127750111044;7,89352716306894;-4,16362743813079
EBA;Prec;13;Spatially adjusted;0,252448979591837;-4,36935735705902;8,08572777022982;-4,80887654192338
EBA;Prec;13;Spatially adjusted;0,27265306122449;-5,07020698346696;8,28024501335813;-5,31930812510564
EBA;Prec;13;Spatially adjusted;0,292857142857143;-5,67655719454069;8,47727194545087;-5,68368739429479
EBA;Prec;13;Spatially adjusted;0,313061224489796;-6,18113880448345;8,67700161950643;-5,89077955610492
EBA;Prec;13;Spatially adjusted;0,333265306122449;-6,57668262750212;8,87962708852047;-5,9293498171528
EBA;Prec;13;Spatially adjusted;0,353469387755102;-6,85902024530969;9,08550718729293;-5,79457025157444
EBA;Prec;13;Spatially adjusted;0,373673469387755;-7,03638630965543;9,29566387782552;-5,50724040358136
EBA;Prec;13;Spatially adjusted;0,393877551020408;-7,12011623979743;9,51128490392375;-5,09456668490611
EBA;Prec;13;Spatially adjusted;0,414081632653061;-7,12154545499379;9,7335580093918;-4,58375550728033
EBA;Prec;13;Spatially adjusted;0,434285714285714;-7,05200937450445;9,96367093803337;-4,00201328243611
EBA;Prec;13;Spatially adjusted;0,454489795918367;-6,92284341758523;10,202811433654;-3,37654642210646
EBA;Prec;13;Spatially adjusted;0,47469387755102;-6,74538300349559;10,452167240057;-2,73456133802119
EBA;Prec;13;Spatially adjusted;0,494897959183674;-6,53096355149319;10,7129261010473;-2,10326444191469
EBA;Prec;13;Spatially adjusted;0,515102040816327;-6,29092048083703;10,9862757604287;-1,50986214551813
EBA;Prec;13;Spatially adjusted;0,53530612244898;-6,03658921078386;11,2734039620059;-0,981560860562695
EBA;Prec;13;Spatially adjusted;0,555510204081633;-5,77930516059314;11,5754984495838;-0,545566998781851
EBA;Prec;13;Spatially adjusted;0,575714285714286;-5,53040374952252;11,8937469669659;-0,229086971906327
EBA;Prec;13;Spatially adjusted;0,595918367346939;-5,30122039683147;12,229337257957;-0,0593271916686717
EBA;Prec;13;Spatially adjusted;0,616122448979592;-5,10309052177627;12,5834570663615;-0,0634940698014361
EBA;Prec;13;Spatially adjusted;0,636326530612245;-4,94734954361593;12,9572941359834;-0,268794018035806
EBA;Prec;13;Spatially adjusted;0,656530612244898;-4,84533288160856;13,3520362106269;-0,70243344810433
EBA;Prec;13;Spatially adjusted;0,676734693877551;-4,80837595501316;13,7688710340976;-1,39161877173865
EBA;Prec;13;Spatially adjusted;0,696938775510204;-4,84512916368249;14,2085458877664;-2,35607666220176
EBA;Prec;13;Spatially adjusted;0,717142857142857;-4,95350282985464;14,6700462032768;-3,58561483888252
EBA;Prec;13;Spatially adjusted;0,73734693877551;-5,12872225636284;15,1519169498383;-5,06256128269843
EBA;Prec;13;Spatially adjusted;0,757551020408163;-5,36601274603981;15,6527030966631;-6,76924397456924
EBA;Prec;13;Spatially adjusted;0,777755102040816;-5,66059960171879;16,1709496129606;-8,68799089541335
EBA;Prec;13;Spatially adjusted;0,797959183673469;-6,00770812623341;16,7052014679421;-10,8011300261501
EBA;Prec;13;Spatially adjusted;0,818163265306122;-6,40256362241644;17,2540036308174;-13,0909893476983
EBA;Prec;13;Spatially adjusted;0,838367346938776;-6,84039139310107;17,8159010707973;-15,5398968409759
EBA;Prec;13;Spatially adjusted;0,858571428571429;-7,31641674112007;18,3894387570931;-18,1301804869031
EBA;Prec;13;Spatially adjusted;0,878775510204082;-7,82586496930708;18,9731616589147;-20,8441682663974
EBA;Prec;13;Spatially adjusted;0,898979591836735;-8,36396138049486;19,5656147454724;-23,6641881603791
EBA;Prec;13;Spatially adjusted;0,919183673469388;-8,92593127751752;20,1653429859775;-26,5725681497665
EBA;Prec;13;Spatially adjusted;0,939387755102041;-9,50699996320736;20,7708913496408;-29,5516362154785
EBA;Prec;13;Spatially adjusted;0,959591836734694;-10,102392740398;21,3808048056717;-32,5837203384335
EBA;Prec;13;Spatially adjusted;0,979795918367347;-10,7073349119219;21,9936283232814;-35,6511484995513
EBA;Prec;13;Spatially adjusted;1;-11,3170517806125;22,6079068716808;-38,7362486797497
EBA;Prec;13;Current landscape;0,0284237638115883;321,564860503821;265,842186721464;165,464764196007
EBA;Prec;13;Current landscape;0,0757562890648842;256,722842251894;197,267306987168;73,2094265735809
EBA;Prec;13;Current landscape;0,125341042876244;207,212786481596;140,677684187708;-2,02358866763416
EBA;Prec;13;Current landscape;0,172879472374916;313,59183623138;228,128667946758;43,2351741762127
EBA;Prec;13;Current landscape;0,223684430122376;274,30837116332;199,171559581227;19,5277338612545
EBA;Prec;13;Current landscape;0,27455472946167;321,024688198759;227,77785492011;45,5164071722461
EBA;Prec;13;Current landscape;0,325290352106094;249,509438566151;185,585899781322;-11,2320688661612
EBA;Prec;13;Current landscape;0,3753741979599;358,556586760137;304,53360043996;96,8563687869601
EBA;Prec;13;Current landscape;0,425100833177567;310,491173720532;229,721800930032;43,4734350646972
EBA;Prec;13;Current landscape;0,475272282958031;289,786501919883;174,165725962686;38,6667009282937
EBA;Prec;13;Current landscape;0,526274025440216;311,743028148532;221,899651062379;3,44365553011539
EBA;Prec;13;Current landscape;0,574591994285583;285,444216604593;209,326641319895;38,4188340125675
EBA;Prec;13;Current landscape;0,622225403785706;249,39038829768;188,3530333356;-4,72607444735604
EBA;Prec;13;Current landscape;0,674243152141571;270,106348059361;219,52867387734;126,68857768871
EBA;Prec;13;Current landscape;0,722828209400177;239,193584070471;235,714923278282;68,4765288630952
EBA;Prec;13;Current landscape;0,771108984947205;275,444569781836;208,855336678349;109,377004153766
EBA;Prec;13;Current landscape;0,826543211936951;265,470619133446;149,847483663646;62,643528379499
EBA;Prec;13;Current landscape;0,875706434249878;206,303627377127;137,546143820679;-6,784531242311
EBA;Prec;13;Current landscape;0,924062371253967;153,56579570933;46,2617220223665;-60,3549454266113
EBA;Prec;13;Current landscape;1;290,601523029886;73,0783724501757;-2,27450186772694
EBA;Prec;14;Spatially adjusted;0,01;-4,8931949078019;5,24082749596255;-10,4369532731594
EBA;Prec;14;Spatially adjusted;0,0302040816326531;-5,51614987866469;5,37684421836957;-10,0625020225384
EBA;Prec;14;Spatially adjusted;0,0504081632653061;-6,13448059872872;5,51271538494257;-9,69095925784404
EBA;Prec;14;Spatially adjusted;0,0706122448979592;-6,7435628171952;5,64829543984843;-9,32523346500238
EBA;Prec;14;Spatially adjusted;0,0908163265306122;-7,33877228326628;5,78343882725312;-8,96823312994047
EBA;Prec;14;Spatially adjusted;0,111020408163265;-7,91548474614319;5,91799999132309;-8,62286673858489
EBA;Prec;14;Spatially adjusted;0,131224489795918;-8,46907595502762;6,05183337622475;-8,29204277686131
EBA;Prec;14;Spatially adjusted;0,151428571428571;-8,99492165911988;6,18479342612409;-7,97866973069677
EBA;Prec;14;Spatially adjusted;0,171632653061224;-9,48839760762303;6,31673458518799;-7,6856560860183
EBA;Prec;14;Spatially adjusted;0,191836734693878;-9,94487954973692;6,44751129758197;-7,41591032875158
EBA;Prec;14;Spatially adjusted;0,212040816326531;-10,3597432346637;6,57697800747292;-7,17234094482365
EBA;Prec;14;Spatially adjusted;0,232244897959184;-10,7283644116051;6,70498915902681;-6,95785642016062
EBA;Prec;14;Spatially adjusted;0,252448979591837;-11,0461188297631;6,83139919641008;-6,77536524068955
EBA;Prec;14;Spatially adjusted;0,27265306122449;-11,3083822383369;6,95606256378915;-6,6277758923361
EBA;Prec;14;Spatially adjusted;0,292857142857143;-11,5105303865303;7,07883370533045;-6,51799686102777
EBA;Prec;14;Spatially adjusted;0,313061224489796;-11,6479390235436;7,19956706519997;-6,44893663269022
EBA;Prec;14;Spatially adjusted;0,333265306122449;-11,7159838985781;7,31811708756459;-6,42350369325004
EBA;Prec;14;Spatially adjusted;0,353469387755102;-11,711913373726;7,43535077808247;-6,44401741576621
EBA;Prec;14;Spatially adjusted;0,373673469387755;-11,640466262636;7,55618538838507;-6,51044072182367
EBA;Prec;14;Spatially adjusted;0,393877551020408;-11,5082539918499;7,68655073159562;-6,6221474201393
EBA;Prec;14;Spatially adjusted;0,414081632653061;-11,3218879879073;7,83237662083684;-6,77851131943044
EBA;Prec;14;Spatially adjusted;0,434285714285714;-11,087979677347;7,99959286923286;-6,97890622841396
EBA;Prec;14;Spatially adjusted;0,454489795918367;-10,8131404867113;8,19412928990687;-7,22270595580721
EBA;Prec;14;Spatially adjusted;0,47469387755102;-10,5039818425385;8,42191569598117;-7,50928431032662
EBA;Prec;14;Spatially adjusted;0,494897959183674;-10,1671151713704;8,68888190058078;-7,83801510068997
EBA;Prec;14;Spatially adjusted;0,515102040816327;-9,8091518997453;9,00095771682845;-8,2082721356137
EBA;Prec;14;Spatially adjusted;0,53530612244898;-9,43670345420423;9,36407295784738;-8,61942922381559
EBA;Prec;14;Spatially adjusted;0,555510204081633;-9,05638126128724;9,78415743676078;-9,07086017401207
EBA;Prec;14;Spatially adjusted;0,575714285714286;-8,6747967475344;10,2671409666923;-9,56193879492048
EBA;Prec;14;Spatially adjusted;0,595918367346939;-8,2985613394867;10,8189533607656;-10,0920388952582
EBA;Prec;14;Spatially adjusted;0,616122448979592;-7,93428646368238;11,4455244321034;-10,660534283742
EBA;Prec;14;Spatially adjusted;0,636326530612245;-7,5885835466629;12,1527839938294;-11,2667987690888
EBA;Prec;14;Spatially adjusted;0,656530612244898;-7,26806401496833;12,9466618590673;-11,9102061600161
EBA;Prec;14;Spatially adjusted;0,676734693877551;-6,97933929513783;13,8330878409397;-12,590130265241
EBA;Prec;14;Spatially adjusted;0,696938775510204;-6,72751884430591;14,8159776386151;-13,3056753990786
EBA;Prec;14;Spatially adjusted;0,717142857142857;-6,51170424197835;15,8911904954389;-14,0548678982427
EBA;Prec;14;Spatially adjusted;0,73734693877551;-6,32949509825539;17,0525715408012;-14,8354646050443
EBA;Prec;14;Spatially adjusted;0,757551020408163;-6,17849102323589;18,2939659040921;-15,6452223617944
EBA;Prec;14;Spatially adjusted;0,777755102040816;-6,05629162702007;19,6092187147019;-16,4818980108057
EBA;Prec;14;Spatially adjusted;0,797959183673469;-5,9604965197077;20,9921751020202;-17,3432483943898
EBA;Prec;14;Spatially adjusted;0,818163265306122;-5,88870531139855;22,4366801954375;-18,2270303548576
EBA;Prec;14;Spatially adjusted;0,838367346938776;-5,83851761219148;23,936579124344;-19,131000734521
EBA;Prec;14;Spatially adjusted;0,858571428571429;-5,80753303218762;25,4857170181299;-20,0529163756914
EBA;Prec;14;Spatially adjusted;0,878775510204082;-5,79335118148583;27,0779390061848;-20,9905341206813
EBA;Prec;14;Spatially adjusted;0,898979591836735;-5,79357167018543;28,7070902178994;-21,9416108118007
EBA;Prec;14;Spatially adjusted;0,919183673469388;-5,80579410838664;30,3670157826627;-22,9039032913624
EBA;Prec;14;Spatially adjusted;0,939387755102041;-5,82761810618922;32,0515608298665;-23,8751684016779
EBA;Prec;14;Spatially adjusted;0,959591836734694;-5,8566432736925;33,7545704888989;-24,8531629850586
EBA;Prec;14;Spatially adjusted;0,979795918367347;-5,89046922099715;35,469889889152;-25,8356438838159
EBA;Prec;14;Spatially adjusted;1;-5,92669555820112;37,1913641600149;-26,8203679402618
EBA;Prec;14;Current landscape;0,0289640445262194;318,790343001436;299,174114703948;196,131221478706
EBA;Prec;14;Current landscape;0,0781858563423157;311,524172089851;283,90940377493;130,552058470274
EBA;Prec;14;Current landscape;0,126571878790855;270,415911765369;218,901361059385;73,2455110554729
EBA;Prec;14;Current landscape;0,172035351395607;393,955878371441;315,862798130687;111,558594701504
EBA;Prec;14;Current landscape;0,225125625729561;366,112349691707;275,013773534702;128,070969720951
EBA;Prec;14;Current landscape;0,274283230304718;234,744865245977;158,3207277514;-16,103611225084
EBA;Prec;14;Current landscape;0,325851082801819;284,156872206199;157,481546313253;-0,23758372913835
EBA;Prec;14;Current landscape;0,373383402824402;307,184721860145;224,819784971219;46,4773318331668
EBA;Prec;14;Current landscape;0,426611244678497;211,006091288542;114,964904675082;-99,7875004453945
EBA;Prec;14;Current landscape;0,476195693016052;281,932015590458;181,272975884768;-1,79369807602825
EBA;Prec;14;Current landscape;0,523816645145416;237,375945776424;213,492855942284;-1,81991355570563
EBA;Prec;14;Current landscape;0,575092852115631;365,190148825004;285,324664455121;103,816523710268
EBA;Prec;14;Current landscape;0,623897075653076;320,01858578289;269,107846490769;134,549468389616
EBA;Prec;14;Current landscape;0,675238609313965;301,236445819525;238,823072417635;71,5584117394492
EBA;Prec;14;Current landscape;0,724148750305176;256,448969117864;207,092281077902;40,305492610843
EBA;Prec;14;Current landscape;0,775230407714844;325,316954653229;254,063278140582;145,773829774465
EBA;Prec;14;Current landscape;0,82569283246994;160,84136888619;127,58830733381;88,6581067665661
EBA;Prec;14;Current landscape;0,877578020095825;130,809665437303;103,740834924844;-26,4236619201834
EBA;Prec;14;Current landscape;0,929024517536164;271,90222005354;151,750532087746;101,252459095548
EBA;Prec;14;Current landscape;1;238,879637951192;95,6984812316805;-16,4367238079453
EBA;Prec;15;Spatially adjusted;0,01;2,3292341127667;2,79241895067253;3,62014726728921
EBA;Prec;15;Spatially adjusted;0,0302040816326531;1,15559053995185;2,56429387173284;1,77567860107911
EBA;Prec;15;Spatially adjusted;0,0504081632653061;-0,0083457646505849;2,34153724380985;-0,0496587303273373
EBA;Prec;15;Spatially adjusted;0,0706122448979592;-1,15286753282726;2,12951751791888;-1,8367333921251
EBA;Prec;15;Spatially adjusted;0,0908163265306122;-2,2682674963653;1,93360314507754;-3,56641404951051
EBA;Prec;15;Spatially adjusted;0,111020408163265;-3,34483838705182;1,75916257630161;-5,21956936767901
EBA;Prec;15;Spatially adjusted;0,131224489795918;-4,3728729366735;1,61156426260732;-6,77706801182649
EBA;Prec;15;Spatially adjusted;0,151428571428571;-5,34266387701746;1,49617665501091;-8,21977864714881
EBA;Prec;15;Spatially adjusted;0,171632653061224;-6,24450393987218;1,41836820452954;-9,52856993884234
EBA;Prec;15;Spatially adjusted;0,191836734693878;-7,06868585702296;1,38350736217853;-10,6843105521025
EBA;Prec;15;Spatially adjusted;0,212040816326531;-7,80550236025829;1,39696257897549;-11,6678691521247
EBA;Prec;15;Spatially adjusted;0,232244897959184;-8,44524618136347;1,46410230593528;-12,4601144041044
EBA;Prec;15;Spatially adjusted;0,252448979591837;-8,97821005212836;1,59029499407552;-13,0419149732388
EBA;Prec;15;Spatially adjusted;0,27265306122449;-9,3946867043378;1,78090909441153;-13,394139524723
EBA;Prec;15;Spatially adjusted;0,292857142857143;-9,68496886977937;2,04131305796045;-13,4976567237522
EBA;Prec;15;Spatially adjusted;0,313061224489796;-9,83934928024064;2,37687533573853;-13,3333352355235
EBA;Prec;15;Spatially adjusted;0,333265306122449;-9,84812066750828;2,79296437876201;-12,8820437252316
EBA;Prec;15;Spatially adjusted;0,353469387755102;-9,70674962140311;3,2931994438427;-12,1353359440382
EBA;Prec;15;Spatially adjusted;0,373673469387755;-9,43139816387747;3,87420301097427;-11,1275059869627
EBA;Prec;15;Spatially adjusted;0,393877551020408;-9,04340217491654;4,53084836594735;-9,90353303499069
EBA;Prec;15;Spatially adjusted;0,414081632653061;-8,5640975345068;5,25800879455073;-8,50839626910783
EBA;Prec;15;Spatially adjusted;0,434285714285714;-8,01482012263477;6,05055758257458;-6,98707487029924
EBA;Prec;15;Spatially adjusted;0,454489795918367;-7,41690581928515;6,90336801580816;-5,38454801954913
EBA;Prec;15;Spatially adjusted;0,47469387755102;-6,79169050444398;7,81131338004116;-3,74579489784446
EBA;Prec;15;Spatially adjusted;0,494897959183674;-6,16051005809777;8,76926696106284;-2,11579468616992
EBA;Prec;15;Spatially adjusted;0,515102040816327;-5,54470036023167;9,77210204466382;-0,539526565509732
EBA;Prec;15;Spatially adjusted;0,53530612244898;-4,96559729083128;10,8146919166325;0,938030283149601
EBA;Prec;15;Spatially adjusted;0,555510204081633;-4,44453672988311;11,8919098627598;2,27189667882294
EBA;Prec;15;Spatially adjusted;0,575714285714286;-4,00285455737321;12,9986291688338;3,41709344052606
EBA;Prec;15;Spatially adjusted;0,595918367346939;-3,66188665328536;14,1297231206454;4,32864138727246
EBA;Prec;15;Spatially adjusted;0,616122448979592;-3,44296889760881;15,2800650039835;4,9615613380779
EBA;Prec;15;Spatially adjusted;0,636326530612245;-3,36743717032596;16,4445281046378;5,27087411195589
EBA;Prec;15;Spatially adjusted;0,656530612244898;-3,4566273514256;17,6179857083989;5,21160052792266
EBA;Prec;15;Spatially adjusted;0,676734693877551;-3,73187532089105;18,7953111010547;4,73876140499124
EBA;Prec;15;Spatially adjusted;0,696938775510204;-4,20880062800006;19,9722451345701;3,81965059984123
EBA;Prec;15;Spatially adjusted;0,717142857142857;-4,88015749918941;21,1479989256022;2,47065411980066
EBA;Prec;15;Spatially adjusted;0,73734693877551;-5,73298383018846;22,3226511569847;0,720431009863205
EBA;Prec;15;Spatially adjusted;0,757551020408163;-6,75431751672295;23,4962805115483;-1,40235968497882
EBA;Prec;15;Spatially adjusted;0,777755102040816;-7,93119645452225;24,668965672126;-3,86905891973265
EBA;Prec;15;Spatially adjusted;0,797959183673469;-9,25065853931392;25,8407853215499;-6,65100764940598
EBA;Prec;15;Spatially adjusted;0,818163265306122;-10,6997416668264;27,0118181426519;-9,71954682900605
EBA;Prec;15;Spatially adjusted;0,838367346938776;-12,2654837327868;28,1821428182643;-13,0460174135396
EBA;Prec;15;Spatially adjusted;0,858571428571429;-13,9349226329236;29,3518380312198;-16,6017603580149
EBA;Prec;15;Spatially adjusted;0,878775510204082;-15,6950962629653;30,5209824643493;-20,3581166174381
EBA;Prec;15;Spatially adjusted;0,898979591836735;-17,5330425186389;31,6896548004866;-24,2864271468179
EBA;Prec;15;Spatially adjusted;0,919183673469388;-19,435799295673;32,8579337224624;-28,3580329011606
EBA;Prec;15;Spatially adjusted;0,939387755102041;-21,3904044897949;34,0258979131095;-32,544274835474
EBA;Prec;15;Spatially adjusted;0,959591836734694;-23,3838959967334;35,1936260552602;-36,8164939047651
EBA;Prec;15;Spatially adjusted;0,979795918367347;-25,4033117122158;36,3611968317468;-41,1460310640423
EBA;Prec;15;Spatially adjusted;1;-27,4356895319697;37,5286889254007;-45,5042272683113
EBA;Prec;15;Current landscape;0,0282414276152849;346,056164751577;306,399772569346;195,212888283043
EBA;Prec;15;Current landscape;0,0789921656250954;349,196229814735;264,71074670829;118,375908948532
EBA;Prec;15;Current landscape;0,124296270310879;295,22104717377;217,292727853862;19,2969300908021
EBA;Prec;15;Current landscape;0,174546882510185;280,404808707484;216,778463699247;51,6563855598961
EBA;Prec;15;Current landscape;0,225117400288582;294,762558068824;199,072194058125;52,9108002927701
EBA;Prec;15;Current landscape;0,272213697433472;279,905196130572;223,595782413516;-6,92227001999299
EBA;Prec;15;Current landscape;0,327252477407455;249,453872927219;141,632075721424;-20,8885584683217
EBA;Prec;15;Current landscape;0,372914135456085;351,080649525753;217,919066627694;28,2899142717952
EBA;Prec;15;Current landscape;0,425517320632935;356,323140740926;268,116239570403;40,3130944669101
EBA;Prec;15;Current landscape;0,473968923091888;263,443764805008;172,008421053216;-7,33346191459259
EBA;Prec;15;Current landscape;0,523565381765366;190,751752561045;139,717954038523;-4,80281769412659
EBA;Prec;15;Current landscape;0,575900793075562;259,845576544024;210,349286028942;79,5919315758888
EBA;Prec;15;Current landscape;0,625852912664414;211,810596706968;134,854536102465;67,9285328047026
EBA;Prec;15;Current landscape;0,67508739233017;295,473702664396;224,948451547308;117,562681246691
EBA;Prec;15;Current landscape;0,726204007863999;333,190593745712;304,176860134735;133,418825030759
EBA;Prec;15;Current landscape;0,772703230381012;240,321077903644;211,374605279176;103,0064180757
EBA;Prec;15;Current landscape;0,826114177703857;104,169659930001;112,633290115021;14,3525351291237
EBA;Prec;15;Current landscape;0,870933949947357;179,710815095765;96,8201229044835;-74,2121047522442
EBA;Prec;15;Current landscape;0,92727142572403;105,36108797894;127,213072746332;-30,8769704448391
EBA;Prec;15;Current landscape;1;210,077880344857;142,389224633508;-8,17867440921054
EBA;Prec;16;Spatially adjusted;0,01;-2,33264514197435;3,39408954012515;-16,0904848315504
EBA;Prec;16;Spatially adjusted;0,0302040816326531;-2,75213069495339;4,3166801768084;-15,3410219994771
EBA;Prec;16;Spatially adjusted;0,0504081632653061;-3,17008584709947;5,22942536017717;-14,5940878035171
EBA;Prec;16;Spatially adjusted;0,0706122448979592;-3,58498019757872;6,12247963691743;-13,8522108797833
EBA;Prec;16;Spatially adjusted;0,0908163265306122;-3,99528334555907;6,98599755371379;-13,117919864389
EBA;Prec;16;Spatially adjusted;0,111020408163265;-4,39946489020667;7,81013365725266;-12,393743393448
EBA;Prec;16;Spatially adjusted;0,131224489795918;-4,7959944306881;8,58504249421912;-11,682210103073
EBA;Prec;16;Spatially adjusted;0,151428571428571;-5,18334156617084;9,30087861129959;-10,985848629377
EBA;Prec;16;Spatially adjusted;0,171632653061224;-5,55997589582103;9,94779655517823;-10,3071876084737
EBA;Prec;16;Spatially adjusted;0,191836734693878;-5,9243670188057;10,5159508725419;-9,64875567647641
EBA;Prec;16;Spatially adjusted;0,212040816326531;-6,27498453429234;10,9954961100761;-9,01308146949759
EBA;Prec;16;Spatially adjusted;0,232244897959184;-6,6102980414471;11,3765868144646;-8,40269362365098
EBA;Prec;16;Spatially adjusted;0,252448979591837;-6,92877713943699;11,6493775323952;-7,82012077504987
EBA;Prec;16;Spatially adjusted;0,27265306122449;-7,22889142742861;11,8040228105524;-7,2678915598076
EBA;Prec;16;Spatially adjusted;0,292857142857143;-7,50911050458899;11,8306771956218;-6,748534614037
EBA;Prec;16;Spatially adjusted;0,313061224489796;-7,76790397008517;11,7194952342893;-6,2645785738514
EBA;Prec;16;Spatially adjusted;0,333265306122449;-8,00374142308374;11,46063147324;-5,8185520753641
EBA;Prec;16;Spatially adjusted;0,353469387755102;-8,21596910892095;11,0501575514118;-5,41325897188517
EBA;Prec;16;Spatially adjusted;0,373673469387755;-8,40743985761401;10,5078134767459;-5,05260398551491
EBA;Prec;16;Spatially adjusted;0,393877551020408;-8,58188314534755;9,8592563494376;-4,74076705554899
EBA;Prec;16;Spatially adjusted;0,414081632653061;-8,74302844830891;9,13014326968096;-4,48192812128445
EBA;Prec;16;Spatially adjusted;0,434285714285714;-8,89460524268361;8,3461313376697;-4,2802671220179
EBA;Prec;16;Spatially adjusted;0,454489795918367;-9,04034300465719;7,53287765359801;-4,13996399704547
EBA;Prec;16;Spatially adjusted;0,47469387755102;-9,18397121041562;6,71603931766003;-4,0651986856642
EBA;Prec;16;Spatially adjusted;0,494897959183674;-9,3292193361458;5,92127343005041;-4,06015112717023
EBA;Prec;16;Spatially adjusted;0,515102040816327;-9,47981685803325;5,17423709096238;-4,12900126086106
EBA;Prec;16;Spatially adjusted;0,53530612244898;-9,63949325226395;4,50058740059103;-4,27592902603237
EBA;Prec;16;Spatially adjusted;0,555510204081633;-9,81197799502343;3,92598145913007;-4,50511436198121
EBA;Prec;16;Spatially adjusted;0,575714285714286;-10,0010005624981;3,47607636677321;-4,82073720800372
EBA;Prec;16;Spatially adjusted;0,595918367346939;-10,210290430874;3,17652922371553;-5,22697750339785
EBA;Prec;16;Spatially adjusted;0,616122448979592;-10,4435770763375;3,05299713015029;-5,72801518745791
EBA;Prec;16;Spatially adjusted;0,636326530612245;-10,7045899750738;3,13113718627164;-6,32803019948233
EBA;Prec;16;Spatially adjusted;0,656530612244898;-10,9970586032687;3,43660649227468;-7,03120247876768
EBA;Prec;16;Spatially adjusted;0,676734693877551;-11,3247124371096;3,99506214835264;-7,8417119646092
EBA;Prec;16;Spatially adjusted;0,696938775510204;-11,6902540121478;4,82498253539416;-8,76188030281901
EBA;Prec;16;Spatially adjusted;0,717142857142857;-12,0922781014028;5,91613115706241;-9,78659596526677
EBA;Prec;16;Spatially adjusted;0,73734693877551;-12,5283525372597;7,25109279771687;-10,9088891303363
EBA;Prec;16;Spatially adjusted;0,757551020408163;-12,9960451521047;8,81245224171562;-12,1217899764119
EBA;Prec;16;Spatially adjusted;0,777755102040816;-13,4929237783235;10,5827942734159;-13,4183286818779
EBA;Prec;16;Spatially adjusted;0,797959183673469;-14,0165562483007;12,5447036771766;-14,7915354251181
EBA;Prec;16;Spatially adjusted;0,818163265306122;-14,5645103944225;14,680765237355;-16,2344403845168
EBA;Prec;16;Spatially adjusted;0,838367346938776;-15,1343540490739;16,9735637383105;-17,7400737384583
EBA;Prec;16;Spatially adjusted;0,858571428571429;-15,7236550446405;19,4056839644004;-19,3014656653263
EBA;Prec;16;Spatially adjusted;0,878775510204082;-16,3299812135097;21,9597106999831;-20,9116463435048
EBA;Prec;16;Spatially adjusted;0,898979591836735;-16,9509003880644;24,6182287294168;-22,5636459513789
EBA;Prec;16;Spatially adjusted;0,919183673469388;-17,5839804006919;27,3638228370601;-24,2504946673325
EBA;Prec;16;Spatially adjusted;0,939387755102041;-18,2267890837766;30,17907780727;-25,965222669749
EBA;Prec;16;Spatially adjusted;0,959591836734694;-18,8768942697056;33,0465784244061;-27,7008601370135
EBA;Prec;16;Spatially adjusted;0,979795918367347;-19,5318637908622;35,9489094728251;-29,4504372475094
EBA;Prec;16;Spatially adjusted;1;-20,1892654796347;38,8686557368865;-31,206984179621
EBA;Prec;16;Current landscape;0,0287241898477077;408,280206742105;398,862453353944;220,958914211566
EBA;Prec;16;Current landscape;0,0796585530042648;356,420251233365;278,998842893617;136,047102432331
EBA;Prec;16;Current landscape;0,129262760281563;260,560631188507;186,899273734655;23,2729627656959
EBA;Prec;16;Current landscape;0,175060749053955;324,455522761379;189,804761951204;-4,59532468638736
EBA;Prec;16;Current landscape;0,226537704467773;288,289641040736;156,017918578345;25,6435574372676
EBA;Prec;16;Current landscape;0,273833125829697;252,811872696085;166,701808869503;4,93754430189847
EBA;Prec;16;Current landscape;0,326926082372665;273,154673602495;184,341924324892;-6,99557498595095
EBA;Prec;16;Current landscape;0,375778466463089;273,828292217705;233,390300748184;-21,3475997243727
EBA;Prec;16;Current landscape;0,423738151788711;184,800804926968;168,649464377891;-67,7791708262271
EBA;Prec;16;Current landscape;0,475977003574371;253,532598117071;187,699746710024;35,316828617279
EBA;Prec;16;Current landscape;0,526635617017746;408,431085143301;296,818078908776;152,125677398298
EBA;Prec;16;Current landscape;0,573259055614471;276,280184643631;224,200752601729;101,77809620567
EBA;Prec;16;Current landscape;0,622771799564362;360,981379988712;238,567186865631;119,653632839597
EBA;Prec;16;Current landscape;0,671121716499329;333,92040588067;232,082895616984;102,929235499814
EBA;Prec;16;Current landscape;0,727136850357056;299,284340505733;276,506512552641;143,718125273243
EBA;Prec;16;Current landscape;0,77116334438324;241,950161214804;264,502113967237;31,0010943302855
EBA;Prec;16;Current landscape;0,824437379837036;121,832400402073;71,6717060331994;-23,3083080536317
EBA;Prec;16;Current landscape;0,873063206672669;153,760686143897;118,512711437162;40,886059047642
EBA;Prec;16;Current landscape;0,927513122558594;227,582059165933;175,090411474706;99,1777726914133
EBA;Prec;16;Current landscape;1;226,006646712624;91,948544036753;35,7512786945949
EBA;Prec;17;Spatially adjusted;0,01;0,939122091572244;7,62355387645766;-0,544505061979635
EBA;Prec;17;Spatially adjusted;0,0302040816326531;-0,133904450462978;7,78603126783401;-1,31638078063042
EBA;Prec;17;Spatially adjusted;0,0504081632653061;-1,20490949178202;7,94835551123651;-2,08350465459307
EBA;Prec;17;Spatially adjusted;0,0706122448979592;-2,27187153166869;8,1103734586909;-2,84112483918079
EBA;Prec;17;Spatially adjusted;0,0908163265306122;-3,33276906940591;8,27193196222288;-3,5844894897059
EBA;Prec;17;Spatially adjusted;0,111020408163265;-4,38558060427658;8,43287787385907;-4,30884676148071
EBA;Prec;17;Spatially adjusted;0,131224489795918;-5,42828463556634;8,59305804562473;-5,00944480981752
EBA;Prec;17;Spatially adjusted;0,151428571428571;-6,45885966255673;8,75231932954648;-5,68153179002911
EBA;Prec;17;Spatially adjusted;0,171632653061224;-7,47528418453248;8,91050857764958;-6,32035585742779
EBA;Prec;17;Spatially adjusted;0,191836734693878;-8,47553670077696;9,06747264196065;-6,92116516732585
EBA;Prec;17;Spatially adjusted;0,212040816326531;-9,45759571057397;9,2230583745054;-7,47920787503608
EBA;Prec;17;Spatially adjusted;0,232244897959184;-10,419439713206;9,37711262730909;-7,98973213587033
EBA;Prec;17;Spatially adjusted;0,252448979591837;-11,3590472079568;9,52948225239925;-8,44798610514135
EBA;Prec;17;Spatially adjusted;0,27265306122449;-12,2743966941121;9,68001410179977;-8,84921793816147
EBA;Prec;17;Spatially adjusted;0,292857142857143;-13,1634666709533;9,82855502753864;-9,18867579024345
EBA;Prec;17;Spatially adjusted;0,313061224489796;-14,0242356377644;9,97495188164066;-9,4616078166996
EBA;Prec;17;Spatially adjusted;0,333265306122449;-14,8546820938291;10,119051516132;-9,66326217284177
EBA;Prec;17;Spatially adjusted;0,353469387755102;-15,6519499956153;10,2611429441331;-9,79183862896389
EBA;Prec;17;Spatially adjusted;0,373673469387755;-16,4098451283285;10,4032838231478;-9,85734341528405
EBA;Prec;17;Spatially adjusted;0,393877551020408;-17,1213387343578;10,5479739717712;-9,8727343770006
EBA;Prec;17;Spatially adjusted;0,414081632653061;-17,7794020560918;10,6977132086017;-9,85096935931142
EBA;Prec;17;Spatially adjusted;0,434285714285714;-18,3770063359211;10,8550013522349;-9,80500620741577
EBA;Prec;17;Spatially adjusted;0,454489795918367;-18,9071228162361;11,0223382212698;-9,7478027665129
EBA;Prec;17;Spatially adjusted;0,47469387755102;-19,3627227394236;11,2022236343018;-9,69231688180025
EBA;Prec;17;Spatially adjusted;0,494897959183674;-19,736777347875;11,3971574099287;-9,65150639847707
EBA;Prec;17;Spatially adjusted;0,515102040816327;-20,0222578839798;11,6096393667476;-9,63832916174215
EBA;Prec;17;Spatially adjusted;0,53530612244898;-20,2121355901259;11,8421693233554;-9,66574301679384
EBA;Prec;17;Spatially adjusted;0,555510204081633;-20,299381708704;12,0972470983493;-9,74670580883139
EBA;Prec;17;Spatially adjusted;0,575714285714286;-20,2769674821025;12,3773725103265;-9,8941753830527
EBA;Prec;17;Spatially adjusted;0,595918367346939;-20,1378641527126;12,6850453778834;-10,1211095846566
EBA;Prec;17;Spatially adjusted;0,616122448979592;-19,8750429629222;13,0227655196177;-10,4404662588413
EBA;Prec;17;Spatially adjusted;0,636326530612245;-19,4814751551212;13,3930327541266;-10,8652032508066
EBA;Prec;17;Spatially adjusted;0,656530612244898;-18,9501319716992;13,7983469000064;-11,4082784057505
EBA;Prec;17;Spatially adjusted;0,676734693877551;-18,2739846550458;14,2412077758549;-12,0826495688716
EBA;Prec;17;Spatially adjusted;0,696938775510204;-17,4487574997643;14,723281412289;-12,8976123001962
EBA;Prec;17;Spatially adjusted;0,717142857142857;-16,4811870093181;15,2428986880022;-13,8478130190611
EBA;Prec;17;Spatially adjusted;0,73734693877551;-15,3807627393858;15,7975566937112;-14,9242358596293
EBA;Prec;17;Spatially adjusted;0,757551020408163;-14,1569742456436;16,3847525201295;-16,1178649560657
EBA;Prec;17;Spatially adjusted;0,777755102040816;-12,8193110837697;17,0019832579719;-17,4196844425342
EBA;Prec;17;Spatially adjusted;0,797959183673469;-11,3772628094416;17,6467459979526;-18,8206784531985
EBA;Prec;17;Spatially adjusted;0,818163265306122;-9,84031897833802;18,3165378307872;-20,3118311222224
EBA;Prec;17;Spatially adjusted;0,838367346938776;-8,21796914613469;19,0088558471898;-21,8841265837709
EBA;Prec;17;Spatially adjusted;0,858571428571429;-6,51970286851019;19,7211971378752;-23,5285489720072
EBA;Prec;17;Spatially adjusted;0,878775510204082;-4,75500970114263;20,4510587935583;-25,2360824210955
EBA;Prec;17;Spatially adjusted;0,898979591836735;-2,93337919970872;21,1959379049531;-26,9977110651994
EBA;Prec;17;Spatially adjusted;0,919183673469388;-1,06430091988796;21,953331562775;-28,8044190384831
EBA;Prec;17;Spatially adjusted;0,939387755102041;0,842735582644309;22,7207368577378;-30,6471904751115
EBA;Prec;17;Spatially adjusted;0,959591836734694;2,77824075220997;23,4956508805567;-32,5170095092476
EBA;Prec;17;Spatially adjusted;0,979795918367347;4,73272503313046;24,2755707219467;-34,4048602750554
EBA;Prec;17;Spatially adjusted;1;6,6966988697277;25,057993472622;-36,3017269066995
EBA;Prec;17;Current landscape;0,0295064505189657;364,679509169793;302,621331561446;220,637211681958
EBA;Prec;17;Current landscape;0,0758422836661339;280,170146096651;196,744861790321;85,3298665467628
EBA;Prec;17;Current landscape;0,125341042876244;166,920246367575;100,371620352773;-22,101462931118
EBA;Prec;17;Current landscape;0,176133587956429;281,680078987575;183,557335631226;9,02977789385614
EBA;Prec;17;Current landscape;0,22444012761116;302,368551229834;182,407881510908;12,3919692750014
EBA;Prec;17;Current landscape;0,274437308311462;282,185803218629;242,826490406051;18,7786063395492
EBA;Prec;17;Current landscape;0,324571251869202;357,517926200569;260,997407142071;90,7897416697369
EBA;Prec;17;Current landscape;0,377791285514832;276,062263123869;211,689417863866;32,7048657484852
EBA;Prec;17;Current landscape;0,425448119640351;242,445433430028;174,163797036646;-17,7456408321887
EBA;Prec;17;Current landscape;0,475156322121621;377,015941625293;309,778205882462;111,364343604155
EBA;Prec;17;Current landscape;0,525283396244049;314,481404129592;340,870117986876;117,738098798477
EBA;Prec;17;Current landscape;0,573660254478455;230,744498135954;226,286576899846;-24,728061531298
EBA;Prec;17;Current landscape;0,625907480716705;219,480505317931;152,439176861041;-10,4255362250346
EBA;Prec;17;Current landscape;0,676241040229797;293,494798695009;192,116637000105;73,7671441725902
EBA;Prec;17;Current landscape;0,725471615791321;333,684272907161;309,445484206694;116,139294414933
EBA;Prec;17;Current landscape;0,773475050926208;287,931228673218;268,835029614584;63,2106310203612
EBA;Prec;17;Current landscape;0,826758682727814;274,678929989842;290,828361060054;184,682350509785
EBA;Prec;17;Current landscape;0,875672936439514;301,497150471314;269,07374649745;161,232783986502
EBA;Prec;17;Current landscape;0,928391218185425;143,548901186959;122,971197060504;-23,8135907292294
EBA;Prec;17;Current landscape;1;236,699887928846;103,428127626521;-54,2910773473882
EBA;Prec;18;Spatially adjusted;0,01;-2,96402929802207;-1,56138826055212;-7,44997968022517
EBA;Prec;18;Spatially adjusted;0,0302040816326531;-3,38060247395515;-0,707606137592393;-7,52869298559244
EBA;Prec;18;Spatially adjusted;0,0504081632653061;-3,79419138762569;0,13807819837939;-7,60447722817798
EBA;Prec;18;Spatially adjusted;0,0706122448979592;-4,20181177676886;0,967566960375279;-7,67440334520006
EBA;Prec;18;Spatially adjusted;0,0908163265306122;-4,60047937912304;1,77276236140688;-7,7355422738774
EBA;Prec;18;Spatially adjusted;0,111020408163265;-4,98720993242432;2,54556661448578;-7,78496495142781
EBA;Prec;18;Spatially adjusted;0,131224489795918;-5,3590191744097;3,27788193262495;-7,81974231507047
EBA;Prec;18;Spatially adjusted;0,151428571428571;-5,71292284281572;3,96161052883599;-7,83694530202229
EBA;Prec;18;Spatially adjusted;0,171632653061224;-6,04593667537984;4,58865461613004;-7,83364484950289
EBA;Prec;18;Spatially adjusted;0,191836734693878;-6,35507640983815;5,15091640751962;-7,80691189473055
EBA;Prec;18;Spatially adjusted;0,212040816326531;-6,63735778392766;5,64029811601677;-7,75381737492216
EBA;Prec;18;Spatially adjusted;0,232244897959184;-6,88979653538536;6,04870195463354;-7,67143222729783
EBA;Prec;18;Spatially adjusted;0,252448979591837;-7,10940840194826;6,36803013638155;-7,5568273890749
EBA;Prec;18;Spatially adjusted;0,27265306122449;-7,2932091213529;6,59018487427238;-7,40707379747255
EBA;Prec;18;Spatially adjusted;0,292857142857143;-7,43821443133629;6,70706838131946;-7,21924238970723
EBA;Prec;18;Spatially adjusted;0,313061224489796;-7,54144006963406;6,71058287053302;-6,99040410299949
EBA;Prec;18;Spatially adjusted;0,333265306122449;-7,59990177398458;6,59263055492602;-6,71762987456668
EBA;Prec;18;Spatially adjusted;0,353469387755102;-7,6120590086316;6,35033776178852;-6,40066089863421
EBA;Prec;18;Spatially adjusted;0,373673469387755;-7,58214614385042;6,00172727552763;-6,04991939745605
EBA;Prec;18;Spatially adjusted;0,393877551020408;-7,51584127642127;5,57004599482889;-5,67849785029239
EBA;Prec;18;Spatially adjusted;0,414081632653061;-7,41882250312847;5,0785408183765;-5,29948873640433
EBA;Prec;18;Spatially adjusted;0,434285714285714;-7,29676792075406;4,55045864485737;-4,92598453505252
EBA;Prec;18;Spatially adjusted;0,454489795918367;-7,15535562607829;4,00904637295571;-4,57107772549807
EBA;Prec;18;Spatially adjusted;0,47469387755102;-7,00026371588501;3,47755090135797;-4,24786078700117
EBA;Prec;18;Spatially adjusted;0,494897959183674;-6,83717028695673;2,97921912874835;-3,96942619882293
EBA;Prec;18;Spatially adjusted;0,515102040816327;-6,67175343607414;2,53729795381332;-3,74886644022445
EBA;Prec;18;Spatially adjusted;0,53530612244898;-6,50969126002065;2,17503427523707;-3,59927399046592
EBA;Prec;18;Spatially adjusted;0,555510204081633;-6,35666185557784;1,9156749917056;-3,53374132880799
EBA;Prec;18;Spatially adjusted;0,575714285714286;-6,21834331952823;1,78246700190448;-3,56536093451223
EBA;Prec;18;Spatially adjusted;0,595918367346939;-6,10041374865295;1,7986572045188;-3,70722528683882
EBA;Prec;18;Spatially adjusted;0,616122448979592;-6,00855123973679;1,98749249823413;-3,97242686504842
EBA;Prec;18;Spatially adjusted;0,636326530612245;-5,94843388955815;2,37221978173557;-4,37405814840213
EBA;Prec;18;Spatially adjusted;0,656530612244898;-5,92573979490271;2,97608595370912;-4,9252116161606
EBA;Prec;18;Spatially adjusted;0,676734693877551;-5,94614705255117;3,82233791283898;-5,63897974758402
EBA;Prec;18;Spatially adjusted;0,696938775510204;-6,01387929056045;4,92758106755309;-6,52444265931854
EBA;Prec;18;Spatially adjusted;0,717142857142857;-6,12734226208795;6,28185486524399;-7,57463101754638
EBA;Prec;18;Spatially adjusted;0,73734693877551;-6,28348725156639;7,86855726304793;-8,77856312583435
EBA;Prec;18;Spatially adjusted;0,757551020408163;-6,47926554342666;9,67108621809803;-10,1252572877506
EBA;Prec;18;Spatially adjusted;0,777755102040816;-6,71162842210151;11,6728396875301;-11,6037318068611
EBA;Prec;18;Spatially adjusted;0,797959183673469;-6,97752717202366;13,8572156284786;-13,2030049867331
EBA;Prec;18;Spatially adjusted;0,818163265306122;-7,27391307762491;16,2076119980788;-14,9120951309346
EBA;Prec;18;Spatially adjusted;0,838367346938776;-7,59773742333664;18,7074267534654;-16,7200205430313
EBA;Prec;18;Spatially adjusted;0,858571428571429;-7,94595149359111;21,3400578517731;-18,6157995265921
EBA;Prec;18;Spatially adjusted;0,878775510204082;-8,31550657282105;24,0889032501368;-20,5884503851821
EBA;Prec;18;Spatially adjusted;0,898979591836735;-8,70335394545873;26,9373609056916;-22,6269914223703
EBA;Prec;18;Spatially adjusted;0,919183673469388;-9,10644489593551;29,8688287755717;-24,7204409417222
EBA;Prec;18;Spatially adjusted;0,939387755102041;-9,52173070868366;32,8667048169123;-26,8578172468065
EBA;Prec;18;Spatially adjusted;0,959591836734694;-9,94616266813637;35,914386986849;-29,0281386411884
EBA;Prec;18;Spatially adjusted;0,979795918367347;-10,3766920587236;38,9952732425154;-31,2204234284372
EBA;Prec;18;Spatially adjusted;1;-10,8102701648795;42,0927615410474;-33,4236899121183
EBA;Prec;18;Current landscape;0,0273019205778837;325,052611480096;300,686824479921;162,266347953803
EBA;Prec;18;Current landscape;0,0742964893579483;302,150132084679;223,551593104573;116,705663839731
EBA;Prec;18;Current landscape;0,125016033649445;221,450194044735;120,231558911459;-36,3475466797149
EBA;Prec;18;Current landscape;0,175784632563591;215,623434857634;120,870518243051;-66,6867573358268
EBA;Prec;18;Current landscape;0,226653322577477;197,492392415357;95,9596533173922;-46,0810098649217
EBA;Prec;18;Current landscape;0,276114225387573;186,406057462569;64,5277928423016;-144,510869566191
EBA;Prec;18;Current landscape;0,322858363389969;279,601638796845;279,510542060039;59,1484939585685
EBA;Prec;18;Current landscape;0,375928968191147;312,618281274595;215,893175757191;68,9406404434612
EBA;Prec;18;Current landscape;0,422513365745544;182,891522328327;136,08167157904;-31,3998552888511
EBA;Prec;18;Current landscape;0,475242733955383;274,502215020596;177,539115792476;-0,766176563413865
EBA;Prec;18;Current landscape;0,525306761264801;298,333837472974;193,837304870189;43,9500015464887
EBA;Prec;18;Current landscape;0,578380405902863;357,462372501682;225,022996022585;76,0551955027718
EBA;Prec;18;Current landscape;0,626108914613724;316,081602044958;218,642336894266;104,50556243581
EBA;Prec;18;Current landscape;0,674287736415863;274,845555008974;228,645634344769;57,8111101881586
EBA;Prec;18;Current landscape;0,724330455064774;298,540379353792;253,095577421264;112,202356322962
EBA;Prec;18;Current landscape;0,770929157733917;280,199992508359;231,340621367192;61,8347478127162
EBA;Prec;18;Current landscape;0,825147807598114;202,032440961151;115,819339387087;18,3097687066652
EBA;Prec;18;Current landscape;0,876838982105255;260,059188519381;121,212186646433;13,1098748336381
EBA;Prec;18;Current landscape;0,927355825901031;226,330689164745;106,839827946442;-11,3587066067857
EBA;Prec;18;Current landscape;1;279,939990393559;24,4682105787319;-42,8524951034178
EBA;Prec;19;Spatially adjusted;0,01;0,495696088886234;0,143681326006572;7,52857526680919
EBA;Prec;19;Spatially adjusted;0,0302040816326531;0,00215005111112987;0,668433000747882;6,60790283349706
EBA;Prec;19;Spatially adjusted;0,0504081632653061;-0,492360356612608;1,18945506195314;5,69233297421715
EBA;Prec;19;Spatially adjusted;0,0706122448979592;-0,988799504235431;1,70301789608629;4,78696826299984
EBA;Prec;19;Spatially adjusted;0,0908163265306122;-1,48813176170597;2,20539188961084;3,89691127387687
EBA;Prec;19;Spatially adjusted;0,111020408163265;-1,99132149897378;2,69284742899163;3,02726458088
EBA;Prec;19;Spatially adjusted;0,131224489795918;-2,49933308598838;3,1616549006917;2,18313075804099
EBA;Prec;19;Spatially adjusted;0,151428571428571;-3,01313089269843;3,60808469117501;1,36961237939022
EBA;Prec;19;Spatially adjusted;0,171632653061224;-3,53367928905345;4,02840718690595;0,591812018960809
EBA;Prec;19;Spatially adjusted;0,191836734693878;-4,06194264500209;4,41889277434757;-0,145167749217308
EBA;Prec;19;Spatially adjusted;0,212040816326531;-4,5988853304948;4,77581183996472;-0,836224351111468
EBA;Prec;19;Spatially adjusted;0,232244897959184;-5,14547171548065;5,09543477022089;-1,47625521269129
EBA;Prec;19;Spatially adjusted;0,252448979591837;-5,70266616990921;5,37403195158004;-2,0601577599241
EBA;Prec;19;Spatially adjusted;0,27265306122449;-6,27143306372818;5,6078737705061;-2,58282941877906
EBA;Prec;19;Spatially adjusted;0,292857142857143;-6,85273676688894;5,79323061346258;-3,03916761522487
EBA;Prec;19;Spatially adjusted;0,313061224489796;-7,44754164933875;5,92637286691434;-3,42406977522933
EBA;Prec;19;Spatially adjusted;0,333265306122449;-8,05681208102851;6,00357091732394;-3,73243332476204
EBA;Prec;19;Spatially adjusted;0,353469387755102;-8,67993612197461;6,02380633266512;-3,96253654019756
EBA;Prec;19;Spatially adjusted;0,373673469387755;-9,30999659246481;5,99690540694201;-4,12618109954337
EBA;Prec;19;Spatially adjusted;0,393877551020408;-9,93850000285465;5,93540561566897;-4,23854953121281
EBA;Prec;19;Spatially adjusted;0,414081632653061;-10,556952863501;5,85184443435946;-4,31482436362103
EBA;Prec;19;Spatially adjusted;0,434285714285714;-11,1568616847585;5,75875933852694;-4,37018812517999
EBA;Prec;19;Spatially adjusted;0,454489795918367;-11,7297329769835;5,66868780368577;-4,41982334430531
EBA;Prec;19;Spatially adjusted;0,47469387755102;-12,2670732505312;5,59416730534986;-4,47891254940987
EBA;Prec;19;Spatially adjusted;0,494897959183674;-12,7603890157575;5,54773531903174;-4,56263826890836
EBA;Prec;19;Spatially adjusted;0,515102040816327;-13,2011867830188;5,5419293202458;-4,68618303121411
EBA;Prec;19;Spatially adjusted;0,53530612244898;-13,5809730626697;5,58928678450593;-4,86472936474138
EBA;Prec;19;Spatially adjusted;0,555510204081633;-13,8912543650663;5,70234518732559;-5,11345979790394
EBA;Prec;19;Spatially adjusted;0,575714285714286;-14,1235372005644;5,89364200421869;-5,44755685911559
EBA;Prec;19;Spatially adjusted;0,595918367346939;-14,2693280795206;6,17571471069869;-5,88220307679103
EBA;Prec;19;Spatially adjusted;0,616122448979592;-14,3201335122885;6,56110078227948;-6,43258097934313
EBA;Prec;19;Spatially adjusted;0,636326530612245;-14,2674600092259;7,06233769447454;-7,11387309518614
EBA;Prec;19;Spatially adjusted;0,656530612244898;-14,1028140806879;7,69196292279776;-7,94126195273475
EBA;Prec;19;Spatially adjusted;0,676734693877551;-13,8177022370296;8,46251394276305;-8,92993008040185
EBA;Prec;19;Spatially adjusted;0,696938775510204;-13,4063898973468;9,38284007493166;-10,090691441465
EBA;Prec;19;Spatially adjusted;0,717142857142857;-12,8741781156987;10,4470380200592;-11,4168857386526
EBA;Prec;19;Spatially adjusted;0,73734693877551;-12,2291268548815;11,6455163239475;-12,8974841095564
EBA;Prec;19;Spatially adjusted;0,757551020408163;-11,4792960776931;12,9686835324001;-14,5214576917688
EBA;Prec;19;Spatially adjusted;0,777755102040816;-10,6327457469324;14,4069481912188;-16,27777762288
EBA;Prec;19;Spatially adjusted;0,797959183673469;-9,69753582539624;15,9507188462071;-18,1554150404827
EBA;Prec;19;Spatially adjusted;0,818163265306122;-8,68172627588183;17,5904040431678;-20,1433410821687
EBA;Prec;19;Spatially adjusted;0,838367346938776;-7,59337706118777;19,3164123279034;-22,2305268855298
EBA;Prec;19;Spatially adjusted;0,858571428571429;-6,44054814411174;21,1191522462173;-24,4059435881563
EBA;Prec;19;Spatially adjusted;0,878775510204082;-5,23129948745191;22,9890323439113;-26,6585623276419
EBA;Prec;19;Spatially adjusted;0,898979591836735;-3,97369105400503;24,9164611667884;-28,9773542415769
EBA;Prec;19;Spatially adjusted;0,919183673469388;-2,67578280656926;26,8918472606515;-31,3512904675536
EBA;Prec;19;Spatially adjusted;0,939387755102041;-1,34563470794274;28,905599171304;-33,7693421431632
EBA;Prec;19;Spatially adjusted;0,959591836734694;0,00869327907730622;30,9481254445477;-36,2204804059984
EBA;Prec;19;Spatially adjusted;0,979795918367347;1,37914119169272;33,0098346261862;-38,6936763936492
EBA;Prec;19;Spatially adjusted;1;2,75764906710583;35,0811352620221;-41,1779012437087
EBA;Prec;19;Current landscape;0,0282335691154003;363,230226818361;307,582201152591;197,369067532338
EBA;Prec;19;Current landscape;0,0803741365671158;300,157740424497;240,060143274488;89,237949313947
EBA;Prec;19;Current landscape;0,124008014798164;199,1344964433;147,099291098296;38,5968216197921
EBA;Prec;19;Current landscape;0,174546882510185;317,373586100125;219,925187393377;0,410290547004934
EBA;Prec;19;Current landscape;0,223797425627708;314,911623366049;205,268529317502;-17,6772078422482
EBA;Prec;19;Current landscape;0,274846538901329;330,713152759898;272,953631922811;90,2902363550183
EBA;Prec;19;Current landscape;0,327753037214279;255,586911755076;187,243220412765;86,6763888356468
EBA;Prec;19;Current landscape;0,373697280883789;336,38932868994;226,85824266349;116,70403820763
EBA;Prec;19;Current landscape;0,426937580108643;298,114044534442;198,171634106842;-10,9682836329748
EBA;Prec;19;Current landscape;0,474937751889229;323,302466761651;206,251554433134;66,5474547658282
EBA;Prec;19;Current landscape;0,52462363243103;268,632575928453;166,40547363962;-19,8513561261807
EBA;Prec;19;Current landscape;0,573847949504852;273,247052117179;230,375579851058;50,9383936140666
EBA;Prec;19;Current landscape;0,625268042087555;256,157160748119;168,416007113541;50,6547206423047
EBA;Prec;19;Current landscape;0,67559403181076;302,711873843675;202,86630183986;-2,68410963926635
EBA;Prec;19;Current landscape;0,723503679037095;236,49747667578;166,101576367742;-39,4372769498491
EBA;Prec;19;Current landscape;0,770075798034668;342,910611972448;300,312461590434;120,152637084643
EBA;Prec;19;Current landscape;0,823687791824341;266,421756445189;225,588983432598;153,076948874001
EBA;Prec;19;Current landscape;0,875329971313477;161,597184567838;96,157297536897;4,81483817847857
EBA;Prec;19;Current landscape;0,930070877075195;179,945852229144;142,796697578739;2,2024958605125
EBA;Prec;19;Current landscape;1;271,628147870224;73,6126872054829;-90,2350608679963
EBA;Prec;20;Spatially adjusted;0,01;1,61942648264585;6,32472570789605;-15,2928808884749
EBA;Prec;20;Spatially adjusted;0,0302040816326531;0,91354012630336;6,5190140340228;-14,8467697980418
EBA;Prec;20;Spatially adjusted;0,0504081632653061;0,211902591338912;6,71052387651798;-14,4011647479556
EBA;Prec;20;Spatially adjusted;0,0706122448979592;-0,481237300869907;6,89647675175002;-13,9565717785608
EBA;Prec;20;Spatially adjusted;0,0908163265306122;-1,16163072894415;7,07409417608642;-13,5134969302035
EBA;Prec;20;Spatially adjusted;0,111020408163265;-1,82502887150577;7,24059766589653;-13,0724462432308
EBA;Prec;20;Spatially adjusted;0,131224489795918;-2,46718290717718;7,39320873754787;-12,6339257579875
EBA;Prec;20;Spatially adjusted;0,151428571428571;-3,08384401458034;7,52914890740931;-12,1984415148208
EBA;Prec;20;Spatially adjusted;0,171632653061224;-3,67076337233584;7,64563969184928;-11,7664995540758
EBA;Prec;20;Spatially adjusted;0,191836734693878;-4,22369215906656;7,73990260723531;-11,3386059160985
EBA;Prec;20;Spatially adjusted;0,212040816326531;-4,73838155339536;7,80915916993627;-10,9152666412356
EBA;Prec;20;Spatially adjusted;0,232244897959184;-5,21058273394374;7,85063089632013;-10,4969877698322
EBA;Prec;20;Spatially adjusted;0,252448979591837;-5,6360468793323;7,86153930275532;-10,0842753422348
EBA;Prec;20;Spatially adjusted;0,27265306122449;-6,01052516818436;7,83910590561118;-9,67763539878979
EBA;Prec;20;Spatially adjusted;0,292857142857143;-6,32976877912006;7,78055222125431;-9,27757397984215
EBA;Prec;20;Spatially adjusted;0,313061224489796;-6,58952889076318;7,68309976605406;-8,88459712573831
EBA;Prec;20;Spatially adjusted;0,333265306122449;-6,78555668173476;7,54397005637884;-8,49921087682424
EBA;Prec;20;Spatially adjusted;0,353469387755102;-6,91531306161505;7,36250635680563;-8,122992749079
EBA;Prec;20;Spatially adjusted;0,373673469387755;-6,98309786381515;7,1465389247478;-7,76180616100965
EBA;Prec;20;Spatially adjusted;0,393877551020408;-6,99492065270442;6,90601976582866;-7,42258600675632
EBA;Prec;20;Spatially adjusted;0,414081632653061;-6,9567909926509;6,65090088567013;-7,11226718046009
EBA;Prec;20;Spatially adjusted;0,434285714285714;-6,87471844802485;6,39113428989595;-6,83778457625976
EBA;Prec;20;Spatially adjusted;0,454489795918367;-6,75471258319612;6,13667198412759;-6,6060730882964
EBA;Prec;20;Spatially adjusted;0,47469387755102;-6,60278296253273;5,89746597398835;-6,42406761071106
EBA;Prec;20;Spatially adjusted;0,494897959183674;-6,42493915040359;5,68346826510106;-6,2987030376421
EBA;Prec;20;Spatially adjusted;0,515102040816327;-6,22719071117945;5,50463086308764;-6,23691426323057
EBA;Prec;20;Spatially adjusted;0,53530612244898;-6,01554720922741;5,37090577357139;-6,24563618161756
EBA;Prec;20;Spatially adjusted;0,555510204081633;-5,79601820891867;5,29224500217515;-6,33180368694229
EBA;Prec;20;Spatially adjusted;0,575714285714286;-5,57461327462124;5,27860055452129;-6,50235167334495
EBA;Prec;20;Spatially adjusted;0,595918367346939;-5,35734197070451;5,3399244362322;-6,76421503496567
EBA;Prec;20;Spatially adjusted;0,616122448979592;-5,15021386153785;5,48616865293025;-7,12432866594554
EBA;Prec;20;Spatially adjusted;0,636326530612245;-4,95923851149018;5,72728521023964;-7,5896274604238
EBA;Prec;20;Spatially adjusted;0,656530612244898;-4,79042548493089;6,0732261137814;-8,16704631254061
EBA;Prec;20;Spatially adjusted;0,676734693877551;-4,64978434622981;6,53394336917927;-8,86352011643749
EBA;Prec;20;Spatially adjusted;0,696938775510204;-4,54196700889861;7,11643106072779;-9,6835155563349
EBA;Prec;20;Spatially adjusted;0,717142857142857;-4,46619478303091;7,81585158741245;-10,6216264767818
EBA;Prec;20;Spatially adjusted;0,73734693877551;-4,42033132786173;8,62440942689;-11,6699785124083
EBA;Prec;20;Spatially adjusted;0,757551020408163;-4,40224030262698;9,53430905681944;-12,8206972978437
EBA;Prec;20;Spatially adjusted;0,777755102040816;-4,40978536656121;10,5377549548575;-14,0659084677191
EBA;Prec;20;Spatially adjusted;0,797959183673469;-4,44083017890171;11,6269515986614;-15,397737656664
EBA;Prec;20;Spatially adjusted;0,818163265306122;-4,49323839888439;12,7941034658897;-16,8083104993088
EBA;Prec;20;Spatially adjusted;0,838367346938776;-4,56487368574426;14,0314150341997;-18,2897526302831
EBA;Prec;20;Spatially adjusted;0,858571428571429;-4,65359969871724;15,3310907812484;-19,8341896842167
EBA;Prec;20;Spatially adjusted;0,878775510204082;-4,75728009703971;16,6853351846944;-21,4337472957404
EBA;Prec;20;Spatially adjusted;0,898979591836735;-4,87377853994667;18,0863527221945;-23,0805510994837
EBA;Prec;20;Spatially adjusted;0,919183673469388;-5,00095868667495;19,5263478714069;-24,7667267300776
EBA;Prec;20;Spatially adjusted;0,939387755102041;-5,13668419646047;20,9975251099882;-26,4843998221504
EBA;Prec;20;Spatially adjusted;0,959591836734694;-5,27881872853777;22,4920889155974;-28,2256960103337
EBA;Prec;20;Spatially adjusted;0,979795918367347;-5,42522594214324;24,0022437658913;-29,9827409292566
EBA;Prec;20;Spatially adjusted;1;-5,57376949651371;25,5201941385271;-31,7476602135489
EBA;Prec;20;Current landscape;0,0287241898477077;287,787808713483;224,701402134844;120,343312954866
EBA;Prec;20;Current landscape;0,0803417339920998;234,56209725628;193,673399448246;48,6666105698396
EBA;Prec;20;Current landscape;0,126518428325653;302,344110809121;273,854460032221;86,1100089669853
EBA;Prec;20;Current landscape;0,172480612993241;245,926382103239;152,719463355937;37,8473443412636
EBA;Prec;20;Current landscape;0,226031348109245;238,932329931294;157,003304259005;0,0204543902054866
EBA;Prec;20;Current landscape;0,277740776538849;372,485594503598;239,838301682448;92,1638385005485
EBA;Prec;20;Current landscape;0,325072795152664;256,93095811907;183,879287573529;-14,2671644812431
EBA;Prec;20;Current landscape;0,375150918960571;302,777329753471;209,2285734257;-0,499989440478203
EBA;Prec;20;Current landscape;0,427306026220322;296,208148027937;218,271255225543;7,40520143016192
EBA;Prec;20;Current landscape;0,474145084619522;324,332915383781;237,060620005663;76,5338080151801
EBA;Prec;20;Current landscape;0,526128470897675;313,572957818899;197,030491307422;69,778138490884
EBA;Prec;20;Current landscape;0,573743045330048;273,503333849088;120,75461382423;-21,3810732323464
EBA;Prec;20;Current landscape;0,622903287410736;262,106269132843;128,021741576718;-5,09594910839087
EBA;Prec;20;Current landscape;0,673725694417954;345,596713619441;251,334530178589;100,465119636511
EBA;Prec;20;Current landscape;0,726629793643951;225,605469514907;245,274235682895;116,878749456903
EBA;Prec;20;Current landscape;0,77565062046051;282,855731822946;219,853049447562;61,4318584090438
EBA;Prec;20;Current landscape;0,826126933097839;209,992705234986;119,727834542097;2,34054659855019
EBA;Prec;20;Current landscape;0,876266181468964;233,350176378524;195,732202066628;77,3030744628968
EBA;Prec;20;Current landscape;0,924439638853073;92,0165085783913;73,9000090159079;18,4511381548637
EBA;Prec;20;Current landscape;1;205,73761954252;152,971013900993;50,8518457489304
EBA;Prec;21;Spatially adjusted;0,01;7,13882125891632;7,82703171951926;12,6492486503248
EBA;Prec;21;Spatially adjusted;0,0302040816326531;6,6236961345744;7,88083935713257;10,5316735064339
EBA;Prec;21;Spatially adjusted;0,0504081632653061;6,10842735364349;7,93572719195026;8,42930041393356
EBA;Prec;21;Spatially adjusted;0,0706122448979592;5,59287125953415;7,99277542117443;6,35733142421623
EBA;Prec;21;Spatially adjusted;0,0908163265306122;5,0768841956583;8,0530642420099;4,33096858867202
EBA;Prec;21;Spatially adjusted;0,111020408163265;4,56032250542603;8,11767385166013;2,3654139586929
EBA;Prec;21;Spatially adjusted;0,131224489795918;4,04304253224836;8,18768444732814;0,475869585669443
EBA;Prec;21;Spatially adjusted;0,151428571428571;3,52490061953722;8,2641762262183;-1,32246247900639
EBA;Prec;21;Spatially adjusted;0,171632653061224;3,00575311070224;8,34822938553407;-3,01438018394401
EBA;Prec;21;Spatially adjusted;0,191836734693878;2,48545634915536;8,44092412247937;-4,58468147775193
EBA;Prec;21;Spatially adjusted;0,212040816326531;1,96386667830757;8,54334063425722;-6,01816430903909
EBA;Prec;21;Spatially adjusted;0,232244897959184;1,44084044156898;8,65655911807107;-7,29962662641447
EBA;Prec;21;Spatially adjusted;0,252448979591837;0,916233982351514;8,78165977112576;-8,41386637848655
EBA;Prec;21;Spatially adjusted;0,27265306122449;0,389903644065726;8,91972279062429;-9,34568151386429
EBA;Prec;21;Spatially adjusted;0,292857142857143;-0,138294229877374;9,07182837376968;-10,0798699811562
EBA;Prec;21;Spatially adjusted;0,313061224489796;-0,668503296065865;9,23905671776674;-10,6012297289712
EBA;Prec;21;Spatially adjusted;0,333265306122449;-1,20086721109101;9,42248801981805;-10,8945587059188
EBA;Prec;21;Spatially adjusted;0,353469387755102;-1,73500933263722;9,62294687282565;-10,9524277471651
EBA;Prec;21;Spatially adjusted;0,373673469387755;-2,26847182278334;9,84023545247874;-10,7984992341126
EBA;Prec;21;Spatially adjusted;0,393877551020408;-2,79827654470137;10,0739003301637;-10,4642084347197
EBA;Prec;21;Spatially adjusted;0,414081632653061;-3,32144536156829;10,3234880772679;-9,98099061694757
EBA;Prec;21;Spatially adjusted;0,434285714285714;-3,83500013655612;10,5885452651787;-9,38028104875502
EBA;Prec;21;Spatially adjusted;0,454489795918367;-4,33596273284138;10,8686184652829;-8,69351499810182
EBA;Prec;21;Spatially adjusted;0,47469387755102;-4,82135501359699;11,1632542489679;-7,95212773294861
EBA;Prec;21;Spatially adjusted;0,494897959183674;-5,28819884199902;11,47199918762;-7,1875545212547
EBA;Prec;21;Spatially adjusted;0,515102040816327;-5,73351608122039;11,7943998526266;-6,43123063097983
EBA;Prec;21;Spatially adjusted;0,53530612244898;-6,15432859443581;12,1300028153746;-5,71459133008329
EBA;Prec;21;Spatially adjusted;0,555510204081633;-6,54765824482001;12,4783546472504;-5,06907188652576
EBA;Prec;21;Spatially adjusted;0,575714285714286;-6,91052689554817;12,8390019196422;-4,52610756826653
EBA;Prec;21;Spatially adjusted;0,595918367346939;-7,23995640979319;13,2114912039365;-4,11713364326488
EBA;Prec;21;Spatially adjusted;0,616122448979592;-7,53296865073071;13,5953690715196;-3,87358537948148
EBA;Prec;21;Spatially adjusted;0,636326530612245;-7,78658548153499;13,9901820937794;-3,82689804487609
EBA;Prec;21;Spatially adjusted;0,656530612244898;-7,99782876537984;14,3954768421022;-4,00850690740754
EBA;Prec;21;Spatially adjusted;0,676734693877551;-8,16372036544044;14,8107998878759;-4,44984723503649
EBA;Prec;21;Spatially adjusted;0,696938775510204;-8,28228193665973;15,2356736357056;-5,17408209759287
EBA;Prec;21;Spatially adjusted;0,717142857142857;-8,35553430105711;15,6695238230695;-6,17128577239055
EBA;Prec;21;Spatially adjusted;0,73734693877551;-8,38649807242064;16,1117520206662;-7,42326033861309
EBA;Prec;21;Spatially adjusted;0,757551020408163;-8,37819386453793;16,5617597991941;-8,91180787544454
EBA;Prec;21;Spatially adjusted;0,777755102040816;-8,33364229119798;17,0189487293492;-10,6187304620689
EBA;Prec;21;Spatially adjusted;0,797959183673469;-8,25586396618837;17,4827203818304;-12,5258301776694
EBA;Prec;21;Spatially adjusted;0,818163265306122;-8,1478795032981;17,9524763273348;-14,6149091014308
EBA;Prec;21;Spatially adjusted;0,838367346938776;-8,01270951631477;18,4276181365603;-16,8677693125369
EBA;Prec;21;Spatially adjusted;0,858571428571429;-7,853374619026;18,9075473802045;-19,2662128901711
EBA;Prec;21;Spatially adjusted;0,878775510204082;-7,67289542521939;19,3916656289648;-21,792041913518
EBA;Prec;21;Spatially adjusted;0,898979591836735;-7,47429254868439;19,8793744535396;-24,4270584617616
EBA;Prec;21;Spatially adjusted;0,919183673469388;-7,26058660320996;20,3700754246256;-27,153064614085
EBA;Prec;21;Spatially adjusted;0,939387755102041;-7,03479820258144;20,8631701129211;-29,9518624496723
EBA;Prec;21;Spatially adjusted;0,959591836734694;-6,79994796058963;21,3580600891237;-32,8052540477088
EBA;Prec;21;Spatially adjusted;0,979795918367347;-6,55905649102078;21,8541469239308;-35,6950414873763
EBA;Prec;21;Spatially adjusted;1;-6,31514440766432;22,3508321880404;-38,6030268478608
EBA;Prec;21;Current landscape;0,0267463121563196;391,220380915494;349,649760764908;241,399853594216
EBA;Prec;21;Current landscape;0,0781431794166565;255,66836076522;195,890420712745;103,346898255784
EBA;Prec;21;Current landscape;0,125872269272804;285,850823980563;186,064918726431;73,1882324958911
EBA;Prec;21;Current landscape;0,177899867296219;190,12503480238;108,362589518029;-74,0376101235802
EBA;Prec;21;Current landscape;0,226072132587433;297,336345837703;198,158541304651;12,5704019465552
EBA;Prec;21;Current landscape;0,273278266191483;316,693980838807;217,73558839472;26,0562877153666
EBA;Prec;21;Current landscape;0,324859410524368;352,316848935559;219,848450936252;59,9384773942557
EBA;Prec;21;Current landscape;0,374612540006638;331,319172227199;226,785541427783;43,8053730583933
EBA;Prec;21;Current landscape;0,425051033496857;310,560594965364;260,841128980212;39,6484072542226
EBA;Prec;21;Current landscape;0,475900739431381;312,793539205446;224,17564200163;56,2046829793762
EBA;Prec;21;Current landscape;0,524706780910492;294,203226434794;197,251257413066;15,6159377977992
EBA;Prec;21;Current landscape;0,573568224906921;261,495912758897;181,454762757618;57,8899802627011
EBA;Prec;21;Current landscape;0,623729825019836;316,84901205343;283,362916153199;113,910230618168
EBA;Prec;21;Current landscape;0,672400116920471;305,405305717519;204,436155314733;62,2472740131621
EBA;Prec;21;Current landscape;0,725467562675476;286,7525712781;216,998472728766;55,5977688916892
EBA;Prec;21;Current landscape;0,776913583278656;316,214961077519;304,702943477091;169,452870594713
EBA;Prec;21;Current landscape;0,825665891170502;193,969517419907;75,9325567163646;-19,2134371241996
EBA;Prec;21;Current landscape;0,876782298088074;308,593605826894;160,415669218564;79,346692828176
EBA;Prec;21;Current landscape;0,925835311412811;280,56793256448;232,167584974761;108,257453815978
EBA;Prec;21;Current landscape;1;250,992388116797;153,932240129928;119,6679790484
EBA;Prec;22;Spatially adjusted;0,01;4,8207128775075;6,10737820801205;-8,88819249047947
EBA;Prec;22;Spatially adjusted;0,0302040816326531;4,418801591381;6,21451651068446;-8,66037162187467
EBA;Prec;22;Spatially adjusted;0,0504081632653061;4,01179063295285;6,32225538098783;-8,43413375455202
EBA;Prec;22;Spatially adjusted;0,0706122448979592;3,59458032992052;6,43119538655355;-8,21106188979411
EBA;Prec;22;Spatially adjusted;0,0908163265306122;3,1620710099819;6,54193709501351;-7,99273902888263
EBA;Prec;22;Spatially adjusted;0,111020408163265;2,70916300083582;6,65508107399865;-7,78074817309926
EBA;Prec;22;Spatially adjusted;0,131224489795918;2,23075663017971;6,77122789113992;-7,5766723237266
EBA;Prec;22;Spatially adjusted;0,151428571428571;1,7217522257115;6,89097811406964;-7,38209448204725
EBA;Prec;22;Spatially adjusted;0,171632653061224;1,17705011512953;7,01493231041786;-7,1985976493429
EBA;Prec;22;Spatially adjusted;0,191836734693878;0,591550626132175;7,14369104781645;-7,02776482689569
EBA;Prec;22;Spatially adjusted;0,212040816326531;-0,0398459135835765;7,27785489389726;-6,87117901598776
EBA;Prec;22;Spatially adjusted;0,232244897959184;-0,722239176318453;7,41802441628988;-6,73042321790172
EBA;Prec;22;Spatially adjusted;0,252448979591837;-1,46072883437546;7,56480018262801;-6,60708043391924
EBA;Prec;22;Spatially adjusted;0,27265306122449;-2,26041456005714;7,71878276054076;-6,50273366532247
EBA;Prec;22;Spatially adjusted;0,292857142857143;-3,12639602566333;7,88057271766093;-6,41896591339355
EBA;Prec;22;Spatially adjusted;0,313061224489796;-4,06377290349792;8,05077062161899;-6,35736017941508
EBA;Prec;22;Spatially adjusted;0,333265306122449;-5,07764486586166;8,22997704004638;-6,3194994646683
EBA;Prec;22;Spatially adjusted;0,353469387755102;-6,16939221622988;8,41864783798337;-6,3069695139402
EBA;Prec;22;Spatially adjusted;0,373673469387755;-7,32551778276911;8,61666007010717;-6,32136704602908
EBA;Prec;22;Spatially adjusted;0,393877551020408;-8,52880502481912;8,82374608850341;-6,36429152323763
EBA;Prec;22;Spatially adjusted;0,414081632653061;-9,76203740171832;9,03963824525727;-6,43734240786944
EBA;Prec;22;Spatially adjusted;0,434285714285714;-11,007998372806;9,26406889245527;-6,54211916222721
EBA;Prec;22;Spatially adjusted;0,454489795918367;-12,249471397422;9,49677038218306;-6,68022124861318
EBA;Prec;22;Spatially adjusted;0,47469387755102;-13,4692399349042;9,73747506652535;-6,85324812933095
EBA;Prec;22;Spatially adjusted;0,494897959183674;-14,6500874445933;9,98591529756959;-7,06279926668276
EBA;Prec;22;Spatially adjusted;0,515102040816327;-15,7747973858282;10,2418234274005;-7,31047412297221
EBA;Prec;22;Spatially adjusted;0,53530612244898;-16,8261532179486;10,5049318081042;-7,59787216050108
EBA;Prec;22;Spatially adjusted;0,555510204081633;-17,786938400292;10,7749727917658;-7,92659284157298
EBA;Prec;22;Spatially adjusted;0,575714285714286;-18,6399363921992;11,0516787304723;-8,2982356284906
EBA;Prec;22;Spatially adjusted;0,595918367346939;-19,3679306530089;11,3347819763089;-8,71439998355663
EBA;Prec;22;Spatially adjusted;0,616122448979592;-19,9537046420614;11,6240148813613;-9,17668536907422
EBA;Prec;22;Spatially adjusted;0,636326530612245;-20,3800418186943;11,919109797715;-9,68669124734515
EBA;Prec;22;Spatially adjusted;0,656530612244898;-20,6297256422477;12,2197990774557;-10,2460170806735
EBA;Prec;22;Spatially adjusted;0,676734693877551;-20,6855395720613;12,5258150726704;-10,8562623313619
EBA;Prec;22;Spatially adjusted;0,696938775510204;-20,5353353079413;12,836882044809;-11,5182128129995
EBA;Prec;22;Spatially adjusted;0,717142857142857;-20,1872375115709;13,1526918927843;-12,2293997443203
EBA;Prec;22;Spatially adjusted;0,73734693877551;-19,6544390850991;13,4729284248733;-12,9865406953463
EBA;Prec;22;Spatially adjusted;0,757551020408163;-18,9501329306768;13,7972754493535;-13,786353236098
EBA;Prec;22;Spatially adjusted;0,777755102040816;-18,0875119504535;14,1254167745037;-14,6255549365969
EBA;Prec;22;Spatially adjusted;0,797959183673469;-17,0797690465802;14,4570362086001;-15,5008633668635
EBA;Prec;22;Spatially adjusted;0,818163265306122;-15,9400971212049;14,7918175599211;-16,4089960969195
EBA;Prec;22;Spatially adjusted;0,838367346938776;-14,6816890764803;15,1294446367442;-17,3466706967856
EBA;Prec;22;Spatially adjusted;0,858571428571429;-13,3177378145538;15,4696012473469;-18,3106047364836
EBA;Prec;22;Spatially adjusted;0,878775510204082;-11,8614362375779;15,8119712000062;-19,2975157860337
EBA;Prec;22;Spatially adjusted;0,898979591836735;-10,3259772477013;16,156238303;-20,3041214154569
EBA;Prec;22;Spatially adjusted;0,919183673469388;-8,72455374707442;16,5020863646059;-21,3271391947751
EBA;Prec;22;Spatially adjusted;0,939387755102041;-7,07035863784677;16,8491991931014;-22,3632866940088
EBA;Prec;22;Spatially adjusted;0,959591836734694;-5,37658482216966;17,1972605967649;-23,4092814831793
EBA;Prec;22;Spatially adjusted;0,979795918367347;-3,65642520219171;17,5459543838729;-24,4618411323072
EBA;Prec;22;Spatially adjusted;1;-1,9230726800638;17,8949643627034;-25,5176832114148
EBA;Prec;22;Current landscape;0,0254413280636072;356,944842142707;333,081382047584;221,443955348809
EBA;Prec;22;Current landscape;0,0752500221133232;352,648926546991;295,992009723001;151,926372394176
EBA;Prec;22;Current landscape;0,124060615897179;273,116323496362;171,095323674646;16,3692678295552
EBA;Prec;22;Current landscape;0,174942493438721;273,410401832721;209,527210169794;85,5771574703149
EBA;Prec;22;Current landscape;0,225081264972687;251,564302708531;164,289376631735;7,00585696755798
EBA;Prec;22;Current landscape;0,275497436523438;273,570454484618;184,665436108916;13,6655294469501
EBA;Prec;22;Current landscape;0,325762957334518;303,495030381635;204,599411997556;95,6366808875114
EBA;Prec;22;Current landscape;0,37394118309021;373,899649051216;281,947271933949;149,850057127413
EBA;Prec;22;Current landscape;0,425217568874359;272,353990949614;256,920672815201;77,3291797643651
EBA;Prec;22;Current landscape;0,477739721536636;252,265292525541;181,533736903648;-39,6212374557345
EBA;Prec;22;Current landscape;0,52487987279892;270,088681079587;173,384969535247;11,7486827726834
EBA;Prec;22;Current landscape;0,572805404663086;171,957350699013;120,493336537851;-4,28589705658806
EBA;Prec;22;Current landscape;0,625412940979004;275,199692970262;183,367099821201;97,0044469060622
EBA;Prec;22;Current landscape;0,676161110401154;252,663693616601;234,834962634235;64,4371000852507
EBA;Prec;22;Current landscape;0,728710919618607;214,210895621358;199,152904935304;-33,9238639616196
EBA;Prec;22;Current landscape;0,775084912776947;317,866104866209;205,462133584972;69,7826877249672
EBA;Prec;22;Current landscape;0,821926563978195;254,765760169959;145,544444239486;51,2322036265846
EBA;Prec;22;Current landscape;0,874671518802643;143,626622870864;52,9677800508794;-57,8901141316032
EBA;Prec;22;Current landscape;0,924674183130264;148,964241298071;127,061593202678;-32,8690865297808
EBA;Prec;22;Current landscape;1;281,396900276459;151,382337675725;99,4358381579559
EBA;Prec;23;Spatially adjusted;0,01;-1,72017837621115;5,14136933583222;-4,15464734754505
EBA;Prec;23;Spatially adjusted;0,0302040816326531;-1,87179430627384;5,40087247617066;-4,60120153526987
EBA;Prec;23;Spatially adjusted;0,0504081632653061;-2,02591387075108;5,65718847735661;-5,04283630898044
EBA;Prec;23;Spatially adjusted;0,0706122448979592;-2,18504070405606;5,90713020023668;-5,47463225466117
EBA;Prec;23;Spatially adjusted;0,0908163265306122;-2,35167844060334;6,14751050565883;-5,89166995829737
EBA;Prec;23;Spatially adjusted;0,111020408163265;-2,528330714807;6,37514225446967;-6,28903000587388
EBA;Prec;23;Spatially adjusted;0,131224489795918;-2,71750116108069;6,5868383075167;-6,66179298337647
EBA;Prec;23;Spatially adjusted;0,151428571428571;-2,92169341383897;6,77941152564654;-7,00503947679044
EBA;Prec;23;Spatially adjusted;0,171632653061224;-3,14341110749592;6,94967476970714;-7,31385007210065
EBA;Prec;23;Spatially adjusted;0,191836734693878;-3,3851578764652;7,09444090054603;-7,58330535529194
EBA;Prec;23;Spatially adjusted;0,212040816326531;-3,64943735516226;7,21052277900981;-7,80848591235008
EBA;Prec;23;Spatially adjusted;0,232244897959184;-3,93875317799893;7,29473326594552;-7,98447232925946
EBA;Prec;23;Spatially adjusted;0,252448979591837;-4,25560897939067;7,34388522220115;-8,1063451920063
EBA;Prec;23;Spatially adjusted;0,27265306122449;-4,60250839375158;7,35479150862238;-8,16918508657545
EBA;Prec;23;Spatially adjusted;0,292857142857143;-4,98195505549529;7,32426498605855;-8,16807259895177
EBA;Prec;23;Spatially adjusted;0,313061224489796;-5,39645259903591;7,2491185153558;-8,09808831512009
EBA;Prec;23;Spatially adjusted;0,333265306122449;-5,84850465878753;7,1261649573612;-7,9543128210662
EBA;Prec;23;Spatially adjusted;0,353469387755102;-6,33895391498027;6,95486596463707;-7,73527687807837
EBA;Prec;23;Spatially adjusted;0,373673469387755;-6,86199923110644;6,74527835660501;-7,45331194865457
EBA;Prec;23;Spatially adjusted;0,393877551020408;-7,4101785164753;6,51010774440101;-7,12419967059532
EBA;Prec;23;Spatially adjusted;0,414081632653061;-7,97602968039382;6,2620597391624;-6,76372168170292
EBA;Prec;23;Spatially adjusted;0,434285714285714;-8,5520906321708;6,01383995202514;-6,38765961977788
EBA;Prec;23;Spatially adjusted;0,454489795918367;-9,13089928111458;5,77815399412566;-6,01179512262252
EBA;Prec;23;Spatially adjusted;0,47469387755102;-9,70499353653395;5,56770747660039;-5,65190982803688
EBA;Prec;23;Spatially adjusted;0,494897959183674;-10,2669113077368;5,39520601058621;-5,32378537382238
EBA;Prec;23;Spatially adjusted;0,515102040816327;-10,8091905040319;5,27335520721908;-5,04320339777996
EBA;Prec;23;Spatially adjusted;0,53530612244898;-11,3243690347272;5,21486067763544;-4,82594553771151
EBA;Prec;23;Spatially adjusted;0,555510204081633;-11,8049848091314;5,23242803297217;-4,68779343141841
EBA;Prec;23;Spatially adjusted;0,575714285714286;-12,2435757365524;5,33876288436522;-4,64452871670119
EBA;Prec;23;Spatially adjusted;0,595918367346939;-12,6326797262982;5,5465708429515;-4,7119330313617
EBA;Prec;23;Spatially adjusted;0,616122448979592;-12,9648346876784;5,86855751986741;-4,90578801320044
EBA;Prec;23;Spatially adjusted;0,636326530612245;-13,2325785300004;6,31742852624893;-5,24187530001836
EBA;Prec;23;Spatially adjusted;0,656530612244898;-13,4284491625731;6,9058894732334;-5,7359765296178
EBA;Prec;23;Spatially adjusted;0,676734693877551;-13,5449844947038;7,64664597195633;-6,40387333979925
EBA;Prec;23;Spatially adjusted;0,696938775510204;-13,5768702569749;8,54856726958496;-7,25674233270593
EBA;Prec;23;Spatially adjusted;0,717142857142857;-13,5273834650593;9,6051771574098;-8,28733996784649
EBA;Prec;23;Spatially adjusted;0,73734693877551;-13,4019489559014;10,8061630627503;-9,48381766907323
EBA;Prec;23;Spatially adjusted;0,757551020408163;-13,205991566449;12,141212412927;-10,8343268602362
EBA;Prec;23;Spatially adjusted;0,777755102040816;-12,9449361336465;13,6000126352601;-12,3270189651862
EBA;Prec;23;Spatially adjusted;0,797959183673469;-12,6242074944403;15,1722511570702;-13,9500454077756
EBA;Prec;23;Spatially adjusted;0,818163265306122;-12,249230485776;16,8476154056771;-15,691557611854
EBA;Prec;23;Spatially adjusted;0,838367346938776;-11,8254299445989;18,6157928084012;-17,5397070012732
EBA;Prec;23;Spatially adjusted;0,858571428571429;-11,3582307078559;20,4664707925631;-19,4826449998841
EBA;Prec;23;Spatially adjusted;0,878775510204082;-10,8530576124913;22,3893367854835;-21,5085230315376
EBA;Prec;23;Spatially adjusted;0,898979591836735;-10,3153354954534;24,3740782144814;-23,6054925200851
EBA;Prec;23;Spatially adjusted;0,919183673469388;-9,75048919368555;26,4103825068783;-25,7617048893771
EBA;Prec;23;Spatially adjusted;0,939387755102041;-9,16394354413433;28,4879370899939;-27,9653115632655
EBA;Prec;23;Spatially adjusted;0,959591836734694;-8,56112338374578;30,5964293911488;-30,2044639656006
EBA;Prec;23;Spatially adjusted;0,979795918367347;-7,94745354946599;32,7255468376629;-32,4673135202329
EBA;Prec;23;Spatially adjusted;1;-7,32835887824012;34,8649768568571;-34,7420116510152
EBA;Prec;23;Current landscape;0,0264622028917074;393,42074907205;360,755524491709;266,621683734044
EBA;Prec;23;Current landscape;0,0798729807138443;299,419159417432;265,142315350237;124,263374151217
EBA;Prec;23;Current landscape;0,126686334609986;253,623373593873;165,762135361701;31,2143484372919
EBA;Prec;23;Current landscape;0,173475384712219;320,082441105889;265,987524496473;58,0978596686287
EBA;Prec;23;Current landscape;0,226472236216069;270,707586210381;170,971849257886;-9,48073858723956
EBA;Prec;23;Current landscape;0,271185666322708;340,290559815139;256,614258044219;52,9006794548768
EBA;Prec;23;Current landscape;0,326768845319748;189,016268138963;158,104762146245;-13,1528090093047
EBA;Prec;23;Current landscape;0,374418467283249;331,529631281433;282,924414630094;80,0279318410717
EBA;Prec;23;Current landscape;0,426078677177429;316,69911606454;280,936481652878;66,3713881151757
EBA;Prec;23;Current landscape;0,475961744785309;256,275257271964;205,5960825212;43,9729744094607
EBA;Prec;23;Current landscape;0,524406433105469;273,307806115168;215,729494475373;97,5541535610328
EBA;Prec;23;Current landscape;0,574164181947709;300,702249800742;278,247384949144;66,2516216745535
EBA;Prec;23;Current landscape;0,623563319444657;369,147824346187;303,348919213063;138,283999512387
EBA;Prec;23;Current landscape;0,674091219902039;281,989508081349;224,384624787023;49,8991678881257
EBA;Prec;23;Current landscape;0,72742486000061;177,987364970657;142,596695727795;8,62770886006865
EBA;Prec;23;Current landscape;0,771460890769958;273,810329094278;245,091147470218;102,652440228005
EBA;Prec;23;Current landscape;0,825849056243896;150,061061808863;71,9718090900742;-39,806026771545
EBA;Prec;23;Current landscape;0,876477122306824;235,692539664813;144,595573926018;10,4339813424476
EBA;Prec;23;Current landscape;0,925854861736298;114,946526415653;10,9464617259018;-48,2794365358022
EBA;Prec;23;Current landscape;1;252,731889446278;99,1808017551439;-9,55322091247172
EBA;Prec;24;Spatially adjusted;0,01;-1,25585950038067;5,83236427809607;-16,9837620370831
EBA;Prec;24;Spatially adjusted;0,0302040816326531;-1,91612448416572;6,14384014517145;-16,1402033901059
EBA;Prec;24;Spatially adjusted;0,0504081632653061;-2,57316075460858;6,45338110344665;-15,3022337272537
EBA;Prec;24;Spatially adjusted;0,0706122448979592;-3,22373959836841;6,7590522441219;-14,475442032654
EBA;Prec;24;Spatially adjusted;0,0908163265306122;-3,86463230210165;7,05891865839749;-13,6654172904314
EBA;Prec;24;Spatially adjusted;0,111020408163265;-4,49261015246748;7,3510454374732;-12,8777484847119
EBA;Prec;24;Spatially adjusted;0,131224489795918;-5,10444443612278;7,6334976725484;-12,1180245996215
EBA;Prec;24;Spatially adjusted;0,151428571428571;-5,69690643972763;7,90434045482425;-11,3918346192859
EBA;Prec;24;Spatially adjusted;0,171632653061224;-6,26676744993893;8,1616388755001;-10,7047675278309
EBA;Prec;24;Spatially adjusted;0,191836734693878;-6,81079875341357;8,40345802577667;-10,0624123093817
EBA;Prec;24;Spatially adjusted;0,212040816326531;-7,32577163681162;8,62786299685286;-9,47035794806516
EBA;Prec;24;Spatially adjusted;0,232244897959184;-7,80845738679;8,83291887992937;-8,93419342800689
EBA;Prec;24;Spatially adjusted;0,252448979591837;-8,2556272900074;9,01669076620647;-8,45950773333152
EBA;Prec;24;Spatially adjusted;0,27265306122449;-8,66405263312117;9,17724374688351;-8,05188984816641
EBA;Prec;24;Spatially adjusted;0,292857142857143;-9,03050470278913;9,31264291316074;-7,71692875663621
EBA;Prec;24;Spatially adjusted;0,313061224489796;-9,35175478567089;9,42095335623935;-7,46021344286737
EBA;Prec;24;Spatially adjusted;0,333265306122449;-9,62457416842335;9,50024016731686;-7,28733289098545
EBA;Prec;24;Spatially adjusted;0,353469387755102;-9,84677173360706;9,5499922379704;-7,20203612527303
EBA;Prec;24;Spatially adjusted;0,373673469387755;-10,0203067473867;9,57539366127276;-7,20071233064027
EBA;Prec;24;Spatially adjusted;0,393877551020408;-10,148176071832;9,58305233067176;-7,27791073215531
EBA;Prec;24;Spatially adjusted;0,414081632653061;-10,2333765690105;9,57957613961617;-7,42818055488397
EBA;Prec;24;Spatially adjusted;0,434285714285714;-10,2789051009909;9,57157298155425;-7,64607102389391
EBA;Prec;24;Spatially adjusted;0,454489795918367;-10,2877585298402;9,56565074993341;-7,9261313642528
EBA;Prec;24;Spatially adjusted;0,47469387755102;-10,2629337176272;9,56841733820283;-8,26291080102692
EBA;Prec;24;Spatially adjusted;0,494897959183674;-10,2074275264199;9,58648063981127;-8,65095855928394
EBA;Prec;24;Spatially adjusted;0,515102040816327;-10,1242368182866;9,62644854820564;-9,0848238640915
EBA;Prec;24;Spatially adjusted;0,53530612244898;-10,0163584552947;9,69492895683516;-9,55905594051546
EBA;Prec;24;Spatially adjusted;0,555510204081633;-9,88678929951266;9,7985297591481;-10,0682040136239
EBA;Prec;24;Spatially adjusted;0,575714285714286;-9,73852621300921;9,9438588485923;-10,6068173084841
EBA;Prec;24;Spatially adjusted;0,595918367346939;-9,57456605785137;10,1375241186161;-11,1694450501627
EBA;Prec;24;Spatially adjusted;0,616122448979592;-9,39790569610841;10,3861334626681;-11,750636463727
EBA;Prec;24;Spatially adjusted;0,636326530612245;-9,21154198984732;10,6962947741963;-12,3449407742446
EBA;Prec;24;Spatially adjusted;0,656530612244898;-9,01847180113646;11,0746159466494;-12,9469072067818
EBA;Prec;24;Spatially adjusted;0,676734693877551;-8,82169199204463;11,5277048734747;-13,5510849864063
EBA;Prec;24;Spatially adjusted;0,696938775510204;-8,62370737219317;12,0602204695488;-14,1529655447143
EBA;Prec;24;Spatially adjusted;0,717142857142857;-8,42505454142338;12,6690257354549;-14,7518091394172
EBA;Prec;24;Spatially adjusted;0,73734693877551;-8,22577804712955;13,3490346932044;-15,3478182347549
EBA;Prec;24;Spatially adjusted;0,757551020408163;-8,02592243670551;14,095161364809;-15,9411952949681
EBA;Prec;24;Spatially adjusted;0,777755102040816;-7,82553225754691;14,902319772279;-16,5321427842973
EBA;Prec;24;Spatially adjusted;0,797959183673469;-7,62465205704802;15,7654239376261;-17,1208631669824
EBA;Prec;24;Spatially adjusted;0,818163265306122;-7,42332638260314;16,6793878828616;-17,7075589072642
EBA;Prec;24;Spatially adjusted;0,838367346938776;-7,22159978160653;17,6391256299967;-18,2924324693827
EBA;Prec;24;Spatially adjusted;0,858571428571429;-7,01951680145339;18,6395512010417;-18,8756863175786
EBA;Prec;24;Spatially adjusted;0,878775510204082;-6,81712198953892;19,6755786180092;-19,4575229160919
EBA;Prec;24;Spatially adjusted;0,898979591836735;-6,61445989325603;20,7421219029093;-20,0381447291629
EBA;Prec;24;Spatially adjusted;0,919183673469388;-6,41157506000036;21,8340950777533;-20,6177542210326
EBA;Prec;24;Spatially adjusted;0,939387755102041;-6,20851203716666;22,9464121645524;-21,1965538559402
EBA;Prec;24;Spatially adjusted;0,959591836734694;-6,0053153721492;24,0739871853184;-21,7747460981277
EBA;Prec;24;Spatially adjusted;0,979795918367347;-5,80202961234227;25,2117341620624;-22,352533411834
EBA;Prec;24;Spatially adjusted;1;-5,59869930514105;26,3545671167944;-22,9301182612999
EBA;Prec;24;Current landscape;0,0264759249985218;322,947343063465;287,850526531543;183,829658089643
EBA;Prec;24;Current landscape;0,0757062435150146;300,270954493385;254,788734821271;73,498373303707
EBA;Prec;24;Current landscape;0,126770675182343;193,279204253556;111,25770843995;-27,9477336620039
EBA;Prec;24;Current landscape;0,175407513976097;304,847813197322;208,221990608594;68,1299768158419
EBA;Prec;24;Current landscape;0,223816767334938;331,703571857755;221,635444763195;25,8634257095991
EBA;Prec;24;Current landscape;0,274674713611603;331,098456687452;235,672442995756;10,5600479872242
EBA;Prec;24;Current landscape;0,328312993049622;311,126649558721;186,270312250228;-26,184243181357
EBA;Prec;24;Current landscape;0,374858021736145;328,75922201357;255,966368018109;-24,7037035300687
EBA;Prec;24;Current landscape;0,427006810903549;260,895787605238;204,240521312008;-11,700518451265
EBA;Prec;24;Current landscape;0,475394517183304;280,943769409942;202,159032859473;4,49784218827108
EBA;Prec;24;Current landscape;0,522659063339233;266,453966380424;235,785443693612;29,5094681382775
EBA;Prec;24;Current landscape;0,573660254478455;281,033671275126;200,613370277475;47,1347420337511
EBA;Prec;24;Current landscape;0,624989360570908;234,374386726897;178,936502568467;36,1155270858949
EBA;Prec;24;Current landscape;0,673746556043624;285,804758835805;178,830166123113;45,7556179403355
EBA;Prec;24;Current landscape;0,721926420927048;262,093940550218;174,717007849146;19,2430991347442
EBA;Prec;24;Current landscape;0,773944079875946;256,785459439335;260,041938124947;118,951435168342
EBA;Prec;24;Current landscape;0,824547111988068;245,933126332804;140,837805457285;70,6749955020891
EBA;Prec;24;Current landscape;0,87431001663208;307,392218689995;211,640584458911;133,802592912141
EBA;Prec;24;Current landscape;0,923410892486572;223,448328467874;106,931800583297;56,46681482445
EBA;Prec;24;Current landscape;1;266,194069712944;179,30859298459;56,2724458699217
EBA;Prec;25;Spatially adjusted;0,01;2,78954936475066;-1,49377456365437;-3,73588868570096
EBA;Prec;25;Spatially adjusted;0,0302040816326531;1,67007652141911;-0,79370184566551;-3,68073440312355
EBA;Prec;25;Spatially adjusted;0,0504081632653061;0,55619081777968;-0,0989445213472209;-3,62707633364653
EBA;Prec;25;Spatially adjusted;0,0706122448979592;-0,546520606470949;0,58518201563038;-3,57641069037072
EBA;Prec;25;Spatially adjusted;0,0908163265306122;-1,63247061164066;1,25336237159627;-3,53023368639697
EBA;Prec;25;Spatially adjusted;0,111020408163265;-2,6960720580355;1,90028115288123;-3,4900415348252
EBA;Prec;25;Spatially adjusted;0,131224489795918;-3,73173780596244;2,52062296581335;-3,45733044875669
EBA;Prec;25;Spatially adjusted;0,151428571428571;-4,73388071572754;3,10907241672294;-3,43359664129139
EBA;Prec;25;Spatially adjusted;0,171632653061224;-5,69691364763685;3,6603141119399;-3,42033632553103
EBA;Prec;25;Spatially adjusted;0,191836734693878;-6,61524946199597;4,1690326577932;-3,41904571457462
EBA;Prec;25;Spatially adjusted;0,212040816326531;-7,48330101911233;4,62991266061272;-3,43122102152392
EBA;Prec;25;Spatially adjusted;0,232244897959184;-8,29548117929289;5,03763872672835;-3,45835845947931
EBA;Prec;25;Spatially adjusted;0,252448979591837;-9,04620280284189;5,3868954624686;-3,50195424154117
EBA;Prec;25;Spatially adjusted;0,27265306122449;-9,72987875006675;5,67236747416428;-3,56350458080988
EBA;Prec;25;Spatially adjusted;0,292857142857143;-10,340921881274;5,88873936814389;-3,64450569038672
EBA;Prec;25;Spatially adjusted;0,313061224489796;-10,8737450567705;6,03069575073778;-3,74645378337209
EBA;Prec;25;Spatially adjusted;0,333265306122449;-11,3227611368607;6,09292122827537;-3,8708450728659
EBA;Prec;25;Spatially adjusted;0,353469387755102;-11,6842151888914;6,07337188564452;-4,0186824169964
EBA;Prec;25;Spatially adjusted;0,373673469387755;-11,9616811083592;5,98308972197037;-4,18899525399956
EBA;Prec;25;Spatially adjusted;0,393877551020408;-12,1605649978014;5,83638821493469;-4,38031966713925
EBA;Prec;25;Spatially adjusted;0,414081632653061;-12,2862729597546;5,64758084222103;-4,59119173967838
EBA;Prec;25;Spatially adjusted;0,434285714285714;-12,3442110967558;5,43098108151253;-4,8201475548799
EBA;Prec;25;Spatially adjusted;0,454489795918367;-12,3397855113403;5,20090241049138;-5,06572319600764
EBA;Prec;25;Spatially adjusted;0,47469387755102;-12,2784023060467;4,97165830684025;-5,326454746325
EBA;Prec;25;Spatially adjusted;0,494897959183674;-12,1654675834097;4,75756224824272;-5,60087828909491
EBA;Prec;25;Spatially adjusted;0,515102040816327;-12,006387445967;4,5729277123819;-5,8875299075803
EBA;Prec;25;Spatially adjusted;0,53530612244898;-11,8065679962547;4,43206817693954;-6,18494568504548
EBA;Prec;25;Spatially adjusted;0,555510204081633;-11,5714153368094;4,34929711959967;-6,49166170475337
EBA;Prec;25;Spatially adjusted;0,575714285714286;-11,3063355701684;4,33892801804495;-6,80621404996691
EBA;Prec;25;Spatially adjusted;0,595918367346939;-11,0167347988677;4,4152743499576;-7,12713880394995
EBA;Prec;25;Spatially adjusted;0,616122448979592;-10,7080191254436;4,59264959302118;-7,45297204996541
EBA;Prec;25;Spatially adjusted;0,636326530612245;-10,3855946524327;4,88536722491881;-7,78224987127669
EBA;Prec;25;Spatially adjusted;0,656530612244898;-10,0548674823722;5,30774072333225;-8,11350835114672
EBA;Prec;25;Spatially adjusted;0,676734693877551;-9,72124371779864;5,87408356594551;-8,4452835728398
EBA;Prec;25;Spatially adjusted;0,696938775510204;-9,38920230345093;6,59467487143229;-8,77636547214615
EBA;Prec;25;Spatially adjusted;0,717142857142857;-9,05951355287471;7,46365632243396;-9,1065593949711
EBA;Prec;25;Spatially adjusted;0,73734693877551;-8,73202062181872;8,47113524258248;-9,43592453974543
EBA;Prec;25;Spatially adjusted;0,757551020408163;-8,40656666603263;9,60721895551023;-9,7645201049022
EBA;Prec;25;Spatially adjusted;0,777755102040816;-8,08299484126292;10,8620147848501;-10,0924052888731
EBA;Prec;25;Spatially adjusted;0,797959183673469;-7,76114830325969;12,225630054234;-10,4196392900908
EBA;Prec;25;Spatially adjusted;0,818163265306122;-7,44087020777124;13,6881720872939;-10,7462813069869
EBA;Prec;25;Spatially adjusted;0,838367346938776;-7,12200371054587;15,2397482076626;-11,0723905379937
EBA;Prec;25;Spatially adjusted;0,858571428571429;-6,80439196733278;16,8704657389726;-11,3980261815436
EBA;Prec;25;Spatially adjusted;0,878775510204082;-6,48787813387844;18,5704320048562;-11,7232474360685
EBA;Prec;25;Spatially adjusted;0,898979591836735;-6,17230536593343;20,3297543289459;-12,0481135000005
EBA;Prec;25;Spatially adjusted;0,919183673469388;-5,85751681924648;22,1385400348731;-12,3726835717712
EBA;Prec;25;Spatially adjusted;0,939387755102041;-5,543355649565;23,9868964462712;-12,6970168498142
EBA;Prec;25;Spatially adjusted;0,959591836734694;-5,22966501263727;25,864930886773;-13,0211725325603
EBA;Prec;25;Spatially adjusted;0,979795918367347;-4,9162880642134;27,7627506800086;-13,3452098184425
EBA;Prec;25;Spatially adjusted;1;-4,60306796004034;29,6704631496132;-13,6691879058922
EBA;Prec;25;Current landscape;0,0278771631419659;394,2571374998;356,32938759264;240,382847141683
EBA;Prec;25;Current landscape;0,0737380981445312;263,140529034986;205,149744462401;52,7718876113931
EBA;Prec;25;Current landscape;0,1255913823843;285,216424083085;232,035894412599;70,8601888703356
EBA;Prec;25;Current landscape;0,174207419157028;278,439565130914;179,203851149733;70,1892738020424
EBA;Prec;25;Current landscape;0,225998610258103;297,557365163001;177,998496533352;24,9449565979089
EBA;Prec;25;Current landscape;0,272708654403687;320,590873884154;214,777107042171;37,054064839484
EBA;Prec;25;Current landscape;0,330005615949631;336,588095811779;228,653117418018;4,42976810670461
EBA;Prec;25;Current landscape;0,376366049051285;378,421437791993;289,619228106597;72,2176308549056
EBA;Prec;25;Current landscape;0,427260220050812;290,876528190083;184,912069196191;-62,8308934006868
EBA;Prec;25;Current landscape;0,476558268070221;314,818290515914;167,743350884435;-26,7488729704201
EBA;Prec;25;Current landscape;0,524056643247604;299,333265128413;258,494745518416;42,7948033446874
EBA;Prec;25;Current landscape;0,576818585395813;216,795590660776;171,585586580954;13,7226835503202
EBA;Prec;25;Current landscape;0,626022160053254;246,769126324542;102,023221422275;14,8960319316143
EBA;Prec;25;Current landscape;0,674843400716782;231,173753721208;112,469249134423;25,7931076105288
EBA;Prec;25;Current landscape;0,724371314048767;283,645011582855;231,179966234493;64,6957943609587
EBA;Prec;25;Current landscape;0,773103326559067;366,075786495533;256,721766647047;87,157937103625
EBA;Prec;25;Current landscape;0,826402902603149;237,166704188332;99,7550516669276;-48,5952900020529
EBA;Prec;25;Current landscape;0,878048062324524;286,498911346041;208,822065480173;105,029526738458
EBA;Prec;25;Current landscape;0,929669857025146;158,073749135713;87,3570795179194;31,1516987134114
EBA;Prec;25;Current landscape;1;282,412485899155;86,9626565128019;22,1516754359018
EBA;Prec;26;Spatially adjusted;0,01;-4,69467005648721;-2,89196586337994;-8,95096785665555
EBA;Prec;26;Spatially adjusted;0,0302040816326531;-4,92355299804967;-1,5494268629659;-8,39942223858634
EBA;Prec;26;Spatially adjusted;0,0504081632653061;-5,14894254750834;-0,217472206755701;-7,85096711176266
EBA;Prec;26;Spatially adjusted;0,0706122448979592;-5,36734531275488;1,09331376104547;-7,30869296743049
EBA;Prec;26;Spatially adjusted;0,0908163265306122;-5,57526790168686;2,37234669623558;-6,77569029683446
EBA;Prec;26;Spatially adjusted;0,111020408163265;-5,76921692219821;3,60904225460945;-6,25504959122054
EBA;Prec;26;Spatially adjusted;0,131224489795918;-5,94569898218288;4,79281609196278;-5,74986134183519
EBA;Prec;26;Spatially adjusted;0,151428571428571;-6,10122068953706;5,91308386409219;-5,26321603992255
EBA;Prec;26;Spatially adjusted;0,171632653061224;-6,23228865215424;6,95926122679384;-4,79820417672909
EBA;Prec;26;Spatially adjusted;0,191836734693878;-6,33540947793154;7,92076383586255;-4,35791624350031
EBA;Prec;26;Spatially adjusted;0,212040816326531;-6,40708977476106;8,78700734709491;-3,94544273148131
EBA;Prec;26;Spatially adjusted;0,232244897959184;-6,44383615053903;9,54740741628757;-3,56387413191806
EBA;Prec;26;Spatially adjusted;0,252448979591837;-6,44215521315982;10,1913796992358;-3,21630093605609
EBA;Prec;26;Spatially adjusted;0,27265306122449;-6,39855357051965;10,7083398517357;-2,90581363514093
EBA;Prec;26;Spatially adjusted;0,292857142857143;-6,30953783051064;11,0877035295835;-2,63550272041766
EBA;Prec;26;Spatially adjusted;0,313061224489796;-6,17161460103034;11,3188863885748;-2,40845868313272
EBA;Prec;26;Spatially adjusted;0,333265306122449;-5,98129048997134;11,3913040845055;-2,22777201453118
EBA;Prec;26;Spatially adjusted;0,353469387755102;-5,73735785759118;11,3001534088708;-2,09594531165885
EBA;Prec;26;Spatially adjusted;0,373673469387755;-5,44775207359044;11,0637556959614;-2,01312959476218
EBA;Prec;26;Spatially adjusted;0,393877551020408;-5,1226942600324;10,7062134157659;-1,97888798988834
EBA;Prec;26;Spatially adjusted;0,414081632653061;-4,772405538979;10,2516290382755;-1,9927836230836
EBA;Prec;26;Spatially adjusted;0,434285714285714;-4,4071070324926;9,72410503347828;-2,05437962039468
EBA;Prec;26;Spatially adjusted;0,454489795918367;-4,0370198626365;9,14774387136367;-2,16323910786878
EBA;Prec;26;Spatially adjusted;0,47469387755102;-3,67236515147215;8,54664802192201;-2,31892521155305
EBA;Prec;26;Spatially adjusted;0,494897959183674;-3,3233640210633;7,94491995514227;-2,52100105749378
EBA;Prec;26;Spatially adjusted;0,515102040816327;-3,00023759347232;7,36666214101479;-2,76902977173722
EBA;Prec;26;Spatially adjusted;0,53530612244898;-2,71320699075977;6,83597704952763;-3,06257448033102
EBA;Prec;26;Spatially adjusted;0,555510204081633;-2,47249333499167;6,37696715067159;-3,40119830932144
EBA;Prec;26;Spatially adjusted;0,575714285714286;-2,28831774822811;6,01373491443519;-3,78446438475567
EBA;Prec;26;Spatially adjusted;0,595918367346939;-2,17090135253147;5,77038281080877;-4,21193583267996
EBA;Prec;26;Spatially adjusted;0,616122448979592;-2,1304652699655;5,67101330978176;-4,68317577914149
EBA;Prec;26;Spatially adjusted;0,636326530612245;-2,17723062259256;5,73972888134267;-5,197747350187
EBA;Prec;26;Spatially adjusted;0,656530612244898;-2,32141853247504;6,00063199548231;-5,7552136718632
EBA;Prec;26;Spatially adjusted;0,676734693877551;-2,57325012167394;6,47782512218919;-6,35513787021637
EBA;Prec;26;Spatially adjusted;0,696938775510204;-2,94001523356383;7,18888956476167;-6,99671816484124
EBA;Prec;26;Spatially adjusted;0,717142857142857;-3,41727859674666;8,12532195973154;-7,67769314952056
EBA;Prec;26;Spatially adjusted;0,73734693877551;-3,99767366113701;9,27209777693906;-8,39543651158328
EBA;Prec;26;Spatially adjusted;0,757551020408163;-4,67383387664904;10,6141924862236;-9,14732193835926
EBA;Prec;26;Spatially adjusted;0,777755102040816;-5,43839269319778;12,1365815574268;-9,93072311717833
EBA;Prec;26;Spatially adjusted;0,797959183673469;-6,2839835606942;13,8242404603875;-10,7430137353708
EBA;Prec;26;Spatially adjusted;0,818163265306122;-7,20323992905333;15,6621446649465;-11,5815674802652
EBA;Prec;26;Spatially adjusted;0,838367346938776;-8,18879524818931;17,635269640944;-12,4437580391923
EBA;Prec;26;Spatially adjusted;0,858571428571429;-9,23328296801537;19,7285908582203;-13,3269590994823
EBA;Prec;26;Spatially adjusted;0,878775510204082;-10,3293365384457;21,9270837866147;-14,2285443484634
EBA;Prec;26;Spatially adjusted;0,898979591836735;-11,4695894093925;24,215723895969;-15,1458874734658
EBA;Prec;26;Spatially adjusted;0,919183673469388;-12,6466750307718;26,5794866561214;-16,0763621618203
EBA;Prec;26;Spatially adjusted;0,939387755102041;-13,8532268524959;29,0033475369137;-17,0173421008549
EBA;Prec;26;Spatially adjusted;0,959591836734694;-15,081878324479;31,4722820081856;-17,9662009779013
EBA;Prec;26;Spatially adjusted;0,979795918367347;-16,3252628966343;33,9712655397761;-18,920312480288
EBA;Prec;26;Spatially adjusted;1;-17,5760140188763;36,4852736015273;-19,8770502953444
EBA;Prec;26;Current landscape;0,0293585509061813;368,805658641662;320,561691758411;184,422458680424
EBA;Prec;26;Current landscape;0,0766862630844116;348,2600493587;265,434823696203;160,998118120971
EBA;Prec;26;Current landscape;0,124202333390713;213,579677959283;134,847079179679;13,6520248702595
EBA;Prec;26;Current landscape;0,169658318161964;291,178843451576;222,835854390545;43,1301654098738
EBA;Prec;26;Current landscape;0,22650945186615;327,486388495608;243,496751563679;71,9541101700461
EBA;Prec;26;Current landscape;0,274375736713409;337,483211353449;234,396880473325;36,8239035735751
EBA;Prec;26;Current landscape;0,32650563120842;320,412124464903;242,149689553587;27,2164670894367
EBA;Prec;26;Current landscape;0,374479800462723;276,971572753621;173,931254739437;-12,432353143191
EBA;Prec;26;Current landscape;0,423906028270721;280,324557483747;207,524548484245;8,25372650064401
EBA;Prec;26;Current landscape;0,477700054645538;234,39076903638;213,58868252955;-2,39047599602554
EBA;Prec;26;Current landscape;0,524197101593018;206,713405180146;192,739526362313;13,3794232396399
EBA;Prec;26;Current landscape;0,576331347227097;222,29189333754;227,373835712235;83,633051058112
EBA;Prec;26;Current landscape;0,625690340995789;308,313239514209;259,470113771744;102,871772317503
EBA;Prec;26;Current landscape;0,673763364553452;223,707656646695;161,828730144181;8,08490387857228
EBA;Prec;26;Current landscape;0,723798096179962;157,790042908312;158,323933543063;-27,2717252456114
EBA;Prec;26;Current landscape;0,775880634784698;174,227393113019;122,484851929267;15,8817451890473
EBA;Prec;26;Current landscape;0,824975073337555;122,006260878279;28,5311702013019;-65,8048314821467
EBA;Prec;26;Current landscape;0,871981918811798;140,498590022176;94,6649572945284;-15,6588840464151
EBA;Prec;26;Current landscape;0,928077518939972;156,085887060196;109,792036425825;113,364662710931
EBA;Prec;26;Current landscape;1;325,157143229672;121,00021010074;-37,1886683689236
EBA;Prec;27;Spatially adjusted;0,01;4,18830519139374;14,2662305111876;-1,19953269922644
EBA;Prec;27;Spatially adjusted;0,0302040816326531;3,87091230895567;13,824130805302;-1,41725538495393
EBA;Prec;27;Spatially adjusted;0,0504081632653061;3,55090488233282;13,384109313808;-1,634036702098
EBA;Prec;27;Spatially adjusted;0,0706122448979592;3,22566836733949;12,9482442510989;-1,84893528207522
EBA;Prec;27;Spatially adjusted;0,0908163265306122;2,89258821979092;12,5186138315653;-2,06100975630125
EBA;Prec;27;Spatially adjusted;0,111020408163265;2,54904989550187;12,0972962696005;-2,26931875619312
EBA;Prec;27;Spatially adjusted;0,131224489795918;2,19243885028754;11,6863697795961;-2,4729209131674
EBA;Prec;27;Spatially adjusted;0,151428571428571;1,82014053996227;11,2879125759446;-2,67087485864067
EBA;Prec;27;Spatially adjusted;0,171632653061224;1,42954042034125;10,9040028730378;-2,86223922402905
EBA;Prec;27;Spatially adjusted;0,191836734693878;1,01802394723973;10,5367188852679;-3,04607264074912
EBA;Prec;27;Spatially adjusted;0,212040816326531;0,582976576471538;10,1881388270272;-3,22143374021698
EBA;Prec;27;Spatially adjusted;0,232244897959184;0,121783763853273;9,86034091270722;-3,38738115384967
EBA;Prec;27;Spatially adjusted;0,252448979591837;-0,368169034802122;9,55540335670003;-3,54297351306286
EBA;Prec;27;Spatially adjusted;0,27265306122449;-0,889496363678063;9,27540437339849;-3,68726944927403
EBA;Prec;27;Spatially adjusted;0,292857142857143;-1,44481276696206;9,02242217719458;-3,81932759389883
EBA;Prec;27;Spatially adjusted;0,313061224489796;-2,03673278883616;8,79853498248031;-3,93820657835386
EBA;Prec;27;Spatially adjusted;0,333265306122449;-2,66787097348697;8,60582100364718;-4,04296503405567
EBA;Prec;27;Spatially adjusted;0,353469387755102;-3,33888653546546;8,44581951960254;-4,13398531262055
EBA;Prec;27;Spatially adjusted;0,373673469387755;-4,04261737078559;8,31791406731099;-4,21694464646544
EBA;Prec;27;Spatially adjusted;0,393877551020408;-4,76994604582569;8,22094924825251;-4,2988439882065
EBA;Prec;27;Spatially adjusted;0,414081632653061;-5,51175512696545;8,15376966390704;-4,38668429045993
EBA;Prec;27;Spatially adjusted;0,434285714285714;-6,25892718058458;8,11521991575319;-4,48746650584235
EBA;Prec;27;Spatially adjusted;0,454489795918367;-7,00234477306276;8,10414460527181;-4,6081915869695
EBA;Prec;27;Spatially adjusted;0,47469387755102;-7,73289047077788;8,11938833394197;-4,75586048645891
EBA;Prec;27;Spatially adjusted;0,494897959183674;-8,44144684011053;8,15979570324316;-4,93747415692633
EBA;Prec;27;Spatially adjusted;0,515102040816327;-9,11889644743997;8,2242113146549;-5,16003355098837
EBA;Prec;27;Spatially adjusted;0,53530612244898;-9,75612185914451;8,31147976965713;-5,43053962126078
EBA;Prec;27;Spatially adjusted;0,555510204081633;-10,3440056416052;8,42044566973027;-5,75599332036109
EBA;Prec;27;Spatially adjusted;0,575714285714286;-10,8734303611996;8,54995361635247;-6,14339560090457
EBA;Prec;27;Spatially adjusted;0,595918367346939;-11,3352785843094;8,69884821100368;-6,59974741550832
EBA;Prec;27;Spatially adjusted;0,616122448979592;-11,7204328773114;8,86597405516432;-7,13204971678897
EBA;Prec;27;Spatially adjusted;0,636326530612245;-12,019775806586;9,05017575031343;-7,74730345736271
EBA;Prec;27;Spatially adjusted;0,656530612244898;-12,2241899385126;9,25029789793098;-8,45250958984525
EBA;Prec;27;Spatially adjusted;0,676734693877551;-12,3245578394708;9,46518509949601;-9,25466906685369
EBA;Prec;27;Spatially adjusted;0,696938775510204;-12,3144604362824;9,69373275566522;-10,158533158306
EBA;Prec;27;Spatially adjusted;0,717142857142857;-12,198272097542;9,93503946379724;-11,15985440333
EBA;Prec;27;Spatially adjusted;0,73734693877551;-11,9830655522851;10,1882546204288;-12,2521356583525
EBA;Prec;27;Spatially adjusted;0,757551020408163;-11,6759135295501;10,4525276220948;-13,4288797798035
EBA;Prec;27;Spatially adjusted;0,777755102040816;-11,283888758373;10,7270078653319;-14,6835896241114
EBA;Prec;27;Spatially adjusted;0,797959183673469;-10,8140639677908;11,010844746675;-16,0097680477038
EBA;Prec;27;Spatially adjusted;0,818163265306122;-10,27351188684;11,3031876626605;-17,4009179070104
EBA;Prec;27;Spatially adjusted;0,838367346938776;-9,66930524455802;11,6031860098242;-18,8505420584597
EBA;Prec;27;Spatially adjusted;0,858571428571429;-9,00851676998127;11,9099891847013;-20,3521433584797
EBA;Prec;27;Spatially adjusted;0,878775510204082;-8,29821919214646;12,2227465838282;-21,8992246634994
EBA;Prec;27;Spatially adjusted;0,898979591836735;-7,54548524009078;12,5406076037402;-23,4852888299479
EBA;Prec;27;Spatially adjusted;0,919183673469388;-6,75738764285143;12,8627216409736;-25,1038387142526
EBA;Prec;27;Spatially adjusted;0,939387755102041;-5,94099912946422;13,1882380920638;-26,7483771728435
EBA;Prec;27;Spatially adjusted;0,959591836734694;-5,1033924289668;13,5163063535465;-28,4124070621479
EBA;Prec;27;Spatially adjusted;0,979795918367347;-4,251640270395;13,846075821958;-30,0894312385954
EBA;Prec;27;Spatially adjusted;1;-3,39281538278692;14,1766958938333;-31,7729525586146
EBA;Prec;27;Current landscape;0,0246189348399639;288,011943445132;251,642910454145;129,402041246727
EBA;Prec;27;Current landscape;0,0787752643227577;256,666558167853;194,509812084981;64,2586187825368
EBA;Prec;27;Current landscape;0,122751951217651;258,40961913401;192,590844316148;36,3139162952489
EBA;Prec;27;Current landscape;0,174331292510033;321,168466849813;276,455100886065;76,2330410043442
EBA;Prec;27;Current landscape;0,223262801766396;330,843902895522;255,651282013057;78,8065520410951
EBA;Prec;27;Current landscape;0,278178170323372;289,728021494868;223,416679702546;73,1318882043693
EBA;Prec;27;Current landscape;0,327967002987862;309,883247895528;201,761999382723;58,7401665280181
EBA;Prec;27;Current landscape;0,37400233745575;309,14265642988;219,449118592195;18,3294071586083
EBA;Prec;27;Current landscape;0,425555288791656;284,351427424829;173,344327698189;-3,97178751793354
EBA;Prec;27;Current landscape;0,478049218654633;267,84240415146;136,672467215161;-7,52163355165476
EBA;Prec;27;Current landscape;0,524170219898224;163,520270497777;80,9823943163294;-68,2673220709185
EBA;Prec;27;Current landscape;0,573177397251129;263,189524540157;169,290874655371;69,4357387999712
EBA;Prec;27;Current landscape;0,6237513422966;274,833155130939;186,764825187022;19,2979641702354
EBA;Prec;27;Current landscape;0,674517512321472;194,204856158667;167,112252710047;59,6342870309263
EBA;Prec;27;Current landscape;0,725440204143524;314,756977785314;246,243886717358;95,2666136507073
EBA;Prec;27;Current landscape;0,774973213672638;310,028465155725;223,865515342409;102,560514985267
EBA;Prec;27;Current landscape;0,823306113481522;267,317028867667;127,828791763588;65,4703732008861
EBA;Prec;27;Current landscape;0,879508912563324;217,266037513421;181,144005874205;116,524309457536
EBA;Prec;27;Current landscape;0,925864219665527;186,25625574035;115,706328021786;2,73827239915499
EBA;Prec;27;Current landscape;1;298,930425015652;164,783058884875;77,9538626877252
EBA;Prec;28;Spatially adjusted;0,01;2,61775708930145;3,08707031976155;-9,46442030928984
EBA;Prec;28;Spatially adjusted;0,0302040816326531;1,90683836503013;3,39140476966213;-9,33113475004166
EBA;Prec;28;Spatially adjusted;0,0504081632653061;1,19660452373273;3,69346991729526;-9,19668003433753
EBA;Prec;28;Spatially adjusted;0,0706122448979592;0,487740448385011;3,9909964603944;-9,05988700572334
EBA;Prec;28;Spatially adjusted;0,0908163265306122;-0,219068978041378;4,28171509669255;-8,91958650774359
EBA;Prec;28;Spatially adjusted;0,111020408163265;-0,923138872571144;4,56335652392181;-8,77460938394279
EBA;Prec;28;Spatially adjusted;0,131224489795918;-1,62378435222945;4,83365143981609;-8,62378647786636
EBA;Prec;28;Spatially adjusted;0,151428571428571;-2,32032053404282;5,0903305421075;-8,46594863305836
EBA;Prec;28;Spatially adjusted;0,171632653061224;-3,01206253503688;5,33112452852902;-8,29992669306421
EBA;Prec;28;Spatially adjusted;0,191836734693878;-3,69832547223768;5,55376409681458;-8,12455150142796
EBA;Prec;28;Spatially adjusted;0,212040816326531;-4,37842446267086;5,75597994469581;-7,93865390169503
EBA;Prec;28;Spatially adjusted;0,232244897959184;-5,05167462336158;5,93550276990663;-7,74106473740994
EBA;Prec;28;Spatially adjusted;0,252448979591837;-5,71739107133681;6,09006327017869;-7,5306148521172
EBA;Prec;28;Spatially adjusted;0,27265306122449;-6,37488892362217;6,21739214324634;-7,30613508936222
EBA;Prec;28;Spatially adjusted;0,292857142857143;-7,02348329724282;6,31522008684124;-7,06645629268996
EBA;Prec;28;Spatially adjusted;0,313061224489796;-7,66248930922529;6,38127779869728;-6,81040930564404
EBA;Prec;28;Spatially adjusted;0,333265306122449;-8,29122207659384;6,41329597654658;-6,53682497177033
EBA;Prec;28;Spatially adjusted;0,353469387755102;-8,90766899884193;6,41080872668454;-6,24621143823379
EBA;Prec;28;Spatially adjusted;0,373673469387755;-9,50450660531487;6,38056378964939;-5,94578606668165
EBA;Prec;28;Spatially adjusted;0,393877551020408;-10,0730837078277;6,33111231454268;-5,64444352238252
EBA;Prec;28;Spatially adjusted;0,414081632653061;-10,6047491181926;6,27100545046551;-5,35107847060408
EBA;Prec;28;Spatially adjusted;0,434285714285714;-11,0908516482227;6,20879434651806;-5,07458557661403
EBA;Prec;28;Spatially adjusted;0,454489795918367;-11,5227401097313;6,15303015180189;-4,8238595056805
EBA;Prec;28;Spatially adjusted;0,47469387755102;-11,8917633145306;6,11226401541808;-4,60779492307165
EBA;Prec;28;Spatially adjusted;0,494897959183674;-12,1892700744356;6,09504708646728;-4,43528649405562
EBA;Prec;28;Spatially adjusted;0,515102040816327;-12,4066092012572;6,10993051405012;-4,31522888390009
EBA;Prec;28;Spatially adjusted;0,53530612244898;-12,5351295068103;6,16546544726725;-4,25651675787321
EBA;Prec;28;Spatially adjusted;0,555510204081633;-12,5661798029068;6,27020303522068;-4,26804478124359
EBA;Prec;28;Spatially adjusted;0,575714285714286;-12,4911089013599;6,43269442701012;-4,35870761927799
EBA;Prec;28;Spatially adjusted;0,595918367346939;-12,3012656139836;6,66149077173759;-4,53739993724503
EBA;Prec;28;Spatially adjusted;0,616122448979592;-11,9879987525892;6,96514321850282;-4,81301640041284
EBA;Prec;28;Spatially adjusted;0,636326530612245;-11,5426571289913;7,35220291640781;-5,19445167404956
EBA;Prec;28;Spatially adjusted;0,656530612244898;-10,9565895550022;7,83122101455274;-5,69060042342289
EBA;Prec;28;Spatially adjusted;0,676734693877551;-10,2211448424355;8,41074866203871;-6,31035731380098
EBA;Prec;28;Spatially adjusted;0,696938775510204;-9,33075979620526;9,09677576750846;-7,0597543286749
EBA;Prec;28;Spatially adjusted;0,717142857142857;-8,29222319363316;9,88504727776717;-7,93337272442932
EBA;Prec;28;Spatially adjusted;0,73734693877551;-7,11541180514178;10,7687468991626;-8,92293107567275
EBA;Prec;28;Spatially adjusted;0,757551020408163;-5,81020240115367;11,7410583380424;-10,0201479570128
EBA;Prec;28;Spatially adjusted;0,777755102040816;-4,38647175209189;12,7951653007531;-11,2167419430571
EBA;Prec;28;Spatially adjusted;0,797959183673469;-2,85409662837947;13,9242514936432;-12,5044316084136
EBA;Prec;28;Spatially adjusted;0,818163265306122;-1,22295380043943;15,12150062306;-13,8749355276909
EBA;Prec;28;Spatially adjusted;0,838367346938776;0,497079961306554;16,3800963953495;-15,3199722754966
EBA;Prec;28;Spatially adjusted;0,858571428571429;2,29612788643453;17,6932225168612;-16,8312604264383
EBA;Prec;28;Spatially adjusted;0,878775510204082;4,16431320452193;19,0540626939401;-18,4005185551246
EBA;Prec;28;Spatially adjusted;0,898979591836735;6,09175914514617;20,4558006329353;-20,0194652361629
EBA;Prec;28;Spatially adjusted;0,919183673469388;8,06858893788512;21,8916200401936;-21,6798190441618
EBA;Prec;28;Spatially adjusted;0,939387755102041;10,0849258123149;23,3547046220624;-23,3732985537286
EBA;Prec;28;Spatially adjusted;0,959591836734694;12,1308929980132;24,8382380848889;-25,0916223394715
EBA;Prec;28;Spatially adjusted;0,979795918367347;14,1966137245568;26,3354041350208;-26,8265089759989
EBA;Prec;28;Spatially adjusted;1;16,2722112215233;27,8393864788054;-28,5696770379177
EBA;Prec;28;Current landscape;0,0303165297955275;426,469043355139;403,398852310243;287,788668008261
EBA;Prec;28;Current landscape;0,0769224017858505;316,651663147774;258,232934887664;121,361102544272
EBA;Prec;28;Current landscape;0,124253138899803;245,557166238274;191,365402179399;39,7447577218568
EBA;Prec;28;Current landscape;0,173895381391048;258,451546268182;141,02355159203;-29,5479320765571
EBA;Prec;28;Current landscape;0,223713010549545;299,488086759528;203,886830211153;0,883811944398076
EBA;Prec;28;Current landscape;0,278897821903229;287,106864420657;192,698822549603;46,2881023125774
EBA;Prec;28;Current landscape;0,327874362468719;268,807116081922;191,607751766041;19,7494269164567
EBA;Prec;28;Current landscape;0,377585798501968;300,670149648511;226,914243501464;19,8831041778394
EBA;Prec;28;Current landscape;0,422628715634346;226,951354132244;138,001194205999;-37,1674517493907
EBA;Prec;28;Current landscape;0,476884216070175;284,108576863245;222,271998298826;47,2335232527653
EBA;Prec;28;Current landscape;0,525641202926636;263,680702628119;166,742916002047;-22,653581431854
EBA;Prec;28;Current landscape;0,574533879756927;323,342269778706;207,210098900917;60,1739752549129
EBA;Prec;28;Current landscape;0,624448120594025;210,525804160553;117,143655046339;7,01107001010905
EBA;Prec;28;Current landscape;0,675606548786164;344,849789421367;234,009667055307;90,6946224585836
EBA;Prec;28;Current landscape;0,728658497333527;239,141635653573;195,775412723348;69,4376746267753
EBA;Prec;28;Current landscape;0,773320198059082;211,099678242151;112,504521509541;-0,298957565981254
EBA;Prec;28;Current landscape;0,820251107215881;247,669008152168;114,433970631498;60,8469455912073
EBA;Prec;28;Current landscape;0,87786066532135;227,672007626232;124,134262216871;33,7502923057591
EBA;Prec;28;Current landscape;0,929599463939667;36,606732594425;-46,4179300312021;-100,236599654555
EBA;Prec;28;Current landscape;1;328,855981636928;134,012995889245;20,1777428083128
EBA;Prec;29;Spatially adjusted;0,01;1,11143383022136;1,45391940132185;-5,35917108385138
EBA;Prec;29;Spatially adjusted;0,0302040816326531;0,0792469892567169;1,87446150914093;-5,83117885880438
EBA;Prec;29;Spatially adjusted;0,0504081632653061;-0,947282898498997;2,2916410815842;-6,29695057048866
EBA;Prec;29;Spatially adjusted;0,0706122448979592;-1,96249887983959;2,70209558327633;-6,75025015563642
EBA;Prec;29;Spatially adjusted;0,0908163265306122;-2,96074400155567;3,10246247884197;-7,18484155097849
EBA;Prec;29;Spatially adjusted;0,111020408163265;-3,93636131043968;3,48937923290578;-7,59448869324706
EBA;Prec;29;Spatially adjusted;0,131224489795918;-4,88369385328315;3,85948331009149;-7,97295551917296
EBA;Prec;29;Spatially adjusted;0,151428571428571;-5,79708467687897;4,20941217502423;-8,31400596548838
EBA;Prec;29;Spatially adjusted;0,171632653061224;-6,67087682801821;4,53580329232818;-8,61140396892461
EBA;Prec;29;Spatially adjusted;0,191836734693878;-7,49941335349331;4,83529412662801;-8,85891346621247
EBA;Prec;29;Spatially adjusted;0,212040816326531;-8,27703730009671;5,10452214254838;-9,05029839408508
EBA;Prec;29;Spatially adjusted;0,232244897959184;-8,99809171461948;5,34012480471301;-9,17932268927234
EBA;Prec;29;Spatially adjusted;0,252448979591837;-9,65691964385405;5,53873957774704;-9,23975028850691
EBA;Prec;29;Spatially adjusted;0,27265306122449;-10,2478641345915;5,69700392627465;-9,22534512851962
EBA;Prec;29;Spatially adjusted;0,292857142857143;-10,7652682336256;5,81155531492004;-9,12987114604266
EBA;Prec;29;Spatially adjusted;0,313061224489796;-11,2034749877471;5,87903120830833;-8,94709227780732
EBA;Prec;29;Spatially adjusted;0,333265306122449;-11,5568274437478;5,89606907106372;-8,67077246054441
EBA;Prec;29;Spatially adjusted;0,353469387755102;-11,8217905608908;5,861967822937;-8,29881336359995
EBA;Prec;29;Spatially adjusted;0,373673469387755;-12,003316948324;5,78667220418447;-7,84566758677374
EBA;Prec;29;Spatially adjusted;0,393877551020408;-12,1084811276646;5,68278841018901;-7,32992546247942
EBA;Prec;29;Spatially adjusted;0,414081632653061;-12,1443576205302;5,5629226363335;-6,77017732313016
EBA;Prec;29;Spatially adjusted;0,434285714285714;-12,1180209485401;5,43968107799992;-6,18501350113911
EBA;Prec;29;Spatially adjusted;0,454489795918367;-12,0365456333116;5,32566993057208;-5,59302432892036
EBA;Prec;29;Spatially adjusted;0,47469387755102;-11,9070061964621;5,23349538943194;-5,01280013888709
EBA;Prec;29;Spatially adjusted;0,494897959183674;-11,7364771596117;5,17576364996285;-4,4629312634529
EBA;Prec;29;Spatially adjusted;0,515102040816327;-11,5320330443756;5,16508090754724;-3,96200803503098
EBA;Prec;29;Spatially adjusted;0,53530612244898;-11,3007483723741;5,21405335756708;-3,52862078603584
EBA;Prec;29;Spatially adjusted;0,555510204081633;-11,0496976652234;5,33528719540618;-3,18135984887977
EBA;Prec;29;Spatially adjusted;0,575714285714286;-10,7859554445427;5,54138861644742;-2,93881555597727
EBA;Prec;29;Spatially adjusted;0,595918367346939;-10,5165962319506;5,84496381607278;-2,81957823974108
EBA;Prec;29;Spatially adjusted;0,616122448979592;-10,2486945490637;6,25861898966559;-2,84223823258526
EBA;Prec;29;Spatially adjusted;0,636326530612245;-9,98932491750065;6,79496033260784;-3,02538586692208
EBA;Prec;29;Spatially adjusted;0,656530612244898;-9,74556185887968;7,46659404028242;-3,38761147516698
EBA;Prec;29;Spatially adjusted;0,676734693877551;-9,52447989481834;8,28612630807265;-3,94750538973221
EBA;Prec;29;Spatially adjusted;0,696938775510204;-9,33166450566341;9,26239037426149;-4,71830686014209
EBA;Prec;29;Spatially adjusted;0,717142857142857;-9,16674500667568;10,3891276487288;-5,69185080436591
EBA;Prec;29;Spatially adjusted;0,73734693877551;-9,02786167184286;11,6563065842574;-6,85462105748138
EBA;Prec;29;Spatially adjusted;0,757551020408163;-8,91315477515536;13,0538956336286;-8,19310145456848
EBA;Prec;29;Spatially adjusted;0,777755102040816;-8,8207645906009;14,5718632496228;-9,69377583070627
EBA;Prec;29;Spatially adjusted;0,797959183673469;-8,74883139216854;16,2001778850222;-11,3431280209734
EBA;Prec;29;Spatially adjusted;0,818163265306122;-8,69549545384825;17,9288079926077;-13,1276418604493
EBA;Prec;29;Spatially adjusted;0,838367346938776;-8,65889704962683;19,7477220251612;-15,0338011842136
EBA;Prec;29;Spatially adjusted;0,858571428571429;-8,6371764534947;21,6468884354636;-17,0480898273449
EBA;Prec;29;Spatially adjusted;0,878775510204082;-8,62847393944094;23,6162756762965;-19,1569916249223
EBA;Prec;29;Spatially adjusted;0,898979591836735;-8,63092978145278;25,6458522004409;-21,3469904120248
EBA;Prec;29;Spatially adjusted;0,919183673469388;-8,64268425352202;27,7255864606786;-23,6045700237319
EBA;Prec;29;Spatially adjusted;0,939387755102041;-8,66187762963409;29,845446909791;-25,9162142951223
EBA;Prec;29;Spatially adjusted;0,959591836734694;-8,68665018378033;31,9954020005594;-28,268407061275
EBA;Prec;29;Spatially adjusted;0,979795918367347;-8,71514218994844;34,165420185765;-30,6476321572704
EBA;Prec;29;Spatially adjusted;1;-8,74549392212794;36,3454699181889;-33,0403734181859
EBA;Prec;29;Current landscape;0,0272563342005014;364,501805660258;333,133361088287;299,695277755618
EBA;Prec;29;Current landscape;0,0707895904779434;210,332739004994;171,584994731627;19,2329727459914
EBA;Prec;29;Current landscape;0,12667989730835;211,288015032844;171,724207607899;8,05295255461715
EBA;Prec;29;Current landscape;0,172324493527412;338,554246830381;249,656967840431;70,9817855700107
EBA;Prec;29;Current landscape;0,224100098013878;241,01016090847;187,375970965022;-20,1457389575921
EBA;Prec;29;Current landscape;0,275778204202652;280,48933969628;193,133334286145;-14,7587238941337
EBA;Prec;29;Current landscape;0,325632065534592;270,981643308274;159,864042716099;-4,13878860913246
EBA;Prec;29;Current landscape;0,373129546642303;324,451177762379;259,773609441463;103,491589196868
EBA;Prec;29;Current landscape;0,422777712345123;239,877156148711;227,64243263915;-9,55755074822218
EBA;Prec;29;Current landscape;0,477569699287415;201,848640236967;193,597809530857;28,4183395630289
EBA;Prec;29;Current landscape;0,526429980993271;204,635310874801;181,29281062855;26,2294984251257
EBA;Prec;29;Current landscape;0,57402178645134;210,614112055353;161,432546519869;32,855234699301
EBA;Prec;29;Current landscape;0,621089160442352;200,33186031376;146,619342571913;9,46352129394927
EBA;Prec;29;Current landscape;0,673511743545532;343,93398872434;221,525246459904;70,2277619411211
EBA;Prec;29;Current landscape;0,725830674171448;242,348549308044;160,00681830968;48,6495495499503
EBA;Prec;29;Current landscape;0,772920191287994;253,048196230908;196,845353760444;61,385398854969
EBA;Prec;29;Current landscape;0,822408765554428;224,881869548679;140,270113815653;56,4173066586523
EBA;Prec;29;Current landscape;0,874945878982544;144,498548994486;127,392587740311;32,9678265604766
EBA;Prec;29;Current landscape;0,925767451524734;162,053920383819;98,8682677782813;51,9472851338246
EBA;Prec;29;Current landscape;1;142,15923166378;96,5790069062559;110,380552618306
EBA;Prec;30;Spatially adjusted;0,01;7,20220335091426;13,415788717512;-5,22620755529988
EBA;Prec;30;Spatially adjusted;0,0302040816326531;6,07556587716226;12,808842471592;-5,02974886093853
EBA;Prec;30;Spatially adjusted;0,0504081632653061;4,95656064379455;12,2045752887625;-4,8306777861294
EBA;Prec;30;Spatially adjusted;0,0706122448979592;3,85281989119494;11,6056662321148;-4,62638195042564
EBA;Prec;30;Spatially adjusted;0,0908163265306122;2,77197585974955;11,0147943647403;-4,41424897338038
EBA;Prec;30;Spatially adjusted;0,111020408163265;1,72166078984128;10,4346387497289;-4,19166647454449
EBA;Prec;30;Spatially adjusted;0,131224489795918;0,709506921854427;9,86787845017261;-3,95602207347201
EBA;Prec;30;Spatially adjusted;0,151428571428571;-0,256853503825369;9,31719252916128;-3,70470338971563
EBA;Prec;30;Spatially adjusted;0,171632653061224;-1,16978824681519;8,78526004978721;-3,43509804282712
EBA;Prec;30;Spatially adjusted;0,191836734693878;-2,02166506672984;8,27476007513997;-3,14459365235962
EBA;Prec;30;Spatially adjusted;0,212040816326531;-2,80485172318549;7,78837166831136;-2,83057783786489
EBA;Prec;30;Spatially adjusted;0,232244897959184;-3,51171597579605;7,32877389239184;-2,49043821889654
EBA;Prec;30;Spatially adjusted;0,252448979591837;-4,13462558417996;6,89864581047232;-2,12156241500679
EBA;Prec;30;Spatially adjusted;0,27265306122449;-4,66594830795066;6,50066648564416;-1,72133804574787
EBA;Prec;30;Spatially adjusted;0,292857142857143;-5,09805190672478;6,13751498099782;-1,28715273067292
EBA;Prec;30;Spatially adjusted;0,313061224489796;-5,42330414011667;5,81187035962466;-0,816394089335063
EBA;Prec;30;Spatially adjusted;0,333265306122449;-5,63407276774387;5,52641168461514;-0,306449741285633
EBA;Prec;30;Spatially adjusted;0,353469387755102;-5,72584058285975;5,28367804571644;0,241869477637465
EBA;Prec;30;Spatially adjusted;0,373673469387755;-5,70655051327276;5,08564863929996;0,814059866459957
EBA;Prec;30;Spatially adjusted;0,393877551020408;-5,58726052043039;4,93416268839337;1,39219450792189
EBA;Prec;30;Spatially adjusted;0,414081632653061;-5,37902856578148;4,83105941602344;1,95834648476421
EBA;Prec;30;Spatially adjusted;0,434285714285714;-5,09291261077169;4,77817804521874;2,49458887972696
EBA;Prec;30;Spatially adjusted;0,454489795918367;-4,73997061685031;4,77735779900513;2,98299477555111
EBA;Prec;30;Spatially adjusted;0,47469387755102;-4,33126054546437;4,8304379004112;3,40563725497714
EBA;Prec;30;Spatially adjusted;0,494897959183674;-3,87784035806135;4,93925757246507;3,7445894007451
EBA;Prec;30;Spatially adjusted;0,515102040816327;-3,39076801608826;5,10565603819168;3,98192429559686
EBA;Prec;30;Spatially adjusted;0,53530612244898;-2,88110148099258;5,33147252062099;4,09971502227245
EBA;Prec;30;Spatially adjusted;0,555510204081633;-2,35989871422316;5,61854624277976;4,08003466351147
EBA;Prec;30;Spatially adjusted;0,575714285714286;-1,83821767722611;5,96871642769429;3,90495630205578
EBA;Prec;30;Spatially adjusted;0,595918367346939;-1,32711633144936;6,38382229839317;3,55655302064588
EBA;Prec;30;Spatially adjusted;0,616122448979592;-0,837652638341751;6,86570307790407;3,01689790202181
EBA;Prec;30;Spatially adjusted;0,636326530612245;-0,380884559348942;7,41619798925331;2,26806402892407
EBA;Prec;30;Spatially adjusted;0,656530612244898;0,0321299440811345;8,037146255469;1,29212448409362
EBA;Prec;30;Spatially adjusted;0,676734693877551;0,390332910499637;8,73038709957882;0,0711523502709497
EBA;Prec;30;Spatially adjusted;0,696938775510204;0,685195512643986;9,49668100117879;-1,40705230873709
EBA;Prec;30;Spatially adjusted;0,717142857142857;0,918305459983458;10,3324734661428;-3,1317815048551
EBA;Prec;30;Spatially adjusted;0,73734693877551;1,09377959617223;11,2331312569122;-5,08660026894404
EBA;Prec;30;Spatially adjusted;0,757551020408163;1,21573476486401;12,1940211359311;-7,25507363186216
EBA;Prec;30;Spatially adjusted;0,777755102040816;1,28828780971207;13,2105098656398;-9,62076662446907
EBA;Prec;30;Spatially adjusted;0,797959183673469;1,31555557436968;14,2779642084824;-12,1672442776239
EBA;Prec;30;Spatially adjusted;0,818163265306122;1,30165490249101;15,3917509269008;-14,8780716221863
EBA;Prec;30;Spatially adjusted;0,838367346938776;1,25070263772932;16,5472367833377;-17,736813689015
EBA;Prec;30;Spatially adjusted;0,858571428571429;1,16681562373878;17,7397885402352;-20,7270355089695
EBA;Prec;30;Spatially adjusted;0,878775510204082;1,05411070417267;18,9647729600356;-23,8323021129095
EBA;Prec;30;Spatially adjusted;0,898979591836735;0,916704722685154;20,2175568051812;-27,0361785316932
EBA;Prec;30;Spatially adjusted;0,919183673469388;0,758714522929495;21,4935068381146;-30,3222297961811
EBA;Prec;30;Spatially adjusted;0,939387755102041;0,584256948558505;22,7879898212786;-33,6740209372315
EBA;Prec;30;Spatially adjusted;0,959591836734694;0,397448843227267;24,0963725171155;-37,075116985704
EBA;Prec;30;Spatially adjusted;0,979795918367347;0,20240705058859;25,4140216880674;-40,5090829724586
EBA;Prec;30;Spatially adjusted;1;0,00324841429664957;26,736304096577;-43,9594839283536
EBA;Prec;30;Current landscape;0,0271393898874521;347,709686007593;305,839901015722;130,823126060876
EBA;Prec;30;Current landscape;0,0759938582777977;223,673356922664;129,213820967421;9,08170293033436
EBA;Prec;30;Current landscape;0,124253138899803;284,449602836242;191,151061361396;24,1084672843995
EBA;Prec;30;Current landscape;0,17665608227253;332,623010267036;188,617835317732;35,3326808220354
EBA;Prec;30;Current landscape;0,225117400288582;362,441490285617;257,485045028679;80,8451076122465
EBA;Prec;30;Current landscape;0,274500697851181;225,321391926733;123,644674109884;-42,2215538562587
EBA;Prec;30;Current landscape;0,324551045894623;295,675353218378;166,508617451086;-15,2629090808314
EBA;Prec;30;Current landscape;0,374540835618973;340,804151874833;234,875213744225;56,7743489127656
EBA;Prec;30;Current landscape;0,42646586894989;269,760470460283;184,189743090259;31,9534982766068
EBA;Prec;30;Current landscape;0,475881189107895;340,12487310627;244,60199791471;40,8495391041629
EBA;Prec;30;Current landscape;0,525529384613037;258,60429989793;220,683550985798;42,6762128551741
EBA;Prec;30;Current landscape;0,575090944766998;216,348566055099;177,518856128413;51,0455249657962
EBA;Prec;30;Current landscape;0,622246623039246;185,02900018483;151,115783974199;-42,6417869891079
EBA;Prec;30;Current landscape;0,677027106285095;248,487966765785;166,247343200306;43,421268357878
EBA;Prec;30;Current landscape;0,724833011627197;354,875248533338;288,046979262981;106,369199890655
EBA;Prec;30;Current landscape;0,772539436817169;207,468415312147;78,249763206064;38,1351243695358
EBA;Prec;30;Current landscape;0,82490485906601;206,785052190441;115,509870207323;13,2432198307711
EBA;Prec;30;Current landscape;0,880752563476562;219,290375453833;105,407862458988;22,0584322597065
EBA;Prec;30;Current landscape;0,926963806152344;230,013620720058;75,0803454342081;-65,3783553354892
EBA;Prec;30;Current landscape;1;300,920096653392;85,213086385887;-62,6582185610009
