region;response;run;contrast_type;frac_area;PF_minus_SF_early;PF_minus_SF_intermediate;PF_minus_SF_advanced
SBA;Temp;1;Spatially adjusted;0,01;-0,678265325267141;-0,718095426558264;-0,762550266151756
SBA;Temp;1;Spatially adjusted;0,0302040816326531;-0,647514314746484;-0,689768349900124;-0,731309609603411
SBA;Temp;1;Spatially adjusted;0,0504081632653061;-0,616740974056917;-0,661386909214102;-0,700045109377285
SBA;Temp;1;Spatially adjusted;0,0706122448979592;-0,585922973029522;-0,632896740472297;-0,668732921795595
SBA;Temp;1;Spatially adjusted;0,0908163265306122;-0,55503798149541;-0,604243479646836;-0,637349203180566
SBA;Temp;1;Spatially adjusted;0,111020408163265;-0,524063669285656;-0,575372762709826;-0,605870109854415
SBA;Temp;1;Spatially adjusted;0,131224489795918;-0,492977706231347;-0,54623022563338;-0,57427179813936
SBA;Temp;1;Spatially adjusted;0,151428571428571;-0,461757762163579;-0,516761504389613;-0,542530424357629
SBA;Temp;1;Spatially adjusted;0,171632653061224;-0,430381506913442;-0,486912234950633;-0,51062214483143
SBA;Temp;1;Spatially adjusted;0,191836734693878;-0,398826610312025;-0,456628053288561;-0,47852311588299
SBA;Temp;1;Spatially adjusted;0,212040816326531;-0,367070742190425;-0,425854595375501;-0,446209493834527
SBA;Temp;1;Spatially adjusted;0,232244897959184;-0,335091572379721;-0,394537497183567;-0,413657435008261
SBA;Temp;1;Spatially adjusted;0,252448979591837;-0,302866770711013;-0,36262239468488;-0,380843095726409
SBA;Temp;1;Spatially adjusted;0,27265306122449;-0,270374007015381;-0,330054923851545;-0,347742632311196
SBA;Temp;1;Spatially adjusted;0,292857142857143;-0,23759095112392;-0,296780720655683;-0,314332201084834
SBA;Temp;1;Spatially adjusted;0,313061224489796;-0,204495272867721;-0,262745421069393;-0,280587958369548
SBA;Temp;1;Spatially adjusted;0,333265306122449;-0,171064642077877;-0,227894661064802;-0,246486060487559
SBA;Temp;1;Spatially adjusted;0,353469387755102;-0,137303719925377;-0,192215695184558;-0,212027452094926
SBA;Temp;1;Spatially adjusted;0,373673469387755;-0,103325132940832;-0,155862252253481;-0,17731223118308
SBA;Temp;1;Spatially adjusted;0,393877551020408;-0,0692684989947594;-0,119029679666948;-0,142465284077296
SBA;Temp;1;Spatially adjusted;0,414081632653061;-0,0352734359576736;-0,0819133248203094;-0,107611497102852
SBA;Temp;1;Spatially adjusted;0,434285714285714;-0,00147956170009422;-0,0447085351089385;-0,0728757565850131
SBA;Temp;1;Spatially adjusted;0,454489795918367;0,0319735059074802;-0,00761065792819693;-0,0383829488490655
SBA;Temp;1;Spatially adjusted;0,47469387755102;0,0649461489945153;0,0291849593265496;-0,00425796022027214
SBA;Temp;1;Spatially adjusted;0,494897959183674;0,0972987496905091;0,0654829692599357;0,0293743229760857
SBA;Temp;1;Spatially adjusted;0,515102040816327;0,128891690124938;0,101088024476596;0,0623890144147339
SBA;Temp;1;Spatially adjusted;0,53530612244898;0,159585352427293;0,135804777581164;0,094661227770402
SBA;Temp;1;Spatially adjusted;0,555510204081633;0,189240118727056;0,169437881178279;0,126066076717812
SBA;Temp;1;Spatially adjusted;0,575714285714286;0,21771637115371;0,201791987872571;0,156478674931694
SBA;Temp;1;Spatially adjusted;0,595918367346939;0,244874491836747;0,232671750268686;0,185774136086771
SBA;Temp;1;Spatially adjusted;0,616122448979592;0,270574862905647;0,261881820971247;0,213827573857767
SBA;Temp;1;Spatially adjusted;0,636326530612245;0,294677866489895;0,289226852584896;0,240514101919413
SBA;Temp;1;Spatially adjusted;0,656530612244898;0,317043884718977;0,31451149771426;0,265708833946427
SBA;Temp;1;Spatially adjusted;0,676734693877551;0,337533299722381;0,337540408963989;0,289286883613542
SBA;Temp;1;Spatially adjusted;0,696938775510204;0,356050765577759;0,358176328934547;0,311162320323501
SBA;Temp;1;Spatially adjusted;0,717142857142857;0,372678024155455;0,376514360209782;0,331405036391104
SBA;Temp;1;Spatially adjusted;0,73734693877551;0,387541089273977;0,392707695369388;0,350123879859179
SBA;Temp;1;Spatially adjusted;0,757551020408163;0,400765974751838;0,406909526993047;0,367427698770548
SBA;Temp;1;Spatially adjusted;0,777755102040816;0,412478694407557;0,41927304766045;0,383425341168039
SBA;Temp;1;Spatially adjusted;0,797959183673469;0,42280526205964;0,429951449951282;0,398225655094468
SBA;Temp;1;Spatially adjusted;0,818163265306122;0,431871691526595;0,439097926445239;0,411937488592663
SBA;Temp;1;Spatially adjusted;0,838367346938776;0,439803996626946;0,446865669722001;0,424669689705446
SBA;Temp;1;Spatially adjusted;0,858571428571429;0,446728191179197;0,453407872361257;0,436531106475641
SBA;Temp;1;Spatially adjusted;0,878775510204082;0,452770289001865;0,458877726942699;0,447630586946072
SBA;Temp;1;Spatially adjusted;0,898979591836735;0,458056303913459;0,463428426046008;0,458076979159561
SBA;Temp;1;Spatially adjusted;0,919183673469388;0,462712249732487;0,467213162250882;0,467979131158934
SBA;Temp;1;Spatially adjusted;0,939387755102041;0,466864140277473;0,470385128137;0,477445890987017
SBA;Temp;1;Spatially adjusted;0,959591836734694;0,470637989366921;0,473097516284057;0,486586106686623
SBA;Temp;1;Spatially adjusted;0,979795918367347;0,474159810819344;0,475503519271737;0,495508626300588
SBA;Temp;1;Spatially adjusted;1;0,477555618453248;0,477756329679728;0,50432229787172
SBA;Temp;1;Current landscape;0,0263508260250092;-0,610805038930621;-0,725475998805088;-1,00134355274495
SBA;Temp;1;Current landscape;0,0730731561779976;-0,500601696883031;-0,669818644327286;-1,08289537767588
SBA;Temp;1;Current landscape;0,123696327209473;-0,561677413840275;-0,767427958344086;-1,12142983365213
SBA;Temp;1;Current landscape;0,176178053021431;-0,40411091441776;-0,652665653550194;-1,10634008488945
SBA;Temp;1;Current landscape;0,222969591617584;-0,26226626778104;-0,45456385272723;-0,805913598043667
SBA;Temp;1;Current landscape;0,273938775062561;-0,156566869446117;-0,358674034064045;-0,677156761097098
SBA;Temp;1;Current landscape;0,328006446361542;0,00944273587722932;-0,246623254564295;-0,605746518163251
SBA;Temp;1;Current landscape;0,376357138156891;-0,0858933753885758;-0,371815104067466;-0,779349904363933
SBA;Temp;1;Current landscape;0,424183458089828;0,0546607119994995;-0,194551816251813;-0,482198943282345
SBA;Temp;1;Current landscape;0,477463960647583;0,193441946781096;-0,0216088165894952;-0,38709323715846
SBA;Temp;1;Current landscape;0,526195883750916;0,225891707062718;-0,0609454158543272;-0,395457451763026
SBA;Temp;1;Current landscape;0,57544481754303;0,156555996479892;-0,0508949120356625;-0,190256191041712
SBA;Temp;1;Current landscape;0,621849715709686;0,358300798786821;0,0969149781538015;-0,184382462521899
SBA;Temp;1;Current landscape;0,675373494625092;0,151391503234752;-0,0578931687231048;-0,361661657969577
SBA;Temp;1;Current landscape;0,726700007915497;0,208858947722238;0,139048472133485;-0,217432445176033
SBA;Temp;1;Current landscape;0,775964975357056;0,0805953956711285;-0,0340863870906496;-0,271759679313181
SBA;Temp;1;Current landscape;0,825330793857574;0,177420785227518;0,0988048020410623;-0,132023874104725
SBA;Temp;1;Current landscape;0,87341034412384;0,0598856011736366;-0,0146920482980555;-0,302944840566134
SBA;Temp;1;Current landscape;0,927000343799591;0,0682317917067969;-0,0743140032708318;0,126520863075143
SBA;Temp;1;Current landscape;1;0,0430042424311665;-0,289658021704888;-0,509580787598488
SBA;Temp;2;Spatially adjusted;0,01;-0,627812302046163;-0,714811922976502;-0,733080172573267
SBA;Temp;2;Spatially adjusted;0,0302040816326531;-0,601518567124828;-0,687853508273882;-0,709569288200385
SBA;Temp;2;Spatially adjusted;0,0504081632653061;-0,575171784102885;-0,660826202907394;-0,685973196463987
SBA;Temp;2;Spatially adjusted;0,0706122448979592;-0,548718904879717;-0,63366111621318;-0,662206690000559
SBA;Temp;2;Spatially adjusted;0,0908163265306122;-0,522106881354713;-0,606289357527359;-0,638184561446582
SBA;Temp;2;Spatially adjusted;0,111020408163265;-0,495282665427265;-0,578642036186071;-0,613821603438549
SBA;Temp;2;Spatially adjusted;0,131224489795918;-0,46819320899677;-0,550650261525448;-0,589032608612939
SBA;Temp;2;Spatially adjusted;0,151428571428571;-0,440785463962602;-0,522245142881626;-0,563732369606239
SBA;Temp;2;Spatially adjusted;0,171632653061224;-0,413006382224154;-0,493357789590736;-0,537835679054929
SBA;Temp;2;Spatially adjusted;0,191836734693878;-0,384802915680819;-0,46391931098891;-0,511257329595502
SBA;Temp;2;Spatially adjusted;0,212040816326531;-0,356122016231986;-0,433860816412281;-0,483912113864431
SBA;Temp;2;Spatially adjusted;0,232244897959184;-0,326910635777043;-0,403113415196984;-0,455714824498212
SBA;Temp;2;Spatially adjusted;0,252448979591837;-0,297115726215377;-0,371608216679153;-0,426580254133327
SBA;Temp;2;Spatially adjusted;0,27265306122449;-0,266684239446377;-0,339276330194917;-0,396423195406261
SBA;Temp;2;Spatially adjusted;0,292857142857143;-0,235563127369435;-0,30604886508041;-0,365158440953493
SBA;Temp;2;Spatially adjusted;0,313061224489796;-0,203699341883933;-0,27185693067177;-0,332700783411518
SBA;Temp;2;Spatially adjusted;0,333265306122449;-0,171039834889267;-0,236631636305127;-0,298965015416808
SBA;Temp;2;Spatially adjusted;0,353469387755102;-0,137573242706267;-0,200353090440007;-0,263919460864507
SBA;Temp;2;Spatially adjusted;0,373673469387755;-0,103454939341542;-0,163197398029521;-0,22774656868436
SBA;Temp;2;Spatially adjusted;0,393877551020408;-0,0688819832231431;-0,12538966315017;-0,190682319064745
SBA;Temp;2;Spatially adjusted;0,414081632653061;-0,0340514327791226;-0,0871549898784529;-0,152962692194059
SBA;Temp;2;Spatially adjusted;0,434285714285714;0,000839653562469067;-0,0487184822908766;-0,114823668260691
SBA;Temp;2;Spatially adjusted;0,454489795918367;0,0355942173735784;-0,0103052444639395;-0,0765012274530363
SBA;Temp;2;Spatially adjusted;0,47469387755102;0,0700152002261589;0,0278596195258487;-0,0382313499594815
SBA;Temp;2;Spatially adjusted;0,494897959183674;0,10390554369215;0,0655510056019928;-0,000250015968418893
SBA;Temp;2;Spatially adjusted;0,515102040816327;0,137068189343506;0,10254380968799;0,0372067943317624
SBA;Temp;2;Spatially adjusted;0,53530612244898;0,169306078752179;0,138612927707335;0,0739031007526734
SBA;Temp;2;Spatially adjusted;0,555510204081633;0,200422153490102;0,173533255583529;0,109602923105918
SBA;Temp;2;Spatially adjusted;0,575714285714286;0,23021935512924;0,207079689240064;0,144070281203113
SBA;Temp;2;Spatially adjusted;0,595918367346939;0,258500625241531;0,23902712460044;0,177069194855861
SBA;Temp;2;Spatially adjusted;0,616122448979592;0,285068905398937;0,269150457588161;0,208363683875774
SBA;Temp;2;Spatially adjusted;0,636326530612245;0,30972713717339;0,297224584126717;0,237717768074461
SBA;Temp;2;Spatially adjusted;0,656530612244898;0,332278262136839;0,323024400139612;0,264895467263532
SBA;Temp;2;Spatially adjusted;0,676734693877551;0,352525221861246;0,346324801550335;0,289660801254595
SBA;Temp;2;Spatially adjusted;0,696938775510204;0,370329855403082;0,366966582031381;0,311844706821766
SBA;Temp;2;Spatially adjusted;0,717142857142857;0,385789591757018;0,385054126251166;0,331545788589192
SBA;Temp;2;Spatially adjusted;0,73734693877551;0,399060757402243;0,400757716627123;0,348929568143522
SBA;Temp;2;Spatially adjusted;0,757551020408163;0,410299678817939;0,414247635576658;0,364161567071402
SBA;Temp;2;Spatially adjusted;0,777755102040816;0,419662682483317;0,425694165517193;0,377407306959487
SBA;Temp;2;Spatially adjusted;0,797959183673469;0,427306094877558;0,43526758886614;0,388832309394417
SBA;Temp;2;Spatially adjusted;0,818163265306122;0,433386242479859;0,443138188040919;0,398602095962854
SBA;Temp;2;Spatially adjusted;0,838367346938776;0,438059451769412;0,44947624545895;0,406882188251437
SBA;Temp;2;Spatially adjusted;0,858571428571429;0,441482049225424;0,454452043537643;0,413838107846825
SBA;Temp;2;Spatially adjusted;0,878775510204082;0,443810361327071;0,458235864694419;0,419635376335663
SBA;Temp;2;Spatially adjusted;0,898979591836735;0,445200714553558;0,460997991346694;0,424439515304602
SBA;Temp;2;Spatially adjusted;0,919183673469388;0,445809435384071;0,462908705911886;0,428416046340292
SBA;Temp;2;Spatially adjusted;0,939387755102041;0,445792850297813;0,464138290807409;0,431730491029384
SBA;Temp;2;Spatially adjusted;0,959591836734694;0,445307285773971;0,464857028450684;0,434548370958524
SBA;Temp;2;Spatially adjusted;0,979795918367347;0,444509068291747;0,465235201259119;0,437035207714366
SBA;Temp;2;Spatially adjusted;1;0,443554524330324;0,465443091650144;0,439356522883557
SBA;Temp;2;Current landscape;0,0273900683969259;-0,72000926946339;-0,860780088456654;-1,19912832900732
SBA;Temp;2;Current landscape;0,0791823267936707;-0,494470912142354;-0,706241414192292;-1,17453612818635
SBA;Temp;2;Current landscape;0,125370100140572;-0,532267805818243;-0,701723841885116;-1,20226291581553
SBA;Temp;2;Current landscape;0,176178053021431;-0,42234616537068;-0,531179530289744;-0,855370571490138
SBA;Temp;2;Current landscape;0,222273901104927;-0,229001718811656;-0,459008557370218;-0,721698339367531
SBA;Temp;2;Current landscape;0,277568727731705;-0,0898404285128827;-0,371206735996925;-0,700594454661271
SBA;Temp;2;Current landscape;0,325856387615204;-0,18734286396559;-0,410702021179052;-0,746316725775298
SBA;Temp;2;Current landscape;0,374699085950851;-0,0415802660067435;-0,254471204478598;-0,796079967761049
SBA;Temp;2;Current landscape;0,421433687210083;-0,0735289526675942;-0,266407403572082;-0,744794123471174
SBA;Temp;2;Current landscape;0,478869616985321;0,0882736397062871;-0,068242769666174;-0,477923142984867
SBA;Temp;2;Current landscape;0,522310972213745;0,0483285677853438;-0,0199476462088235;-0,441567440410058
SBA;Temp;2;Current landscape;0,574462652206421;0,148648380310728;-0,000264439563100183;-0,366726462461187
SBA;Temp;2;Current landscape;0,622185587882996;0,0365301872650328;0,0230942004687336;-0,216060825447656
SBA;Temp;2;Current landscape;0,673019886016846;0,0212228313552565;-0,0116127450179775;-0,496163271478213
SBA;Temp;2;Current landscape;0,727172017097473;0,209926293357384;0,0851148837076003;-0,0242279771346823
SBA;Temp;2;Current landscape;0,77355945110321;0,206682834507014;0,117626569149952;-0,023274817431421
SBA;Temp;2;Current landscape;0,826602846384049;0,0589829861133637;0,151587931989816;-0,109261116781465
SBA;Temp;2;Current landscape;0,874411284923553;0,0550494820966989;-0,0375208172370591;-0,0757723728135034
SBA;Temp;2;Current landscape;0,929678171873092;0,0167810167946101;0,0141516590696007;0,00778615831590201
SBA;Temp;2;Current landscape;1;0,0259128172458212;-0,179129191705218;-0,378663222817426
SBA;Temp;3;Spatially adjusted;0,01;-0,66757954453962;-0,686842233040952;-0,668799314216241
SBA;Temp;3;Spatially adjusted;0,0302040816326531;-0,633763000016188;-0,656633376429245;-0,643641075207555
SBA;Temp;3;Spatially adjusted;0,0504081632653061;-0,59996561037919;-0,626400741466185;-0,618438951480673
SBA;Temp;3;Spatially adjusted;0,0706122448979592;-0,566206530515046;-0,596120549800418;-0,593149058317401
SBA;Temp;3;Spatially adjusted;0,0908163265306122;-0,532504915310202;-0,565769023080598;-0,567727510999539
SBA;Temp;3;Spatially adjusted;0,111020408163265;-0,498879919651081;-0,535322382955371;-0,542130424808896
SBA;Temp;3;Spatially adjusted;0,131224489795918;-0,465350698424111;-0,504756851073385;-0,516313915027272
SBA;Temp;3;Spatially adjusted;0,151428571428571;-0,431936406515728;-0,474048649083287;-0,490234096936472
SBA;Temp;3;Spatially adjusted;0,171632653061224;-0,398656198812358;-0,443173998633725;-0,463847085818301
SBA;Temp;3;Spatially adjusted;0,191836734693878;-0,365529230200437;-0,412109121373348;-0,437108996954567
SBA;Temp;3;Spatially adjusted;0,212040816326531;-0,332574655566393;-0,380830238950804;-0,409975945627068
SBA;Temp;3;Spatially adjusted;0,232244897959184;-0,299811629796658;-0,34931357301474;-0,38240404711761
SBA;Temp;3;Spatially adjusted;0,252448979591837;-0,26725930777766;-0,317535345213809;-0,354349416707997
SBA;Temp;3;Spatially adjusted;0,27265306122449;-0,234936844395833;-0,285471777196655;-0,325768169680035
SBA;Temp;3;Spatially adjusted;0,292857142857143;-0,202863394537605;-0,253099090611926;-0,29661642131553
SBA;Temp;3;Spatially adjusted;0,313061224489796;-0,171058113089416;-0,22039350710827;-0,266850286896279
SBA;Temp;3;Spatially adjusted;0,333265306122449;-0,139540154937681;-0,187331248334335;-0,236425881704093
SBA;Temp;3;Spatially adjusted;0,353469387755102;-0,108335688395986;-0,153915456161098;-0,205330646970975
SBA;Temp;3;Spatially adjusted;0,373673469387755;-0,0774989354864601;-0,120256953348836;-0,173677327729735
SBA;Temp;3;Spatially adjusted;0,393877551020408;-0,0470911316583944;-0,0864934828801474;-0,141609994963392
SBA;Temp;3;Spatially adjusted;0,414081632653061;-0,0171735123610617;-0,0527627877376418;-0,109272719654964
SBA;Temp;3;Spatially adjusted;0,434285714285714;0,0121926869562472;-0,0192026109039176;-0,0768095727874609
SBA;Temp;3;Spatially adjusted;0,454489795918367;0,0409462308442627;0,0140493046384158;-0,0443646253439027
SBA;Temp;3;Spatially adjusted;0,47469387755102;0,0690258838536906;0,0468552159067563;-0,0120819483072978
SBA;Temp;3;Spatially adjusted;0,494897959183674;0,0963704105352576;0,0790773799185054;0,0198943873393382
SBA;Temp;3;Spatially adjusted;0,515102040816327;0,122918575439684;0,110578053691054;0,0514203106129827
SBA;Temp;3;Spatially adjusted;0,53530612244898;0,148609143117685;0,141219494241803;0,082351750530627
SBA;Temp;3;Spatially adjusted;0,555510204081633;0,173380878119982;0,170863958588146;0,112544636109256
SBA;Temp;3;Spatially adjusted;0,575714285714286;0,19717254499729;0,199373703747476;0,141854896365849
SBA;Temp;3;Spatially adjusted;0,595918367346939;0,219922908300326;0,226610986737196;0,1701384603174
SBA;Temp;3;Spatially adjusted;0,616122448979592;0,241570732579813;0,252438064574701;0,197251256980884
SBA;Temp;3;Spatially adjusted;0,636326530612245;0,262054782386471;0,276717194277385;0,22304921537329
SBA;Temp;3;Spatially adjusted;0,656530612244898;0,28131382227102;0,299310632862646;0,24738826451161
SBA;Temp;3;Spatially adjusted;0,676734693877551;0,299286616784169;0,320080637347882;0,27012433341282
SBA;Temp;3;Spatially adjusted;0,696938775510204;0,315936172643411;0,338932850842195;0,29115556137462
SBA;Temp;3;Spatially adjusted;0,717142857142857;0,331322465233264;0,355946460821542;0,310548928817553
SBA;Temp;3;Spatially adjusted;0,73734693877551;0,345529712105034;0,371244040853593;0,328413626442881
SBA;Temp;3;Spatially adjusted;0,757551020408163;0,358642130810001;0,384948164506003;0,344858844951858
SBA;Temp;3;Spatially adjusted;0,777755102040816;0,370743938899459;0,397181405346437;0,359993775045744
SBA;Temp;3;Spatially adjusted;0,797959183673469;0,381919353924708;0,408066336942571;0,373927607425795
SBA;Temp;3;Spatially adjusted;0,818163265306122;0,392252593437032;0,417725532862054;0,386769532793274
SBA;Temp;3;Spatially adjusted;0,838367346938776;0,401827874987728;0,426281566672557;0,398628741849429
SBA;Temp;3;Spatially adjusted;0,858571428571429;0,410729416128088;0,433857011941747;0,409614425295526
SBA;Temp;3;Spatially adjusted;0,878775510204082;0,419041434409401;0,440574442237285;0,419835773832816
SBA;Temp;3;Spatially adjusted;0,898979591836735;0,426848147382959;0,44655643112684;0,429401978162563
SBA;Temp;3;Spatially adjusted;0,919183673469388;0,434233772600056;0,451925552178071;0,438422228986024
SBA;Temp;3;Spatially adjusted;0,939387755102041;0,441282527611982;0,456804378958644;0,447005717004448
SBA;Temp;3;Spatially adjusted;0,959591836734694;0,448078629970038;0,461315485036227;0,455261632919104
SBA;Temp;3;Spatially adjusted;0,979795918367347;0,45470629722551;0,465581443978476;0,463299167431245
SBA;Temp;3;Spatially adjusted;1;0,461249746929685;0,469724829353062;0,471227511242123
SBA;Temp;3;Current landscape;0,0267943926155567;-0,812618285550553;-0,839770615290576;-1,13044563696949
SBA;Temp;3;Current landscape;0,0727228447794914;-0,385517368341706;-0,542279349049633;-0,937749700900717
SBA;Temp;3;Current landscape;0,126538187265396;-0,470978121935325;-0,698931412143669;-1,05413086987174
SBA;Temp;3;Current landscape;0,177878707647324;-0,402936956544885;-0,521591568928539;-0,929055838645862
SBA;Temp;3;Current landscape;0,223947644233704;-0,252757672973615;-0,290967611566444;-0,619491095877848
SBA;Temp;3;Current landscape;0,276008725166321;-0,21679778863772;-0,421584770503848;-0,853685864659891
SBA;Temp;3;Current landscape;0,324189350008965;-0,222170435833405;-0,379300939900222;-0,914071589829806
SBA;Temp;3;Current landscape;0,375159367918969;-0,241493201354416;-0,391378352306276;-0,784209673507469
SBA;Temp;3;Current landscape;0,423930436372757;-0,0125515345720899;-0,13483492967071;-0,582090222120844
SBA;Temp;3;Current landscape;0,478336095809937;0,0143421309939455;0,0399153658301898;-0,430723077769709
SBA;Temp;3;Current landscape;0,524555921554565;0,111053133168767;-0,0187507912761902;-0,389709351129635
SBA;Temp;3;Current landscape;0,574759125709534;-0,0218503920516255;-0,176407583911072;-0,493306424629534
SBA;Temp;3;Current landscape;0,624076962471008;0,0370426454267445;-0,0862308469834758;-0,378466400883482
SBA;Temp;3;Current landscape;0,675828814506531;-0,00909505200930738;-0,127792741342205;-0,526373322193301
SBA;Temp;3;Current landscape;0,727495491504669;0,0622825476084756;-0,131744856695736;-0,241273765927794
SBA;Temp;3;Current landscape;0,777627527713776;-0,154799195719658;-0,215120179738896;-0,399465203753596
SBA;Temp;3;Current landscape;0,823494672775269;0,0991598456769047;0,128348451216873;-0,103794021056032
SBA;Temp;3;Current landscape;0,872701674699783;-0,0377319308989961;-0,22730075308996;-0,337190209402742
SBA;Temp;3;Current landscape;0,92955219745636;-0,0843680698285247;-0,173859384337138;-0,172955445486629
SBA;Temp;3;Current landscape;1;-0,0072024298422555;-0,291015429074538;-0,482200715095424
SBA;Temp;4;Spatially adjusted;0,01;-0,656255013742204;-0,682013649686628;-0,743937002837267
SBA;Temp;4;Spatially adjusted;0,0302040816326531;-0,62819100014762;-0,657803108605915;-0,716332993669941
SBA;Temp;4;Spatially adjusted;0,0504081632653061;-0,600085622787738;-0,63351471456442;-0,688677810372951
SBA;Temp;4;Spatially adjusted;0,0706122448979592;-0,571897517897256;-0,60907061460134;-0,660920278816636
SBA;Temp;4;Spatially adjusted;0,0908163265306122;-0,543585321710879;-0,584392955755895;-0,63300922487133
SBA;Temp;4;Spatially adjusted;0,111020408163265;-0,515107670463301;-0,55940388506729;-0,604893474407373
SBA;Temp;4;Spatially adjusted;0,131224489795918;-0,486423200389229;-0,534025549574743;-0,576521853295098
SBA;Temp;4;Spatially adjusted;0,151428571428571;-0,45749054772336;-0,508180096317457;-0,54784318740484
SBA;Temp;4;Spatially adjusted;0,171632653061224;-0,428268348700396;-0,481789672334642;-0,518806302606937
SBA;Temp;4;Spatially adjusted;0,191836734693878;-0,398715239555035;-0,454776424665514;-0,489360024771731
SBA;Temp;4;Spatially adjusted;0,212040816326531;-0,368789856521985;-0,427062500349283;-0,459453179769554
SBA;Temp;4;Spatially adjusted;0,232244897959184;-0,338450835835936;-0,39857004642516;-0,429034593470746
SBA;Temp;4;Spatially adjusted;0,252448979591837;-0,307656813731597;-0,369221209932352;-0,398053091745638
SBA;Temp;4;Spatially adjusted;0,27265306122449;-0,276366426443666;-0,338938137910073;-0,366457500464573
SBA;Temp;4;Spatially adjusted;0,292857142857143;-0,244538310206842;-0,307642977397531;-0,33419664549788
SBA;Temp;4;Spatially adjusted;0,313061224489796;-0,212131101255824;-0,27525787543394;-0,301219352715904
SBA;Temp;4;Spatially adjusted;0,333265306122449;-0,179103435825326;-0,241704979058508;-0,267474447988977
SBA;Temp;4;Spatially adjusted;0,353469387755102;-0,145450220567341;-0,206956290869808;-0,23294723356852
SBA;Temp;4;Spatially adjusted;0,373673469387755;-0,11131144380315;-0,171183235703872;-0,197768917230306
SBA;Temp;4;Spatially adjusted;0,393877551020408;-0,0768633642713255;-0,134607093956081;-0,162107183131198
SBA;Temp;4;Spatially adjusted;0,414081632653061;-0,0422822407104455;-0,0974491460218339;-0,126129715428046
SBA;Temp;4;Spatially adjusted;0,434285714285714;-0,00774433185909729;-0,0599306722965203;-0,0900041982777111
SBA;Temp;4;Spatially adjusted;0,454489795918367;0,0265741035441565;-0,0222729531755235;-0,0538983158370456
SBA;Temp;4;Spatially adjusted;0,47469387755102;0,0604968067607175;0,0153027309457556;-0,0179797522629137
SBA;Temp;4;Spatially adjusted;0,494897959183674;0,0938475190520229;0,0525750996719374;0,0175838082878315
SBA;Temp;4;Spatially adjusted;0,515102040816327;0,126449981679492;0,0893228726076245;0,0526246816583367
SBA;Temp;4;Spatially adjusted;0,53530612244898;0,158127935904535;0,125324769357427;0,0869751836917345
SBA;Temp;4;Spatially adjusted;0,555510204081633;0,188705122988591;0,160359509525961;0,120467630231175
SBA;Temp;4;Spatially adjusted;0,575714285714286;0,218005284193065;0,194205812717826;0,152934337119799
SBA;Temp;4;Spatially adjusted;0,595918367346939;0,245852160779382;0,226642398537638;0,184207620200748
SBA;Temp;4;Spatially adjusted;0,616122448979592;0,272069494008971;0,257447986590012;0,214119795317167
SBA;Temp;4;Spatially adjusted;0,636326530612245;0,296481025143248;0,286401296479546;0,242503178312198
SBA;Temp;4;Spatially adjusted;0,656530612244898;0,318910495443635;0,313281047810857;0,269190085028981
SBA;Temp;4;Spatially adjusted;0,676734693877551;0,339181646171554;0,337865960188555;0,294012831310663
SBA;Temp;4;Spatially adjusted;0,696938775510204;0,357171913568926;0,359997842859698;0,316852845407691
SBA;Temp;4;Spatially adjusted;0,717142857142857;0,372973513799693;0,379770863641149;0,337788005199759
SBA;Temp;4;Spatially adjusted;0,73734693877551;0,386732358008295;0,39734227999222;0,356945300973862
SBA;Temp;4;Spatially adjusted;0,757551020408163;0,398594357339164;0,412869349372226;0,374451723016996
SBA;Temp;4;Spatially adjusted;0,777755102040816;0,408705422936752;0,426509329240474;0,390434261616157
SBA;Temp;4;Spatially adjusted;0,797959183673469;0,417211465945496;0,438419477056286;0,40501990705835
SBA;Temp;4;Spatially adjusted;0,818163265306122;0,424258397509831;0,448757050278964;0,418335649630567
SBA;Temp;4;Spatially adjusted;0,838367346938776;0,429992128774206;0,457679306367833;0,430508479619803
SBA;Temp;4;Spatially adjusted;0,858571428571429;0,434558570883056;0,465343502782197;0,441665387313059
SBA;Temp;4;Spatially adjusted;0,878775510204082;0,43810363498082;0,47190689698137;0,451933362997334
SBA;Temp;4;Spatially adjusted;0,898979591836735;0,440773232211949;0,477526746424669;0,461439396959626
SBA;Temp;4;Spatially adjusted;0,919183673469388;0,442713273720869;0,482360308571401;0,470310479486926
SBA;Temp;4;Spatially adjusted;0,939387755102041;0,444069670652027;0,486564840880881;0,478673600866241
SBA;Temp;4;Spatially adjusted;0,959591836734694;0,444988334149866;0,490297600812426;0,486655751384561
SBA;Temp;4;Spatially adjusted;0,979795918367347;0,445615175358824;0,493715845825342;0,494383921328886
SBA;Temp;4;Spatially adjusted;1;0,44609610542334;0,496976833378948;0,501985100986211
SBA;Temp;4;Current landscape;0,0274240095168352;-0,614263748573006;-0,68606911229163;-0,989822126258737
SBA;Temp;4;Current landscape;0,0734698176383972;-0,517566927234466;-0,719098714717241;-1,05064552148574
SBA;Temp;4;Current landscape;0,124284364283085;-0,595751680377113;-0,705110583572086;-1,13644524863365
SBA;Temp;4;Current landscape;0,177674487233162;-0,469829076137099;-0,682044757595431;-1,14491127427452
SBA;Temp;4;Current landscape;0,226620584726334;-0,302648928096303;-0,499551177015679;-0,89348079368957
SBA;Temp;4;Current landscape;0,276094317436218;-0,190992388002776;-0,399112828503188;-0,794753866552831
SBA;Temp;4;Current landscape;0,325302094221115;-0,144843333250687;-0,396270783377148;-0,724532401016756
SBA;Temp;4;Current landscape;0,377904921770096;-0,126001900648028;-0,446884410264808;-0,692752804193397
SBA;Temp;4;Current landscape;0,424283236265182;-0,0773267460109643;-0,190116432221494;-0,528083072942103
SBA;Temp;4;Current landscape;0,475176423788071;-0,0679225925752718;-0,277030660990825;-0,600164321664519
SBA;Temp;4;Current landscape;0,523196280002594;0,06363570750257;-0,0954363115593928;-0,306423696059134
SBA;Temp;4;Current landscape;0,575607299804688;0,186560111271472;-0,0652928837009874;-0,471784217323148
SBA;Temp;4;Current landscape;0,623624861240387;0,16513338364447;-0,0230479498532645;-0,434832339213173
SBA;Temp;4;Current landscape;0,678828656673431;0,146427817550642;-0,118731842098764;-0,606344672786857
SBA;Temp;4;Current landscape;0,720831960439682;0,244489311615801;0,142769363194169;-0,191347394472263
SBA;Temp;4;Current landscape;0,772972613573074;0,384537400435239;0,157710942121909;-0,0472064332883733
SBA;Temp;4;Current landscape;0,824798047542572;-0,0112274069311802;0,0478748182682338;-0,332046479409311
SBA;Temp;4;Current landscape;0,87835556268692;0,0432534467342194;-0,0701854299685927;-0,21500006542356
SBA;Temp;4;Current landscape;0,927283763885498;0,0129312898730234;0,00762490026429319;0,0122052216728719
SBA;Temp;4;Current landscape;1;0,0182578788414958;-0,258622050800284;-0,450629122506445
SBA;Temp;5;Spatially adjusted;0,01;-0,678870551924348;-0,718439959643124;-0,753334416687185
SBA;Temp;5;Spatially adjusted;0,0302040816326531;-0,652011422293374;-0,692310401363955;-0,729210238718554
SBA;Temp;5;Spatially adjusted;0,0504081632653061;-0,625089050258172;-0,666100842136359;-0,7049909229417
SBA;Temp;5;Spatially adjusted;0,0706122448979592;-0,598040193414505;-0,639731281011919;-0,680581331548392
SBA;Temp;5;Spatially adjusted;0,0908163265306122;-0,570801609358139;-0,613121717042215;-0,655886326730414
SBA;Temp;5;Spatially adjusted;0,111020408163265;-0,543310055684859;-0,586192149278819;-0,630810770679538
SBA;Temp;5;Spatially adjusted;0,131224489795918;-0,515502289990408;-0,558862576773315;-0,605259525587535
SBA;Temp;5;Spatially adjusted;0,151428571428571;-0,487315069870579;-0,531052998577277;-0,579137453646187
SBA;Temp;5;Spatially adjusted;0,171632653061224;-0,45868515292112;-0,502683413742275;-0,552349417047264
SBA;Temp;5;Spatially adjusted;0,191836734693878;-0,429549296737815;-0,473673821319906;-0,524800277982543
SBA;Temp;5;Spatially adjusted;0,212040816326531;-0,399844258916428;-0,443944220361729;-0,496394898643803
SBA;Temp;5;Spatially adjusted;0,232244897959184;-0,369506797052726;-0,413414609919329;-0,467038141222815
SBA;Temp;5;Spatially adjusted;0,252448979591837;-0,338473668742477;-0,382004989044283;-0,436634867911355
SBA;Temp;5;Spatially adjusted;0,27265306122449;-0,306681631581455;-0,34963535678817;-0,405089940901195
SBA;Temp;5;Spatially adjusted;0,292857142857143;-0,274067443165418;-0,316225712202563;-0,372308222384117
SBA;Temp;5;Spatially adjusted;0,313061224489796;-0,240567861090145;-0,281696054339051;-0,338194574551896
SBA;Temp;5;Spatially adjusted;0,333265306122449;-0,206119642951393;-0,245966382249197;-0,302653859596298
SBA;Temp;5;Spatially adjusted;0,353469387755102;-0,170707964020252;-0,209011962081515;-0,265651505453242
SBA;Temp;5;Spatially adjusted;0,373673469387755;-0,134511670269038;-0,171029128372208;-0,227395203035176
SBA;Temp;5;Spatially adjusted;0,393877551020408;-0,097758025345378;-0,13226948275441;-0,188153208998674
SBA;Temp;5;Spatially adjusted;0,414081632653061;-0,0606742928968984;-0,0929846268612522;-0,14819378000033
SBA;Temp;5;Spatially adjusted;0,434285714285714;-0,0234877365712265;-0,0534261623258736;-0,107785172696719
SBA;Temp;5;Spatially adjusted;0,454489795918367;0,0135743799840071;-0,0138456907813946;-0,0671956437444301
SBA;Temp;5;Spatially adjusted;0,47469387755102;0,0502847931211683;0,0255051861390392;-0,0266934498000424
SBA;Temp;5;Spatially adjusted;0,494897959183674;0,0864162391926371;0,0643748668023001;0,0134531524798618
SBA;Temp;5;Spatially adjusted;0,515102040816327;0,121741454550779;0,102511749575257;0,0529759064386965
SBA;Temp;5;Spatially adjusted;0,53530612244898;0,156033175547979;0,139664232824771;0,0916065554198866
SBA;Temp;5;Spatially adjusted;0,555510204081633;0,189064138536587;0,175580714917718;0,129076842766843
SBA;Temp;5;Spatially adjusted;0,575714285714286;0,220607079868991;0,210009594220956;0,165118511822982
SBA;Temp;5;Spatially adjusted;0,595918367346939;0,25043473589756;0,242699269101358;0,199463305931722
SBA;Temp;5;Spatially adjusted;0,616122448979592;0,278319842974664;0,273398137925785;0,231842968436482
SBA;Temp;5;Spatially adjusted;0,636326530612245;0,304035137452672;0,301854599061112;0,261989242680677
SBA;Temp;5;Spatially adjusted;0,656530612244898;0,327353355683957;0,327817050874202;0,289633872007727
SBA;Temp;5;Spatially adjusted;0,676734693877551;0,348047234020893;0,351033891731923;0,314508599761044
SBA;Temp;5;Spatially adjusted;0,696938775510204;0,365957090294017;0,371326674571126;0,33642152620838
SBA;Temp;5;Spatially adjusted;0,717142857142857;0,381193568246534;0,388809570608604;0,355486179314799
SBA;Temp;5;Spatially adjusted;0,73734693877551;0,393934893099818;0,403669905631148;0,371892443969696
SBA;Temp;5;Spatially adjusted;0,757551020408163;0,404359290075245;0,416095005425529;0,385830205062462
SBA;Temp;5;Spatially adjusted;0,777755102040816;0,412644984394195;0,426272195778537;0,397489347482495
SBA;Temp;5;Spatially adjusted;0,797959183673469;0,418970201278032;0,434388802476946;0,407059756119189
SBA;Temp;5;Spatially adjusted;0,818163265306122;0,42351316594813;0,440632151307543;0,414731315861935
SBA;Temp;5;Spatially adjusted;0,838367346938776;0,426452103625859;0,445189568057106;0,420693911600132
SBA;Temp;5;Spatially adjusted;0,858571428571429;0,427965239532604;0,448248378512417;0,425137428223174
SBA;Temp;5;Spatially adjusted;0,878775510204082;0,428230798889736;0,449995908460263;0,428251750620451
SBA;Temp;5;Spatially adjusted;0,898979591836735;0,427427006918624;0,450619483687412;0,430226763681365
SBA;Temp;5;Spatially adjusted;0,919183673469388;0,42573208884064;0,45030642998066;0,431252352295306
SBA;Temp;5;Spatially adjusted;0,939387755102041;0,423324269877163;0,449244073126781;0,431518401351664
SBA;Temp;5;Spatially adjusted;0,959591836734694;0,42038177524957;0,447619738912557;0,431214795739844
SBA;Temp;5;Spatially adjusted;0,979795918367347;0,417082830179222;0,445620753124775;0,430531420349229
SBA;Temp;5;Spatially adjusted;1;0,413605659887505;0,443434441550206;0,429658160069224
SBA;Temp;5;Current landscape;0,0242672003805637;-0,444550251180839;-0,480696070838782;-0,835747665491549
SBA;Temp;5;Current landscape;0,0760234668850899;-0,572634726984415;-0,715954425585764;-1,07270956342804
SBA;Temp;5;Current landscape;0,126862540841103;-0,519155150877591;-0,605666278782721;-1,04785936635558
SBA;Temp;5;Current landscape;0,174912169575692;-0,402225216156815;-0,520714423960357;-0,880526952308077
SBA;Temp;5;Current landscape;0,22568966448307;-0,251509906739585;-0,307828104009875;-0,755920923169484
SBA;Temp;5;Current landscape;0,277568727731705;-0,37804170748722;-0,583884152575266;-0,890505132353354
SBA;Temp;5;Current landscape;0,326314687728882;-0,16603693970303;-0,342837417270918;-0,734392663762904
SBA;Temp;5;Current landscape;0,375813186168671;-0,356329826260644;-0,409683295508088;-0,882173111614872
SBA;Temp;5;Current landscape;0,424240976572037;0,0587946214164035;-0,0795787951131288;-0,348553122666136
SBA;Temp;5;Current landscape;0,475215792655945;0,0860794148769095;0,0520997589716465;-0,286196366094583
SBA;Temp;5;Current landscape;0,521703243255615;0,277081969999966;0,107192632046523;-0,166991523254097
SBA;Temp;5;Current landscape;0,571803033351898;0,0552519410125463;-0,006646251792084;-0,407219863878197
SBA;Temp;5;Current landscape;0,622052192687988;0,135473858316942;-0,0419529795909952;-0,309506277518377
SBA;Temp;5;Current landscape;0,671675205230713;0,221229364757257;0,035945319100211;-0,342603575543762
SBA;Temp;5;Current landscape;0,723237037658691;0,109989444814456;0,0805997478807505;-0,118109846019365
SBA;Temp;5;Current landscape;0,774332940578461;0,0429838826301392;0,00729426575943037;-0,23635452291327
SBA;Temp;5;Current landscape;0,824557781219482;-0,137734978378198;-0,116159167889517;-0,361248069945614
SBA;Temp;5;Current landscape;0,875092804431915;0,0299126665307377;-0,218225119340481;-0,414862851746911
SBA;Temp;5;Current landscape;0,927880465984344;-0,0298457448411895;-0,142525022586721;-0,0594170798543843
SBA;Temp;5;Current landscape;1;-0,0339788589230317;-0,300556314258394;-0,497086076232979
SBA;Temp;6;Spatially adjusted;0,01;-0,661065609477337;-0,707071346717292;-0,761216841265252
SBA;Temp;6;Spatially adjusted;0,0302040816326531;-0,631596139980605;-0,679224689326983;-0,73205105788006
SBA;Temp;6;Spatially adjusted;0,0504081632653061;-0,602095175271849;-0,651326813086111;-0,702839304863957
SBA;Temp;6;Spatially adjusted;0,0706122448979592;-0,572531220139037;-0,62332649914412;-0,673535612586029
SBA;Temp;6;Spatially adjusted;0,0908163265306122;-0,542872779370157;-0,595172528650451;-0,644094011415355
SBA;Temp;6;Spatially adjusted;0,111020408163265;-0,513088357753176;-0,566813682754535;-0,61446853172103
SBA;Temp;6;Spatially adjusted;0,131224489795918;-0,483146460076068;-0,538198742605822;-0,584613203872131
SBA;Temp;6;Spatially adjusted;0,151428571428571;-0,453015591126817;-0,509276489353745;-0,554482058237753
SBA;Temp;6;Spatially adjusted;0,171632653061224;-0,422664255693395;-0,479995704147747;-0,524029125186978
SBA;Temp;6;Spatially adjusted;0,191836734693878;-0,392060958563775;-0,450305168137263;-0,493208435088896
SBA;Temp;6;Spatially adjusted;0,212040816326531;-0,361174204525934;-0,420153662471741;-0,461974018312585
SBA;Temp;6;Spatially adjusted;0,232244897959184;-0,329972498367845;-0,389489968300612;-0,430279905227142
SBA;Temp;6;Spatially adjusted;0,252448979591837;-0,298424344877486;-0,358262866773316;-0,398080126201641
SBA;Temp;6;Spatially adjusted;0,27265306122449;-0,266498248842826;-0,326421139039301;-0,36532871160518
SBA;Temp;6;Spatially adjusted;0,292857142857143;-0,234162715051856;-0,293913566248001;-0,33197969180684
SBA;Temp;6;Spatially adjusted;0,313061224489796;-0,201386248292536;-0,260688929548852;-0,29798709717571
SBA;Temp;6;Spatially adjusted;0,333265306122449;-0,168137353352844;-0,226696010091302;-0,26330495808087
SBA;Temp;6;Spatially adjusted;0,353469387755102;-0,134417271378815;-0,19192376956855;-0,22792454964679
SBA;Temp;6;Spatially adjusted;0,373673469387755;-0,100358188948682;-0,156521891848861;-0,191986126019451
SBA;Temp;6;Spatially adjusted;0,393877551020408;-0,0661250289987336;-0,120680241344267;-0,155667186100214
SBA;Temp;6;Spatially adjusted;0,414081632653061;-0,0318827144652687;-0,0845886824667907;-0,119145228790433
SBA;Temp;6;Spatially adjusted;0,434285714285714;0,00220383171542693;-0,0484370796284637;-0,0825977529914752
SBA;Temp;6;Spatially adjusted;0,454489795918367;0,0359696866070607;-0,012415297241315;-0,0462022576046977
SBA;Temp;6;Spatially adjusted;0,47469387755102;0,0692499272733507;0,0232868002826265;-0,0101362415314661
SBA;Temp;6;Spatially adjusted;0,494897959183674;0,10187963077799;0,058479348531332;0,0254227963268718
SBA;Temp;6;Spatially adjusted;0,515102040816327;0,133693874184697;0,0929724830927725;0,06029735706894
SBA;Temp;6;Spatially adjusted;0,53530612244898;0,164527734557179;0,126576339554923;0,0943099417933908
SBA;Temp;6;Spatially adjusted;0,555510204081633;0,194216288959147;0,159101053505751;0,127283051598859
SBA;Temp;6;Spatially adjusted;0,575714285714286;0,222594614454309;0,190356760533227;0,159039187583986
SBA;Temp;6;Spatially adjusted;0,595918367346939;0,249497788106368;0,220153596225323;0,189400850847406
SBA;Temp;6;Spatially adjusted;0,616122448979592;0,274760886979045;0,248301696170017;0,218190542487768
SBA;Temp;6;Spatially adjusted;0,636326530612245;0,298218988136043;0,27461119595527;0,245230763603704
SBA;Temp;6;Spatially adjusted;0,656530612244898;0,319707168641063;0,298892231169056;0,270344015293858
SBA;Temp;6;Spatially adjusted;0,676734693877551;0,339060505557825;0,320954937399353;0,293352798656869
SBA;Temp;6;Spatially adjusted;0,696938775510204;0,35616551900738;0,340666179650665;0,314132968433565
SBA;Temp;6;Spatially adjusted;0,717142857142857;0,371114501340166;0,358119740593676;0,332773793933541
SBA;Temp;6;Spatially adjusted;0,73734693877551;0,384051187963969;0,373466132315603;0,349417898108573
SBA;Temp;6;Spatially adjusted;0,757551020408163;0,395119314286575;0,386855866903669;0,364207903910451
SBA;Temp;6;Spatially adjusted;0,777755102040816;0,404462615715762;0,398439456445093;0,377286434290948
SBA;Temp;6;Spatially adjusted;0,797959183673469;0,412224827659323;0,408367413027094;0,388796112201849
SBA;Temp;6;Spatially adjusted;0,818163265306122;0,418549685525033;0,416790248736895;0,398879560594935
SBA;Temp;6;Spatially adjusted;0,838367346938776;0,423580924720689;0,423858475661717;0,407679402421987
SBA;Temp;6;Spatially adjusted;0,858571428571429;0,427462280654069;0,42972260588877;0,415338260634787
SBA;Temp;6;Spatially adjusted;0,878775510204082;0,430337488732953;0,434533151505288;0,421998758185119
SBA;Temp;6;Spatially adjusted;0,898979591836735;0,432350284365128;0,438440624598485;0,42780351802476
SBA;Temp;6;Spatially adjusted;0,919183673469388;0,433644402958379;0,44159553725558;0,432895163105496
SBA;Temp;6;Spatially adjusted;0,939387755102041;0,434363579920504;0,444148401563794;0,437416316379103
SBA;Temp;6;Spatially adjusted;0,959591836734694;0,434651550659261;0,446249729610347;0,441509600797367
SBA;Temp;6;Spatially adjusted;0,979795918367347;0,434652050582461;0,44805003348246;0,445317639312073
SBA;Temp;6;Spatially adjusted;1;0,434508815097871;0,449699825267352;0,44898305487499
SBA;Temp;6;Current landscape;0,0288293827325106;-0,769935929641509;-0,995481047863279;-1,30388312682189
SBA;Temp;6;Current landscape;0,0726117044687271;-0,413325295638515;-0,677811357199033;-1,03193533495836
SBA;Temp;6;Current landscape;0,1249690502882;-0,518672077578128;-0,649748016570971;-1,11937428501873
SBA;Temp;6;Current landscape;0,173749357461929;-0,295740788351115;-0,562396156205338;-0,88228357371753
SBA;Temp;6;Current landscape;0,226371988654137;-0,315464471075352;-0,537161453485467;-0,804785723518645
SBA;Temp;6;Current landscape;0,276400953531265;0,01643435918362;-0,328550217670141;-0,730455912239375
SBA;Temp;6;Current landscape;0,327102154493332;-0,0983905953798363;-0,405828408738287;-0,665512629677746
SBA;Temp;6;Current landscape;0,375686854124069;-0,151364892227345;-0,30644517012475;-0,856635622455222
SBA;Temp;6;Current landscape;0,422476947307587;0,0159103485574761;-0,188881841022347;-0,640614316909598
SBA;Temp;6;Current landscape;0,477686271071434;0,185886432156288;-0,0410892443797657;-0,406884158586102
SBA;Temp;6;Current landscape;0,522116392850876;0,0597966260897316;-0,317288792372636;-0,530120287262243
SBA;Temp;6;Current landscape;0,575628787279129;0,116779101669835;-0,039502857734881;-0,377771239511848
SBA;Temp;6;Current landscape;0,625965982675553;0,0256416236512358;-0,0299634901453345;-0,371700076960014
SBA;Temp;6;Current landscape;0,6723792552948;-0,0390891257241961;-0,138702837196945;-0,528042816071348
SBA;Temp;6;Current landscape;0,726706266403198;0,058885287730142;-0,0926813027513056;-0,357448029441063
SBA;Temp;6;Current landscape;0,774446904659271;0,036050674302782;-0,128836707572855;-0,417197709897955
SBA;Temp;6;Current landscape;0,823551535606384;-0,0920005070789607;-0,0267432002288928;-0,394656058008888
SBA;Temp;6;Current landscape;0,877988755702972;-0,01760870233025;-0,201890354153623;-0,415137506766918
SBA;Temp;6;Current landscape;0,927050769329071;0,010894540112325;-0,0405475913178179;0,0528158492740047
SBA;Temp;6;Current landscape;1;0,0197306414677065;-0,135630969947126;-0,441951952737043
SBA;Temp;7;Spatially adjusted;0,01;-0,704006641327613;-0,745397745062192;-0,772630653579689
SBA;Temp;7;Spatially adjusted;0,0302040816326531;-0,671123090550136;-0,713395488667619;-0,741362784403375
SBA;Temp;7;Spatially adjusted;0,0504081632653061;-0,638228825112819;-0,681370394010529;-0,710062161498637
SBA;Temp;7;Spatially adjusted;0,0706122448979592;-0,605313130355828;-0,649299622828398;-0,678696031137058
SBA;Temp;7;Spatially adjusted;0,0908163265306122;-0,572365291619324;-0,617160336858714;-0,647231639590213
SBA;Temp;7;Spatially adjusted;0,111020408163265;-0,539374594243459;-0,584929697838955;-0,615636233129685
SBA;Temp;7;Spatially adjusted;0,131224489795918;-0,506330323568403;-0,552584867506599;-0,583877058027049
SBA;Temp;7;Spatially adjusted;0,151428571428571;-0,473221764934326;-0,520103007599133;-0,551921360553884
SBA;Temp;7;Spatially adjusted;0,171632653061224;-0,440038203681372;-0,487461279854031;-0,519736386981766
SBA;Temp;7;Spatially adjusted;0,191836734693878;-0,406768925149713;-0,454636846008782;-0,487289383582276
SBA;Temp;7;Spatially adjusted;0,212040816326531;-0,373403214679509;-0,421606867800861;-0,454547596626998
SBA;Temp;7;Spatially adjusted;0,232244897959184;-0,339930357610921;-0,388348506967752;-0,4214782723875
SBA;Temp;7;Spatially adjusted;0,252448979591837;-0,306339639284108;-0,354838925246934;-0,388048657135364
SBA;Temp;7;Spatially adjusted;0,27265306122449;-0,27262034503924;-0,321055284375891;-0,354225997142173
SBA;Temp;7;Spatially adjusted;0,292857142857143;-0,238761760216473;-0,286974746092099;-0,319977538679503
SBA;Temp;7;Spatially adjusted;0,313061224489796;-0,204753170155964;-0,252574472133048;-0,285270528018931
SBA;Temp;7;Spatially adjusted;0,333265306122449;-0,170583860197887;-0,217831624236215;-0,250072211432034
SBA;Temp;7;Spatially adjusted;0,353469387755102;-0,136266536633162;-0,182750475564021;-0,21438146335278
SBA;Temp;7;Spatially adjusted;0,373673469387755;-0,101907589555825;-0,14744374497867;-0,178323670864657
SBA;Temp;7;Spatially adjusted;0,393877551020408;-0,0676368300106667;-0,112051262767309;-0,142055849213552
SBA;Temp;7;Spatially adjusted;0,414081632653061;-0,0335840690424831;-0,0767128592170892;-0,105735013645329
SBA;Temp;7;Spatially adjusted;0,434285714285714;0,000120882303917824;-0,041568364615145;-0,0695181794058826
SBA;Temp;7;Spatially adjusted;0,454489795918367;0,0333482129837535;-0,00675760924863411;-0,0335623617410796
SBA;Temp;7;Spatially adjusted;0,47469387755102;0,0659681119522126;0,0275795765953077;0,0019754241032004
SBA;Temp;7;Spatially adjusted;0,494897959183674;0,097850768164502;0,061303362629527;0,036938162881075
SBA;Temp;7;Spatially adjusted;0,515102040816327;0,128866370575828;0,0942739185668806;0,0711688393466687
SBA;Temp;7;Spatially adjusted;0,53530612244898;0,158885108141394;0,126351414120226;0,104510438254106
SBA;Temp;7;Spatially adjusted;0,555510204081633;0,187777169816396;0,157396019002412;0,136805944357505
SBA;Temp;7;Spatially adjusted;0,575714285714286;0,215412744556041;0,187267902926294;0,167898342410986
SBA;Temp;7;Spatially adjusted;0,595918367346939;0,241662021315531;0,215827235604731;0,197630617168674
SBA;Temp;7;Spatially adjusted;0,616122448979592;0,266395189050073;0,242934186750571;0,225845753384693
SBA;Temp;7;Spatially adjusted;0,636326530612245;0,289482436714856;0,268448926076669;0,252386735813158
SBA;Temp;7;Spatially adjusted;0,656530612244898;0,310793953265097;0,292231623295884;0,277096549208199
SBA;Temp;7;Spatially adjusted;0,676734693877551;0,33019992765599;0,314142448121061;0,299818178323928
SBA;Temp;7;Spatially adjusted;0,696938775510204;0,34761338561276;0,334085830549181;0,320443122950511
SBA;Temp;7;Spatially adjusted;0,717142857142857;0,363118699940632;0,352143241713701;0,339056943022236
SBA;Temp;7;Spatially adjusted;0,73734693877551;0,376843080214886;0,368440413032186;0,355793713509421
SBA;Temp;7;Spatially adjusted;0,757551020408163;0,388913736010778;0,383103075922211;0,370787509382392
SBA;Temp;7;Spatially adjusted;0,777755102040816;0,399457876903558;0,39625696180136;0,384172405611476
SBA;Temp;7;Spatially adjusted;0,797959183673469;0,408602712468493;0,408027802087194;0,396082477166996
SBA;Temp;7;Spatially adjusted;0,818163265306122;0,416475452280835;0,418541328197286;0,406651799019276
SBA;Temp;7;Spatially adjusted;0,838367346938776;0,423203305915848;0,427923271549222;0,416014446138639
SBA;Temp;7;Spatially adjusted;0,858571428571429;0,428913482948794;0,436299363560565;0,424304493495413
SBA;Temp;7;Spatially adjusted;0,878775510204082;0,433733192954925;0,443795335648897;0,431656016059918
SBA;Temp;7;Spatially adjusted;0,898979591836735;0,437789645509504;0,450536919231784;0,438203088802478
SBA;Temp;7;Spatially adjusted;0,919183673469388;0,441210050187788;0,456649845726801;0,444079786693415
SBA;Temp;7;Spatially adjusted;0,939387755102041;0,444121616565035;0,462259846551529;0,449420184703058
SBA;Temp;7;Spatially adjusted;0,959591836734694;0,446651554216505;0,467492653123532;0,454358357801731
SBA;Temp;7;Spatially adjusted;0,979795918367347;0,44892707271746;0,472473996860387;0,459028380959751
SBA;Temp;7;Spatially adjusted;1;0,451075381643157;0,477329609179673;0,463564329147452
SBA;Temp;7;Current landscape;0,0275062322616577;-0,68065356041307;-0,7768805775335;-1,08333723820658
SBA;Temp;7;Current landscape;0,0750013887882233;-0,608699902761021;-0,694104820746791;-1,05238540860136
SBA;Temp;7;Current landscape;0,123373478651047;-0,561405761595879;-0,672071920687895;-1,04249514840624
SBA;Temp;7;Current landscape;0,176343128085136;-0,400147246911985;-0,525826154428046;-0,885724468087332
SBA;Temp;7;Current landscape;0,226048097014427;-0,259502607812365;-0,379494626841652;-0,849334471443157
SBA;Temp;7;Current landscape;0,278809428215027;-0,0967349559616224;-0,173777897719067;-0,620585841027058
SBA;Temp;7;Current landscape;0,325615674257278;-0,118628765344042;-0,328476267573286;-0,606625723589673
SBA;Temp;7;Current landscape;0,373431891202927;-0,130100621229371;-0,324637162520578;-0,585513606592542
SBA;Temp;7;Current landscape;0,427995532751083;-0,0989181246739221;-0,244961874582941;-0,618440477394653
SBA;Temp;7;Current landscape;0,476633340120316;-0,00938946786536121;-0,117214485878897;-0,243607716467853
SBA;Temp;7;Current landscape;0,524809956550598;0,0369897515784849;-0,117636805952742;-0,423983393710355
SBA;Temp;7;Current landscape;0,571331650018692;0,121572050205668;-0,182470140422076;-0,428722982731831
SBA;Temp;7;Current landscape;0,622524827718735;-0,00918201512638461;-0,00428883869497554;-0,23909036477199
SBA;Temp;7;Current landscape;0,678474724292755;0,0576428668190339;-0,237286194695596;-0,425789521389611
SBA;Temp;7;Current landscape;0,728193283081055;0,13904170960506;-0,197147501956856;-0,289696028664803
SBA;Temp;7;Current landscape;0,777133166790009;0,286254501440222;0,0621233236953493;-0,0426865071921334
SBA;Temp;7;Current landscape;0,822139382362366;0,103928801867824;0,0844172947516952;-0,170396753947148
SBA;Temp;7;Current landscape;0,877767205238343;0,0989245850459248;-0,00356371088235008;-0,362013036165287
SBA;Temp;7;Current landscape;0,925576627254486;-0,0497576236676061;0,116020835356562;0,0550831673317767
SBA;Temp;7;Current landscape;1;0,0176411466257029;-0,290377780731401;-0,425262290822811
SBA;Temp;8;Spatially adjusted;0,01;-0,661144691909698;-0,718721569457138;-0,802776693210351
SBA;Temp;8;Spatially adjusted;0,0302040816326531;-0,632266640609483;-0,691611917355548;-0,771735710871166
SBA;Temp;8;Spatially adjusted;0,0504081632653061;-0,603346817572685;-0,664433123753526;-0,740659927653866
SBA;Temp;8;Spatially adjusted;0,0706122448979592;-0,574343451062727;-0,637116047150638;-0,709514542680349
SBA;Temp;8;Spatially adjusted;0,0908163265306122;-0,545214769343019;-0,60959154604646;-0,678264755072501
SBA;Temp;8;Spatially adjusted;0,111020408163265;-0,515919000676981;-0,581790478940562;-0,64687576395221
SBA;Temp;8;Spatially adjusted;0,131224489795918;-0,486414373328039;-0,553643704332504;-0,615312768441363
SBA;Temp;8;Spatially adjusted;0,151428571428571;-0,456659115559596;-0,525082080721862;-0,58354096766185
SBA;Temp;8;Spatially adjusted;0,171632653061224;-0,426611455635079;-0,496036466608206;-0,55152556073557
SBA;Temp;8;Spatially adjusted;0,191836734693878;-0,396229621817906;-0,466437720491101;-0,519231746784399
SBA;Temp;8;Spatially adjusted;0,212040816326531;-0,365471842371495;-0,436216700870119;-0,486624724930234
SBA;Temp;8;Spatially adjusted;0,232244897959184;-0,33429634555926;-0,405304266244823;-0,453669694294963
SBA;Temp;8;Spatially adjusted;0,252448979591837;-0,30266135964462;-0,373631275114793;-0,420331854000477
SBA;Temp;8;Spatially adjusted;0,27265306122449;-0,270525112890997;-0,341128585979586;-0,386576403168661
SBA;Temp;8;Spatially adjusted;0,292857142857143;-0,237845833561803;-0,307727057338777;-0,352368540921407
SBA;Temp;8;Spatially adjusted;0,313061224489796;-0,204581749920457;-0,273357547691941;-0,317673466380604
SBA;Temp;8;Spatially adjusted;0,333265306122449;-0,170691090230385;-0,237950915538637;-0,28245637866814
SBA;Temp;8;Spatially adjusted;0,353469387755102;-0,136170167482501;-0,201487581392591;-0,246714844921446
SBA;Temp;8;Spatially adjusted;0,373673469387755;-0,101167633577802;-0,164146213824147;-0,210575904340104
SBA;Temp;8;Spatially adjusted;0,393877551020408;-0,0658702251447672;-0,126155043417782;-0,174198964139237
SBA;Temp;8;Spatially adjusted;0,414081632653061;-0,0304646788118887;-0,0877423007580021;-0,137743431533963
SBA;Temp;8;Spatially adjusted;0,434285714285714;0,00486226879234053;-0,0491362164292859;-0,101368713739408
SBA;Temp;8;Spatially adjusted;0,454489795918367;0,0399238810394209;-0,0105650210161379;-0,0652342179706977
SBA;Temp;8;Spatially adjusted;0,47469387755102;0,0745334213008739;0,0277430548969626;-0,0294993514429436
SBA;Temp;8;Spatially adjusted;0,494897959183674;0,108504152948196;0,0655597807255184;0,00567647862872533
SBA;Temp;8;Spatially adjusted;0,515102040816327;0,141649339352913;0,102656925885039;0,0401338650291869
SBA;Temp;8;Spatially adjusted;0,53530612244898;0,173782243886517;0,138806259791036;0,0737134005433227
SBA;Temp;8;Spatially adjusted;0,555510204081633;0,20471612992052;0,173779551859013;0,106255677956003
SBA;Temp;8;Spatially adjusted;0,575714285714286;0,234264260826436;0,207348571504483;0,137601290052118
SBA;Temp;8;Spatially adjusted;0,595918367346939;0,262239899975775;0,239285088142957;0,16759082961654
SBA;Temp;8;Spatially adjusted;0,616122448979592;0,288456310740028;0,269360871189932;0,19606488943414
SBA;Temp;8;Spatially adjusted;0,636326530612245;0,312726756490729;0,297347690060931;0,222864062289801
SBA;Temp;8;Spatially adjusted;0,656530612244898;0,33486450059937;0,323017314171459;0,247828940968407
SBA;Temp;8;Spatially adjusted;0,676734693877551;0,354682806437467;0,34614151293702;0,270800118254829
SBA;Temp;8;Spatially adjusted;0,696938775510204;0,37205216613647;0,366558986453136;0,291667183017793
SBA;Temp;8;Spatially adjusted;0,717142857142857;0,387071986867625;0,384376157535392;0,310515708461409
SBA;Temp;8;Spatially adjusted;0,73734693877551;0,399898904562125;0,399766379679374;0,327480263873632
SBA;Temp;8;Spatially adjusted;0,757551020408163;0,410689555151155;0,412903006380674;0,342695418542426
SBA;Temp;8;Spatially adjusted;0,777755102040816;0,419600574565909;0,423959391134879;0,356295741755741
SBA;Temp;8;Spatially adjusted;0,797959183673469;0,426788598737566;0,433108887437591;0,368415802801529
SBA;Temp;8;Spatially adjusted;0,818163265306122;0,432410263597333;0,440524848784385;0,379190170967757
SBA;Temp;8;Spatially adjusted;0,838367346938776;0,436622205076386;0,446380628670866;0,388753415542372
SBA;Temp;8;Spatially adjusted;0,858571428571429;0,439581059105922;0,450849580592617;0,397240105813339
SBA;Temp;8;Spatially adjusted;0,878775510204082;0,44144346161713;0,454105058045229;0,404784811068605
SBA;Temp;8;Spatially adjusted;0,898979591836735;0,442366048541196;0,456320414524296;0,411522100596137
SBA;Temp;8;Spatially adjusted;0,919183673469388;0,442505455809311;0,45766900352541;0,417586543683886
SBA;Temp;8;Spatially adjusted;0,939387755102041;0,44201831935267;0,458324178544164;0,423112709619808
SBA;Temp;8;Spatially adjusted;0,959591836734694;0,441061275102463;0,458459293076139;0,428235167691859
SBA;Temp;8;Spatially adjusted;0,979795918367347;0,439790958989871;0,458247700616933;0,433088487187998
SBA;Temp;8;Spatially adjusted;1;0,438364006946092;0,457862754662141;0,437807237396182
SBA;Temp;8;Current landscape;0,0295833460986614;-0,592477155642609;-0,756659337926553;-1,10846654790934
SBA;Temp;8;Current landscape;0,0760234668850899;-0,564071577193438;-0,75427155698635;-1,22185155708323
SBA;Temp;8;Current landscape;0,125308513641357;-0,4666450437695;-0,720894198408338;-1,05530614153625
SBA;Temp;8;Current landscape;0,175931833684444;-0,34163213065553;-0,53917629160161;-0,861998689104077
SBA;Temp;8;Current landscape;0,225957259535789;-0,397116179402058;-0,559962268400263;-0,878145515575085
SBA;Temp;8;Current landscape;0,277035176753998;-0,384794684301149;-0,552319376907473;-0,860234992620786
SBA;Temp;8;Current landscape;0,323045372962952;-0,240929115405599;-0,380265074988159;-0,712743119654011
SBA;Temp;8;Current landscape;0,373805314302444;-0,236577504018005;-0,321443759091785;-0,773813703059123
SBA;Temp;8;Current landscape;0,427032321691513;-0,11830263028547;-0,295427971112215;-0,576707249741855
SBA;Temp;8;Current landscape;0,477222591638565;-0,0289983382196333;-0,0521840021829227;-0,537609690655266
SBA;Temp;8;Current landscape;0,525626301765442;-0,0879716332122733;-0,246317110806338;-0,526600336585435
SBA;Temp;8;Current landscape;0,572396039962769;0,132369059458242;-0,0584913076151494;-0,322352911345188
SBA;Temp;8;Current landscape;0,623160481452942;0,0752965194560744;-0,0238811178175062;-0,400089729939275
SBA;Temp;8;Current landscape;0,673029035329819;0,14382600345488;0,0683831799382055;-0,268792087969672
SBA;Temp;8;Current landscape;0,724892944097519;0,156050606244655;0,0219830467670157;-0,239468835506941
SBA;Temp;8;Current landscape;0,777376532554626;0,140453512554412;-0,137674336080362;-0,458847697353509
SBA;Temp;8;Current landscape;0,823877483606339;-0,0436945014136221;0,00176538307369611;-0,322469587390135
SBA;Temp;8;Current landscape;0,874600231647491;0,0286132538355126;0,00507011976991834;-0,115199785904604
SBA;Temp;8;Current landscape;0,927071809768677;-0,0817371045440787;0,0120837415852542;-0,00548271798294664
SBA;Temp;8;Current landscape;1;0,0881445140134503;-0,196658864328501;-0,506180303711865
SBA;Temp;9;Spatially adjusted;0,01;-0,661206919823883;-0,672307503494437;-0,729223677828788
SBA;Temp;9;Spatially adjusted;0,0302040816326531;-0,630359463487931;-0,646568243430906;-0,700188546786016
SBA;Temp;9;Spatially adjusted;0,0504081632653061;-0,599491751266299;-0,620771028723389;-0,671114634817073
SBA;Temp;9;Spatially adjusted;0,0706122448979592;-0,568583527273319;-0,594857904727888;-0,641963160995779
SBA;Temp;9;Spatially adjusted;0,0908163265306122;-0,537614535623312;-0,568770916800428;-0,612695344395956
SBA;Temp;9;Spatially adjusted;0,111020408163265;-0,506564520430597;-0,54245211029701;-0,583272404091435
SBA;Temp;9;Spatially adjusted;0,131224489795918;-0,475413225809511;-0,515843530573644;-0,553655559156042
SBA;Temp;9;Spatially adjusted;0,151428571428571;-0,444140395874364;-0,488887222986353;-0,5238060286636
SBA;Temp;9;Spatially adjusted;0,171632653061224;-0,412725774739485;-0,461525232891137;-0,493685031687928
SBA;Temp;9;Spatially adjusted;0,191836734693878;-0,38114910651921;-0,433699605644012;-0,463253787302858
SBA;Temp;9;Spatially adjusted;0,212040816326531;-0,349390135327848;-0,405352386600988;-0,432473514582213
SBA;Temp;9;Spatially adjusted;0,232244897959184;-0,317428605279726;-0,376425621118077;-0,401305432599816
SBA;Temp;9;Spatially adjusted;0,252448979591837;-0,285244260489176;-0,346861354551294;-0,369710760429495
SBA;Temp;9;Spatially adjusted;0,27265306122449;-0,252816845070516;-0,316601632256642;-0,337650717145078
SBA;Temp;9;Spatially adjusted;0,292857142857143;-0,220126103138067;-0,285588499590137;-0,305086521820382
SBA;Temp;9;Spatially adjusted;0,313061224489796;-0,187151778806161;-0,25376400190779;-0,271979393529236
SBA;Temp;9;Spatially adjusted;0,333265306122449;-0,153873616189117;-0,221070184565615;-0,238290551345468
SBA;Temp;9;Spatially adjusted;0,353469387755102;-0,120298016008231;-0,187489016369842;-0,20401272341585
SBA;Temp;9;Spatially adjusted;0,373673469387755;-0,0865380054126739;-0,153162159927607;-0,169264674178994
SBA;Temp;9;Spatially adjusted;0,393877551020408;-0,0527332681585691;-0,11827120129626;-0,134196677146445
SBA;Temp;9;Spatially adjusted;0,414081632653061;-0,019023488002059;-0,0829977265331579;-0,0989590058297622
SBA;Temp;9;Spatially adjusted;0,434285714285714;0,014451651300714;-0,0475233216956603;-0,0637019337405107
SBA;Temp;9;Spatially adjusted;0,454489795918367;0,0475524659936255;-0,0120295728411115;-0,0285757343902304
SBA;Temp;9;Spatially adjusted;0,47469387755102;0,0801392723205296;0,0233019339731264;0,00626931870951353
SBA;Temp;9;Spatially adjusted;0,494897959183674;0,112072386525298;0,0582896126896948;0,0406829520471632
SBA;Temp;9;Spatially adjusted;0,515102040816327;0,143212124851793;0,0927518772512457;0,0745148921111714
SBA;Temp;9;Spatially adjusted;0,53530612244898;0,173418803543878;0,12650714160042;0,107614865389973
SBA;Temp;9;Spatially adjusted;0,555510204081633;0,202552738845423;0,159373819679871;0,139832598372017
SBA;Temp;9;Spatially adjusted;0,575714285714286;0,230474247000281;0,191170325432232;0,171017817545749
SBA;Temp;9;Spatially adjusted;0,595918367346939;0,257043644252324;0,221715072800155;0,201020249399605
SBA;Temp;9;Spatially adjusted;0,616122448979592;0,282121246845417;0,250826475726281;0,229689620422043
SBA;Temp;9;Spatially adjusted;0,636326530612245;0,305567371023422;0,27832294815326;0,256875657101496
SBA;Temp;9;Spatially adjusted;0,656530612244898;0,327242333030199;0,304022904023736;0,282428085926412
SBA;Temp;9;Spatially adjusted;0,676734693877551;0,347006449109621;0,32774475728035;0,306196633385234
SBA;Temp;9;Spatially adjusted;0,696938775510204;0,364764675815767;0,349359682965638;0,328076218998312
SBA;Temp;9;Spatially adjusted;0,717142857142857;0,380600530943646;0,368949900521663;0,34814253441359
SBA;Temp;9;Spatially adjusted;0,73734693877551;0,394642172598459;0,386650390490374;0,366516464310926
SBA;Temp;9;Spatially adjusted;0,757551020408163;0,407017758885438;0,402596133413727;0,38331889337017
SBA;Temp;9;Spatially adjusted;0,777755102040816;0,41785544790979;0,416922109833664;0,398670706271183
SBA;Temp;9;Spatially adjusted;0,797959183673469;0,427283397776744;0,429763300292144;0,412692787693814
SBA;Temp;9;Spatially adjusted;0,818163265306122;0,435429766591508;0,441254685331117;0,425506022317904
SBA;Temp;9;Spatially adjusted;0,838367346938776;0,442422712459315;0,451531245492529;0,43723129482332
SBA;Temp;9;Spatially adjusted;0,858571428571429;0,448390393485369;0,460727961318334;0,447989489889917
SBA;Temp;9;Spatially adjusted;0,878775510204082;0,453460967774891;0,468979813350487;0,457901492197536
SBA;Temp;9;Spatially adjusted;0,898979591836735;0,457762593433106;0,476421782130931;0,467088186426039
SBA;Temp;9;Spatially adjusted;0,919183673469388;0,461423428565233;0,483188848201621;0,475670457255276
SBA;Temp;9;Spatially adjusted;0,939387755102041;0,464571631276478;0,489415992104512;0,483769189365106
SBA;Temp;9;Spatially adjusted;0,959591836734694;0,46733535967207;0,495238194381546;0,491505267435372
SBA;Temp;9;Spatially adjusted;0,979795918367347;0,46984277185723;0,500790435574679;0,498999576145931
SBA;Temp;9;Spatially adjusted;1;0,472222025937164;0,506207696225861;0,506373000176641
SBA;Temp;9;Current landscape;0,0274891946464777;-0,629631496069571;-0,712516660677597;-0,998414638296545
SBA;Temp;9;Current landscape;0,0761620625853539;-0,605201762843798;-0,734205984480099;-1,1413860784132
SBA;Temp;9;Current landscape;0,122602071613073;-0,422124125182375;-0,571758219619241;-0,93493534643666
SBA;Temp;9;Current landscape;0,174958482384682;-0,226191187273948;-0,496430880842151;-0,832361859141429
SBA;Temp;9;Current landscape;0,224153608083725;-0,321408533695397;-0,541283956165689;-0,872908354415191
SBA;Temp;9;Current landscape;0,275360494852066;-0,237370871801407;-0,451049115832593;-0,758984236259693
SBA;Temp;9;Current landscape;0,325054407119751;-0,077255708937475;-0,400117902215893;-0,754763998740362
SBA;Temp;9;Current landscape;0,377867639064789;-0,113516346160928;-0,278247607653167;-0,78990115853815
SBA;Temp;9;Current landscape;0,425105720758438;0,100136293675494;-0,141801722435364;-0,500864327735854
SBA;Temp;9;Current landscape;0,479300886392593;-0,0469968584677396;-0,215343757818083;-0,556360035420834
SBA;Temp;9;Current landscape;0,524416446685791;0,157980360718678;0,0214569116617511;-0,221852567490043
SBA;Temp;9;Current landscape;0,573037326335907;0,345060357806986;0,119249820269516;-0,294850544747938
SBA;Temp;9;Current landscape;0,627858579158783;0,0104775901231946;-0,0851653429836397;-0,435889413796541
SBA;Temp;9;Current landscape;0,672971487045288;0,225092839710957;0,0345405649433488;-0,189061931357823
SBA;Temp;9;Current landscape;0,726327896118164;0,0554678665706234;-0,0532040190724317;-0,421405952609526
SBA;Temp;9;Current landscape;0,777020692825317;0,104167095399355;0,0661910432636823;-0,115800598972267
SBA;Temp;9;Current landscape;0,825482040643692;-0,0602193664350708;0,0663076631763317;-0,28285015077342
SBA;Temp;9;Current landscape;0,874585807323456;0,128651843520721;0,00305114954429797;-0,0256587915524342
SBA;Temp;9;Current landscape;0,928242027759552;0,0174821566122958;-0,0655699175932583;0,0152219338092721
SBA;Temp;9;Current landscape;1;0,0275471904331219;-0,253736655127774;-0,459786796468745
SBA;Temp;10;Spatially adjusted;0,01;-0,650778506148161;-0,704521334810874;-0,739731479506439
SBA;Temp;10;Spatially adjusted;0,0302040816326531;-0,62024768458296;-0,675371529316493;-0,712192998244845
SBA;Temp;10;Spatially adjusted;0,0504081632653061;-0,58971052270617;-0,64619407599611;-0,684596196762954
SBA;Temp;10;Spatially adjusted;0,0706122448979592;-0,559160680206194;-0,616961327023741;-0,656882754840471
SBA;Temp;10;Spatially adjusted;0,0908163265306122;-0,528591816771442;-0,587645634573388;-0,628994352257099
SBA;Temp;10;Spatially adjusted;0,111020408163265;-0,497997592090325;-0,558219350819048;-0,600872668792544
SBA;Temp;10;Spatially adjusted;0,131224489795918;-0,467371665851253;-0,52865482793473;-0,572459384226502
SBA;Temp;10;Spatially adjusted;0,151428571428571;-0,436707697742637;-0,498924418094436;-0,543696178338685
SBA;Temp;10;Spatially adjusted;0,171632653061224;-0,405999347452877;-0,469000473472171;-0,514524730908796
SBA;Temp;10;Spatially adjusted;0,191836734693878;-0,375240274670382;-0,438855346241944;-0,484886721716535
SBA;Temp;10;Spatially adjusted;0,212040816326531;-0,344424139083564;-0,408461388577756;-0,45472383054161
SBA;Temp;10;Spatially adjusted;0,232244897959184;-0,31354460038084;-0,377790952653609;-0,423977737163717
SBA;Temp;10;Spatially adjusted;0,252448979591837;-0,282595318250603;-0,346816390643507;-0,392590121362566
SBA;Temp;10;Spatially adjusted;0,27265306122449;-0,251569952381274;-0,315510054721457;-0,360502662917863
SBA;Temp;10;Spatially adjusted;0,292857142857143;-0,220462162461253;-0,28384429706146;-0,327657041609307
SBA;Temp;10;Spatially adjusted;0,313061224489796;-0,189265608178953;-0,251791469837528;-0,293994937216603
SBA;Temp;10;Spatially adjusted;0,333265306122449;-0,157973949222779;-0,219323925223662;-0,25945802951945
SBA;Temp;10;Spatially adjusted;0,353469387755102;-0,126598948923085;-0,186440185066829;-0,224031694612968
SBA;Temp;10;Spatially adjusted;0,373673469387755;-0,0952247851779511;-0,153243449905872;-0,187876093853866
SBA;Temp;10;Spatially adjusted;0,393877551020408;-0,0639537395274168;-0,11986308995262;-0,151195084914274
SBA;Temp;10;Spatially adjusted;0,414081632653061;-0,0328880935115024;-0,0864284754188738;-0,114192525466319
SBA;Temp;10;Spatially adjusted;0,434285714285714;-0,00213012867024176;-0,0530689765164567;-0,0770722731821287
SBA;Temp;10;Spatially adjusted;0,454489795918367;0,0282178734563381;-0,0199139634571814;-0,0400381857338239
SBA;Temp;10;Spatially adjusted;0,47469387755102;0,0580536313282138;0,012907193547143;-0,00329412079353375
SBA;Temp;10;Spatially adjusted;0,494897959183674;0,0872748634053444;0,045265124284704;0,0329560639666191
SBA;Temp;10;Spatially adjusted;0,515102040816327;0,115779288147706;0,0770304585436819;0,0685085108745049
SBA;Temp;10;Spatially adjusted;0,53530612244898;0,143464624015277;0,10807382611226;0,103159362258001
SBA;Temp;10;Spatially adjusted;0,555510204081633;0,170228589468021;0,138265856778631;0,136704760444982
SBA;Temp;10;Spatially adjusted;0,575714285714286;0,195968902965912;0,167477180330973;0,168940847763317
SBA;Temp;10;Spatially adjusted;0,595918367346939;0,220583282968921;0,195578426557482;0,19966376654089
SBA;Temp;10;Spatially adjusted;0,616122448979592;0,243969447937015;0,222440225246338;0,228669659105563
SBA;Temp;10;Spatially adjusted;0,636326530612245;0,266025116330177;0,247933206185724;0,255754667785222
SBA;Temp;10;Spatially adjusted;0,656530612244898;0,286648006608367;0,271927999163832;0,280714934907735
SBA;Temp;10;Spatially adjusted;0,676734693877551;0,305735837231552;0,294295233968843;0,303346602800978
SBA;Temp;10;Spatially adjusted;0,696938775510204;0,323220429220509;0,314945403428254;0,3235061698309
SBA;Temp;10;Spatially adjusted;0,717142857142857;0,339170013839123;0,333948452526816;0,341291558515767
SBA;Temp;10;Spatially adjusted;0,73734693877551;0,35368692491209;0,35141418928858;0,356861047411911
SBA;Temp;10;Spatially adjusted;0,757551020408163;0,366873496264098;0,367452421737607;0,37037291507567
SBA;Temp;10;Spatially adjusted;0,777755102040816;0,378832061719841;0,382172957897946;0,381985440063378
SBA;Temp;10;Spatially adjusted;0,797959183673469;0,389664955103996;0,39568560579367;0,391856900931384
SBA;Temp;10;Spatially adjusted;0,818163265306122;0,399474510241266;0,408100173448815;0,40014557623601
SBA;Temp;10;Spatially adjusted;0,838367346938776;0,408363060956329;0,419526468887455;0,407009744533607
SBA;Temp;10;Spatially adjusted;0,858571428571429;0,416432941073879;0,430074300133636;0,4126076843805
SBA;Temp;10;Spatially adjusted;0,878775510204082;0,423786484418603;0,439853475211422;0,417097674333036
SBA;Temp;10;Spatially adjusted;0,898979591836735;0,430526024815201;0,448973802144867;0,420637992947547
SBA;Temp;10;Spatially adjusted;0,919183673469388;0,436753896088351;0,457545088958032;0,423386918780373
SBA;Temp;10;Spatially adjusted;0,939387755102041;0,44257243206274;0,465677143674963;0,425502730387848
SBA;Temp;10;Spatially adjusted;0,959591836734694;0,448083966563065;0,473479774319728;0,427143706326312
SBA;Temp;10;Spatially adjusted;0,979795918367347;0,453390833414012;0,481062788916372;0,428468125152104
SBA;Temp;10;Spatially adjusted;1;0,458595366440264;0,488535995488963;0,429634265421552
SBA;Temp;10;Current landscape;0,0283943358808756;-0,735154905441814;-0,846306431209197;-1,09642044484798
SBA;Temp;10;Current landscape;0,0720452219247818;-0,565789766922347;-0,764420687917067;-1,12642070113512
SBA;Temp;10;Current landscape;0,125485554337502;-0,579534065608918;-0,75195709450464;-1,15847915783064
SBA;Temp;10;Current landscape;0,176395878195763;-0,539848921531497;-0,657893425767753;-1,20169562536421
SBA;Temp;10;Current landscape;0,227226227521896;-0,393558807687636;-0,58096759810655;-0,87547676757637
SBA;Temp;10;Current landscape;0,276193916797638;-0,119742004596169;-0,435613693859299;-0,675450064191658
SBA;Temp;10;Current landscape;0,327363193035126;-0,167360007826908;-0,326492195623217;-0,682512055472703
SBA;Temp;10;Current landscape;0,374656111001968;-0,265845991304445;-0,343381054953362;-0,665451088212361
SBA;Temp;10;Current landscape;0,428776979446411;0,137938794987853;-0,123036102021015;-0,327729406896957
SBA;Temp;10;Current landscape;0,478684067726135;0,167136178453362;0,0806989070652939;-0,300784952903946
SBA;Temp;10;Current landscape;0,524554193019867;0,0714607010409267;-0,0573258421239906;-0,253326581057237
SBA;Temp;10;Current landscape;0,5722975730896;-0,044275741521826;0,010790842396883;-0,101963988423311
SBA;Temp;10;Current landscape;0,621869325637817;0,0252180479901121;-0,118009020988456;-0,25691453552729
SBA;Temp;10;Current landscape;0,673648715019226;0,106221111327816;-0,0556439411614029;-0,345771729586303
SBA;Temp;10;Current landscape;0,730213314294815;0,0455736344931417;0,0159208488183822;-0,193897191379772
SBA;Temp;10;Current landscape;0,773028761148453;0,111118699307394;0,0580159868733645;-0,136863987170624
SBA;Temp;10;Current landscape;0,825000524520874;0,0922801533716004;0,181861377937572;-0,131535387669292
SBA;Temp;10;Current landscape;0,879071295261383;0,0235601316057661;-0,0565942958072085;-0,16798180778579
SBA;Temp;10;Current landscape;0,928650319576263;-0,00198744938863271;-0,0183354689323636;-0,0322451196526039
SBA;Temp;10;Current landscape;1;0,116259012042324;-0,215456802363047;-0,699832873068864
SBA;Temp;11;Spatially adjusted;0,01;-0,698806776230143;-0,737613149458099;-0,785686683753191
SBA;Temp;11;Spatially adjusted;0,0302040816326531;-0,66758397165998;-0,706693350377982;-0,75558456781528
SBA;Temp;11;Spatially adjusted;0,0504081632653061;-0,636336317932955;-0,675747240177511;-0,725436348393405
SBA;Temp;11;Spatially adjusted;0,0706122448979592;-0,605038965892192;-0,644748507736328;-0,695195922003581
SBA;Temp;11;Spatially adjusted;0,0908163265306122;-0,573667066380839;-0,613670841934077;-0,664817185161837
SBA;Temp;11;Spatially adjusted;0,111020408163265;-0,542195770242024;-0,582487931650405;-0,634254034384213
SBA;Temp;11;Spatially adjusted;0,131224489795918;-0,510600228318886;-0,551173465764954;-0,603460366186724
SBA;Temp;11;Spatially adjusted;0,151428571428571;-0,478855591454554;-0,519701133157369;-0,572390077085409
SBA;Temp;11;Spatially adjusted;0,171632653061224;-0,44693701049216;-0,488044622707296;-0,540997063596286
SBA;Temp;11;Spatially adjusted;0,191836734693878;-0,414819636274853;-0,45617762329438;-0,50923522223539
SBA;Temp;11;Spatially adjusted;0,212040816326531;-0,382478619645756;-0,42407382379826;-0,47705844951874
SBA;Temp;11;Spatially adjusted;0,232244897959184;-0,349889111448011;-0,391706913098588;-0,444420641962378
SBA;Temp;11;Spatially adjusted;0,252448979591837;-0,317026262524745;-0,359050580075003;-0,411275696082321
SBA;Temp;11;Spatially adjusted;0,27265306122449;-0,283865223719097;-0,32607851360715;-0,377577508394602
SBA;Temp;11;Spatially adjusted;0,292857142857143;-0,250381145874204;-0,292764402574672;-0,343279975415246
SBA;Temp;11;Spatially adjusted;0,313061224489796;-0,216549179833201;-0,259081935857218;-0,308336993660284
SBA;Temp;11;Spatially adjusted;0,333265306122449;-0,182344476439212;-0,225004802334428;-0,272702459645743
SBA;Temp;11;Spatially adjusted;0,353469387755102;-0,147769953790498;-0,190532703699226;-0,236366877095367
SBA;Temp;11;Spatially adjusted;0,373673469387755;-0,112939599005752;-0,155769392897621;-0,199467178563758
SBA;Temp;11;Spatially adjusted;0,393877551020408;-0,0779951664587841;-0,120844635688901;-0,162176903813236
SBA;Temp;11;Spatially adjusted;0,414081632653061;-0,0430784105234032;-0,0858881978323467;-0,124669592606125
SBA;Temp;11;Spatially adjusted;0,434285714285714;-0,00833108557341689;-0,0510298450872604;-0,0871187847047388
SBA;Temp;11;Spatially adjusted;0,454489795918367;0,0261050540173571;-0,0163993432129175;-0,0496980198713999
SBA;Temp;11;Spatially adjusted;0,47469387755102;0,0600882538751151;0,017873542031392;-0,0125808378684269
SBA;Temp;11;Spatially adjusted;0,494897959183674;0,09347675962605;0,0516590448863781;0,024059221541858
SBA;Temp;11;Spatially adjusted;0,515102040816327;0,12612881689634;0,0848273995927542;0,0600486185971363
SBA;Temp;11;Spatially adjusted;0,53530612244898;0,15790267131219;0,117248840391238;0,0952138135350893
SBA;Temp;11;Spatially adjusted;0,555510204081633;0,188656568499773;0,148793601522534;0,129381266593398
SBA;Temp;11;Spatially adjusted;0,575714285714286;0,218248754085295;0,179331917227366;0,162377438009742
SBA;Temp;11;Spatially adjusted;0,595918367346939;0,246537473694936;0,208734021746434;0,194028788021804
SBA;Temp;11;Spatially adjusted;0,616122448979592;0,273380972954886;0,23687014932046;0,224161776867255
SBA;Temp;11;Spatially adjusted;0,636326530612245;0,298637497491338;0,263610534190153;0,252602864783785
SBA;Temp;11;Spatially adjusted;0,656530612244898;0,322165292930489;0,288825410596225;0,279178512009075
SBA;Temp;11;Spatially adjusted;0,676734693877551;0,343822604898513;0,312385012779387;0,303715178780802
SBA;Temp;11;Spatially adjusted;0,696938775510204;0,363512265561468;0,33419979677339;0,326091295715944
SBA;Temp;11;Spatially adjusted;0,717142857142857;0,381315453244792;0,35434110578408;0,346393174948702
SBA;Temp;11;Spatially adjusted;0,73734693877551;0,397357932813815;0,372920504810356;0,364759098992558
SBA;Temp;11;Spatially adjusted;0,757551020408163;0,41176546913383;0,390049558851096;0,381327350361012
SBA;Temp;11;Spatially adjusted;0,777755102040816;0,424663827070145;0,405839832905187;0,396236211567551
SBA;Temp;11;Spatially adjusted;0,797959183673469;0,436178771488077;0,420402891971523;0,409623965125672
SBA;Temp;11;Spatially adjusted;0,818163265306122;0,446436067252922;0,433850301048985;0,421628893548867
SBA;Temp;11;Spatially adjusted;0,838367346938776;0,455561479229996;0,446293625136466;0,43238927935063
SBA;Temp;11;Spatially adjusted;0,858571428571429;0,463680772284612;0,457844429232846;0,442043405044448
SBA;Temp;11;Spatially adjusted;0,878775510204082;0,470919711282068;0,468614278337018;0,45072955314382
SBA;Temp;11;Spatially adjusted;0,898979591836735;0,477404061087668;0,47871473744787;0,458586006162236
SBA;Temp;11;Spatially adjusted;0,919183673469388;0,483259586566739;0,488257371564281;0,465751046613185
SBA;Temp;11;Spatially adjusted;0,939387755102041;0,488612052584575;0,497353745685146;0,472362957010169
SBA;Temp;11;Spatially adjusted;0,959591836734694;0,493587224006486;0,506115424809348;0,47856001986667
SBA;Temp;11;Spatially adjusted;0,979795918367347;0,498310865697778;0,514653973935776;0,484480517696188
SBA;Temp;11;Spatially adjusted;1;0,502908742523768;0,523080958063318;0,490262733012212
SBA;Temp;11;Current landscape;0,0243923664093018;-0,445283368718059;-0,485459501615551;-0,845169589343971
SBA;Temp;11;Current landscape;0,0766222923994064;-0,740310555826923;-0,956488742503392;-1,37055172162795
SBA;Temp;11;Current landscape;0,121489889919758;-0,501887352932581;-0,727120703168183;-1,06658878087354
SBA;Temp;11;Current landscape;0,17929020524025;-0,468495018856356;-0,640967998678011;-0,965874156475582
SBA;Temp;11;Current landscape;0,227104842662811;-0,24914972683813;-0,487331886337135;-0,727281374964232
SBA;Temp;11;Current landscape;0,276970416307449;-0,0846182475003374;-0,430602082504546;-0,598983311871937
SBA;Temp;11;Current landscape;0,3239526450634;-0,117029518713245;-0,282947828964765;-0,75647017728701
SBA;Temp;11;Current landscape;0,371968001127243;-0,137548935491072;-0,250004630742733;-0,608795427212968
SBA;Temp;11;Current landscape;0,425494998693466;-0,0362364055205688;-0,233157338257772;-0,698203323385158
SBA;Temp;11;Current landscape;0,476237058639526;0,129433206474232;-0,0184617385105987;-0,333559789382043
SBA;Temp;11;Current landscape;0,52571976184845;0,15700843047475;-0,17191435379722;-0,397440518232607
SBA;Temp;11;Current landscape;0,573950469493866;0,154146902667435;-0,0973265478454159;-0,442846718692376
SBA;Temp;11;Current landscape;0,624981641769409;0,206483499231663;0,106262276643267;-0,323573885612664
SBA;Temp;11;Current landscape;0,676082074642181;0,189319488389657;0,0337467552286341;-0,251411061102878
SBA;Temp;11;Current landscape;0,724961936473846;-0,0182741232524073;0,0903070134444448;-0,196541211289578
SBA;Temp;11;Current landscape;0,776843130588532;0,115140073364259;-0,00108775944261552;-0,128812696153766
SBA;Temp;11;Current landscape;0,825570940971375;0,11734502371753;0,258217119631318;-0,0514696880700498
SBA;Temp;11;Current landscape;0,876295775175094;0,013997146787073;-0,0442481019991554;-0,255546532324097
SBA;Temp;11;Current landscape;0,931498765945435;-0,0561834081006651;-0,109632557122275;-0,0406948696506753
SBA;Temp;11;Current landscape;1;0,175683321122076;-0,28679214158133;-0,582924947441686
SBA;Temp;12;Spatially adjusted;0,01;-0,709851276711508;-0,783468146619498;-0,869415600261199
SBA;Temp;12;Spatially adjusted;0,0302040816326531;-0,679268783880804;-0,752517231239306;-0,835267351371311
SBA;Temp;12;Spatially adjusted;0,0504081632653061;-0,648636237137104;-0,721507872869942;-0,801074573355866
SBA;Temp;12;Spatially adjusted;0,0706122448979592;-0,617903582567408;-0,690381628522236;-0,7667927370893
SBA;Temp;12;Spatially adjusted;0,0908163265306122;-0,587020766258718;-0,659080055207021;-0,732377313446055
SBA;Temp;12;Spatially adjusted;0,111020408163265;-0,555937734298045;-0,627544709935123;-0,697783773300568
SBA;Temp;12;Spatially adjusted;0,131224489795918;-0,524604432772371;-0,595717149717373;-0,662967587527287
SBA;Temp;12;Spatially adjusted;0,151428571428571;-0,492970807768721;-0,563538931564604;-0,627884227000646
SBA;Temp;12;Spatially adjusted;0,171632653061224;-0,46098680537408;-0,530951612487641;-0,59248916259509
SBA;Temp;12;Spatially adjusted;0,191836734693878;-0,428602371675463;-0,497896749497315;-0,556737865185053
SBA;Temp;12;Spatially adjusted;0,212040816326531;-0,395767452759866;-0,464315899604454;-0,520585805644981
SBA;Temp;12;Spatially adjusted;0,232244897959184;-0,362431994714296;-0,430150619819894;-0,48398845484931
SBA;Temp;12;Spatially adjusted;0,252448979591837;-0,328545943625748;-0,395342467154457;-0,446901283672485
SBA;Temp;12;Spatially adjusted;0,27265306122449;-0,294059245581231;-0,359832998618973;-0,409279762988938
SBA;Temp;12;Spatially adjusted;0,292857142857143;-0,258921846667736;-0,323563771224279;-0,371079363673118
SBA;Temp;12;Spatially adjusted;0,313061224489796;-0,223083692972278;-0,286476341981199;-0,33225555659946
SBA;Temp;12;Spatially adjusted;0,333265306122449;-0,18649473058186;-0,248512267900566;-0,292763812642413
SBA;Temp;12;Spatially adjusted;0,353469387755102;-0,149149025506926;-0,209659419044353;-0,252599419475917
SBA;Temp;12;Spatially adjusted;0,373673469387755;-0,111217123451727;-0,170090917679158;-0,211916931971974
SBA;Temp;12;Spatially adjusted;0,393877551020408;-0,0729136900439613;-0,130026199122714;-0,170910721802102
SBA;Temp;12;Spatially adjusted;0,414081632653061;-0,0344533909113309;-0,0896846986927606;-0,129775160637802
SBA;Temp;12;Spatially adjusted;0,434285714285714;0,00394910831846929;-0,0492858517070403;-0,0887046201505868
SBA;Temp;12;Spatially adjusted;0,454489795918367;0,0420791420177409;-0,00904909348328431;-0,0478934720119675
SBA;Temp;12;Spatially adjusted;0,47469387755102;0,0797220445587854;0,0308061406607614;-0,0075360878934525
SBA;Temp;12;Spatially adjusted;0,494897959183674;0,116663150313897;0,0700604154073581;0,0321731605334463
SBA;Temp;12;Spatially adjusted;0,515102040816327;0,152687793655385;0,108494295438767;0,0710399015972243
SBA;Temp;12;Spatially adjusted;0,53530612244898;0,187581308955551;0,145888345437253;0,108869763626359
SBA;Temp;12;Spatially adjusted;0,555510204081633;0,221129030586695;0,182023130085078;0,145468374949353
SBA;Temp;12;Spatially adjusted;0,575714285714286;0,253116292921121;0,216679214064492;0,18064136389469
SBA;Temp;12;Spatially adjusted;0,595918367346939;0,283328430331125;0,249637162057766;0,214194358790863
SBA;Temp;12;Spatially adjusted;0,616122448979592;0,311550777189012;0,280677538747163;0,245932987966356
SBA;Temp;12;Spatially adjusted;0,636326530612245;0,337568667867078;0,309580908814937;0,275662879749664
SBA;Temp;12;Spatially adjusted;0,656530612244898;0,361167436737638;0,336127836943351;0,303189662469276
SBA;Temp;12;Spatially adjusted;0,676734693877551;0,382132418172983;0,360098887814669;0,328318964453683
SBA;Temp;12;Spatially adjusted;0,696938775510204;0,400314395536103;0,381340316503426;0,35091580777253
SBA;Temp;12;Spatially adjusted;0,717142857142857;0,415825948152744;0,399961139653271;0,371082789460075
SBA;Temp;12;Spatially adjusted;0,73734693877551;0,428845104339342;0,416136064300133;0,38898190029175
SBA;Temp;12;Spatially adjusted;0,757551020408163;0,439549892412316;0,430039797479942;0,404775131042967
SBA;Temp;12;Spatially adjusted;0,777755102040816;0,448118340688108;0,441847046228624;0,418624472489142
SBA;Temp;12;Spatially adjusted;0,797959183673469;0,454728477483155;0,451732517582105;0,430691915405703
SBA;Temp;12;Spatially adjusted;0,818163265306122;0,459558331113875;0,459870918576311;0,441139450568066
SBA;Temp;12;Spatially adjusted;0,838367346938776;0,462785929896715;0,466436956247172;0,45012906875165
SBA;Temp;12;Spatially adjusted;0,858571428571429;0,464589302148095;0,471605337630614;0,457822760731876
SBA;Temp;12;Spatially adjusted;0,878775510204082;0,465146476184454;0,475550769762563;0,464382517284165
SBA;Temp;12;Spatially adjusted;0,898979591836735;0,464635480322219;0,478447959678949;0,469970329183933
SBA;Temp;12;Spatially adjusted;0,919183673469388;0,463234342877826;0,480471614415702;0,474748187206604
SBA;Temp;12;Spatially adjusted;0,939387755102041;0,461121092167701;0,481796441008743;0,478878082127597
SBA;Temp;12;Spatially adjusted;0,959591836734694;0,45847375650828;0,482597146494001;0,48252200472233
SBA;Temp;12;Spatially adjusted;0,979795918367347;0,455470364216001;0,483048437907403;0,485841945766225
SBA;Temp;12;Spatially adjusted;1;0,452288943607286;0,48332502228488;0,488999896034695
SBA;Temp;12;Current landscape;0,0271472223103046;-0,64216837995934;-0,775604972427729;-1,25868754243717
SBA;Temp;12;Current landscape;0,0779002234339714;-0,785847594021504;-0,885533637956876;-1,25018794121568
SBA;Temp;12;Current landscape;0,123237997293472;-0,530886475373709;-0,739203503781813;-1,12206058976956
SBA;Temp;12;Current landscape;0,173714071512222;-0,41281949333921;-0,578797429419083;-0,931153531527691
SBA;Temp;12;Current landscape;0,223602712154388;-0,367544173775613;-0,452747141758618;-0,804139199121281
SBA;Temp;12;Current landscape;0,276970416307449;-0,251703166845459;-0,471511402399823;-0,675361239930972
SBA;Temp;12;Current landscape;0,324420392513275;-0,174768586136278;-0,468184848787175;-0,751157810129076
SBA;Temp;12;Current landscape;0,372185528278351;-0,192645458547144;-0,49026861267005;-0,905299414483544
SBA;Temp;12;Current landscape;0,428139746189117;0,00112761743112344;-0,178891106226054;-0,556623314848547
SBA;Temp;12;Current landscape;0,478235334157944;0,197989358135143;0,014063133536709;-0,173062752564036
SBA;Temp;12;Current landscape;0,525371849536896;0,157324459361853;-0,0679447950573184;-0,323051256123637
SBA;Temp;12;Current landscape;0,574081778526306;0,100697867175473;-0,201510639248855;-0,512929434730932
SBA;Temp;12;Current landscape;0,626653611660004;0,164404749946772;0,0715426465944233;-0,185694014325151
SBA;Temp;12;Current landscape;0,6755610704422;0,27331572924092;0,0511533293673914;-0,390009464949113
SBA;Temp;12;Current landscape;0,723397195339203;0,0512101109424599;0,0569163862150504;-0,116295381946177
SBA;Temp;12;Current landscape;0,776154935359955;0,0311412625396059;0,000813443402400083;-0,087091778650322
SBA;Temp;12;Current landscape;0,821769773960114;0,0993524410698896;0,16822937906603;-0,0989925857185057
SBA;Temp;12;Current landscape;0,870656788349152;0,220571120932533;0,0100336464086936;-0,256942914328661
SBA;Temp;12;Current landscape;0,92656397819519;0,102198005164428;0,0138487389771846;0,248639588786649
SBA;Temp;12;Current landscape;1;0,13046729121746;-0,121123188664555;-0,344900958417906
SBA;Temp;13;Spatially adjusted;0,01;-0,688456562095904;-0,72050536756106;-0,785639352386191
SBA;Temp;13;Spatially adjusted;0,0302040816326531;-0,654521121296391;-0,689271944083679;-0,753593903532114
SBA;Temp;13;Spatially adjusted;0,0504081632653061;-0,620591473128695;-0,658010469698208;-0,721521499738859
SBA;Temp;13;Spatially adjusted;0,0706122448979592;-0,58667341022462;-0,626692893496568;-0,689395186067259
SBA;Temp;13;Spatially adjusted;0,0908163265306122;-0,552772725215981;-0,595291164570668;-0,657188007578142
SBA;Temp;13;Spatially adjusted;0,111020408163265;-0,518895210734588;-0,563777232012424;-0,624873009332337
SBA;Temp;13;Spatially adjusted;0,131224489795918;-0,485046659412262;-0,53212304491375;-0,592423236390673
SBA;Temp;13;Spatially adjusted;0,151428571428571;-0,451232863880808;-0,500300552366557;-0,559811733813969
SBA;Temp;13;Spatially adjusted;0,171632653061224;-0,417459616772035;-0,468281703462765;-0,527011546663058
SBA;Temp;13;Spatially adjusted;0,191836734693878;-0,383732710717762;-0,43603844729428;-0,493995719998768
SBA;Temp;13;Spatially adjusted;0,212040816326531;-0,350057938349796;-0,403542732953021;-0,460737298881927
SBA;Temp;13;Spatially adjusted;0,232244897959184;-0,316441092299957;-0,370766509530903;-0,427209328373358
SBA;Temp;13;Spatially adjusted;0,252448979591837;-0,28288796520005;-0,337681726119833;-0,393384853533899
SBA;Temp;13;Spatially adjusted;0,27265306122449;-0,249404349681885;-0,304260331811729;-0,359236919424365
SBA;Temp;13;Spatially adjusted;0,292857142857143;-0,215996038377277;-0,270474275698508;-0,324738571105588
SBA;Temp;13;Spatially adjusted;0,313061224489796;-0,18266882391805;-0,236295506872082;-0,289862853638397
SBA;Temp;13;Spatially adjusted;0,333265306122449;-0,149428498936;-0,201695974424361;-0,254582812083619
SBA;Temp;13;Spatially adjusted;0,353469387755102;-0,116296984352626;-0,166678344739747;-0,218901254506527
SBA;Temp;13;Spatially adjusted;0,373673469387755;-0,083360714248176;-0,131368153372588;-0,18294004099015
SBA;Temp;13;Spatially adjusted;0,393877551020408;-0,0507222509925711;-0,0959216531697109;-0,146850794621983
SBA;Temp;13;Spatially adjusted;0,414081632653061;-0,0184841569557399;-0,0604950969779488;-0,110785138489497
SBA;Temp;13;Spatially adjusted;0,434285714285714;0,0132510054923927;-0,0252447376441332;-0,0748946956801788
SBA;Temp;13;Spatially adjusted;0,454489795918367;0,0443806739818911;0,00967317198490392;-0,0393310892815002
SBA;Temp;13;Spatially adjusted;0,47469387755102;0,0748022861428446;0,0441023790623412;-0,00424594238095466
SBA;Temp;13;Spatially adjusted;0,494897959183674;0,104413279605325;0,077886630741336;0,0302091219339857
SBA;Temp;13;Spatially adjusted;0,515102040816327;0,133111091999396;0,11086967417506;0,0638824805758347
SBA;Temp;13;Spatially adjusted;0,53530612244898;0,160793160955141;0,142895256516685;0,0966225104571095
SBA;Temp;13;Spatially adjusted;0,555510204081633;0,187356924102627;0,173807124919385;0,128277588490334
SBA;Temp;13;Spatially adjusted;0,575714285714286;0,212699819071929;0,203449026536319;0,158696091588023
SBA;Temp;13;Spatially adjusted;0,595918367346939;0,236719283493127;0,231664708520658;0,187726396662701
SBA;Temp;13;Spatially adjusted;0,616122448979592;0,259312754996287;0,258297918025573;0,215216880626887
SBA;Temp;13;Spatially adjusted;0,636326530612245;0,28037767121149;0,283192402204236;0,241015920393089
SBA;Temp;13;Spatially adjusted;0,656530612244898;0,299811469768805;0,306191908209811;0,264971892873835
SBA;Temp;13;Spatially adjusted;0,676734693877551;0,317511588298302;0,327140183195471;0,286933174981641
SBA;Temp;13;Spatially adjusted;0,696938775510204;0,333411685683362;0,345930011079137;0,306795771575487
SBA;Temp;13;Spatially adjusted;0,717142857142857;0,347590305820546;0,362650322837723;0,32464619930019
SBA;Temp;13;Spatially adjusted;0,73734693877551;0,360162213859706;0,37743908621291;0,340618602747021
SBA;Temp;13;Spatially adjusted;0,757551020408163;0,371242174950702;0,390434268946358;0,354847126507263
SBA;Temp;13;Spatially adjusted;0,777755102040816;0,38094495424339;0,40177383877975;0,36746591517219
SBA;Temp;13;Spatially adjusted;0,797959183673469;0,389385316887637;0,411595763454752;0,378609113333077
SBA;Temp;13;Spatially adjusted;0,818163265306122;0,3966780280333;0,420038010713036;0,3884108655812
SBA;Temp;13;Spatially adjusted;0,838367346938776;0,402937852830227;0,42723854829628;0,39700531650784
SBA;Temp;13;Spatially adjusted;0,858571428571429;0,408279556428287;0,433335343946144;0,404526610704266
SBA;Temp;13;Spatially adjusted;0,878775510204082;0,412817903977338;0,43846636540431;0,411108892761757
SBA;Temp;13;Spatially adjusted;0,898979591836735;0,416667660627237;0,442769580412442;0,416886307271597
SBA;Temp;13;Spatially adjusted;0,919183673469388;0,419943591527844;0,446382956712217;0,421992998825051
SBA;Temp;13;Spatially adjusted;0,939387755102041;0,422760461829011;0,449444462045307;0,426563112013397
SBA;Temp;13;Spatially adjusted;0,959591836734694;0,425233036680609;0,45209206415338;0,430730791427919
SBA;Temp;13;Spatially adjusted;0,979795918367347;0,427476081232484;0,454463730778109;0,434630181659887
SBA;Temp;13;Spatially adjusted;1;0,429604360634503;0,456697429661165;0,438395427300581
SBA;Temp;13;Current landscape;0,0275062322616577;-0,806808780840132;-0,92771795661313;-1,28841580196291
SBA;Temp;13;Current landscape;0,0734888911247253;-0,471032589409745;-0,560331608676986;-0,995898315145695
SBA;Temp;13;Current landscape;0,125305317342282;-0,647261926448568;-0,645785901432802;-1,09217985382921
SBA;Temp;13;Current landscape;0,177992090582848;-0,634715052638157;-0,75577707862827;-1,07912262712581
SBA;Temp;13;Current landscape;0,224577941000462;-0,222177343194453;-0,437126327351049;-0,711691362468542
SBA;Temp;13;Current landscape;0,276042193174362;-0,178252849457405;-0,401541202706934;-0,718338560652335
SBA;Temp;13;Current landscape;0,32633039355278;-0,185438314475014;-0,410099355869669;-0,835687155194709
SBA;Temp;13;Current landscape;0,377035290002823;-0,0617358413391997;-0,0826861881128522;-0,555884907593175
SBA;Temp;13;Current landscape;0,426134794950485;0,184048378044174;0,0418717417932086;-0,313467859204682
SBA;Temp;13;Current landscape;0,475447207689286;-0,0186743765732942;-0,108912999686051;-0,497600172727509
SBA;Temp;13;Current landscape;0,52680915594101;0,141220333287578;-0,0632945005983423;-0,33358134921858
SBA;Temp;13;Current landscape;0,573920071125031;0,100213437001589;-0,195090226576351;-0,436165913836309
SBA;Temp;13;Current landscape;0,625096440315247;0,0706209976470404;-0,0483815607991573;-0,388504402115522
SBA;Temp;13;Current landscape;0,67259556055069;0,00760929085185325;0,103270680398964;-0,140052023841456
SBA;Temp;13;Current landscape;0,723604917526245;0,0520131184886736;0,000333878169879398;-0,314074842300425
SBA;Temp;13;Current landscape;0,778896033763885;-0,0519847543783669;-0,200758983089347;-0,337245564438994
SBA;Temp;13;Current landscape;0,823625206947327;0,147128321278789;0,241407654140033;-0,0235897831338789
SBA;Temp;13;Current landscape;0,874033153057098;0,00166553050654983;-0,0590787876666781;-0,223335047137763
SBA;Temp;13;Current landscape;0,930329561233521;-0,00238791004503725;0,0380372550438786;0,0277548711717301
SBA;Temp;13;Current landscape;1;-0,00103355824588292;-0,0815149996578022;-0,281133548118401
SBA;Temp;14;Spatially adjusted;0,01;-0,700531844807543;-0,734482250749174;-0,792374934094053
SBA;Temp;14;Spatially adjusted;0,0302040816326531;-0,671499339250421;-0,706504343923101;-0,7642537869033
SBA;Temp;14;Spatially adjusted;0,0504081632653061;-0,642424066420642;-0,678464292146444;-0,736066682878555
SBA;Temp;14;Spatially adjusted;0,0706122448979592;-0,613263259045557;-0,650299950468625;-0,707747665185821
SBA;Temp;14;Spatially adjusted;0,0908163265306122;-0,583974149852502;-0,621949173939068;-0,679230776991105
SBA;Temp;14;Spatially adjusted;0,111020408163265;-0,554513971568831;-0,593349817607194;-0,650450061460408
SBA;Temp;14;Spatially adjusted;0,131224489795918;-0,524839956921888;-0,56443973652242;-0,62133956175974
SBA;Temp;14;Spatially adjusted;0,151428571428571;-0,494909338639019;-0,535156785734159;-0,591833321055109
SBA;Temp;14;Spatially adjusted;0,171632653061224;-0,464679349447557;-0,505438820291847;-0,561865382512512
SBA;Temp;14;Spatially adjusted;0,191836734693878;-0,434107222074861;-0,475223695244889;-0,531369789297969
SBA;Temp;14;Spatially adjusted;0,212040816326531;-0,403150189248269;-0,44444926564271;-0,500280584577464
SBA;Temp;14;Spatially adjusted;0,232244897959184;-0,371765483695128;-0,413053386534731;-0,468531811517021
SBA;Temp;14;Spatially adjusted;0,252448979591837;-0,33991033814279;-0,380973912970372;-0,436057513282638
SBA;Temp;14;Spatially adjusted;0,27265306122449;-0,307541985318593;-0,348148699999054;-0,402791733040324
SBA;Temp;14;Spatially adjusted;0,292857142857143;-0,274617657949882;-0,314515602670191;-0,368668513956084
SBA;Temp;14;Spatially adjusted;0,313061224489796;-0,241094588764007;-0,280012476033214;-0,333621899195922
SBA;Temp;14;Spatially adjusted;0,333265306122449;-0,2069300104883;-0,244577175137533;-0,297585931925845
SBA;Temp;14;Spatially adjusted;0,353469387755102;-0,172115807810183;-0,208190293183048;-0,260538762477268
SBA;Temp;14;Spatially adjusted;0,373673469387755;-0,136782473257295;-0,171003375971555;-0,222634969843284
SBA;Temp;14;Spatially adjusted;0,393877551020408;-0,101095151317356;-0,133210707455341;-0,184073240182386
SBA;Temp;14;Spatially adjusted;0,414081632653061;-0,0652189864780617;-0,0950065715866657;-0,14505225965307
SBA;Temp;14;Spatially adjusted;0,434285714285714;-0,0293191232271361;-0,0565852523178272;-0,10577071441384
SBA;Temp;14;Spatially adjusted;0,454489795918367;0,00643929394772158;-0,0181410336010863;-0,0664272906231851
SBA;Temp;14;Spatially adjusted;0,47469387755102;0,0418911205587946;0,0201318006112743;-0,0272206744396115
SBA;Temp;14;Spatially adjusted;0,494897959183674;0,0768712121183839;0,0580389663669827;0,0116504479783863
SBA;Temp;14;Spatially adjusted;0,515102040816327;0,111214424138762;0,0953861797137527;0,0499873904723032
SBA;Temp;14;Spatially adjusted;0,53530612244898;0,144755612132236;0,131979156699316;0,0875914668836515
SBA;Temp;14;Spatially adjusted;0,555510204081633;0,177329631611091;0,167623613371397;0,124263991053926
SBA;Temp;14;Spatially adjusted;0,575714285714286;0,208771338087615;0,20212526577771;0,159806276824632
SBA;Temp;14;Spatially adjusted;0,595918367346939;0,238915587074093;0,235289829965986;0,194019638037268
SBA;Temp;14;Spatially adjusted;0,616122448979592;0,267597234082825;0,266923021983946;0,22670538853334
SBA;Temp;14;Spatially adjusted;0,636326530612245;0,294651134626101;0,296830557879314;0,257664842154348
SBA;Temp;14;Spatially adjusted;0,656530612244898;0,319912144216207;0,324818153699813;0,286699312741789
SBA;Temp;14;Spatially adjusted;0,676734693877551;0,343215118365432;0,350691525493165;0,31361011413717
SBA;Temp;14;Spatially adjusted;0,696938775510204;0,36444455312494;0,374312816923929;0,33825586574331
SBA;Temp;14;Spatially adjusted;0,717142857142857;0,383683506701402;0,395769882123982;0,360724409208306
SBA;Temp;14;Spatially adjusted;0,73734693877551;0,401064677840346;0,415207002842038;0,381160891741558
SBA;Temp;14;Spatially adjusted;0,757551020408163;0,416720765287309;0,432768460826821;0,39971046055248
SBA;Temp;14;Spatially adjusted;0,777755102040816;0,430784467787838;0,448598537827031;0,416518262850484
SBA;Temp;14;Spatially adjusted;0,797959183673469;0,443388484087457;0,462841515591389;0,431729445844976
SBA;Temp;14;Spatially adjusted;0,818163265306122;0,454665512931708;0,475641675868612;0,445489156745371
SBA;Temp;14;Spatially adjusted;0,838367346938776;0,46474825306613;0,487143300407404;0,457942542761078
SBA;Temp;14;Spatially adjusted;0,858571428571429;0,473769403236258;0,497490670956488;0,469234751101503
SBA;Temp;14;Spatially adjusted;0,878775510204082;0,481861662187622;0,506828069264575;0,479510928976062
SBA;Temp;14;Spatially adjusted;0,898979591836735;0,489157728665774;0,515299777080376;0,488916223594156
SBA;Temp;14;Spatially adjusted;0,919183673469388;0,495790301416232;0,523050076152611;0,497595782165202
SBA;Temp;14;Spatially adjusted;0,939387755102041;0,501892079184554;0,530223248229987;0,505694751898609
SBA;Temp;14;Spatially adjusted;0,959591836734694;0,50759576071626;0,536963575061222;0,513358280003786
SBA;Temp;14;Spatially adjusted;0,979795918367347;0,513034044756893;0,543415338395032;0,520731513690144
SBA;Temp;14;Spatially adjusted;1;0,518339630051987;0,549722819980126;0,52795960016709
SBA;Temp;14;Current landscape;0,0261460486799479;-0,8148444204123;-0,900390780385148;-1,27883972012539
SBA;Temp;14;Current landscape;0,0738266333937645;-0,580905469486197;-0,796501486655195;-1,17584609104286
SBA;Temp;14;Current landscape;0,123373478651047;-0,611733388117305;-0,783167784003567;-1,20492822031579
SBA;Temp;14;Current landscape;0,180208176374435;-0,377374305996295;-0,40117515727998;-0,860490211849669
SBA;Temp;14;Current landscape;0,224340543150902;-0,27405922120246;-0,551570929701093;-0,80224674785061
SBA;Temp;14;Current landscape;0,276970416307449;-0,200903180714018;-0,362596626945692;-0,689632895537955
SBA;Temp;14;Current landscape;0,325173020362854;-0,175600811895354;-0,357411866642771;-0,619275252743364
SBA;Temp;14;Current landscape;0,376997500658036;-0,081143075265107;-0,239171460254493;-0,535184293262297
SBA;Temp;14;Current landscape;0,425177574157715;-0,124610095830608;-0,299652299755333;-0,684413483312262
SBA;Temp;14;Current landscape;0,476062476634979;-0,0502552050930305;-0,0949118046015762;-0,394885330363554
SBA;Temp;14;Current landscape;0,524690210819244;0,0322657051341828;-0,138691369077971;-0,412337317591629
SBA;Temp;14;Current landscape;0,574686229228973;0,130631052593259;0,0164281462395621;-0,43954692614712
SBA;Temp;14;Current landscape;0,624695003032684;0,0856887073036319;-0,0262773670468945;-0,449435066752677
SBA;Temp;14;Current landscape;0,676211476325989;0,079915712052351;-0,0865950102887467;-0,442486564703707
SBA;Temp;14;Current landscape;0,726583361625671;0,0767328403813572;0,0105174901340845;-0,133910716516745
SBA;Temp;14;Current landscape;0,776794195175171;0,109785732945916;-0,040813893318731;-0,269531233965388
SBA;Temp;14;Current landscape;0,822682738304138;0,0289059364975337;0,0184077650798571;-0,25797398914581
SBA;Temp;14;Current landscape;0,876093149185181;0,173097543568421;-0,0997769186335908;-0,208480359445478
SBA;Temp;14;Current landscape;0,92655000090599;0,0253811608389256;-0,0714811477126602;-0,137520272009866
SBA;Temp;14;Current landscape;1;0,12723037992037;-0,178139429302014;-0,355929842021865
SBA;Temp;15;Spatially adjusted;0,01;-0,69172391434541;-0,739096241011481;-0,775780622671046
SBA;Temp;15;Spatially adjusted;0,0302040816326531;-0,662575051412905;-0,710312511280588;-0,745280809707261
SBA;Temp;15;Spatially adjusted;0,0504081632653061;-0,633375931211347;-0,681471537846559;-0,714743950768426
SBA;Temp;15;Spatially adjusted;0,0706122448979592;-0,604076296471682;-0,652516077006244;-0,684132999879488
SBA;Temp;15;Spatially adjusted;0,0908163265306122;-0,574625889924864;-0,623388885056514;-0,653410911065389
SBA;Temp;15;Spatially adjusted;0,111020408163265;-0,54497445430183;-0,594032718294219;-0,622540638351094
SBA;Temp;15;Spatially adjusted;0,131224489795918;-0,515071732333535;-0,564390333016227;-0,591485135761538
SBA;Temp;15;Spatially adjusted;0,151428571428571;-0,484867466750927;-0,534404485519392;-0,560207357321673
SBA;Temp;15;Spatially adjusted;0,171632653061224;-0,454311400284947;-0,504017932100577;-0,528670257056451
SBA;Temp;15;Spatially adjusted;0,191836734693878;-0,423353275666546;-0,47317342905664;-0,496836788990816
SBA;Temp;15;Spatially adjusted;0,212040816326531;-0,391942835626676;-0,441813732684441;-0,46466990714972
SBA;Temp;15;Spatially adjusted;0,232244897959184;-0,36002982289628;-0,40988159928084;-0,43213256555811
SBA;Temp;15;Spatially adjusted;0,252448979591837;-0,3275639802063;-0,377319785142699;-0,399187718240938
SBA;Temp;15;Spatially adjusted;0,27265306122449;-0,29449505028769;-0,344071046566878;-0,365798319223146
SBA;Temp;15;Spatially adjusted;0,292857142857143;-0,260772775871402;-0,310078139850233;-0,331927322529683
SBA;Temp;15;Spatially adjusted;0,313061224489796;-0,226346899688373;-0,275283821289626;-0,29753768218551
SBA;Temp;15;Spatially adjusted;0,333265306122449;-0,191167164469551;-0,239630847181914;-0,26259235221556
SBA;Temp;15;Spatially adjusted;0,353469387755102;-0,155226229055987;-0,20310438133804;-0,227084622021522
SBA;Temp;15;Spatially adjusted;0,373673469387755;-0,118688416729054;-0,165859217625268;-0,191129122511992
SBA;Temp;15;Spatially adjusted;0,393877551020408;-0,0817609668802426;-0,128092557424925;-0,154870819972309
SBA;Temp;15;Spatially adjusted;0,414081632653061;-0,0446511189010295;-0,090001602118349;-0,118454680687798
SBA;Temp;15;Spatially adjusted;0,434285714285714;-0,00756611218290004;-0,0517835530868851;-0,0820256709437892
SBA;Temp;15;Spatially adjusted;0,454489795918367;0,0292868138826705;-0,0136356117118659;-0,0457287570256248
SBA;Temp;15;Spatially adjusted;0,47469387755102;0,0657004199041964;0,024245020625365;-0,009708905218627
SBA;Temp;15;Spatially adjusted;0,494897959183674;0,101467466490199;0,0616611425434748;0,0258889181918676
SBA;Temp;15;Spatially adjusted;0,515102040816327;0,136380714249196;0,0984155526611303;0,0609197469205292
SBA;Temp;15;Spatially adjusted;0,53530612244898;0,170232923789712;0,134311049596977;0,095238614682021
SBA;Temp;15;Spatially adjusted;0,555510204081633;0,202816855720258;0,169150431969697;0,128700555191017
SBA;Temp;15;Spatially adjusted;0,575714285714286;0,233925270649362;0,202736498397943;0,16116060216218
SBA;Temp;15;Spatially adjusted;0,595918367346939;0,263350929185538;0,234872047500375;0,192473789310181
SBA;Temp;15;Spatially adjusted;0,616122448979592;0,290886591937309;0,265359877895659;0,222495150349694
SBA;Temp;15;Spatially adjusted;0,636326530612245;0,316325019513187;0,294002788202455;0,251079718995371
SBA;Temp;15;Spatially adjusted;0,656530612244898;0,339458972521701;0,320603577039428;0,278082528961889
SBA;Temp;15;Spatially adjusted;0,676734693877551;0,360081211571366;0,344965043025237;0,303358613963923
SBA;Temp;15;Spatially adjusted;0,696938775510204;0,378047359600007;0,366948232136192;0,32680666554754
SBA;Temp;15;Spatially adjusted;0,717142857142857;0,393464488862715;0,386647179779175;0,348500006584448
SBA;Temp;15;Spatially adjusted;0,73734693877551;0,406502533943886;0,40421416871872;0,368555617777762
SBA;Temp;15;Spatially adjusted;0,757551020408163;0,417331429427922;0,419801481719361;0,387090479830597
SBA;Temp;15;Spatially adjusted;0,777755102040816;0,426121109899199;0,433561401545628;0,404221573446062
SBA;Temp;15;Spatially adjusted;0,797959183673469;0,433041509942129;0,44564621096205;0,420065879327275
SBA;Temp;15;Spatially adjusted;0,818163265306122;0,438262564141102;0,456208192733158;0,434740378177349
SBA;Temp;15;Spatially adjusted;0,838367346938776;0,441954207080514;0,465399629623487;0,448362050699398
SBA;Temp;15;Spatially adjusted;0,858571428571429;0,44428637334476;0,473372804397563;0,461047877596535
SBA;Temp;15;Spatially adjusted;0,878775510204082;0,445428997518238;0,480279999819921;0,472914839571878
SBA;Temp;15;Spatially adjusted;0,898979591836735;0,445552014185346;0,486273498655091;0,484079917328536
SBA;Temp;15;Spatially adjusted;0,919183673469388;0,444825357930466;0,491505583667607;0,494660091569621
SBA;Temp;15;Spatially adjusted;0,939387755102041;0,443418963338011;0,496128537621996;0,504772342998255
SBA;Temp;15;Spatially adjusted;0,959591836734694;0,441502764992368;0,500294643282793;0,514533652317546
SBA;Temp;15;Spatially adjusted;0,979795918367347;0,43924669747793;0,504156183414523;0,524061000230606
SBA;Temp;15;Spatially adjusted;1;0,436820695379105;0,507865440781725;0,533471367440559
SBA;Temp;15;Current landscape;0,0270274057984352;-0,54515692118234;-0,579084688963178;-1,01472244258881
SBA;Temp;15;Current landscape;0,0727228447794914;-0,575984223251886;-0,774059083482147;-1,19293866188499
SBA;Temp;15;Current landscape;0,122981235384941;-0,520605955228856;-0,815113170297526;-1,184888777017
SBA;Temp;15;Current landscape;0,178795099258423;-0,38345828106651;-0,539599994818847;-0,872301201918177
SBA;Temp;15;Current landscape;0,226959481835365;-0,354657771142925;-0,484399085868894;-0,664678680955131
SBA;Temp;15;Current landscape;0,277462989091873;-0,110372452038721;-0,452190003765292;-0,816108685860137
SBA;Temp;15;Current landscape;0,32321161031723;-0,268868653694401;-0,54422216513176;-0,942845251635323
SBA;Temp;15;Current landscape;0,376423269510269;-0,26892728512798;-0,510282014007533;-0,961571117470029
SBA;Temp;15;Current landscape;0,419110298156738;0,104459941432609;-0,170005670985649;-0,637892220695512
SBA;Temp;15;Current landscape;0,477884471416473;-0,00894342266963122;-0,218174103525666;-0,63820153402316
SBA;Temp;15;Current landscape;0,525624513626099;0,107100716899581;-0,0929293201918995;-0,359151285914592
SBA;Temp;15;Current landscape;0,573024332523346;0,281916579439049;0,0194533766368998;-0,202812521318617
SBA;Temp;15;Current landscape;0,621837079524994;0,158925097368932;0,0283158247605044;-0,304689143724421
SBA;Temp;15;Current landscape;0,677097499370575;0,0441501611167539;-0,103541531016724;-0,353235339651885
SBA;Temp;15;Current landscape;0,726741373538971;-0,0378666796269158;-0,16395436469751;-0,352464372376652
SBA;Temp;15;Current landscape;0,775412261486053;0,226876031306436;0,138353181632439;-0,216114712319794
SBA;Temp;15;Current landscape;0,826195120811463;-0,0412530136471432;-0,00514324459165394;-0,303147664892609
SBA;Temp;15;Current landscape;0,872719645500183;0,170734121527012;0,0923453967187413;-0,0867948732024573
SBA;Temp;15;Current landscape;0,931432932615281;-0,0480447996536633;0,0171409041314305;0,150465933667089
SBA;Temp;15;Current landscape;1;0,0403498648117591;-0,19153118160683;-0,372551388901641
SBA;Temp;16;Spatially adjusted;0,01;-0,669931144269089;-0,711347396198253;-0,765120675163303
SBA;Temp;16;Spatially adjusted;0,0302040816326531;-0,640739056036594;-0,684832909630703;-0,738687491065949
SBA;Temp;16;Spatially adjusted;0,0504081632653061;-0,611514749923408;-0,65824768152028;-0,712179190784674
SBA;Temp;16;Spatially adjusted;0,0706122448979592;-0,582226008048835;-0,631520970324107;-0,685520658135552
SBA;Temp;16;Spatially adjusted;0,0908163265306122;-0,552840612532194;-0,604582034499305;-0,658636776934664
SBA;Temp;16;Spatially adjusted;0,111020408163265;-0,52332634549278;-0,577360132503014;-0,631452430998085
SBA;Temp;16;Spatially adjusted;0,131224489795918;-0,493650989049911;-0,549784522792344;-0,6038925041419
SBA;Temp;16;Spatially adjusted;0,151428571428571;-0,463782325322889;-0,521784463824424;-0,575881880182177
SBA;Temp;16;Spatially adjusted;0,171632653061224;-0,433688136431034;-0,493289214056389;-0,547345442935001
SBA;Temp;16;Spatially adjusted;0,191836734693878;-0,403336204493641;-0,46422803194535;-0,518208076216443
SBA;Temp;16;Spatially adjusted;0,212040816326531;-0,372694311630028;-0,434530175948439;-0,488394663842584
SBA;Temp;16;Spatially adjusted;0,232244897959184;-0,341730239959499;-0,404124904522785;-0,457830089629507
SBA;Temp;16;Spatially adjusted;0,252448979591837;-0,310411771601359;-0,372941476125508;-0,426439237393282
SBA;Temp;16;Spatially adjusted;0,27265306122449;-0,278706688674923;-0,340909149213733;-0,394146990949988
SBA;Temp;16;Spatially adjusted;0,292857142857143;-0,246582773299497;-0,307957182244589;-0,360878234115706
SBA;Temp;16;Spatially adjusted;0,313061224489796;-0,214007807594392;-0,274014833675203;-0,326557850706514
SBA;Temp;16;Spatially adjusted;0,333265306122449;-0,180949573678912;-0,239011361962696;-0,291110724538484
SBA;Temp;16;Spatially adjusted;0,353469387755102;-0,147405458476719;-0,202924650786358;-0,254511927001712
SBA;Temp;16;Spatially adjusted;0,373673469387755;-0,11349126812889;-0,165927084714163;-0,216937279782343
SBA;Temp;16;Spatially adjusted;0,393877551020408;-0,0793524135808497;-0,128239673536228;-0,17861279214053
SBA;Temp;16;Spatially adjusted;0,414081632653061;-0,0451343057780242;-0,0900834270426891;-0,139764473336442
SBA;Temp;16;Spatially adjusted;0,434285714285714;-0,0109823556658419;-0,0516793550236798;-0,100618332630223
SBA;Temp;16;Spatially adjusted;0,454489795918367;0,0229580258102757;-0,0132484672693245;-0,0614003792820412
SBA;Temp;16;Spatially adjusted;0,47469387755102;0,0565414277048966;0,0249882264302457;-0,02233662255205
SBA;Temp;16;Spatially adjusted;0,494897959183674;0,089622439072599;0,062809716284896;0,0163469282995905
SBA;Temp;16;Spatially adjusted;0,515102040816327;0,122055648967947;0,0999949925045023;0,0544242640127237
SBA;Temp;16;Spatially adjusted;0,53530612244898;0,153695646445527;0,136323045298933;0,0916693753271858
SBA;Temp;16;Spatially adjusted;0,555510204081633;0,184397020559906;0,171572864878051;0,127856252982831
SBA;Temp;16;Spatially adjusted;0,575714285714286;0,214014360365653;0,205523441451739;0,162758887719487
SBA;Temp;16;Spatially adjusted;0,595918367346939;0,242402254917351;0,23795376522985;0,196151270277007
SBA;Temp;16;Spatially adjusted;0,616122448979592;0,269415293269564;0,268642826422273;0,227807391395224
SBA;Temp;16;Spatially adjusted;0,636326530612245;0,294908064476871;0,297369615238864;0,257501241813991
SBA;Temp;16;Spatially adjusted;0,656530612244898;0,318735157593846;0,323913121889497;0,285006812273139
SBA;Temp;16;Spatially adjusted;0,676734693877551;0,340751161675055;0,34805233658404;0,310098093512508
SBA;Temp;16;Spatially adjusted;0,696938775510204;0,360855281140797;0,369630431390583;0,332614247591145
SBA;Temp;16;Spatially adjusted;0,717142857142857;0,379125181874166;0,388747305810043;0,352655121844844
SBA;Temp;16;Spatially adjusted;0,73734693877551;0,395683145124007;0,405567041201561;0,370385734928604
SBA;Temp;16;Spatially adjusted;0,757551020408163;0,410651452139128;0,420253718924279;0,385971105497422
SBA;Temp;16;Spatially adjusted;0,777755102040816;0,424152384168355;0,432971420337328;0,399576252206291
SBA;Temp;16;Spatially adjusted;0,797959183673469;0,436308222460522;0,443884226799856;0,411366193710204
SBA;Temp;16;Spatially adjusted;0,818163265306122;0,447241248264444;0,453156219670998;0,421505948664162
SBA;Temp;16;Spatially adjusted;0,838367346938776;0,457073742828953;0,460951480309895;0,430160535723161
SBA;Temp;16;Spatially adjusted;0,858571428571429;0,465927987402864;0,467434090075678;0,43749497354219
SBA;Temp;16;Spatially adjusted;0,878775510204082;0,473926263235008;0,472768130327488;0,44367428077625
SBA;Temp;16;Spatially adjusted;0,898979591836735;0,481190851574205;0,477117682424474;0,448863476080337
SBA;Temp;16;Spatially adjusted;0,919183673469388;0,487844033669283;0,480646827725764;0,453227578109445
SBA;Temp;16;Spatially adjusted;0,939387755102041;0,494008090769064;0,483519647590498;0,45693160551857
SBA;Temp;16;Spatially adjusted;0,959591836734694;0,499805304122369;0,485900223377819;0,460140576962708
SBA;Temp;16;Spatially adjusted;0,979795918367347;0,505357954978035;0,487952636446863;0,463019511096857
SBA;Temp;16;Spatially adjusted;1;0,510788324584869;0,489840968156763;0,465733426576009
SBA;Temp;16;Current landscape;0,0295524932444096;-0,548353087169129;-0,693472727368398;-0,906462634974009
SBA;Temp;16;Current landscape;0,0751648023724556;-0,676292394379928;-0,756335655646879;-1,10619999288953
SBA;Temp;16;Current landscape;0,124889642000198;-0,585644441296694;-0,865142280673695;-1,30863246208297
SBA;Temp;16;Current landscape;0,176089107990265;-0,505159193521138;-0,761446406118338;-1,21691153210965
SBA;Temp;16;Current landscape;0,227621987462044;-0,310935946495079;-0,538820265658803;-0,779562318886541
SBA;Temp;16;Current landscape;0,275360494852066;-0,278216782416454;-0,398494936599136;-0,80053773488471
SBA;Temp;16;Current landscape;0,324683338403702;-0,142307129705252;-0,288305984598978;-0,528421982212795
SBA;Temp;16;Current landscape;0,37577223777771;-0,113241925207777;-0,367136795601176;-0,747772406366266
SBA;Temp;16;Current landscape;0,423541069030762;0,088252245310116;-0,221929572307992;-0,604132581347521
SBA;Temp;16;Current landscape;0,478470593690872;0,163312077927895;0,0702820992432791;-0,339275210486377
SBA;Temp;16;Current landscape;0,51925265789032;0,146817285036779;-0,0908066066001965;-0,457088497545566
SBA;Temp;16;Current landscape;0,577617824077606;0,159325756333022;-0,0944553639934149;-0,438672998597667
SBA;Temp;16;Current landscape;0,626039028167725;0,0525307129726791;-0,0103240718941002;-0,320279438501434
SBA;Temp;16;Current landscape;0,672588884830475;0,192305264860721;0,0719356225304111;-0,219950270208457
SBA;Temp;16;Current landscape;0,724579811096191;0,150986442661303;-0,00726299113483009;-0,37901416308797
SBA;Temp;16;Current landscape;0,776814341545105;0,215643070483825;0,0773395282991309;-0,153432804615878
SBA;Temp;16;Current landscape;0,820188105106354;0,137023013504042;0,118966327916091;-0,214015124323137
SBA;Temp;16;Current landscape;0,875079929828644;-0,0597600987544169;-0,258575380879488;-0,426853910635479
SBA;Temp;16;Current landscape;0,928173810243607;0,0368208668229713;-0,0390791421506158;0,0423798915299933
SBA;Temp;16;Current landscape;1;0,140725733418126;-0,163289393378189;-0,361624202036435
SBA;Temp;17;Spatially adjusted;0,01;-0,653518245458621;-0,696691674676135;-0,708313508611784
SBA;Temp;17;Spatially adjusted;0,0302040816326531;-0,625521860861468;-0,669145941774548;-0,685347725484792
SBA;Temp;17;Spatially adjusted;0,0504081632653061;-0,597478122305166;-0,641547389932768;-0,662293128509766
SBA;Temp;17;Spatially adjusted;0,0706122448979592;-0,56933967583057;-0,613843200210592;-0,639060903838665
SBA;Temp;17;Spatially adjusted;0,0908163265306122;-0,541059167478519;-0,585980553667827;-0,615562237623447
SBA;Temp;17;Spatially adjusted;0,111020408163265;-0,512589243289877;-0,557906631364276;-0,591708316016081
SBA;Temp;17;Spatially adjusted;0,131224489795918;-0,483882549305495;-0,529568614359739;-0,567410325168524
SBA;Temp;17;Spatially adjusted;0,151428571428571;-0,454891731566214;-0,500913683714021;-0,54257945123274
SBA;Temp;17;Spatially adjusted;0,171632653061224;-0,425569436112898;-0,471889020486927;-0,517126880360692
SBA;Temp;17;Spatially adjusted;0,191836734693878;-0,395868308986383;-0,442441805738259;-0,490963798704343
SBA;Temp;17;Spatially adjusted;0,212040816326531;-0,365740996227533;-0,41251922052782;-0,46400139241565
SBA;Temp;17;Spatially adjusted;0,232244897959184;-0,335140143877197;-0,382068445915412;-0,436150847646584
SBA;Temp;17;Spatially adjusted;0,252448979591837;-0,304018397976225;-0,351036662960841;-0,407323350549099
SBA;Temp;17;Spatially adjusted;0,27265306122449;-0,27232840456546;-0,319371052723906;-0,377430087275158
SBA;Temp;17;Spatially adjusted;0,292857142857143;-0,240022809685769;-0,287018796264412;-0,346382243976731
SBA;Temp;17;Spatially adjusted;0,313061224489796;-0,207054259377991;-0,253927074642167;-0,314091006805771
SBA;Temp;17;Spatially adjusted;0,333265306122449;-0,173375399682978;-0,220043068916969;-0,280467561914247
SBA;Temp;17;Spatially adjusted;0,353469387755102;-0,138978425603192;-0,185353441208033;-0,245477148797598
SBA;Temp;17;Spatially adjusted;0,373673469387755;-0,104013727987532;-0,150002777872224;-0,209301220325173
SBA;Temp;17;Spatially adjusted;0,393877551020408;-0,0686712466464812;-0,114175146325824;-0,172175282709809
SBA;Temp;17;Spatially adjusted;0,414081632653061;-0,0331409213905509;-0,0780546139850955;-0,134334842164343
SBA;Temp;17;Spatially adjusted;0,434285714285714;0,00238730796976228;-0,0418252482663277;-0,0960154049016033
SBA;Temp;17;Spatially adjusted;0,454489795918367;0,0377235016239652;-0,00567111658579123;-0,0574524771344223
SBA;Temp;17;Spatially adjusted;0,47469387755102;0,0726777197615505;0,0302237136402432;-0,0188815650756347
SBA;Temp;17;Spatially adjusted;0,494897959183674;0,107060022572025;0,0656751749954871;0,0194618250619243
SBA;Temp;17;Spatially adjusted;0,515102040816327;0,140680470244877;0,100499200063673;0,0573421870654229
SBA;Temp;17;Spatially adjusted;0,53530612244898;0,173349122969629;0,134511721428527;0,0945240147220296
SBA;Temp;17;Spatially adjusted;0,555510204081633;0,204876040935766;0,167528671673768;0,130771801818913
SBA;Temp;17;Spatially adjusted;0,575714285714286;0,235071284332793;0,199365983383121;0,165850042143234
SBA;Temp;17;Spatially adjusted;0,595918367346939;0,263744913350209;0,229839589140312;0,199523229482168
SBA;Temp;17;Spatially adjusted;0,616122448979592;0,290706988177519;0,258765421529066;0,231555857622872
SBA;Temp;17;Spatially adjusted;0,636326530612245;0,315767569004215;0,285959413133099;0,26171242035252
SBA;Temp;17;Spatially adjusted;0,656530612244898;0,338736716019817;0,311237496536144;0,289757411458279
SBA;Temp;17;Spatially adjusted;0,676734693877551;0,359424489413797;0,334415604321922;0,31545532472731
SBA;Temp;17;Spatially adjusted;0,696938775510204;0,37769834885901;0,355364139091801;0,338636806899441
SBA;Temp;17;Spatially adjusted;0,717142857142857;0,39365535196163;0,374171383517737;0,359397116525113
SBA;Temp;17;Spatially adjusted;0,73734693877551;0,407449955811153;0,390980090289318;0,377897665107422
SBA;Temp;17;Spatially adjusted;0,757551020408163;0,419236617497091;0,405933012096149;0,394299864149467
SBA;Temp;17;Spatially adjusted;0,777755102040816;0,429169794108947;0,419172901627821;0,408765125154343
SBA;Temp;17;Spatially adjusted;0,797959183673469;0,437403942736232;0,430842511573932;0,421454859625147
SBA;Temp;17;Spatially adjusted;0,818163265306122;0,444093520468456;0,44108459462408;0,432530479064976
SBA;Temp;17;Spatially adjusted;0,838367346938776;0,449392984395118;0,450041903467859;0,442153394976938
SBA;Temp;17;Spatially adjusted;0,858571428571429;0,453456791605724;0,457857190794865;0,450485018864114
SBA;Temp;17;Spatially adjusted;0,878775510204082;0,456439399189783;0,464673209294698;0,45768676222961
SBA;Temp;17;Spatially adjusted;0,898979591836735;0,458495264236809;0,47063271165695;0,463920036576521
SBA;Temp;17;Spatially adjusted;0,919183673469388;0,459778843836304;0,475878450571223;0,469346253407949
SBA;Temp;17;Spatially adjusted;0,939387755102041;0,460444595077764;0,480553178727114;0,474126824226985
SBA;Temp;17;Spatially adjusted;0,959591836734694;0,460646975050707;0,484799648814207;0,478423160536728
SBA;Temp;17;Spatially adjusted;0,979795918367347;0,460540440844635;0,488760613522107;0,482396673840277
SBA;Temp;17;Spatially adjusted;1;0,460279449549059;0,492578825540416;0,48620877564073
SBA;Temp;17;Current landscape;0,0268565211445093;-0,461306322879882;-0,464594175335122;-0,7165563437431
SBA;Temp;17;Current landscape;0,0740663409233093;-0,422083585610768;-0,581636292796098;-0,753943623084656
SBA;Temp;17;Current landscape;0,125214353203773;-0,635405428474137;-0,755676470148767;-1,17800018961293
SBA;Temp;17;Current landscape;0,177271008491516;-0,466060851058252;-0,497212088416028;-0,838004504432139
SBA;Temp;17;Current landscape;0,224128007888794;-0,202346775341521;-0,331648207818525;-0,644148780368791
SBA;Temp;17;Current landscape;0,277243703603745;-0,263068460961495;-0,38400732109999;-0,764284151757227
SBA;Temp;17;Current landscape;0,326289653778076;-0,106252276013798;-0,22018514611322;-0,710763361088006
SBA;Temp;17;Current landscape;0,373312532901764;-0,18813120472505;-0,322324904588054;-0,696881108620527
SBA;Temp;17;Current landscape;0,423912584781647;-0,0674125991146966;-0,237366331631165;-0,626737204017381
SBA;Temp;17;Current landscape;0,478705108165741;0,0965758908097953;0,00345582032092295;-0,330542171877109
SBA;Temp;17;Current landscape;0,52238267660141;0,0280654977426629;-0,0873595224429309;-0,430397433050597
SBA;Temp;17;Current landscape;0,575533509254456;0,129337889716297;-0,23664273470246;-0,535382215923789
SBA;Temp;17;Current landscape;0,624758839607239;0,225163496688854;0,105042749841957;-0,155930085797323
SBA;Temp;17;Current landscape;0,675508797168732;0,145097436413764;0,0571997011352146;-0,175351040563179
SBA;Temp;17;Current landscape;0,723981559276581;0,204381106800714;-0,023832542401415;-0,156620573379374
SBA;Temp;17;Current landscape;0,772446870803833;0,0900412661023715;0,00822983060966465;-0,066735966957598
SBA;Temp;17;Current landscape;0,826051294803619;0,0941096476178096;0,265138909694148;-0,228247296140232
SBA;Temp;17;Current landscape;0,876672685146332;0,0425333942032147;-0,120475368337125;-0,347586684801481
SBA;Temp;17;Current landscape;0,922335743904114;-0,0890575965679545;-0,155869204852646;-0,143532226893175
SBA;Temp;17;Current landscape;1;0,0993423248672869;-0,168173717107191;-0,375935998758255
SBA;Temp;18;Spatially adjusted;0,01;-0,709434740127147;-0,771417240475408;-0,860695957429339
SBA;Temp;18;Spatially adjusted;0,0302040816326531;-0,677841857755787;-0,737434590121172;-0,820378243708905
SBA;Temp;18;Spatially adjusted;0,0504081632653061;-0,646228883982396;-0,703437407294977;-0,780094619027029
SBA;Temp;18;Spatially adjusted;0,0706122448979592;-0,614575727404944;-0,669411159524859;-0,739879172422278
SBA;Temp;18;Spatially adjusted;0,0908163265306122;-0,582862296621386;-0,635341314338852;-0,699765992933205
SBA;Temp;18;Spatially adjusted;0,111020408163265;-0,551068500229707;-0,601213339264998;-0,659789169598373
SBA;Temp;18;Spatially adjusted;0,131224489795918;-0,519174246827856;-0,567012701831338;-0,619982791456341
SBA;Temp;18;Spatially adjusted;0,151428571428571;-0,487159445013816;-0,532724869565904;-0,580380947545667
SBA;Temp;18;Spatially adjusted;0,171632653061224;-0,455004003385557;-0,498335309996737;-0,541017726904915
SBA;Temp;18;Spatially adjusted;0,191836734693878;-0,422687830541026;-0,463829490651875;-0,501927218572646
SBA;Temp;18;Spatially adjusted;0,212040816326531;-0,390190835078204;-0,429192879059357;-0,463143511587415
SBA;Temp;18;Spatially adjusted;0,232244897959184;-0,357492925595061;-0,394410942747218;-0,424700694987788
SBA;Temp;18;Spatially adjusted;0,252448979591837;-0,324574010689563;-0,359469149243502;-0,38663285781232
SBA;Temp;18;Spatially adjusted;0,27265306122449;-0,291413998959673;-0,324352966076241;-0,348974089099578
SBA;Temp;18;Spatially adjusted;0,292857142857143;-0,257992799003365;-0,289047860773476;-0,311758477888109
SBA;Temp;18;Spatially adjusted;0,313061224489796;-0,224290319418596;-0,253539300863245;-0,275020113216488
SBA;Temp;18;Spatially adjusted;0,333265306122449;-0,19028646880334;-0,217812753873584;-0,238793084123266
SBA;Temp;18;Spatially adjusted;0,353469387755102;-0,155987481570961;-0,181876896163704;-0,203111212128444
SBA;Temp;18;Spatially adjusted;0,373673469387755;-0,121504895396356;-0,145833239417481;-0,168007248677771
SBA;Temp;18;Spatially adjusted;0,393877551020408;-0,0869765737698529;-0,109806504149958;-0,133513677698449
SBA;Temp;18;Spatially adjusted;0,414081632653061;-0,0525403801817355;-0,073921410876185;-0,099662983117657
SBA;Temp;18;Spatially adjusted;0,434285714285714;-0,0183341781223163;-0,0383026801112116;-0,0664876488625978
SBA;Temp;18;Spatially adjusted;0,454489795918367;0,015504168918099;-0,00307503237008078;-0,0340201588604501
SBA;Temp;18;Spatially adjusted;0,47469387755102;0,0488367974492121;0,0316368118321613;-0,0022929970384169
SBA;Temp;18;Spatially adjusted;0,494897959183674;0,0815258439807103;0,0657081319804611;0,0286613526763198
SBA;Temp;18;Spatially adjusted;0,515102040816327;0,113433445022299;0,0990142075597795;0,0588104063565638
SBA;Temp;18;Spatially adjusted;0,53530612244898;0,144421737083668;0,13143031805507;0,088121680075119
SBA;Temp;18;Spatially adjusted;0,555510204081633;0,174352856674513;0,162831742951283;0,116562689904807
SBA;Temp;18;Spatially adjusted;0,575714285714286;0,203088940304532;0,193093761733369;0,144100951918428
SBA;Temp;18;Spatially adjusted;0,595918367346939;0,230492124483423;0,222091653886281;0,170703982188787
SBA;Temp;18;Spatially adjusted;0,616122448979592;0,256424545720876;0,249700698894983;0,196339296788704
SBA;Temp;18;Spatially adjusted;0,636326530612245;0,280748340526593;0,275796176244416;0,220974411790976
SBA;Temp;18;Spatially adjusted;0,656530612244898;0,303325645410258;0,30025336541954;0,244576843268423
SBA;Temp;18;Spatially adjusted;0,676734693877551;0,324018596881583;0,322947545905304;0,267114107293846
SBA;Temp;18;Spatially adjusted;0,696938775510204;0,342733373458035;0,343794447785051;0,288570567796452
SBA;Temp;18;Spatially adjusted;0,717142857142857;0,359552321688266;0,36287160353567;0,30899798013105
SBA;Temp;18;Spatially adjusted;0,73734693877551;0,374601830128661;0,380296996232435;0,328464947508831
SBA;Temp;18;Spatially adjusted;0,757551020408163;0,388008287335662;0,396188608950617;0,347040073140999
SBA;Temp;18;Spatially adjusted;0,777755102040816;0,399898081865672;0,4106644247655;0,364791960238762
SBA;Temp;18;Spatially adjusted;0,797959183673469;0,410397602275104;0,423842426752355;0,381789212013313
SBA;Temp;18;Spatially adjusted;0,818163265306122;0,41963323712038;0,435840597986452;0,398100431675857
SBA;Temp;18;Spatially adjusted;0,838367346938776;0,427731374957915;0,44677692154308;0,413794222437595
SBA;Temp;18;Spatially adjusted;0,858571428571429;0,434818404344124;0,456769380497498;0,428939187509723
SBA;Temp;18;Spatially adjusted;0,878775510204082;0,441020713835425;0,465935957924994;0,443603930103446
SBA;Temp;18;Spatially adjusted;0,898979591836735;0,446464691988233;0,474394636900836;0,457857053429965
SBA;Temp;18;Spatially adjusted;0,919183673469388;0,451276727358955;0,482263400500301;0,47176716070048
SBA;Temp;18;Spatially adjusted;0,939387755102041;0,45558320850402;0,489660231798663;0,485402855126193
SBA;Temp;18;Spatially adjusted;0,959591836734694;0,459510523979834;0,496703113871202;0,498832739918299
SBA;Temp;18;Spatially adjusted;0,979795918367347;0,46318506234282;0,503510029793191;0,512125418288012
SBA;Temp;18;Spatially adjusted;1;0,466733212149389;0,510198962639901;0,525349493446516
SBA;Temp;18;Current landscape;0,0264345724135637;-0,743850454303178;-0,899049485130405;-1,27938061169134
SBA;Temp;18;Current landscape;0,0769674405455589;-0,644388998047152;-0,854824106055375;-1,20129910546264
SBA;Temp;18;Current landscape;0,122981235384941;-0,552872249174399;-0,766118747331177;-1,13696971188749
SBA;Temp;18;Current landscape;0,177855744957924;-0,298934276371281;-0,521120805117036;-0,789247264754199
SBA;Temp;18;Current landscape;0,224272266030312;-0,253640145502843;-0,424930413769918;-0,807508009758152
SBA;Temp;18;Current landscape;0,27974146604538;-0,177394943736299;-0,401326421128537;-0,525493429936102
SBA;Temp;18;Current landscape;0,327153891324997;-0,156340704442595;-0,347753473715375;-0,713913249025314
SBA;Temp;18;Current landscape;0,374148800969124;-0,0766333568904436;-0,257891163199986;-0,629616010553267
SBA;Temp;18;Current landscape;0,424896851181984;0,143604127906539;-0,0313646213683505;-0,354624239890764
SBA;Temp;18;Current landscape;0,475343286991119;0,100487797573344;-0,0322066097346045;-0,394172919667376
SBA;Temp;18;Current landscape;0,524379074573517;0,26634975362143;0,0434739068624701;-0,265839917728648
SBA;Temp;18;Current landscape;0,573802560567856;0,197438834172218;-0,0481834493253537;-0,406980459997452
SBA;Temp;18;Current landscape;0,624847590923309;0,020504107736425;0,0433509873534312;-0,339057000596281
SBA;Temp;18;Current landscape;0,672971487045288;0,107395691764484;0,237508751847098;-0,0141253980113056
SBA;Temp;18;Current landscape;0,728053510189056;0,117299613109516;0,0387366272023364;-0,110819886834985
SBA;Temp;18;Current landscape;0,775067865848541;0,27817172085155;0,140228675853692;-0,170655926984026
SBA;Temp;18;Current landscape;0,824113637208939;0,113253905335011;0,0761797545338006;-0,257217321848387
SBA;Temp;18;Current landscape;0,878711581230164;-0,0466473802040106;-0,118856489072019;-0,307285677659056
SBA;Temp;18;Current landscape;0,928069829940796;0,0259261149822443;0,063718604671628;0,0454211818617054
SBA;Temp;18;Current landscape;1;-0,0408988785738949;-0,257241112900374;-0,434338442139133
SBA;Temp;19;Spatially adjusted;0,01;-0,657902712141322;-0,711429366310778;-0,753550316260444
SBA;Temp;19;Spatially adjusted;0,0302040816326531;-0,62827847142913;-0,680187812407187;-0,720018039121879
SBA;Temp;19;Spatially adjusted;0,0504081632653061;-0,598638950078559;-0,648932645979937;-0,686500298558407
SBA;Temp;19;Spatially adjusted;0,0706122448979592;-0,56896886745125;-0,61765025450535;-0,65301163114512
SBA;Temp;19;Spatially adjusted;0,0908163265306122;-0,539252942908821;-0,586327025459763;-0,619566573457114
SBA;Temp;19;Spatially adjusted;0,111020408163265;-0,509475895812898;-0,554949346319514;-0,586179662069473
SBA;Temp;19;Spatially adjusted;0,131224489795918;-0,479622445525116;-0,52350360456094;-0,552865433557297
SBA;Temp;19;Spatially adjusted;0,151428571428571;-0,449677311407093;-0,491976187660363;-0,519638424495678
SBA;Temp;19;Spatially adjusted;0,171632653061224;-0,419625212820463;-0,460353483094131;-0,486513171459709
SBA;Temp;19;Spatially adjusted;0,191836734693878;-0,389450869126851;-0,428621878338571;-0,45350421102448
SBA;Temp;19;Spatially adjusted;0,212040816326531;-0,359138999687879;-0,396767760870013;-0,420626079765086
SBA;Temp;19;Spatially adjusted;0,232244897959184;-0,328674323865183;-0,364777518164804;-0,387893314256615
SBA;Temp;19;Spatially adjusted;0,252448979591837;-0,298041561020387;-0,332637537699263;-0,355320451074164
SBA;Temp;19;Spatially adjusted;0,27265306122449;-0,267225430515122;-0,300334206949731;-0,322922026792828
SBA;Temp;19;Spatially adjusted;0,292857142857143;-0,236210651711005;-0,267853913392543;-0,290712577987694
SBA;Temp;19;Spatially adjusted;0,313061224489796;-0,204981943969671;-0,235183044504034;-0,258706641233857
SBA;Temp;19;Spatially adjusted;0,333265306122449;-0,173524026652746;-0,202307987760534;-0,226918753106414
SBA;Temp;19;Spatially adjusted;0,353469387755102;-0,14184363103805;-0,169235199133112;-0,195368192043762
SBA;Temp;19;Spatially adjusted;0,373673469387755;-0,110035536068182;-0,136051408571753;-0,164093203937576
SBA;Temp;19;Spatially adjusted;0,393877551020408;-0,0782165326019317;-0,102863414521178;-0,13313677654282
SBA;Temp;19;Spatially adjusted;0,414081632653061;-0,0465034114980938;-0,0697780154261025;-0,102541897614486
SBA;Temp;19;Spatially adjusted;0,434285714285714;-0,015012963615451;-0,0369020097312429;-0,0723515549075415
SBA;Temp;19;Spatially adjusted;0,454489795918367;0,0161380201871992;-0,00434219588132123;-0,0426087361769731
SBA;Temp;19;Spatially adjusted;0,47469387755102;0,0468327490510632;0,0277946276789471;-0,013356429177751
SBA;Temp;19;Spatially adjusted;0,494897959183674;0,0769544321173541;0,0594016625048361;0,0153623783351478
SBA;Temp;19;Spatially adjusted;0,515102040816327;0,106386278527282;0,0903721101516375;0,0435046986067391
SBA;Temp;19;Spatially adjusted;0,53530612244898;0,135011497422049;0,120599172174632;0,0710275438820496
SBA;Temp;19;Spatially adjusted;0,555510204081633;0,162713297942876;0,149976050129094;0,0978879264061021
SBA;Temp;19;Spatially adjusted;0,575714285714286;0,189374889230962;0,178395945570312;0,124042858423916
SBA;Temp;19;Spatially adjusted;0,595918367346939;0,214879480427513;0,20575206005357;0,149449352180518
SBA;Temp;19;Spatially adjusted;0,616122448979592;0,239110280673746;0,231937595134138;0,174064419920928
SBA;Temp;19;Spatially adjusted;0,636326530612245;0,261950499110871;0,256845752367305;0,197845073890164
SBA;Temp;19;Spatially adjusted;0,656530612244898;0,283283344880086;0,280369733308358;0,220748326333254
SBA;Temp;19;Spatially adjusted;0,676734693877551;0,302992027122606;0,302402739512569;0,24273118949522
SBA;Temp;19;Spatially adjusted;0,696938775510204;0,320997355064296;0,322872415746655;0,263767875424371
SBA;Temp;19;Spatially adjusted;0,717142857142857;0,337370538269589;0,341844179623031;0,283901395382173
SBA;Temp;19;Spatially adjusted;0,73734693877551;0,352220386387579;0,359417891965546;0,303191960433391
SBA;Temp;19;Spatially adjusted;0,757551020408163;0,365655709067365;0,375693413598043;0,321699781642771
SBA;Temp;19;Spatially adjusted;0,777755102040816;0,377785315958032;0,390770605344379;0,339485070075078
SBA;Temp;19;Spatially adjusted;0,797959183673469;0,388718016708683;0,404749328028391;0,356608036795059
SBA;Temp;19;Spatially adjusted;0,818163265306122;0,398562620968406;0,417729442473931;0,373128892867477
SBA;Temp;19;Spatially adjusted;0,838367346938776;0,407427938386292;0,429810809504851;0,389107849357089
SBA;Temp;19;Spatially adjusted;0,858571428571429;0,415422778611433;0,441093289944988;0,404605117328643
SBA;Temp;19;Spatially adjusted;0,878775510204082;0,422655951292924;0,451676744618194;0,41968090784691
SBA;Temp;19;Spatially adjusted;0,898979591836735;0,429236266079862;0,461661034348321;0,434395431976636
SBA;Temp;19;Spatially adjusted;0,919183673469388;0,435272532621333;0,471146019959207;0,448808900782577
SBA;Temp;19;Spatially adjusted;0,939387755102041;0,44087356056643;0,480231562274707;0,462981525329496
SBA;Temp;19;Spatially adjusted;0,959591836734694;0,446148159564249;0,489017522118662;0,476973516682143
SBA;Temp;19;Spatially adjusted;0,979795918367347;0,451205139263887;0,497603760314924;0,490845085905281
SBA;Temp;19;Spatially adjusted;1;0,456153309314431;0,506090137687341;0,504656444063659
SBA;Temp;19;Current landscape;0,0256522092968225;-0,596324879714942;-0,714800647093657;-0,913512816093363
SBA;Temp;19;Current landscape;0,0763901621103287;-0,543096668470202;-0,70443389360868;-1,00189390782847
SBA;Temp;19;Current landscape;0,125240534543991;-0,511159669916069;-0,667985043641647;-1,05903058124704
SBA;Temp;19;Current landscape;0,175219297409058;-0,357072549785801;-0,503089042479925;-1,0379732954315
SBA;Temp;19;Current landscape;0,223026663064957;-0,256236832889446;-0,449306330701099;-0,734663395787546
SBA;Temp;19;Current landscape;0,277568727731705;-0,209727379676522;-0,455052241108419;-0,883108855899238
SBA;Temp;19;Current landscape;0,32871013879776;-0,216840687157614;-0,448988986542823;-0,777563230290699
SBA;Temp;19;Current landscape;0,373116284608841;-0,0750380923276275;-0,319593595079919;-0,66802649117885
SBA;Temp;19;Current landscape;0,425125330686569;0,113202851667069;-0,000279016884075389;-0,518429056530184
SBA;Temp;19;Current landscape;0,475077137351037;0,070416218354957;0,101370779593246;-0,124499202498985
SBA;Temp;19;Current landscape;0,524925291538239;0,00297549761112848;-0,242322965601645;-0,502581192767465
SBA;Temp;19;Current landscape;0,574876725673676;0,101675171458236;-0,188480934774034;-0,608939163490685
SBA;Temp;19;Current landscape;0,62554657459259;0,170289862833577;-0,00877724248017486;-0,628337566969812
SBA;Temp;19;Current landscape;0,676603376865387;0,175416037313532;0,175781263902099;-0,261355424525764
SBA;Temp;19;Current landscape;0,726836264133453;0,137620880446665;-0,0248026075991596;-0,288303988111259
SBA;Temp;19;Current landscape;0,773541271686554;0,139358743497677;0,148801618079769;-0,151186356285564
SBA;Temp;19;Current landscape;0,825525164604187;0,173685120273319;0,271962042438144;0,026659115522687
SBA;Temp;19;Current landscape;0,875840485095978;0,231857806594935;0,189012992294728;-0,050366193577478
SBA;Temp;19;Current landscape;0,925817310810089;-0,163839245475373;-0,209145457111543;0,0742230833306294
SBA;Temp;19;Current landscape;1;0,0379636139936075;-0,230972923471871;-0,496691972926143
SBA;Temp;20;Spatially adjusted;0,01;-0,705971428489356;-0,747994684856938;-0,809878754811255
SBA;Temp;20;Spatially adjusted;0,0302040816326531;-0,675434998924104;-0,718834005686912;-0,780097178493207
SBA;Temp;20;Spatially adjusted;0,0504081632653061;-0,644854312493411;-0,689610256167608;-0,750251398279172
SBA;Temp;20;Spatially adjusted;0,0706122448979592;-0,614185112331828;-0,660260365949739;-0,720277210273153
SBA;Temp;20;Spatially adjusted;0,0908163265306122;-0,583383141573918;-0,630721264684016;-0,690110410579155
SBA;Temp;20;Spatially adjusted;0,111020408163265;-0,552404143354227;-0,600929882021166;-0,659686795301191
SBA;Temp;20;Spatially adjusted;0,131224489795918;-0,521203860807319;-0,5708231476119;-0,628942160543261
SBA;Temp;20;Spatially adjusted;0,151428571428571;-0,489738037067749;-0,540337991106934;-0,597812302409384
SBA;Temp;20;Spatially adjusted;0,171632653061224;-0,457962415270071;-0,509411342156991;-0,566233017003558
SBA;Temp;20;Spatially adjusted;0,191836734693878;-0,425832738548841;-0,477980130412785;-0,534140100429799
SBA;Temp;20;Spatially adjusted;0,212040816326531;-0,393304750038617;-0,445981285525029;-0,501469348792107
SBA;Temp;20;Spatially adjusted;0,232244897959184;-0,360334192873953;-0,413351737144449;-0,468156558194497
SBA;Temp;20;Spatially adjusted;0,252448979591837;-0,326876810189404;-0,380028414921757;-0,434137524740969
SBA;Temp;20;Spatially adjusted;0,27265306122449;-0,292888345119533;-0,345948248507668;-0,39934804453554
SBA;Temp;20;Spatially adjusted;0,292857142857143;-0,258324540798892;-0,311048167552901;-0,363723913682211
SBA;Temp;20;Spatially adjusted;0,313061224489796;-0,223141140362038;-0,275265101708175;-0,327200928284992
SBA;Temp;20;Spatially adjusted;0,333265306122449;-0,187293886943522;-0,238535980624206;-0,289714884447893
SBA;Temp;20;Spatially adjusted;0,353469387755102;-0,150779031754229;-0,200845021004746;-0,251249114883869
SBA;Temp;20;Spatially adjusted;0,373673469387755;-0,113754858310326;-0,162365587765667;-0,211977098741674
SBA;Temp;20;Spatially adjusted;0,393877551020408;-0,0764201582043214;-0,123318332875883;-0,172119851779016
SBA;Temp;20;Spatially adjusted;0,414081632653061;-0,0389737230286968;-0,0839239083043104;-0,131898389753594
SBA;Temp;20;Spatially adjusted;0,434285714285714;-0,00161434437595176;-0,0444029660198595;-0,0915337284231228
SBA;Temp;20;Spatially adjusted;0,454489795918367;0,0354591861614111;-0,00497615799143958;-0,0512468835452964
SBA;Temp;20;Spatially adjusted;0,47469387755102;0,0720480769908996;0,0341358638120362;-0,0112588708778283
SBA;Temp;20;Spatially adjusted;0,494897959183674;0,107953536520018;0,072712447421651;0,028209293821579
SBA;Temp;20;Spatially adjusted;0,515102040816327;0,142976773156263;0,110532940868506;0,066936594795223
SBA;Temp;20;Spatially adjusted;0,53530612244898;0,176918995307155;0,147376692183677;0,104702016285401
SBA;Temp;20;Spatially adjusted;0,555510204081633;0,209581411380185;0,183023049398262;0,141284542534404
SBA;Temp;20;Spatially adjusted;0,575714285714286;0,240765229782856;0,21725136054334;0,176463157784525
SBA;Temp;20;Spatially adjusted;0,595918367346939;0,270271658922681;0,249840973650006;0,210016846278066
SBA;Temp;20;Spatially adjusted;0,616122448979592;0,297901907207155;0,280571236749346;0,241724592257317
SBA;Temp;20;Spatially adjusted;0,636326530612245;0,323457183043793;0,30922149787245;0,271365379964578
SBA;Temp;20;Spatially adjusted;0,656530612244898;0,346738694840084;0,335571105050402;0,298718193642138
SBA;Temp;20;Spatially adjusted;0,676734693877551;0,367547651003541;0,359399406314289;0,323562017532293
SBA;Temp;20;Spatially adjusted;0,696938775510204;0,385746218407352;0,380551087084644;0,345741109394726
SBA;Temp;20;Spatially adjusted;0,717142857142857;0,401440397787411;0,399132182339706;0,365360821058619
SBA;Temp;20;Spatially adjusted;0,73734693877551;0,414797148345304;0,415314064447173;0,382591777870541
SBA;Temp;20;Spatially adjusted;0,757551020408163;0,425983429282621;0,429268105774721;0,397604605177062
SBA;Temp;20;Spatially adjusted;0,777755102040816;0,435166199800928;0,441165678690041;0,410569928324755
SBA;Temp;20;Spatially adjusted;0,797959183673469;0,442512419101831;0,451178155560815;0,42165837266019
SBA;Temp;20;Spatially adjusted;0,818163265306122;0,448189046386894;0,459476908754734;0,431040563529926
SBA;Temp;20;Spatially adjusted;0,838367346938776;0,452363040857716;0,466233310639478;0,438887126280541
SBA;Temp;20;Spatially adjusted;0,858571428571429;0,455201361715869;0,471618733582737;0,445368686258604
SBA;Temp;20;Spatially adjusted;0,878775510204082;0,456870968162932;0,475804549952194;0,450655868810685
SBA;Temp;20;Spatially adjusted;0,898979591836735;0,457538819400504;0,478962132115544;0,454919299283347
SBA;Temp;20;Spatially adjusted;0,919183673469388;0,457371874630159;0,481262852440455;0,458329603023163
SBA;Temp;20;Spatially adjusted;0,939387755102041;0,456537093053484;0,482878083294622;0,461057405376703
SBA;Temp;20;Spatially adjusted;0,959591836734694;0,455201433872052;0,483979197045741;0,463273331690534
SBA;Temp;20;Spatially adjusted;0,979795918367347;0,453531856287462;0,484737566061479;0,465148007311228
SBA;Temp;20;Spatially adjusted;1;0,45169531950128;0,485324562709536;0,466852057585349
SBA;Temp;20;Current landscape;0,0278856828808784;-0,642444958560592;-0,724202180353853;-1,1067723773654
SBA;Temp;20;Current landscape;0,0735370814800262;-0,600982802201521;-0,715952360536022;-1,02095391614205
SBA;Temp;20;Current landscape;0,127593114972115;-0,536809632653821;-0,799761176739779;-1,16979391879054
SBA;Temp;20;Current landscape;0,179000705480576;-0,433632611215042;-0,733386221476106;-0,92031792447553
SBA;Temp;20;Current landscape;0,22770120203495;-0,219360189401424;-0,306555449597845;-0,614048360237813
SBA;Temp;20;Current landscape;0,276856482028961;-0,120027618664995;-0,301631823804481;-0,693558320455296
SBA;Temp;20;Current landscape;0,325777053833008;-0,284831186201632;-0,507705261938241;-0,912533293827355
SBA;Temp;20;Current landscape;0,375927835702896;-0,240868535073883;-0,333603567421285;-0,735594461513855
SBA;Temp;20;Current landscape;0,423000767827034;0,0266660272217152;-0,0559797946200611;-0,420389201088899
SBA;Temp;20;Current landscape;0,475941628217697;0,0341452740268231;-0,0608444204765029;-0,271470859334741
SBA;Temp;20;Current landscape;0,524346530437469;-0,019982241016816;-0,217956279218097;-0,591296495292866
SBA;Temp;20;Current landscape;0,575647532939911;0,138089841847211;-0,156178661028765;-0,450019705588648
SBA;Temp;20;Current landscape;0,627766132354736;0,118539035351496;0,0944718565228513;-0,154664169755581
SBA;Temp;20;Current landscape;0,674852073192596;0,145630231274762;-0,00609980014823464;-0,381767634035612
SBA;Temp;20;Current landscape;0,720580041408539;0,0344005473173041;-0,0244342065689125;-0,327704002173451
SBA;Temp;20;Current landscape;0,774830281734467;-0,0354111417855911;0,0499043717758951;-0,0628621831670593
SBA;Temp;20;Current landscape;0,826726853847504;-0,0155864895826809;-0,0281433811577472;-0,255092941443511
SBA;Temp;20;Current landscape;0,879382997751236;0,025413635309075;-0,00891887110700296;-0,156734814880416
SBA;Temp;20;Current landscape;0,927092969417572;-0,0973167128265793;-0,146804754752676;-0,0261372804357265
SBA;Temp;20;Current landscape;1;-0,0993130053799156;-0,187378460394918;-0,395237596007096
SBA;Temp;21;Spatially adjusted;0,01;-0,670415156918327;-0,707931471641285;-0,744736877282264
SBA;Temp;21;Spatially adjusted;0,0302040816326531;-0,642195573144839;-0,679962169242415;-0,719296759613041
SBA;Temp;21;Spatially adjusted;0,0504081632653061;-0,613929861171467;-0,651939881696222;-0,693783542753295
SBA;Temp;21;Spatially adjusted;0,0706122448979592;-0,58557189279831;-0,623811623855392;-0,668124127512524
SBA;Temp;21;Spatially adjusted;0,0908163265306122;-0,557075539825483;-0,595524410572608;-0,642245414700209
SBA;Temp;21;Spatially adjusted;0,111020408163265;-0,528394674053104;-0,567025256700543;-0,616074305125835
SBA;Temp;21;Spatially adjusted;0,131224489795918;-0,499483167281273;-0,538261177091876;-0,589537699598882
SBA;Temp;21;Spatially adjusted;0,151428571428571;-0,470294891310108;-0,509179186599294;-0,562562498928845
SBA;Temp;21;Spatially adjusted;0,171632653061224;-0,440783717939709;-0,479726300075477;-0,535075603925204
SBA;Temp;21;Spatially adjusted;0,191836734693878;-0,410903518970191;-0,449849532373101;-0,507003915397437
SBA;Temp;21;Spatially adjusted;0,212040816326531;-0,380608166201672;-0,419495898344852;-0,478274334155042
SBA;Temp;21;Spatially adjusted;0,232244897959184;-0,349851531434254;-0,388612412843404;-0,4488137610075
SBA;Temp;21;Spatially adjusted;0,252448979591837;-0,318587486468051;-0,357146090721443;-0,418549096764288
SBA;Temp;21;Spatially adjusted;0,27265306122449;-0,286769903103171;-0,325043946831645;-0,3874072422349
SBA;Temp;21;Spatially adjusted;0,292857142857143;-0,254352653139733;-0,292252996026694;-0,355315098228818
SBA;Temp;21;Spatially adjusted;0,313061224489796;-0,22128960837783;-0,258720253159268;-0,322199565555529
SBA;Temp;21;Spatially adjusted;0,333265306122449;-0,187534640617582;-0,224392733082052;-0,287987545024517
SBA;Temp;21;Spatially adjusted;0,353469387755102;-0,153079786337823;-0,189256532380067;-0,252652567288024
SBA;Temp;21;Spatially adjusted;0,373673469387755;-0,11806974073226;-0,153454074567737;-0,216354682369317
SBA;Temp;21;Spatially adjusted;0,393877551020408;-0,082687363673319;-0,117166864891832;-0,179300570134423
SBA;Temp;21;Spatially adjusted;0,414081632653061;-0,0471155150334397;-0,0805764085991072;-0,141696910449369
SBA;Temp;21;Spatially adjusted;0,434285714285714;-0,01153705468505;-0,0438642109363414;-0,103750383180181
SBA;Temp;21;Spatially adjusted;0,454489795918367;0,0238651574994329;-0,00721177715029953;-0,0656676681928801
SBA;Temp;21;Spatially adjusted;0,47469387755102;0,0589082616475558;0,0291993875122571;-0,0276554453534956
SBA;Temp;21;Spatially adjusted;0,494897959183674;0,0934093978869086;0,0651877778045602;0,010079605471951
SBA;Temp;21;Spatially adjusted;0,515102040816327;0,127185706345053;0,100571888479838;0,0473308044174274
SBA;Temp;21;Spatially adjusted;0,53530612244898;0,160054327149556;0,135170214291328;0,0838914716169121
SBA;Temp;21;Spatially adjusted;0,555510204081633;0,191832400427991;0,168801249992264;0,119554927204376
SBA;Temp;21;Spatially adjusted;0,575714285714286;0,222337066307926;0,201283490335879;0,154114491313798
SBA;Temp;21;Spatially adjusted;0,595918367346939;0,251385464916925;0,232435430075398;0,187363484079153
SBA;Temp;21;Spatially adjusted;0,616122448979592;0,278794736382576;0,262075563964064;0,219095225634412
SBA;Temp;21;Spatially adjusted;0,636326530612245;0,304382020832428;0,290022386755108;0,249103036113546
SBA;Temp;21;Spatially adjusted;0,656530612244898;0,32796445839406;0,316094393201759;0,27718023565054
SBA;Temp;21;Spatially adjusted;0,676734693877551;0,349359189195049;0,340110078057254;0,30312014437936
SBA;Temp;21;Spatially adjusted;0,696938775510204;0,368438523410781;0,361941497645514;0,326774945439507
SBA;Temp;21;Spatially adjusted;0,717142857142857;0,385295451408002;0,381674954573221;0,348232273992601
SBA;Temp;21;Spatially adjusted;0,73734693877551;0,400078133601276;0,399450313017745;0,367638628205764
SBA;Temp;21;Spatially adjusted;0,757551020408163;0,412934730405169;0,415407437156457;0,385140506246145
SBA;Temp;21;Spatially adjusted;0,777755102040816;0,424013402234252;0,429686191166724;0,400884406280877
SBA;Temp;21;Spatially adjusted;0,797959183673469;0,433462309503092;0,442426439225919;0,415016826477103
SBA;Temp;21;Spatially adjusted;0,818163265306122;0,441429612626255;0,45376804551141;0,42768426500195
SBA;Temp;21;Spatially adjusted;0,838367346938776;0,448063472018308;0,463850874200571;0,439033220022562
SBA;Temp;21;Spatially adjusted;0,858571428571429;0,453512048093824;0,472814789470768;0,449210189706076
SBA;Temp;21;Spatially adjusted;0,878775510204082;0,457923501267359;0,480799655499371;0,458361672219631
SBA;Temp;21;Spatially adjusted;0,898979591836735;0,461445991953504;0,487945336463756;0,466634165730358
SBA;Temp;21;Spatially adjusted;0,919183673469388;0,4642276805668;0,494391696541292;0,474174168405401
SBA;Temp;21;Spatially adjusted;0,939387755102041;0,466416727521825;0,500278599909347;0,481128178411893
SBA;Temp;21;Spatially adjusted;0,959591836734694;0,468161293233148;0,505745910745286;0,487642693916975
SBA;Temp;21;Spatially adjusted;0,979795918367347;0,469609538115339;0,510933493226489;0,493864213087779
SBA;Temp;21;Spatially adjusted;1;0,470909622582962;0,515981211530317;0,49993923409145
SBA;Temp;21;Current landscape;0,0299242977052927;-0,663278110147985;-0,784486029050495;-1,10674955294578
SBA;Temp;21;Current landscape;0,0734128654003144;-0,539958628346717;-0,769348473077237;-1,16011589177445
SBA;Temp;21;Current landscape;0,125099554657936;-0,600874303762573;-0,798599860065355;-1,23557240351137
SBA;Temp;21;Current landscape;0,177993625402451;-0,574062165354842;-0,680397729494867;-1,14502776068625
SBA;Temp;21;Current landscape;0,223547086119652;-0,23901999779866;-0,381583417809615;-0,727753635461511
SBA;Temp;21;Current landscape;0,273345053195953;-0,210765289494731;-0,399221928517076;-0,794936369213339
SBA;Temp;21;Current landscape;0,327357441186905;-0,281192574075568;-0,390343125858436;-0,758420123324367
SBA;Temp;21;Current landscape;0,376022487878799;-0,106053574160967;-0,278892566553687;-0,593055524037546
SBA;Temp;21;Current landscape;0,424283236265182;0,155419274415411;0,0119659373943968;-0,36984116298839
SBA;Temp;21;Current landscape;0,479167461395264;0,13515134394844;-0,106804348898514;-0,49021187522591
SBA;Temp;21;Current landscape;0,523283749818801;-0,00851131886204826;-0,176746832455517;-0,442700774333449
SBA;Temp;21;Current landscape;0,5751031935215;0,0176207277769471;-0,116709312004058;-0,509374732575765
SBA;Temp;21;Current landscape;0,623627662658691;0,168796880966802;-0,00806512730660458;-0,454196878454834
SBA;Temp;21;Current landscape;0,67790824174881;0,245773965681767;-0,0591855130696786;-0,249301651839843
SBA;Temp;21;Current landscape;0,724613279104233;0,0861210976663038;0,0671778188355283;-0,0775537483282243
SBA;Temp;21;Current landscape;0,778412520885468;0,11664984556365;-0,0668694131242411;-0,188743895818813
SBA;Temp;21;Current landscape;0,823101758956909;0,0847753764688513;0,129246727482073;-0,193327835529434
SBA;Temp;21;Current landscape;0,872618913650513;0,159593097647637;0,018029170318556;-0,196249019183899
SBA;Temp;21;Current landscape;0,927410125732422;0,125810057680134;-0,041840929720447;0,0130588180757272
SBA;Temp;21;Current landscape;1;0,0773243484299435;-0,103437274772517;-0,391613328210379
SBA;Temp;22;Spatially adjusted;0,01;-0,649115871389952;-0,711169975479624;-0,766864570907597
SBA;Temp;22;Spatially adjusted;0,0302040816326531;-0,620312958958795;-0,681467546784106;-0,737536617438629
SBA;Temp;22;Spatially adjusted;0,0504081632653061;-0,591474119816208;-0,651732826556305;-0,708151263940202
SBA;Temp;22;Spatially adjusted;0,0706122448979592;-0,562563427250758;-0,621933523263945;-0,678651110382852
SBA;Temp;22;Spatially adjusted;0,0908163265306122;-0,533544954551012;-0,592037345374752;-0,648978756737119
SBA;Temp;22;Spatially adjusted;0,111020408163265;-0,504382775005528;-0,562012001356443;-0,619076802973545
SBA;Temp;22;Spatially adjusted;0,131224489795918;-0,475040961902884;-0,531825199676742;-0,588887849062662
SBA;Temp;22;Spatially adjusted;0,151428571428571;-0,445483588531641;-0,501444648803361;-0,558354494975013
SBA;Temp;22;Spatially adjusted;0,171632653061224;-0,415674728180363;-0,470838057204031;-0,527419340681139
SBA;Temp;22;Spatially adjusted;0,191836734693878;-0,38557845413763;-0,43997313334647;-0,496024986151575
SBA;Temp;22;Spatially adjusted;0,212040816326531;-0,355158839692002;-0,408817585698397;-0,464114031356864
SBA;Temp;22;Spatially adjusted;0,232244897959184;-0,324379958132049;-0,377339122727534;-0,431629076267541
SBA;Temp;22;Spatially adjusted;0,252448979591837;-0,293205882746332;-0,345505452901605;-0,39851272085415
SBA;Temp;22;Spatially adjusted;0,27265306122449;-0,261600686823421;-0,313284284688326;-0,364707565087226
SBA;Temp;22;Spatially adjusted;0,292857142857143;-0,229528443651883;-0,280643326555424;-0,330156208937307
SBA;Temp;22;Spatially adjusted;0,313061224489796;-0,196953226520289;-0,247550286970615;-0,294801252374935
SBA;Temp;22;Spatially adjusted;0,333265306122449;-0,163839108717202;-0,213972874401627;-0,258585295370651
SBA;Temp;22;Spatially adjusted;0,353469387755102;-0,13018444124781;-0,17991008245917;-0,22149682181119
SBA;Temp;22;Spatially adjusted;0,373673469387755;-0,0961246859837992;-0,145486045325963;-0,183707851248098
SBA;Temp;22;Spatially adjusted;0,393877551020408;-0,0618295825134645;-0,110856182327726;-0,145436287149124
SBA;Temp;22;Spatially adjusted;0,414081632653061;-0,0274688704251034;-0,0761759127901662;-0,106900032982015
SBA;Temp;22;Spatially adjusted;0,434285714285714;0,00678771069297213;-0,0416006560390017;-0,0683169922145126
SBA;Temp;22;Spatially adjusted;0,454489795918367;0,0407704212524678;-0,00728583139994754;-0,0299050683143669
SBA;Temp;22;Spatially adjusted;0,47469387755102;0,0743095216650822;0,0266131418012776;0,00811783525067966
SBA;Temp;22;Spatially adjusted;0,494897959183674;0,107235272342518;0,0599408442389695;0,0455338150128739
SBA;Temp;22;Spatially adjusted;0,515102040816327;0,139377933696469;0,0925418565874061;0,0821249675044768
SBA;Temp;22;Spatially adjusted;0,53530612244898;0,170567766138635;0,124260759520876;0,117673389257735
SBA;Temp;22;Spatially adjusted;0,555510204081633;0,200635030080715;0,154942133713661;0,151961176804907
SBA;Temp;22;Spatially adjusted;0,575714285714286;0,22940998593441;0,184430559840052;0,184770426678245
SBA;Temp;22;Spatially adjusted;0,595918367346939;0,256722894111419;0,212570618574329;0,215883235410004
SBA;Temp;22;Spatially adjusted;0,616122448979592;0,282404015023442;0,239206890590786;0,245081699532435
SBA;Temp;22;Spatially adjusted;0,636326530612245;0,306283609082172;0,264183956563699;0,272147915577797
SBA;Temp;22;Spatially adjusted;0,656530612244898;0,328191936699316;0,287346397167354;0,296863980078335
SBA;Temp;22;Spatially adjusted;0,676734693877551;0,347959258286565;0,308538793076043;0,31901198956631
SBA;Temp;22;Spatially adjusted;0,696938775510204;0,365468194453864;0,327653768435216;0,338439378219437
SBA;Temp;22;Spatially adjusted;0,717142857142857;0,380810806604114;0,344776121274997;0,355254930797269
SBA;Temp;22;Spatially adjusted;0,73734693877551;0,394131516338437;0,360038693096676;0,369632769704825
SBA;Temp;22;Spatially adjusted;0,757551020408163;0,405574745257979;0,373574325401556;0,381747017347134
SBA;Temp;22;Spatially adjusted;0,777755102040816;0,415284914963888;0,385515859690916;0,391771796129206
SBA;Temp;22;Spatially adjusted;0,797959183673469;0,423406447057282;0,39599613746606;0,399881228456064
SBA;Temp;22;Spatially adjusted;0,818163265306122;0,430083763139308;0,405148000228277;0,406249436732725
SBA;Temp;22;Spatially adjusted;0,838367346938776;0,435461284811105;0,413104289478859;0,411050543364212
SBA;Temp;22;Spatially adjusted;0,858571428571429;0,439683433673803;0,419997846719099;0,414458670755543
SBA;Temp;22;Spatially adjusted;0,878775510204082;0,442894631328539;0,425961513450289;0,416647941311741
SBA;Temp;22;Spatially adjusted;0,898979591836735;0,445239299376457;0,431128131173718;0,417792477437821
SBA;Temp;22;Spatially adjusted;0,919183673469388;0,446861859418689;0,43563054139069;0,418066401538798
SBA;Temp;22;Spatially adjusted;0,939387755102041;0,447906733056374;0,439601585602489;0,417643836019703
SBA;Temp;22;Spatially adjusted;0,959591836734694;0,448518341890647;0,443174105310408;0,41669890328555
SBA;Temp;22;Spatially adjusted;0,979795918367347;0,448841107522647;0,446480942015747;0,415405725741351
SBA;Temp;22;Spatially adjusted;1;0,449019451553511;0,449654937219787;0,413938425792139
SBA;Temp;22;Current landscape;0,0278744511306286;-0,740411190658179;-0,836862987220979;-1,26140060075672
SBA;Temp;22;Current landscape;0,0723436921834946;-0,617123644648093;-0,829424021030285;-1,21989036312539
SBA;Temp;22;Current landscape;0,125240534543991;-0,472034591647933;-0,606784421976059;-1,0016401366577
SBA;Temp;22;Current landscape;0,173354402184486;-0,282723976174818;-0,544102922080107;-0,871576713361026
SBA;Temp;22;Current landscape;0,225056037306786;-0,245404264696848;-0,41256562974548;-0,758991125740462
SBA;Temp;22;Current landscape;0,276126027107239;-0,307677267565751;-0,329434655889443;-0,687319188082025
SBA;Temp;22;Current landscape;0,326895326375961;-0,233831607063163;-0,423031661808249;-0,797546356573719
SBA;Temp;22;Current landscape;0,374345064163208;-0,269742672564945;-0,414901954480101;-0,70358595281316
SBA;Temp;22;Current landscape;0,423498660326004;-0,0653289288712813;-0,198751262356801;-0,634060209622948
SBA;Temp;22;Current landscape;0,473815262317657;0,053583225980681;-0,117292200194889;-0,267038886712395
SBA;Temp;22;Current landscape;0,524429738521576;-0,0271600964148462;-0,161274029701996;-0,348271964999654
SBA;Temp;22;Current landscape;0,576780736446381;-0,0160864916168002;-0,124310769965508;-0,307179641991024
SBA;Temp;22;Current landscape;0,62497502565384;0,0289274809813733;-0,00120830024231822;-0,214394229540609
SBA;Temp;22;Current landscape;0,673872768878937;0,136732650105209;0,0156715816672453;-0,365949815984468
SBA;Temp;22;Current landscape;0,721692442893982;0,0724181523351888;-0,00709980152049994;-0,278929746941561
SBA;Temp;22;Current landscape;0,775322794914246;0,0222855309930807;0,0477333812120939;-0,0435106311738629
SBA;Temp;22;Current landscape;0,826109677553177;0,027647901544114;0,0794278505542465;-0,117284279921073
SBA;Temp;22;Current landscape;0,875487148761749;0,0280791754020733;-0,0666872970993708;-0,178440404138549
SBA;Temp;22;Current landscape;0,928805410861969;0,117115866018754;0,0075076188604335;-0,0440733071526722
SBA;Temp;22;Current landscape;1;0,0493913345168089;-0,128654202394106;-0,393249720973376
SBA;Temp;23;Spatially adjusted;0,01;-0,722315697032091;-0,752524348949468;-0,775173530969838
SBA;Temp;23;Spatially adjusted;0,0302040816326531;-0,691164180936376;-0,723070243200162;-0,747770899601235
SBA;Temp;23;Spatially adjusted;0,0504081632653061;-0,659977823561132;-0,6935576857881;-0,720289802189146
SBA;Temp;23;Spatially adjusted;0,0706122448979592;-0,628721783626844;-0,663928225050533;-0,692651772690084
SBA;Temp;23;Spatially adjusted;0,0908163265306122;-0,597361219853969;-0,634123409324701;-0,664778345060569
SBA;Temp;23;Spatially adjusted;0,111020408163265;-0,565861290962996;-0,604084786947858;-0,63659105325711
SBA;Temp;23;Spatially adjusted;0,131224489795918;-0,534187155674388;-0,573753906257242;-0,608011431236221
SBA;Temp;23;Spatially adjusted;0,151428571428571;-0,502303972708621;-0,543072315590102;-0,578961012954423
SBA;Temp;23;Spatially adjusted;0,171632653061224;-0,470176900786175;-0,511981563283687;-0,549361332368228
SBA;Temp;23;Spatially adjusted;0,191836734693878;-0,437771098627518;-0,480423197675236;-0,519133923434147
SBA;Temp;23;Spatially adjusted;0,212040816326531;-0,405051724953125;-0,448338767102001;-0,488200320108696
SBA;Temp;23;Spatially adjusted;0,232244897959184;-0,371983938483474;-0,415669819901225;-0,456482056348392
SBA;Temp;23;Spatially adjusted;0,252448979591837;-0,338532897939032;-0,382357904410156;-0,423900666109748
SBA;Temp;23;Spatially adjusted;0,27265306122449;-0,304663762040274;-0,348344568966041;-0,390377683349282
SBA;Temp;23;Spatially adjusted;0,292857142857143;-0,270341689507678;-0,313571361906128;-0,355834642023499
SBA;Temp;23;Spatially adjusted;0,313061224489796;-0,235531839061721;-0,277979831567656;-0,320193076088923
SBA;Temp;23;Spatially adjusted;0,333265306122449;-0,200199369422865;-0,241511526287866;-0,283374519502065
SBA;Temp;23;Spatially adjusted;0,353469387755102;-0,164343185939639;-0,204152625254618;-0,2453530677478
SBA;Temp;23;Spatially adjusted;0,373673469387755;-0,128097180472764;-0,16606783105809;-0,206313062424464
SBA;Temp;23;Spatially adjusted;0,393877551020408;-0,0916289915109942;-0,127466477139073;-0,166491406658739
SBA;Temp;23;Spatially adjusted;0,414081632653061;-0,0551062575431018;-0,0885578969383687;-0,126125003577322
SBA;Temp;23;Spatially adjusted;0,434285714285714;-0,0186966170578451;-0,0495514238967587;-0,0854507563068978
SBA;Temp;23;Spatially adjusted;0,454489795918367;0,0174322914560001;-0,0106563914550293;-0,0447055679741624
SBA;Temp;23;Spatially adjusted;0,47469387755102;0,0531128295096792;0,0279178669460229;-0,00412634170580262
SBA;Temp;23;Spatially adjusted;0,494897959183674;0,0881773586144234;0,0659620178656084;0,0360500193714834
SBA;Temp;23;Spatially adjusted;0,515102040816327;0,122458240281468;0,103266727862941;0,075586612131012
SBA;Temp;23;Spatially adjusted;0,53530612244898;0,155787836022053;0,139622663497232;0,114246533446092
SBA;Temp;23;Spatially adjusted;0,555510204081633;0,187998507347405;0,174820491327683;0,151792880190026
SBA;Temp;23;Spatially adjusted;0,575714285714286;0,218922615768772;0,208650877913517;0,187988749236133
SBA;Temp;23;Spatially adjusted;0,595918367346939;0,248392522797378;0,240904489813932;0,222597237457716
SBA;Temp;23;Spatially adjusted;0,616122448979592;0,276240589944461;0,271371993588147;0,25538144172808
SBA;Temp;23;Spatially adjusted;0,636326530612245;0,302299178721263;0,299844055795369;0,286104458920541
SBA;Temp;23;Spatially adjusted;0,656530612244898;0,326400650639005;0,32611134299481;0,314529385908408
SBA;Temp;23;Spatially adjusted;0,676734693877551;0,34837736720894;0,34996452174568;0,340419319564987
SBA;Temp;23;Spatially adjusted;0,696938775510204;0,368113508792884;0,371256475033665;0,363605714539474
SBA;Temp;23;Spatially adjusted;0,717142857142857;0,385700531155031;0,390088951550375;0,384193456584608
SBA;Temp;23;Spatially adjusted;0,73734693877551;0,401281708910169;0,406625916413891;0,402355789229013
SBA;Temp;23;Spatially adjusted;0,757551020408163;0,41500031667309;0,421031334742303;0,418265956001306
SBA;Temp;23;Spatially adjusted;0,777755102040816;0,426999629058578;0,433469171653694;0,432097200430121
SBA;Temp;23;Spatially adjusted;0,797959183673469;0,437422920681417;0,44410339226615;0,444022766044078
SBA;Temp;23;Spatially adjusted;0,818163265306122;0,44641346615639;0,453097961697747;0,454215896371792
SBA;Temp;23;Spatially adjusted;0,838367346938776;0,454114540098285;0,460616845066586;0,462849834941899
SBA;Temp;23;Spatially adjusted;0,858571428571429;0,460669417121899;0,466824007490743;0,470097825283016
SBA;Temp;23;Spatially adjusted;0,878775510204082;0,466221371841996;0,4718834140883;0,476133110923765
SBA;Temp;23;Spatially adjusted;0,898979591836735;0,470913678873384;0,47595902997735;0,481128935392775
SBA;Temp;23;Spatially adjusted;0,919183673469388;0,474889612830836;0,479214820275974;0,485258542218666
SBA;Temp;23;Spatially adjusted;0,939387755102041;0,47829244832915;0,481814750102256;0,488695174930069
SBA;Temp;23;Spatially adjusted;0,959591836734694;0,481265459983099;0,483922784574286;0,491612077055592
SBA;Temp;23;Spatially adjusted;0,979795918367347;0,483951922407478;0,485702888810142;0,494182492123869
SBA;Temp;23;Spatially adjusted;1;0,486495110217067;0,487319027927914;0,496579663663528
SBA;Temp;23;Current landscape;0,0263640116900206;-0,780755497411082;-0,743227090704469;-1,13715369264983
SBA;Temp;23;Current landscape;0,0751610919833183;-0,668598237361398;-0,702741374175279;-1,06171763087651
SBA;Temp;23;Current landscape;0,1249690502882;-0,600523658298972;-0,737608126109389;-0,973580169701982
SBA;Temp;23;Current landscape;0,177565842866898;-0,357111326329331;-0,500793017467949;-0,824488167958666
SBA;Temp;23;Current landscape;0,225977793335915;-0,484478021634779;-0,696541996355126;-0,90900221688587
SBA;Temp;23;Current landscape;0,277822762727737;-0,234235842791509;-0,505247600426412;-0,761445576857501
SBA;Temp;23;Current landscape;0,324160486459732;-0,10285599623883;-0,421957014829836;-0,851030055077189
SBA;Temp;23;Current landscape;0,378038018941879;-0,239338030892537;-0,290880969367745;-0,608379222417934
SBA;Temp;23;Current landscape;0,427650734782219;-0,133413828272108;-0,19159067780625;-0,47758325312174
SBA;Temp;23;Current landscape;0,479170829057693;-0,0404848877653023;-0,208454451207672;-0,409455801213962
SBA;Temp;23;Current landscape;0,522414267063141;0,202955762384427;0,117053698853081;-0,0624693930326679
SBA;Temp;23;Current landscape;0,574206948280334;0,169942354288022;0,0110783097941045;-0,287567325503414
SBA;Temp;23;Current landscape;0,62182354927063;0,129072867978049;0,0175430632344948;-0,278849345439863
SBA;Temp;23;Current landscape;0,676884889602661;0,205420601863622;0,147046281276317;-0,159039359771153
SBA;Temp;23;Current landscape;0,726346075534821;0,10294992190007;-0,16210874077434;-0,401415944166896
SBA;Temp;23;Current landscape;0,779976010322571;0,106464120714012;-0,0295030035626596;-0,211360610151608
SBA;Temp;23;Current landscape;0,821000427007675;0,0587024687226609;-0,013023281283548;-0,237098385827835
SBA;Temp;23;Current landscape;0,872840642929077;0,069764267783313;-0,0319925923566871;-0,13107256255714
SBA;Temp;23;Current landscape;0,929687440395355;0,093897800664319;0,045636257086187;0,11783512556633
SBA;Temp;23;Current landscape;1;-0,0381858325530082;-0,375758575504804;-0,586036897644746
SBA;Temp;24;Spatially adjusted;0,01;-0,71666289847353;-0,768504927521899;-0,841391592023211
SBA;Temp;24;Spatially adjusted;0,0302040816326531;-0,684757033240242;-0,735905373202364;-0,802323217412514
SBA;Temp;24;Spatially adjusted;0,0504081632653061;-0,652827487605578;-0,703279438290728;-0,763283400227842
SBA;Temp;24;Spatially adjusted;0,0706122448979592;-0,620850581168156;-0,670600742194893;-0,724300697895234
SBA;Temp;24;Spatially adjusted;0,0908163265306122;-0,588802633526598;-0,637842904322756;-0,685403667840706
SBA;Temp;24;Spatially adjusted;0,111020408163265;-0,556659964279525;-0,604979544082216;-0,646620867490292
SBA;Temp;24;Spatially adjusted;0,131224489795918;-0,524398893025559;-0,571984280881178;-0,607980854270025
SBA;Temp;24;Spatially adjusted;0,151428571428571;-0,491995739363315;-0,538830734127537;-0,569512185605927
SBA;Temp;24;Spatially adjusted;0,171632653061224;-0,45942682289142;-0,505492523229194;-0,531243418924028
SBA;Temp;24;Spatially adjusted;0,191836734693878;-0,4266684632085;-0,47194326759405;-0,493203111650356
SBA;Temp;24;Spatially adjusted;0,212040816326531;-0,39369697991317;-0,438156586629997;-0,455419821210942
SBA;Temp;24;Spatially adjusted;0,232244897959184;-0,360488692604047;-0,404106099744951;-0,417922105031813
SBA;Temp;24;Spatially adjusted;0,252448979591837;-0,327019920879756;-0,369765426346795;-0,380738520538998
SBA;Temp;24;Spatially adjusted;0,27265306122449;-0,293266984338921;-0,335108185843438;-0,343897625158522
SBA;Temp;24;Spatially adjusted;0,292857142857143;-0,259206202580167;-0,300107997642776;-0,307427976316422
SBA;Temp;24;Spatially adjusted;0,313061224489796;-0,2248138952021;-0,264738481152715;-0,271358131438717
SBA;Temp;24;Spatially adjusted;0,333265306122449;-0,190066381803355;-0,228973255781145;-0,235716647951445
SBA;Temp;24;Spatially adjusted;0,353469387755102;-0,154968039987622;-0,192814283970616;-0,20053227662201
SBA;Temp;24;Spatially adjusted;0,373673469387755;-0,119635479378907;-0,156376900302245;-0,165834541583383
SBA;Temp;24;Spatially adjusted;0,393877551020408;-0,0842133676062886;-0,119804782391792;-0,131653160309913
SBA;Temp;24;Spatially adjusted;0,414081632653061;-0,048846372298847;-0,0832416078550118;-0,0980178502759443
SBA;Temp;24;Spatially adjusted;0,434285714285714;-0,0136791610856513;-0,0468310543076775;-0,0649583289558358
SBA;Temp;24;Spatially adjusted;0,454489795918367;0,0211435984042012;-0,0107167993655359;-0,0325043138239245
SBA;Temp;24;Spatially adjusted;0,47469387755102;0,0554772385416555;0,0249574793556384;-0,000685522354569201
SBA;Temp;24;Spatially adjusted;0,494897959183674;0,0891770916976107;0,0600481042400922;0,0304683279778821
SBA;Temp;24;Spatially adjusted;0,515102040816327;0,122098490243008;0,0944113976720651;0,0609275196990851
SBA;Temp;24;Spatially adjusted;0,53530612244898;0,154096766548758;0,127903682035793;0,090662335334688
SBA;Temp;24;Spatially adjusted;0,555510204081633;0,185027252985783;0,160381279715516;0,119643057410336
SBA;Temp;24;Spatially adjusted;0,575714285714286;0,214745281925001;0,191700513095473;0,147839968451684
SBA;Temp;24;Spatially adjusted;0,595918367346939;0,243106185737339;0,221717704559904;0,175223350984385
SBA;Temp;24;Spatially adjusted;0,616122448979592;0,269965296793721;0,250289176493048;0,201763487534084
SBA;Temp;24;Spatially adjusted;0,636326530612245;0,295177947465067;0,277271251279146;0,227430660626439
SBA;Temp;24;Spatially adjusted;0,656530612244898;0,318599470122287;0,302520251302433;0,252195152787095
SBA;Temp;24;Spatially adjusted;0,676734693877551;0,340085197136315;0,325892498947148;0,276027246541702
SBA;Temp;24;Spatially adjusted;0,696938775510204;0,359536243642008;0,347289309012602;0,298912199368726
SBA;Temp;24;Spatially adjusted;0,717142857142857;0,377036855829935;0,36679196595837;0,320895168557872
SBA;Temp;24;Spatially adjusted;0,73734693877551;0,392717062654629;0,384526746659098;0,342036286351679
SBA;Temp;24;Spatially adjusted;0,757551020408163;0,406706893070599;0,400619927989435;0,362395684992659
SBA;Temp;24;Spatially adjusted;0,777755102040816;0,419136376032359;0,415197786824017;0,382033496723338
SBA;Temp;24;Spatially adjusted;0,797959183673469;0,430135540494437;0,428386600037502;0,401009853786256
SBA;Temp;24;Spatially adjusted;0,818163265306122;0,439834415411337;0,440312644504527;0,419384888423917
SBA;Temp;24;Spatially adjusted;0,838367346938776;0,448363029737589;0,451102197099747;0,437218732878858
SBA;Temp;24;Spatially adjusted;0,858571428571429;0,455851412427695;0,460881534697798;0,4545715193936
SBA;Temp;24;Spatially adjusted;0,878775510204082;0,462429592436195;0,469776934173328;0,47150338021067
SBA;Temp;24;Spatially adjusted;0,898979591836735;0,468227598717579;0,477914672400981;0,48807444757259
SBA;Temp;24;Spatially adjusted;0,919183673469388;0,473375460226386;0,485421026255413;0,504344853721882
SBA;Temp;24;Spatially adjusted;0,939387755102041;0,478003205917119;0,492422272611258;0,520374730901079
SBA;Temp;24;Spatially adjusted;0,959591836734694;0,482240864744306;0,499044688343165;0,5362242113527
SBA;Temp;24;Spatially adjusted;0,979795918367347;0,486218465662457;0,505414550325785;0,551953427319273
SBA;Temp;24;Spatially adjusted;1;0,49006603762609;0,511658135433756;0,567622511043325
SBA;Temp;24;Current landscape;0,0236031357198954;-0,666786787167457;-0,726798746504127;-1,0228745999436
SBA;Temp;24;Current landscape;0,0789347477257252;-0,483731314256318;-0,61015668696038;-0,975723121593255
SBA;Temp;24;Current landscape;0,124414406716824;-0,596169879579225;-0,799437240870393;-1,04073566240224
SBA;Temp;24;Current landscape;0,174966335296631;-0,37162483184968;-0,47625287406704;-0,867565998270951
SBA;Temp;24;Current landscape;0,226270750164986;-0,440988706935052;-0,691232332429035;-0,959044614595637
SBA;Temp;24;Current landscape;0,27684023976326;-0,204054874584269;-0,39035158561293;-0,833642871404567
SBA;Temp;24;Current landscape;0,327679395675659;-0,0757562983905693;-0,362099496137699;-0,855157411258993
SBA;Temp;24;Current landscape;0,374919608235359;-0,309609398608824;-0,450130069543214;-0,765907270887904
SBA;Temp;24;Current landscape;0,4283646941185;-0,122133518886404;-0,263390655204478;-0,62747926514168
SBA;Temp;24;Current landscape;0,47777396440506;0,111441271543903;0,0412662636983079;-0,258636130957701
SBA;Temp;24;Current landscape;0,524170994758606;-0,0114949707466607;-0,100678635739001;-0,223842680557638
SBA;Temp;24;Current landscape;0,577047944068909;0,176472111819553;0,0487658962891402;-0,231813566900289
SBA;Temp;24;Current landscape;0,623523384332657;0,115066321665829;0,179545031311282;-0,193778870096043
SBA;Temp;24;Current landscape;0,677364408969879;0,200402198342822;0,0267717548289603;-0,301955488573189
SBA;Temp;24;Current landscape;0,722894489765167;0,174785880442961;0,0640600530409472;-0,263333842350633
SBA;Temp;24;Current landscape;0,773769021034241;0,0661618840915672;-0,0417435189857009;-0,151624509462501
SBA;Temp;24;Current landscape;0,825284034013749;0,0690462745195184;0,0685504774227077;-0,218399852481983
SBA;Temp;24;Current landscape;0,877266883850098;0,099026889623719;-0,0956797889501964;-0,29532609410019
SBA;Temp;24;Current landscape;0,930572152137756;0,111694642971418;0,0365113344301058;0,105987351769112
SBA;Temp;24;Current landscape;1;-0,0123062633162618;-0,00822879526310771;-0,296135477558117
SBA;Temp;25;Spatially adjusted;0,01;-0,698504382386336;-0,736456209229999;-0,79256452278775
SBA;Temp;25;Spatially adjusted;0,0302040816326531;-0,668352918188774;-0,709075890228814;-0,762092247073266
SBA;Temp;25;Spatially adjusted;0,0504081632653061;-0,63815692786817;-0,681621651959816;-0,731565719096363
SBA;Temp;25;Spatially adjusted;0,0706122448979592;-0,607871885301481;-0,6540195751552;-0,700930686594631
SBA;Temp;25;Spatially adjusted;0,0908163265306122;-0,577453264365666;-0,626195740547153;-0,670132897305646
SBA;Temp;25;Spatially adjusted;0,111020408163265;-0,546856538937661;-0,598076228867871;-0,639118098967
SBA;Temp;25;Spatially adjusted;0,131224489795918;-0,516037182894447;-0,56958712084954;-0,607832039316271
SBA;Temp;25;Spatially adjusted;0,151428571428571;-0,484950670112958;-0,540654497224345;-0,576220466091048
SBA;Temp;25;Spatially adjusted;0,171632653061224;-0,453552474470168;-0,511204438724487;-0,54422912702891
SBA;Temp;25;Spatially adjusted;0,191836734693878;-0,421798069843021;-0,48116302608215;-0,511803769867441
SBA;Temp;25;Spatially adjusted;0,212040816326531;-0,389642930108483;-0,450456340029525;-0,478890142344227
SBA;Temp;25;Spatially adjusted;0,232244897959184;-0,357042529143499;-0,419010461298804;-0,44543399219685
SBA;Temp;25;Spatially adjusted;0,252448979591837;-0,323952340825034;-0,386751470622173;-0,411381067162896
SBA;Temp;25;Spatially adjusted;0,27265306122449;-0,290327839030041;-0,353605448731823;-0,376677114979948
SBA;Temp;25;Spatially adjusted;0,292857142857143;-0,256124497635476;-0,31949847635995;-0,341267883385591
SBA;Temp;25;Spatially adjusted;0,313061224489796;-0,221297790518289;-0,28435663423874;-0,305099120117404
SBA;Temp;25;Spatially adjusted;0,333265306122449;-0,185803191555443;-0,248106003100382;-0,268116572912973
SBA;Temp;25;Spatially adjusted;0,353469387755102;-0,149637154573231;-0,210724329296706;-0,230308902043689
SBA;Temp;25;Spatially adjusted;0,373673469387755;-0,112960053195273;-0,172396021658056;-0,19183641791615
SBA;Temp;25;Spatially adjusted;0,393877551020408;-0,0759732409945393;-0,133357154634417;-0,152902343470757
SBA;Temp;25;Spatially adjusted;0,414081632653061;-0,0388780715439943;-0,0938438026757815;-0,113709901647916
SBA;Temp;25;Spatially adjusted;0,434285714285714;-0,00187589841658919;-0,0540920402321312;-0,0744623153880291
SBA;Temp;25;Spatially adjusted;0,454489795918367;0,0348319248147;-0,0143379417534462;-0,0353628076315005
SBA;Temp;25;Spatially adjusted;0,47469387755102;0,0710440445769187;0,0251824183102798;0,0033853986812673
SBA;Temp;25;Spatially adjusted;0,494897959183674;0,106559107297091;0,064232965509067;0,0415790806098677
SBA;Temp;25;Spatially adjusted;0,515102040816327;0,14117575940227;0,102577625392932;0,0790150152139049
SBA;Temp;25;Spatially adjusted;0,53530612244898;0,174692647319485;0,139980323511882;0,115489979552965
SBA;Temp;25;Spatially adjusted;0,555510204081633;0,206908417475766;0,176204985415936;0,150800750686656
SBA;Temp;25;Spatially adjusted;0,575714285714286;0,237621716298161;0,211015536655115;0,184744105674564
SBA;Temp;25;Spatially adjusted;0,595918367346939;0,266631190213701;0,244175902779421;0,217116821576294
SBA;Temp;25;Spatially adjusted;0,616122448979592;0,293735485649421;0,275450009338879;0,247715675451435
SBA;Temp;25;Spatially adjusted;0,636326530612245;0,318733249032363;0,304601781883498;0,276337444359587
SBA;Temp;25;Spatially adjusted;0,656530612244898;0,341423126789564;0,331395145963299;0,302778905360348
SBA;Temp;25;Spatially adjusted;0,676734693877551;0,361603765348054;0,355594027128291;0,326836835513316
SBA;Temp;25;Spatially adjusted;0,696938775510204;0,379135605405072;0,37703118164271;0,348368827720108
SBA;Temp;25;Spatially adjusted;0,717142857142857;0,394126264738656;0,395814688627631;0,367475738250466
SBA;Temp;25;Spatially adjusted;0,73734693877551;0,406745155397019;0,412121457918364;0,384319239216151
SBA;Temp;25;Spatially adjusted;0,757551020408163;0,417161689428408;0,426128399350201;0,399061002728921
SBA;Temp;25;Spatially adjusted;0,777755102040816;0,425545278881035;0,43801242275844;0,411862700900546
SBA;Temp;25;Spatially adjusted;0,797959183673469;0,432065335803149;0,447950437978388;0,422886005842781
SBA;Temp;25;Spatially adjusted;0,818163265306122;0,43689127224296;0,456119354845345;0,432292589667391
SBA;Temp;25;Spatially adjusted;0,838367346938776;0,440192500248717;0,462696083194601;0,440244124486139
SBA;Temp;25;Spatially adjusted;0,858571428571429;0,442138431868624;0,467857532861466;0,44690228241079
SBA;Temp;25;Spatially adjusted;0,878775510204082;0,442898479150937;0,471780613681229;0,452428735553102
SBA;Temp;25;Spatially adjusted;0,898979591836735;0,442642054143871;0,474642235489199;0,456985156024839
SBA;Temp;25;Spatially adjusted;0,919183673469388;0,441538568895659;0,476619308120672;0,460733215937765
SBA;Temp;25;Spatially adjusted;0,939387755102041;0,439757435454531;0,477888741410943;0,463834587403643
SBA;Temp;25;Spatially adjusted;0,959591836734694;0,437468065868707;0,478627445195322;0,46645094253423
SBA;Temp;25;Spatially adjusted;0,979795918367347;0,43483987218643;0,479012329309096;0,468743953441297
SBA;Temp;25;Spatially adjusted;1;0,432042266455923;0,479220303587571;0,470875292236599
SBA;Temp;25;Current landscape;0,0281156171113253;-0,761547616164911;-0,823612513021985;-1,24642264899391
SBA;Temp;25;Current landscape;0,0736807584762573;-0,386568900925987;-0,536325380736049;-0,964499053951418
SBA;Temp;25;Current landscape;0,124687232077122;-0,536396447921607;-0,649994606166501;-0,919980943858139
SBA;Temp;25;Current landscape;0,180432915687561;-0,356258803778957;-0,55762926649826;-0,810037296032977
SBA;Temp;25;Current landscape;0,226371988654137;-0,247187157463703;-0,521284471691171;-0,810071743451168
SBA;Temp;25;Current landscape;0,277568727731705;-0,304845664339986;-0,514900229008905;-0,816196548291249
SBA;Temp;25;Current landscape;0,326844304800034;-0,010453069639258;-0,387296509758993;-0,728907372409235
SBA;Temp;25;Current landscape;0,372875541448593;-0,138661604520017;-0,340708853999626;-0,935462268394211
SBA;Temp;25;Current landscape;0,426865100860596;0,228277582713528;-0,0146675284721312;-0,358181415641386
SBA;Temp;25;Current landscape;0,475843787193298;0,094984509792603;-0,0772401625964108;-0,372332789018
SBA;Temp;25;Current landscape;0,526027023792267;0,219315207009988;-0,0357666469587734;-0,205844069747567
SBA;Temp;25;Current landscape;0,574868381023407;0,0587202481883473;-0,0769740648210338;-0,367112445040927
SBA;Temp;25;Current landscape;0,624630749225616;0,170518398662228;0,0590234517070591;-0,17513156878238
SBA;Temp;25;Current landscape;0,676211476325989;0,346260453654576;0,140909909930315;-0,190934390519832
SBA;Temp;25;Current landscape;0,725641429424286;0,161594957191859;0,040213284252502;-0,267097347476735
SBA;Temp;25;Current landscape;0,777841329574585;0,10983706198612;0,027658870838966;-0,338916374112159
SBA;Temp;25;Current landscape;0,829925894737244;0,0923479915810468;0,133920822961226;-0,324250287013886
SBA;Temp;25;Current landscape;0,873090147972107;0,114587617247462;-0,0402207842667615;-0,248427663028469
SBA;Temp;25;Current landscape;0,932139873504638;-0,0513689921601568;-0,00323793668453476;0,0828854195055762
SBA;Temp;25;Current landscape;1;-0,0808173633599303;-0,327929279746662;-0,499299538941504
SBA;Temp;26;Spatially adjusted;0,01;-0,723056704912214;-0,78292851988304;-0,823722350057004
SBA;Temp;26;Spatially adjusted;0,0302040816326531;-0,689354887131589;-0,748136780745995;-0,790694233496119
SBA;Temp;26;Spatially adjusted;0,0504081632653061;-0,655637918938346;-0,713336970429303;-0,757641097037219
SBA;Temp;26;Spatially adjusted;0,0706122448979592;-0,621890649919841;-0,678521017753322;-0,724537920782282
SBA;Temp;26;Spatially adjusted;0,0908163265306122;-0,588097929663466;-0,643680851538406;-0,691359684833287
SBA;Temp;26;Spatially adjusted;0,111020408163265;-0,554244607756587;-0,608808400604904;-0,658081369292226
SBA;Temp;26;Spatially adjusted;0,131224489795918;-0,520315533786572;-0,57389559377318;-0,624677954261081
SBA;Temp;26;Spatially adjusted;0,151428571428571;-0,48629555734081;-0,538934359863582;-0,591124419841822
SBA;Temp;26;Spatially adjusted;0,171632653061224;-0,452169528006664;-0,503916627696469;-0,557395746136443
SBA;Temp;26;Spatially adjusted;0,191836734693878;-0,417922295371504;-0,468834326092193;-0,523466913246924
SBA;Temp;26;Spatially adjusted;0,212040816326531;-0,383538709022719;-0,433679383871109;-0,489312901275245
SBA;Temp;26;Spatially adjusted;0,232244897959184;-0,349003618547673;-0,398443729853575;-0,454908690323389
SBA;Temp;26;Spatially adjusted;0,252448979591837;-0,314301873533744;-0,363119292859938;-0,420229260493336
SBA;Temp;26;Spatially adjusted;0,27265306122449;-0,279418323568304;-0,327698001710559;-0,385249591887074
SBA;Temp;26;Spatially adjusted;0,292857142857143;-0,244337818238723;-0,292171785225793;-0,349944664606586
SBA;Temp;26;Spatially adjusted;0,313061224489796;-0,209045207132384;-0,256532572225993;-0,314289458753844
SBA;Temp;26;Spatially adjusted;0,333265306122449;-0,173525339836655;-0,220772291531514;-0,278258954430839
SBA;Temp;26;Spatially adjusted;0,353469387755102;-0,137789141374221;-0,1849024806187;-0,24185485515515
SBA;Temp;26;Spatially adjusted;0,373673469387755;-0,101951838509031;-0,149013111587884;-0,205185758106754
SBA;Temp;26;Spatially adjusted;0,393877551020408;-0,0661547334403245;-0,113213765195376;-0,168386983881227
SBA;Temp;26;Spatially adjusted;0,414081632653061;-0,030539128367348;-0,0776140221974941;-0,131593853074143
SBA;Temp;26;Spatially adjusted;0,434285714285714;0,00475367451064557;-0,0423234633505523;-0,094941686281075
SBA;Temp;26;Spatially adjusted;0,454489795918367;0,0395823729944027;-0,00745166941088016;-0,0585658040976007
SBA;Temp;26;Spatially adjusted;0,47469387755102;0,0738056648846737;0,0268917788652203;-0,0226015271192956
SBA;Temp;26;Spatially adjusted;0,494897959183674;0,107282247982216;0,0605973007214189;0,0128158240582685
SBA;Temp;26;Spatially adjusted;0,515102040816327;0,139870820087769;0,0935553154014066;0,0475509288395095
SBA;Temp;26;Spatially adjusted;0,53530612244898;0,171430079002093;0,125656242148867;0,0814684666288592
SBA;Temp;26;Spatially adjusted;0,555510204081633;0,201818722525939;0,156790500207478;0,114433116830742
SBA;Temp;26;Spatially adjusted;0,575714285714286;0,230895448460046;0,186848508820923;0,14630955884958
SBA;Temp;26;Spatially adjusted;0,595918367346939;0,258518954605172;0,215720687232885;0,176962472089798
SBA;Temp;26;Spatially adjusted;0,616122448979592;0,284547938762071;0,243297454687049;0,20625653595582
SBA;Temp;26;Spatially adjusted;0,636326530612245;0,308841098731488;0,269469230427099;0,234056429852075
SBA;Temp;26;Spatially adjusted;0,656530612244898;0,331257132314175;0,294126433696714;0,260226833182983
SBA;Temp;26;Spatially adjusted;0,676734693877551;0,351654737310881;0,317159483739577;0,284632425352971
SBA;Temp;26;Spatially adjusted;0,696938775510204;0,369938659084575;0,338495122987748;0,307180232238188
SBA;Temp;26;Spatially adjusted;0,717142857142857;0,386197833247124;0,358205386626796;0,327946665601697
SBA;Temp;26;Spatially adjusted;0,73734693877551;0,400567242972592;0,376398633030657;0,347050483678267
SBA;Temp;26;Spatially adjusted;0,757551020408163;0,413181871435061;0,393183220573281;0,364610444702688
SBA;Temp;26;Spatially adjusted;0,777755102040816;0,424176701808605;0,408667507628596;0,380745306909734
SBA;Temp;26;Spatially adjusted;0,797959183673469;0,43368671726731;0,422959852570557;0,395573828534193
SBA;Temp;26;Spatially adjusted;0,818163265306122;0,44184690098524;0,436168613773098;0,409214767810845
SBA;Temp;26;Spatially adjusted;0,838367346938776;0,448792236136484;0,448402149610164;0,421786882974462
SBA;Temp;26;Spatially adjusted;0,858571428571429;0,454657705895112;0,459768818455697;0,433408932259837
SBA;Temp;26;Spatially adjusted;0,878775510204082;0,459578293435197;0,470376978683635;0,444199673901739
SBA;Temp;26;Spatially adjusted;0,898979591836735;0,463688981930826;0,480334988667924;0,454277866134962
SBA;Temp;26;Spatially adjusted;0,919183673469388;0,467124754556068;0,489751206782504;0,463762267194277
SBA;Temp;26;Spatially adjusted;0,939387755102041;0,470020594485007;0,498733991401316;0,472771635314469
SBA;Temp;26;Spatially adjusted;0,959591836734694;0,472511484891705;0,507391700898307;0,481424728730318
SBA;Temp;26;Spatially adjusted;0,979795918367347;0,47473240895026;0,515832693647411;0,489840305676605
SBA;Temp;26;Spatially adjusted;1;0,476818349834733;0,524165328022573;0,498137124388112
SBA;Temp;26;Current landscape;0,0281156171113253;-0,623969974725743;-0,71776143743379;-0,9726739119582
SBA;Temp;26;Current landscape;0,0761957615613937;-0,532955984456134;-0,692879594942777;-1,05619443891029
SBA;Temp;26;Current landscape;0,122223563492298;-0,598197259887574;-0,769223681123229;-1,09998494883945
SBA;Temp;26;Current landscape;0,177192822098732;-0,319259208913238;-0,546444627442554;-1,00128066079813
SBA;Temp;26;Current landscape;0,22770120203495;-0,36044435027506;-0,466117747355298;-0,839604028041389
SBA;Temp;26;Current landscape;0,278812378644943;-0,148074588764899;-0,235607727142813;-0,651310572340417
SBA;Temp;26;Current landscape;0,329221785068512;-0,12743316611725;-0,410046041212908;-0,708887715784311
SBA;Temp;26;Current landscape;0,375740885734558;-0,06646441997799;-0,224088860409278;-0,564302149109178
SBA;Temp;26;Current landscape;0,423012495040894;-0,0650034169757667;-0,207445364056934;-0,527124246739884
SBA;Temp;26;Current landscape;0,477986723184586;0,180373019919763;0,00722480938885184;-0,307728036198657
SBA;Temp;26;Current landscape;0,525460720062256;0,124092847968971;-0,071387273837459;-0,39394292793855
SBA;Temp;26;Current landscape;0,577864110469818;0,066577923740514;-0,136757292383948;-0,413287384144368
SBA;Temp;26;Current landscape;0,625525712966919;0,177525075418608;0,0341898802755019;-0,361464974618578
SBA;Temp;26;Current landscape;0,674016773700714;0,0356611049086659;-0,10253456901599;-0,430286370726474
SBA;Temp;26;Current landscape;0,724481761455536;-0,0988315036354983;-0,244205853665751;-0,352131116271025
SBA;Temp;26;Current landscape;0,774699598550797;0,0398884495929472;-0,158454828300069;-0,316417775263012
SBA;Temp;26;Current landscape;0,830282092094421;0,161739923061713;0,177760500182689;-0,179711672130658
SBA;Temp;26;Current landscape;0,874548971652985;-0,0271299829551168;-0,103652070636702;-0,247173131491842
SBA;Temp;26;Current landscape;0,928417861461639;-0,0915704935803383;-0,213539763133245;-0,19956872673033
SBA;Temp;26;Current landscape;1;0,06183627512074;-0,157041086668709;-0,440266168422276
SBA;Temp;27;Spatially adjusted;0,01;-0,697998408674312;-0,70541830558653;-0,767298954838477
SBA;Temp;27;Spatially adjusted;0,0302040816326531;-0,66795757834619;-0,679952277442176;-0,740234137947219
SBA;Temp;27;Spatially adjusted;0,0504081632653061;-0,637880943810963;-0,654410824463049;-0,713103021482613
SBA;Temp;27;Spatially adjusted;0,0706122448979592;-0,607732700861508;-0,628718521814371;-0,685839305871308
SBA;Temp;27;Spatially adjusted;0,0908163265306122;-0,577477045290717;-0,602799944661363;-0,658376691539957
SBA;Temp;27;Spatially adjusted;0,111020408163265;-0,547078172891474;-0,576579668169256;-0,63064887891521
SBA;Temp;27;Spatially adjusted;0,131224489795918;-0,516500279456675;-0,549982267503264;-0,602589568423714
SBA;Temp;27;Spatially adjusted;0,151428571428571;-0,485707560779197;-0,522932317828623;-0,57413246049213
SBA;Temp;27;Spatially adjusted;0,171632653061224;-0,454664212651935;-0,495354394310557;-0,545211255547098
SBA;Temp;27;Spatially adjusted;0,191836734693878;-0,423334430867772;-0,467173072114278;-0,515759654015273
SBA;Temp;27;Spatially adjusted;0,212040816326531;-0,391682411219602;-0,438312926405022;-0,485711356323307
SBA;Temp;27;Spatially adjusted;0,232244897959184;-0,359672349500308;-0,408698532348009;-0,455000062897852
SBA;Temp;27;Spatially adjusted;0,252448979591837;-0,327268441502774;-0,378254465108462;-0,423559474165558
SBA;Temp;27;Spatially adjusted;0,27265306122449;-0,2944348830199;-0,34690529985161;-0,391323290553071
SBA;Temp;27;Spatially adjusted;0,292857142857143;-0,261135869844562;-0,314575611742676;-0,358225212487049
SBA;Temp;27;Spatially adjusted;0,313061224489796;-0,227335597769649;-0,281189975946877;-0,32419894039414
SBA;Temp;27;Spatially adjusted;0,333265306122449;-0,192998262588056;-0,246672967629447;-0,289178174700993
SBA;Temp;27;Spatially adjusted;0,353469387755102;-0,158121973661995;-0,21099765597798;-0,253140270976186
SBA;Temp;27;Spatially adjusted;0,373673469387755;-0,122840494630999;-0,174331086269564;-0,216237205355974
SBA;Temp;27;Spatially adjusted;0,393877551020408;-0,0873215027039365;-0,136888797803664;-0,178664609118535
SBA;Temp;27;Spatially adjusted;0,414081632653061;-0,0517326750896636;-0,0988863298797362;-0,140618113542057
SBA;Temp;27;Spatially adjusted;0,434285714285714;-0,0162416889970558;-0,0605392217972494;-0,102293349904716
SBA;Temp;27;Spatially adjusted;0,454489795918367;0,0189837783650297;-0,0220630128556678;-0,0638859494846926
SBA;Temp;27;Spatially adjusted;0,47469387755102;0,0537760497877322;0,0163267576455581;-0,0255915435601679
SBA;Temp;27;Spatially adjusted;0,494897959183674;0,0879674480621766;0,0544145504069533;0,0123942365906728
SBA;Temp;27;Spatially adjusted;0,515102040816327;0,121390295979509;0,0919848261290603;0,0498757596896553
SBA;Temp;27;Spatially adjusted;0,53530612244898;0,153876916330866;0,128822045512415;0,0866573944585944
SBA;Temp;27;Spatially adjusted;0,555510204081633;0,185259631907375;0,164710669257563;0,122543509619312
SBA;Temp;27;Spatially adjusted;0,575714285714286;0,215370765500172;0,199435158065032;0,157338473893628
SBA;Temp;27;Spatially adjusted;0,595918367346939;0,244042639900407;0,232779972635367;0,190846656003359
SBA;Temp;27;Spatially adjusted;0,616122448979592;0,271107577899201;0,264529573669101;0,222872424670324
SBA;Temp;27;Spatially adjusted;0,636326530612245;0,296397902287694;0,294468421866771;0,253220148616343
SBA;Temp;27;Spatially adjusted;0,656530612244898;0,319745935857029;0,322380977928919;0,281694196563237
SBA;Temp;27;Spatially adjusted;0,676734693877551;0,340984001398329;0,348051702556081;0,308098937232824
SBA;Temp;27;Spatially adjusted;0,696938775510204;0,359996093375436;0,371326577277188;0,332294937669907
SBA;Temp;27;Spatially adjusted;0,717142857142857;0,376872892942952;0,392297666934752;0,354367558211219
SBA;Temp;27;Spatially adjusted;0,73734693877551;0,391756752928199;0,411118557199668;0,374458357516481
SBA;Temp;27;Spatially adjusted;0,757551020408163;0,404790026158462;0,427942833742847;0,392708894245409
SBA;Temp;27;Spatially adjusted;0,777755102040816;0,41611506546106;0,442924082235191;0,40926072705772
SBA;Temp;27;Spatially adjusted;0,797959183673469;0,425874223663296;0,4562158883476;0,424255414613135
SBA;Temp;27;Spatially adjusted;0,818163265306122;0,434209853592467;0,46797183775098;0,437834515571367
SBA;Temp;27;Spatially adjusted;0,838367346938776;0,44126430807589;0,478345516116232;0,450139588592137
SBA;Temp;27;Spatially adjusted;0,858571428571429;0,447179939940874;0,487490509114259;0,461312192335168
SBA;Temp;27;Spatially adjusted;0,878775510204082;0,45209910201471;0,495560402415965;0,471493885460166
SBA;Temp;27;Spatially adjusted;0,898979591836735;0,45616414712471;0,502708781692249;0,480826226626864
SBA;Temp;27;Spatially adjusted;0,919183673469388;0,459517428098188;0,509089232614024;0,489450774494969
SBA;Temp;27;Spatially adjusted;0,939387755102041;0,462301297762441;0,514855340852183;0,4975090877242
SBA;Temp;27;Spatially adjusted;0,959591836734694;0,464658108944775;0,520160692077631;0,505142724974277
SBA;Temp;27;Spatially adjusted;0,979795918367347;0,466730214472499;0,525158871961281;0,51249324490492
SBA;Temp;27;Spatially adjusted;1;0,468659967172915;0,530003466174023;0,519702206175847
SBA;Temp;27;Current landscape;0,0282885227352381;-0,689200155374149;-0,788858228665973;-1,15155151990578
SBA;Temp;27;Current landscape;0,0751648023724556;-0,526532298328881;-0,612637488412865;-1,14472279046261
SBA;Temp;27;Current landscape;0,125894755125046;-0,368627534305354;-0,521075749496887;-0,816109883210192
SBA;Temp;27;Current landscape;0,175219297409058;-0,324744433451237;-0,451404886038937;-0,771390008638317
SBA;Temp;27;Current landscape;0,224856570363045;-0,225281306203001;-0,536343909938601;-0,912031913119737
SBA;Temp;27;Current landscape;0,277883499860764;-0,27091517858047;-0,393974328316311;-0,777103035581192
SBA;Temp;27;Current landscape;0,324289828538895;-0,273344094048735;-0,440761592395084;-0,795485653623651
SBA;Temp;27;Current landscape;0,375378727912903;-0,176393016023795;-0,390214840123978;-0,649600096729582
SBA;Temp;27;Current landscape;0,427664816379547;0,0835915543596428;-0,125080872122915;-0,501373369805894
SBA;Temp;27;Current landscape;0,479046434164047;0,29175179595569;-0,0286351286273998;-0,391544147105449
SBA;Temp;27;Current landscape;0,52638167142868;0,105536746500785;-0,186930354879578;-0,546191683740521
SBA;Temp;27;Current landscape;0,571617424488068;0,217066305561261;0,0507452324797022;-0,395225379441222
SBA;Temp;27;Current landscape;0,622423350811005;0,125124340764323;0,0877531265700426;-0,212530526876066
SBA;Temp;27;Current landscape;0,672983318567276;0,105899327004529;-0,0330275201521673;-0,327459051768209
SBA;Temp;27;Current landscape;0,72374951839447;0,132559512279439;0,094145594013213;-0,133914027233882
SBA;Temp;27;Current landscape;0,774222254753113;0,258685352997404;0,0956945969411152;-0,0616153787598144
SBA;Temp;27;Current landscape;0,825702965259552;0,296795208378253;0,220868653897714;-0,165662985367369
SBA;Temp;27;Current landscape;0,876252114772797;0,118915512167536;-0,0588437661264969;-0,218641745282607
SBA;Temp;27;Current landscape;0,927139818668365;-0,073379284676431;-0,0730468377676559;-0,00927955555597393
SBA;Temp;27;Current landscape;1;0,142041756431592;-0,147433106058589;-0,40511552900638
SBA;Temp;28;Spatially adjusted;0,01;-0,715742144478657;-0,738994413730037;-0,785138038310009
SBA;Temp;28;Spatially adjusted;0,0302040816326531;-0,6806986028311;-0,706453524360015;-0,754357601335915
SBA;Temp;28;Spatially adjusted;0,0504081632653061;-0,645663899180416;-0,673898214815822;-0,723545991587315
SBA;Temp;28;Spatially adjusted;0,0706122448979592;-0,610646871523453;-0,641314064923286;-0,6926720362897
SBA;Temp;28;Spatially adjusted;0,0908163265306122;-0,575656357857099;-0,608686654508233;-0,661704562668561
SBA;Temp;28;Spatially adjusted;0,111020408163265;-0,540701196178205;-0,576001563396495;-0,630612397949399
SBA;Temp;28;Spatially adjusted;0,131224489795918;-0,505790224483647;-0,543244371413891;-0,599364369357701
SBA;Temp;28;Spatially adjusted;0,151428571428571;-0,470932280770281;-0,51040065838626;-0,567929304118959
SBA;Temp;28;Spatially adjusted;0,171632653061224;-0,436136203034984;-0,477456004139423;-0,536276029458669
SBA;Temp;28;Spatially adjusted;0,191836734693878;-0,401410829274614;-0,44439598849921;-0,504373372602323
SBA;Temp;28;Spatially adjusted;0,212040816326531;-0,36676499748604;-0,411206191291452;-0,472190160775416
SBA;Temp;28;Spatially adjusted;0,232244897959184;-0,332207545666133;-0,377872192341968;-0,43969522120344
SBA;Temp;28;Spatially adjusted;0,252448979591837;-0,297747311811754;-0,344379571476598;-0,406857381111884
SBA;Temp;28;Spatially adjusted;0,27265306122449;-0,263393133919774;-0,310713908521162;-0,373645467726245
SBA;Temp;28;Spatially adjusted;0,292857142857143;-0,22915384998705;-0,276860783301487;-0,340028308272018
SBA;Temp;28;Spatially adjusted;0,313061224489796;-0,195038298010452;-0,242805775643408;-0,30597472997469
SBA;Temp;28;Spatially adjusted;0,333265306122449;-0,161055315986854;-0,208534465372747;-0,271453560059758
SBA;Temp;28;Spatially adjusted;0,353469387755102;-0,127226709300725;-0,174054065449095;-0,236461435260768
SBA;Temp;28;Spatially adjusted;0,373673469387755;-0,0936261528869657;-0,13945832136708;-0,201106230343495
SBA;Temp;28;Spatially adjusted;0,393877551020408;-0,060340289068094;-0,104862611755092;-0,165523629581774
SBA;Temp;28;Spatially adjusted;0,414081632653061;-0,0274557601666139;-0,0703823152415204;-0,129849317249423
SBA;Temp;28;Spatially adjusted;0,434285714285714;0,00494079149495263;-0,0361328104547525;-0,094218977620276
SBA;Temp;28;Spatially adjusted;0,454489795918367;0,036762723594105;-0,00222947602317447;-0,0587682949681678
SBA;Temp;28;Spatially adjusted;0,47469387755102;0,0679233938083215;0,0312123094248094;-0,0236329535669135
SBA;Temp;28;Spatially adjusted;0,494897959183674;0,0983361598150871;0,0640771672608302;0,0110513623096438
SBA;Temp;28;Spatially adjusted;0,515102040816327;0,127914379291905;0,0962497188564839;0,0451489683876787
SBA;Temp;28;Spatially adjusted;0,53530612244898;0,156571409916253;0,127614585583384;0,0785241803933694
SBA;Temp;28;Spatially adjusted;0,555510204081633;0,184220609365617;0,158056388813147;0,111041314052883
SBA;Temp;28;Spatially adjusted;0,575714285714286;0,210775335317496;0,18745974991738;0,142564685092388
SBA;Temp;28;Spatially adjusted;0,595918367346939;0,236148945449369;0,215709290267693;0,172958609238055
SBA;Temp;28;Spatially adjusted;0,616122448979592;0,260254797438723;0,242689631235699;0,202087402216058
SBA;Temp;28;Spatially adjusted;0,636326530612245;0,283006248963051;0,268285394193004;0,229815379752569
SBA;Temp;28;Spatially adjusted;0,656530612244898;0,30431665769984;0,292381200511226;0,256006857573755
SBA;Temp;28;Spatially adjusted;0,676734693877551;0,324099381326576;0,314861671561967;0,280526151405788
SBA;Temp;28;Spatially adjusted;0,696938775510204;0,342299033818591;0,335648686757995;0,303279022981556
SBA;Temp;28;Spatially adjusted;0,717142857142857;0,358985254342578;0,354813157676645;0,324337018060774
SBA;Temp;28;Spatially adjusted;0,73734693877551;0,37425893836307;0,372463253936413;0,343813128409888
SBA;Temp;28;Spatially adjusted;0,757551020408163;0,388220981344603;0,388707145155792;0,361820345795326
SBA;Temp;28;Spatially adjusted;0,777755102040816;0,400972278751716;0,40365300095327;0,378471661983529
SBA;Temp;28;Spatially adjusted;0,797959183673469;0,412613726048939;0,417408990947344;0,393880068740931
SBA;Temp;28;Spatially adjusted;0,818163265306122;0,423246218700811;0,430083284756499;0,408158557833975
SBA;Temp;28;Spatially adjusted;0,838367346938776;0,432970652171871;0,441784051999228;0,421420121029087
SBA;Temp;28;Spatially adjusted;0,858571428571429;0,441887921926643;0,452619462294027;0,433777750092712
SBA;Temp;28;Spatially adjusted;0,878775510204082;0,450098923429671;0,462697685259386;0,445344436791284
SBA;Temp;28;Spatially adjusted;0,898979591836735;0,457704552145486;0,472126890513795;0,456233172891235
SBA;Temp;28;Spatially adjusted;0,919183673469388;0,464805703538627;0,481015247675742;0,466556950159003
SBA;Temp;28;Spatially adjusted;0,939387755102041;0,471503273073626;0,489470926363726;0,476428760361031
SBA;Temp;28;Spatially adjusted;0,959591836734694;0,477898156215016;0,497602096196236;0,485961595263749
SBA;Temp;28;Spatially adjusted;0,979795918367347;0,48409124842734;0,50551692679176;0,495268446633588
SBA;Temp;28;Spatially adjusted;1;0,490183445175127;0,513323587768792;0,504462306236999
SBA;Temp;28;Current landscape;0,0254414211958647;-0,9081505302869;-0,993284998576744;-1,3323613765555
SBA;Temp;28;Current landscape;0,0731927528977394;-0,631982304642293;-0,788533769609547;-1,22842527583322
SBA;Temp;28;Current landscape;0,12698233127594;-0,558072975102885;-0,763249276070773;-1,0422480568383
SBA;Temp;28;Current landscape;0,175219297409058;-0,454807603377414;-0,602562167852931;-1,06681334606877
SBA;Temp;28;Current landscape;0,229555293917656;-0,308931868489058;-0,478744713303748;-0,871751181720999
SBA;Temp;28;Current landscape;0,281513869762421;-0,182952932708755;-0,413605969275359;-0,668407764327306
SBA;Temp;28;Current landscape;0,323995918035507;-0,12105827711115;-0,357615558192364;-0,741361052403345
SBA;Temp;28;Current landscape;0,377948522567749;0,00265617023077525;-0,22306742760496;-0,62683796750958
SBA;Temp;28;Current landscape;0,427130877971649;0,0339763113450609;-0,196669073379155;-0,532083095295949
SBA;Temp;28;Current landscape;0,475843787193298;0,299100883577861;-0,0180890566905951;-0,316632232614122
SBA;Temp;28;Current landscape;0,526934027671814;0,178329872378033;-0,0925672772767605;-0,341441346569692
SBA;Temp;28;Current landscape;0,57523250579834;0,174356103765145;-0,0146504201137674;-0,46144680151566
SBA;Temp;28;Current landscape;0,623740136623383;0,0572433048052687;-0,0218928997089769;-0,326453165754316
SBA;Temp;28;Current landscape;0,676916301250458;-0,00742985973955612;-0,227825980799924;-0,602784000870884
SBA;Temp;28;Current landscape;0,725579798221588;0,206627457540513;0,0709006588763153;-0,219453568281089
SBA;Temp;28;Current landscape;0,773312926292419;0,277702961360696;0,323781443185307;0,179829606239043
SBA;Temp;28;Current landscape;0,825415074825287;0,025697649334905;0,113301781661239;-0,269888815736714
SBA;Temp;28;Current landscape;0,879109084606171;0,0794682066522654;-0,0655912827582377;-0,154407757211029
SBA;Temp;28;Current landscape;0,92563259601593;0,0909582557951296;0,182526857709579;0,246878527523869
SBA;Temp;28;Current landscape;1;0,0714617768690111;-0,11578371744087;-0,293912645527872
SBA;Temp;29;Spatially adjusted;0,01;-0,683709348232028;-0,734394261271483;-0,782309995135634
SBA;Temp;29;Spatially adjusted;0,0302040816326531;-0,653407750251869;-0,706273866965908;-0,754543580992497
SBA;Temp;29;Spatially adjusted;0,0504081632653061;-0,623074974063147;-0,67807997407229;-0,726704420071552
SBA;Temp;29;Spatially adjusted;0,0706122448979592;-0,59267984145729;-0,649739084002597;-0,698719765595008
SBA;Temp;29;Spatially adjusted;0,0908163265306122;-0,56219117422572;-0,621177698168786;-0,67051687078505
SBA;Temp;29;Spatially adjusted;0,111020408163265;-0,531577794159883;-0,59232231798282;-0,642022988863882
SBA;Temp;29;Spatially adjusted;0,131224489795918;-0,500808523051205;-0,563099444856658;-0,6131653730537
SBA;Temp;29;Spatially adjusted;0,151428571428571;-0,469852182691117;-0,533435580202259;-0,583871276576701
SBA;Temp;29;Spatially adjusted;0,171632653061224;-0,438677594871049;-0,50325722543159;-0,554067952655082
SBA;Temp;29;Spatially adjusted;0,191836734693878;-0,407253581382435;-0,472490881956606;-0,523682654511038
SBA;Temp;29;Spatially adjusted;0,212040816326531;-0,375548964016705;-0,441063051189271;-0,492642635366771
SBA;Temp;29;Spatially adjusted;0,232244897959184;-0,343532564565297;-0,408900234541544;-0,460875148444476
SBA;Temp;29;Spatially adjusted;0,252448979591837;-0,311173204819635;-0,375928933425385;-0,428307446966343
SBA;Temp;29;Spatially adjusted;0,27265306122449;-0,278439706571152;-0,342075649252763;-0,39486678415458
SBA;Temp;29;Spatially adjusted;0,292857142857143;-0,245300891611286;-0,307266883435631;-0,360480413231382
SBA;Temp;29;Spatially adjusted;0,313061224489796;-0,211725581731461;-0,271429137385951;-0,325075587418937
SBA;Temp;29;Spatially adjusted;0,333265306122449;-0,177682598723116;-0,23448891251568;-0,288579559939453
SBA;Temp;29;Spatially adjusted;0,353469387755102;-0,143173061306182;-0,19642552505384;-0,250969429241327
SBA;Temp;29;Spatially adjusted;0,373673469387755;-0,108327275914657;-0,157429550497664;-0,212421674677771
SBA;Temp;29;Spatially adjusted;0,393877551020408;-0,073307845911021;-0,11774437916144;-0,173162620828197
SBA;Temp;29;Spatially adjusted;0,414081632653061;-0,0382773746577811;-0,0776134013594536;-0,133418592272033
SBA;Temp;29;Spatially adjusted;0,434285714285714;-0,0033984655174244;-0,0372800074059931;-0,0934159135886823
SBA;Temp;29;Spatially adjusted;0,454489795918367;0,0311662781475555;0,00301241238465266;-0,0533809093575712
SBA;Temp;29;Spatially adjusted;0,47469387755102;0,0652542529746683;0,0430204676981987;-0,0135399041581117
SBA;Temp;29;Spatially adjusted;0,494897959183674;0,0987028556014096;0,0825007682203562;0,0258807774302774
SBA;Temp;29;Spatially adjusted;0,515102040816327;0,131349482665293;0,12120992363683;0,0646548108281806
SBA;Temp;29;Spatially adjusted;0,53530612244898;0,163031530803824;0,158904543633337;0,102555871456186
SBA;Temp;29;Spatially adjusted;0,555510204081633;0,193586396654506;0,195341237895597;0,139357634734875
SBA;Temp;29;Spatially adjusted;0,575714285714286;0,222851476854846;0,230276616109311;0,174833776084824
SBA;Temp;29;Spatially adjusted;0,595918367346939;0,250664168042352;0,263467287960196;0,208757970926623
SBA;Temp;29;Spatially adjusted;0,616122448979592;0,276861866854524;0,294669863133962;0,240903894680859
SBA;Temp;29;Spatially adjusted;0,636326530612245;0,301281969928876;0,323640951316321;0,271045222768109
SBA;Temp;29;Spatially adjusted;0,656530612244898;0,32376187390291;0,35013716219299;0,298955630608962
SBA;Temp;29;Spatially adjusted;0,676734693877551;0,344138975414133;0,373915105449672;0,324408793623991
SBA;Temp;29;Spatially adjusted;0,696938775510204;0,362301369637805;0,394802806427954;0,347244061845
SBA;Temp;29;Spatially adjusted;0,717142857142857;0,378339945900258;0,412913953092854;0,367563483748601
SBA;Temp;29;Spatially adjusted;0,73734693877551;0,39239629206557;0,428433649065269;0,385534782422628
SBA;Temp;29;Spatially adjusted;0,757551020408163;0,404611995997822;0,441546997966093;0,401325680954898
SBA;Temp;29;Spatially adjusted;0,777755102040816;0,415128645561087;0,452439103416207;0,415103902433245
SBA;Temp;29;Spatially adjusted;0,797959183673469;0,424087828619463;0,46129506903652;0,427037169945496
SBA;Temp;29;Spatially adjusted;0,818163265306122;0,431631133037016;0,468299998447908;0,437293206579476
SBA;Temp;29;Spatially adjusted;0,838367346938776;0,437900146677837;0,473638995271273;0,44603973542301
SBA;Temp;29;Spatially adjusted;0,858571428571429;0,443036457406006;0,477497163127499;0,453444479563931
SBA;Temp;29;Spatially adjusted;0,878775510204082;0,4471816530856;0,480059605637486;0,459675162090061
SBA;Temp;29;Spatially adjusted;0,898979591836735;0,450477321580713;0,48151142642212;0,464899506089228
SBA;Temp;29;Spatially adjusted;0,919183673469388;0,453065050755409;0,482037729102295;0,469285234649263
SBA;Temp;29;Spatially adjusted;0,939387755102041;0,455086428473781;0,481823617298904;0,473000070857985
SBA;Temp;29;Spatially adjusted;0,959591836734694;0,456683042599913;0,481054194632836;0,476211737803229
SBA;Temp;29;Spatially adjusted;0,979795918367347;0,457996480997874;0,479914564724982;0,479087958572819
SBA;Temp;29;Spatially adjusted;1;0,45916833153176;0,478589831196238;0,481796456254578
SBA;Temp;29;Current landscape;0,027618657797575;-0,702754391209247;-0,737314041698358;-1,09757582867035
SBA;Temp;29;Current landscape;0,074352391064167;-0,577712325008083;-0,705818154826758;-1,00493458462814
SBA;Temp;29;Current landscape;0,121489889919758;-0,484029880988992;-0,653738242169936;-0,984171096905811
SBA;Temp;29;Current landscape;0,175460606813431;-0,403259876381522;-0,515188119474615;-0,897042160020323
SBA;Temp;29;Current landscape;0,22744332253933;-0,36505011228078;-0,580025637783969;-0,84975856016807
SBA;Temp;29;Current landscape;0,277010858058929;-0,280177678395784;-0,518414246624268;-0,779832750067847
SBA;Temp;29;Current landscape;0,328283876180649;-0,0338216739911879;-0,258082765974287;-0,616091195608401
SBA;Temp;29;Current landscape;0,37701416015625;-0,173279900490499;-0,235340445531818;-0,662546059766953
SBA;Temp;29;Current landscape;0,42594638466835;-0,0114845184156103;-0,122477350359244;-0,706976103931481
SBA;Temp;29;Current landscape;0,47344371676445;-0,0476262780727126;-0,15022581257837;-0,596186437579558
SBA;Temp;29;Current landscape;0,525028944015503;0,0016719609163367;-0,0722630943074343;-0,456752259935055
SBA;Temp;29;Current landscape;0,571468591690063;0,112219566769305;0,0670536786364977;-0,256142603456194
SBA;Temp;29;Current landscape;0,626057982444763;0,0824272733896336;0,0148051357944645;-0,203368780068246
SBA;Temp;29;Current landscape;0,674494922161102;0,0618563382717667;-0,0996533916383413;-0,278911039814144
SBA;Temp;29;Current landscape;0,727172017097473;0,0368352122201934;0,169779146865483;-0,132930019016911
SBA;Temp;29;Current landscape;0,771548390388489;-0,144581457682921;-0,0572799866448186;-0,0879521847342417
SBA;Temp;29;Current landscape;0,82133162021637;0,0630191547626211;0,0658813690226161;-0,123009142524452
SBA;Temp;29;Current landscape;0,877437174320221;0,148077087259544;-0,105967372067692;-0,340249115590233
SBA;Temp;29;Current landscape;0,923894286155701;0,0515788637336847;0,0723895681420714;0,118383534676127
SBA;Temp;29;Current landscape;1;0,0474112283356369;-0,166677209875154;-0,444310389273269
SBA;Temp;30;Spatially adjusted;0,01;-0,733331281307688;-0,775736338845281;-0,803204234926088
SBA;Temp;30;Spatially adjusted;0,0302040816326531;-0,700360640950926;-0,745032808113361;-0,771453241604835
SBA;Temp;30;Spatially adjusted;0,0504081632653061;-0,667370076761184;-0,71429020657396;-0,739671647607338
SBA;Temp;30;Spatially adjusted;0,0706122448979592;-0,63433966490549;-0,683469463419602;-0,707828852257354
SBA;Temp;30;Spatially adjusted;0,0908163265306122;-0,601249481550859;-0,652531507842799;-0,675894254878632
SBA;Temp;30;Spatially adjusted;0,111020408163265;-0,568079602864312;-0,621437269036079;-0,643837254794931
SBA;Temp;30;Spatially adjusted;0,131224489795918;-0,534810105012873;-0,590147676191954;-0,61162725133001
SBA;Temp;30;Spatially adjusted;0,151428571428571;-0,501421064163555;-0,558623658502942;-0,579233643807616
SBA;Temp;30;Spatially adjusted;0,171632653061224;-0,467892556483395;-0,526826145161571;-0,546625831551509
SBA;Temp;30;Spatially adjusted;0,191836734693878;-0,434204658139407;-0,494716065360358;-0,513773213885443
SBA;Temp;30;Spatially adjusted;0,212040816326531;-0,400337445298611;-0,462254348291818;-0,480645190133178
SBA;Temp;30;Spatially adjusted;0,232244897959184;-0,366270994128026;-0,429401923148475;-0,447211159618465
SBA;Temp;30;Spatially adjusted;0,252448979591837;-0,331985380794677;-0,396119719122851;-0,413440521665056
SBA;Temp;30;Spatially adjusted;0,27265306122449;-0,297460681465584;-0,362368665407459;-0,379302675596708
SBA;Temp;30;Spatially adjusted;0,292857142857143;-0,262676972307773;-0,328109691194818;-0,34476702073718
SBA;Temp;30;Spatially adjusted;0,313061224489796;-0,227614329488262;-0,293303725677458;-0,309802956410227
SBA;Temp;30;Spatially adjusted;0,333265306122449;-0,192252829174066;-0,257911698047884;-0,274379881939602
SBA;Temp;30;Spatially adjusted;0,353469387755102;-0,156600089334383;-0,221926352892634;-0,238494537822902
SBA;Temp;30;Spatially adjusted;0,373673469387755;-0,120773895147043;-0,18546769637425;-0,202253029253111
SBA;Temp;30;Spatially adjusted;0,393877551020408;-0,0849195735920603;-0,148687550049289;-0,165788802597053
SBA;Temp;30;Spatially adjusted;0,414081632653061;-0,0491824516494432;-0,111737735474303;-0,129235304221552
SBA;Temp;30;Spatially adjusted;0,434285714285714;-0,0137078562991846;-0,0747700742058406;-0,0927259804934337
SBA;Temp;30;Spatially adjusted;0,454489795918367;0,0213588854787012;-0,0379363878004604;-0,0563942777795177
SBA;Temp;30;Spatially adjusted;0,47469387755102;0,0558724467042033;-0,00138849781471606;-0,0203736424466321
SBA;Temp;30;Spatially adjusted;0,494897959183674;0,0896875003973285;0,0347217741948391;0,0152024791383916
SBA;Temp;30;Spatially adjusted;0,515102040816327;0,122658719578059;0,0702426066716519;0,0502006406087432
SBA;Temp;30;Spatially adjusted;0,53530612244898;0,15464077726639;0,105022178059169;0,0844873955975913
SBA;Temp;30;Spatially adjusted;0,555510204081633;0,185488346482323;0,13890866680083;0,117929297738105
SBA;Temp;30;Spatially adjusted;0,575714285714286;0,21505610024585;0,171750251340097;0,150392900663469
SBA;Temp;30;Spatially adjusted;0,595918367346939;0,243198711576959;0,2033951101204;0,181744758006861
SBA;Temp;30;Spatially adjusted;0,616122448979592;0,269770853495647;0,233691421585196;0,211851423401445
SBA;Temp;30;Spatially adjusted;0,636326530612245;0,29462719902191;0,262487364177922;0,240579450480404
SBA;Temp;30;Spatially adjusted;0,656530612244898;0,317622421175738;0,289631116342033;0,267795392876916
SBA;Temp;30;Spatially adjusted;0,676734693877551;0,338611192977133;0,314970856520972;0,293365804224148
SBA;Temp;30;Spatially adjusted;0,696938775510204;0,357494822956628;0,338400440017008;0,31719801023117
SBA;Temp;30;Spatially adjusted;0,717142857142857;0,374361161686956;0,359996429567669;0,3393624249106
SBA;Temp;30;Spatially adjusted;0,73734693877551;0,389344695251403;0,379881064769322;0,359970234350943
SBA;Temp;30;Spatially adjusted;0,757551020408163;0,40257990973323;0,398176585218323;0,3791326246407
SBA;Temp;30;Spatially adjusted;0,777755102040816;0,414201291215729;0,415005230511031;0,39696078186839
SBA;Temp;30;Spatially adjusted;0,797959183673469;0,424343325782171;0,430489240243801;0,413565892122506
SBA;Temp;30;Spatially adjusted;0,818163265306122;0,433140499515833;0,444750854012991;0,42905914149156
SBA;Temp;30;Spatially adjusted;0,838367346938776;0,440727298500001;0,457912311414965;0,443551716064061
SBA;Temp;30;Spatially adjusted;0,858571428571429;0,447238208817939;0,470095852046072;0,45715480192851
SBA;Temp;30;Spatially adjusted;0,878775510204082;0,452807716552936;0,481423715502675;0,469979585173416
SBA;Temp;30;Spatially adjusted;0,898979591836735;0,457570307788267;0,492018141381131;0,482137251887284
SBA;Temp;30;Spatially adjusted;0,919183673469388;0,46166046860721;0,502001369277796;0,493738988158622
SBA;Temp;30;Spatially adjusted;0,939387755102041;0,465212685093043;0,511495638789032;0,504895980075936
SBA;Temp;30;Spatially adjusted;0,959591836734694;0,468361443329037;0,520623189511195;0,51571941372773
SBA;Temp;30;Spatially adjusted;0,979795918367347;0,471241229398483;0,529506261040645;0,526320475202514
SBA;Temp;30;Spatially adjusted;1;0,473986529384646;0,538267092973733;0,536810350588787
SBA;Temp;30;Current landscape;0,027618657797575;-0,689787677878496;-0,777893090757718;-1,08191904760278
SBA;Temp;30;Current landscape;0,0727228447794914;-0,576692660063678;-0,765251598343991;-1,12023649777959
SBA;Temp;30;Current landscape;0,123100221157074;-0,487989792845784;-0,71681827630551;-1,10218087965076
SBA;Temp;30;Current landscape;0,175875067710876;-0,467590413478131;-0,64649627298709;-1,07244693644726
SBA;Temp;30;Current landscape;0,226771667599678;-0,305893644926684;-0,529667717295698;-0,832294708073309
SBA;Temp;30;Current landscape;0,274780318140984;-0,393358581496372;-0,51322424868178;-0,937336404307885
SBA;Temp;30;Current landscape;0,325110405683517;-0,355686314628272;-0,591521886196702;-0,823114412876883
SBA;Temp;30;Current landscape;0,374847412109375;-0,175815147576429;-0,394335097327652;-0,776548316918834
SBA;Temp;30;Current landscape;0,426994293928146;0,0236566919924002;-0,252198962761394;-0,587908441190987
SBA;Temp;30;Current landscape;0,475693821907044;0,00842268656147027;-0,0381099652706176;-0,429943835782861
SBA;Temp;30;Current landscape;0,52482944726944;-0,0326912721758816;-0,138066262459674;-0,376390074483965
SBA;Temp;30;Current landscape;0,575460374355316;0,14402706465609;-0,165915231303831;-0,388529322728839
SBA;Temp;30;Current landscape;0,624247670173645;0,136042954255608;0,0127208599149284;-0,370918933475121
SBA;Temp;30;Current landscape;0,672795951366425;0,0526072420177925;-0,0943044474649781;-0,297547144387593
SBA;Temp;30;Current landscape;0,724442064762115;0,0205307067967233;-0,034912029372272;-0,289717953876551
SBA;Temp;30;Current landscape;0,775855749845505;0,0398439128900669;-0,0934389623874345;-0,166072600544943
SBA;Temp;30;Current landscape;0,829291045665741;0,0608835111100134;0,19890368965515;-0,0291984056712806
SBA;Temp;30;Current landscape;0,877449631690979;-0,0361659479280512;-0,206522871551766;-0,392752829264627
SBA;Temp;30;Current landscape;0,929309308528901;0,0527994176559155;-0,016132570345043;0,129827879909694
SBA;Temp;30;Current landscape;1;-0,025253297752915;-0,199816204982287;-0,416233932972432
