region;response;run;contrast_type;frac_area;PF_minus_SF_early;PF_minus_SF_intermediate;PF_minus_SF_advanced
EBA;Temp;1;Spatially adjusted;0,01;-0,556403760951508;-0,623852097724587;-0,652144592997015
EBA;Temp;1;Spatially adjusted;0,0302040816326531;-0,532774220005127;-0,601844693484715;-0,626735312717337
EBA;Temp;1;Spatially adjusted;0,0504081632653061;-0,509103898975091;-0,579776227832578;-0,601289085891338
EBA;Temp;1;Spatially adjusted;0,0706122448979592;-0,48535201777775;-0,557585639355924;-0,575768965972703
EBA;Temp;1;Spatially adjusted;0,0908163265306122;-0,461477796329444;-0,535211866642488;-0,550138006415111
EBA;Temp;1;Spatially adjusted;0,111020408163265;-0,437440454546529;-0,512593848280005;-0,524359260672238
EBA;Temp;1;Spatially adjusted;0,131224489795918;-0,413199212345337;-0,489670522856216;-0,498395782197772
EBA;Temp;1;Spatially adjusted;0,151428571428571;-0,388713289642222;-0,466380828958865;-0,472210624445392
EBA;Temp;1;Spatially adjusted;0,171632653061224;-0,363941906353531;-0,44266370517569;-0,445766840868778
EBA;Temp;1;Spatially adjusted;0,191836734693878;-0,338844282395609;-0,418458090094422;-0,419027484921614
EBA;Temp;1;Spatially adjusted;0,212040816326531;-0,313379637684808;-0,393702922302811;-0,391955610057572
EBA;Temp;1;Spatially adjusted;0,232244897959184;-0,287507192137465;-0,368337140388586;-0,364514269730343
EBA;Temp;1;Spatially adjusted;0,252448979591837;-0,261186165669923;-0,342299682939494;-0,336666517393603
EBA;Temp;1;Spatially adjusted;0,27265306122449;-0,234375778198537;-0,31552948854327;-0,308375406501032
EBA;Temp;1;Spatially adjusted;0,292857142857143;-0,207035249639656;-0,28796549578766;-0,279603990506313
EBA;Temp;1;Spatially adjusted;0,313061224489796;-0,179123799909611;-0,259546643260393;-0,250315322863127
EBA;Temp;1;Spatially adjusted;0,333265306122449;-0,150600648924762;-0,230211869549208;-0,220472457025153
EBA;Temp;1;Spatially adjusted;0,353469387755102;-0,121458221270284;-0,199943564874339;-0,190068228309734
EBA;Temp;1;Spatially adjusted;0,373673469387755;-0,0918217602066917;-0,168897925985931;-0,159214599488845
EBA;Temp;1;Spatially adjusted;0,393877551020408;-0,0618497136633316;-0,137274601266626;-0,12805331519812
EBA;Temp;1;Spatially adjusted;0,414081632653061;-0,0317005295695516;-0,105273239099056;-0,0967261200731926
EBA;Temp;1;Spatially adjusted;0,434285714285714;-0,00153265585470308;-0,0730934878658687;-0,0653747587497122
EBA;Temp;1;Spatially adjusted;0,454489795918367;0,0284954595518805;-0,0409349959496943;-0,0341409758632985
EBA;Temp;1;Spatially adjusted;0,47469387755102;0,0582253687208372;-0,00899741173316926;-0,00316651604959262
EBA;Temp;1;Spatially adjusted;0,494897959183674;0,0874986237228193;0,0225196164010626;0,027406876055764
EBA;Temp;1;Spatially adjusted;0,515102040816327;0,11615677662849;0,0534164400703645;0,0574374558171442
EBA;Temp;1;Spatially adjusted;0,53530612244898;0,144041379508494;0,0834934108920962;0,0867834785989068
EBA;Temp;1;Spatially adjusted;0,555510204081633;0,170993984433483;0,112550880483628;0,115303199765417
EBA;Temp;1;Spatially adjusted;0,575714285714286;0,196856143474115;0,14038920046232;0,142854874681035
EBA;Temp;1;Spatially adjusted;0,595918367346939;0,221469408701044;0,166808722445523;0,169296758710136
EBA;Temp;1;Spatially adjusted;0,616122448979592;0,244675332184908;0,191609798050614;0,194487107217068
EBA;Temp;1;Spatially adjusted;0,636326530612245;0,266315465996378;0,214592778894946;0,218284175566211
EBA;Temp;1;Spatially adjusted;0,656530612244898;0,286231362206095;0,235558016595885;0,240546219121924
EBA;Temp;1;Spatially adjusted;0,676734693877551;0,304264572884712;0,254305862770789;0,261131493248566
EBA;Temp;1;Spatially adjusted;0,696938775510204;0,320304319897996;0,270695121266517;0,279940820271285
EBA;Temp;1;Spatially adjusted;0,717142857142857;0,334430504292115;0,284818404847865;0,297045290358344
EBA;Temp;1;Spatially adjusted;0,73734693877551;0,346770696908337;0,296826778509121;0,312558560638792
EBA;Temp;1;Spatially adjusted;0,757551020408163;0,357452468587951;0,306871307244592;0,326594288241665
EBA;Temp;1;Spatially adjusted;0,777755102040816;0,36660339017223;0,315103056048557;0,339266130296014
EBA;Temp;1;Spatially adjusted;0,797959183673469;0,374351032502457;0,321673089915311;0,350687743930877
EBA;Temp;1;Spatially adjusted;0,818163265306122;0,380822966419899;0,326732473839144;0,360972786275298
EBA;Temp;1;Spatially adjusted;0,838367346938776;0,386146762765847;0,330432272814353;0,370234914458326
EBA;Temp;1;Spatially adjusted;0,858571428571429;0,390449992381573;0,332923551835222;0,378587785609003
EBA;Temp;1;Spatially adjusted;0,878775510204082;0,393860226108352;0,334357375896055;0,386145056856375
EBA;Temp;1;Spatially adjusted;0,898979591836735;0,396505034787467;0,334884809991131;0,393020385329478
EBA;Temp;1;Spatially adjusted;0,919183673469388;0,398511989260189;0,33465691911475;0,399327428157363
EBA;Temp;1;Spatially adjusted;0,939387755102041;0,400008660367806;0,333824768261202;0,405179842469071
EBA;Temp;1;Spatially adjusted;0,959591836734694;0,401122618951582;0,332539422424777;0,41069128539365
EBA;Temp;1;Spatially adjusted;0,979795918367347;0,401981435852811;0,330951946599772;0,415975414060142
EBA;Temp;1;Spatially adjusted;1;0,402712681912753;0,329213405780472;0,421145885597586
EBA;Temp;1;Current landscape;0,0268934927880764;-0,365505154218894;-0,449428583757975;-0,757406093652232
EBA;Temp;1;Current landscape;0,0757830440998077;-0,418317495830568;-0,517710691485895;-0,869443473685799
EBA;Temp;1;Current landscape;0,123993612825871;-0,426213229064018;-0,439445346514965;-0,698300957440122
EBA;Temp;1;Current landscape;0,174904957413673;-0,338036587104362;-0,361622077546773;-0,597565171983611
EBA;Temp;1;Current landscape;0,229810036718845;-0,1609324398393;-0,189197062289388;-0,487490072788155
EBA;Temp;1;Current landscape;0,272142261266708;-0,160801437148564;-0,207267540317726;-0,451107879362031
EBA;Temp;1;Current landscape;0,325509637594223;-0,188859135311009;-0,273514080399821;-0,491679515319937
EBA;Temp;1;Current landscape;0,373407781124115;-0,252694801694052;-0,293368381687451;-0,493805173996623
EBA;Temp;1;Current landscape;0,423620253801346;-0,181183487195852;-0,259119553815491;-0,401772557973157
EBA;Temp;1;Current landscape;0,476794928312302;-0,0836430244785724;-0,178887340324518;-0,290622713086282
EBA;Temp;1;Current landscape;0,527388155460358;-0,140355623594427;-0,161429916669025;-0,332301351931555
EBA;Temp;1;Current landscape;0,577141344547272;-0,193387500951381;-0,119785048098532;-0,266889357093241
EBA;Temp;1;Current landscape;0,624869406223297;-0,107083067735605;-0,0590431168318339;-0,240927011063377
EBA;Temp;1;Current landscape;0,676131665706635;-0,190031016642013;-0,22613971610248;-0,378166007709837
EBA;Temp;1;Current landscape;0,72240674495697;-0,345743030769814;-0,245297889767098;-0,429845837562144
EBA;Temp;1;Current landscape;0,771511107683182;-0,224246814312814;-0,214207343858259;-0,434554827425192
EBA;Temp;1;Current landscape;0,825794756412506;-0,334813365132796;-0,159388811225934;-0,413295510787727
EBA;Temp;1;Current landscape;0,874845802783966;-0,228018732724721;-0,120824734643357;-0,280730208140454
EBA;Temp;1;Current landscape;0,921057879924774;-0,304616307574207;-0,225962138215358;-0,380257182179808
EBA;Temp;1;Current landscape;1;-0,716361678074446;-0,550877540361004;-0,707276164199261
EBA;Temp;2;Spatially adjusted;0,01;-0,575228394987704;-0,639910912654841;-0,668595450558211
EBA;Temp;2;Spatially adjusted;0,0302040816326531;-0,550342696727874;-0,61544104916992;-0,642377091069211
EBA;Temp;2;Spatially adjusted;0,0504081632653061;-0,525423032773283;-0,590933641365531;-0,616133187452199
EBA;Temp;2;Spatially adjusted;0,0706122448979592;-0,500435437429172;-0,566351144922219;-0,589838195579148
EBA;Temp;2;Spatially adjusted;0,0908163265306122;-0,475345945000765;-0,541656015520516;-0,563466571322042
EBA;Temp;2;Spatially adjusted;0,111020408163265;-0,450120589793311;-0,516810708840957;-0,536992770552871
EBA;Temp;2;Spatially adjusted;0,131224489795918;-0,424725406112049;-0,491777680564073;-0,510391249143616
EBA;Temp;2;Spatially adjusted;0,151428571428571;-0,399126428262207;-0,466519386370415;-0,483636462966253
EBA;Temp;2;Spatially adjusted;0,171632653061224;-0,373289690549033;-0,440998281940509;-0,456702867892773
EBA;Temp;2;Spatially adjusted;0,191836734693878;-0,347181227277758;-0,415176822954887;-0,429564919795151
EBA;Temp;2;Spatially adjusted;0,212040816326531;-0,320767072753622;-0,389017465094092;-0,402197074545374
EBA;Temp;2;Spatially adjusted;0,232244897959184;-0,294013261281865;-0,362482664038662;-0,374573788015425
EBA;Temp;2;Spatially adjusted;0,252448979591837;-0,266885827167716;-0,335534875469133;-0,346669516077288
EBA;Temp;2;Spatially adjusted;0,27265306122449;-0,239350804716423;-0,308136555066035;-0,318458714602944
EBA;Temp;2;Spatially adjusted;0,292857142857143;-0,211374228233218;-0,280250158509904;-0,289915839464371
EBA;Temp;2;Spatially adjusted;0,313061224489796;-0,182922132023339;-0,251838141481283;-0,261015346533561
EBA;Temp;2;Spatially adjusted;0,333265306122449;-0,153960550392029;-0,222862959660706;-0,231731691682487
EBA;Temp;2;Spatially adjusted;0,353469387755102;-0,124484136239879;-0,193317868114971;-0,202062365071409
EBA;Temp;2;Spatially adjusted;0,373673469387755;-0,0946020168489348;-0,16331931945594;-0,17209699401365
EBA;Temp;2;Spatially adjusted;0,393877551020408;-0,0644519380966031;-0,133014565681744;-0,141948240110811
EBA;Temp;2;Spatially adjusted;0,414081632653061;-0,0341716458602903;-0,102550858790504;-0,111728764964482
EBA;Temp;2;Spatially adjusted;0,434285714285714;-0,00389888601740296;-0,0720754507803463;-0,0815512301762702
EBA;Temp;2;Spatially adjusted;0,454489795918367;0,0262285955546524;-0,0417355936493991;-0,0515282973477653
EBA;Temp;2;Spatially adjusted;0,47469387755102;0,0560730529784834;-0,0116785393957883;-0,0217726280805657
EBA;Temp;2;Spatially adjusted;0,494897959183674;0,0854967403766729;0,0179484599823638;0,0076031160237271
EBA;Temp;2;Spatially adjusted;0,515102040816327;0,114361911871811;0,0469981524869247;0,0364862733635221
EBA;Temp;2;Spatially adjusted;0,53530612244898;0,142530821586504;0,0753232861197724;0,0647641823372211
EBA;Temp;2;Spatially adjusted;0,555510204081633;0,169865723643344;0,102776608882781;0,0923241813432227
EBA;Temp;2;Spatially adjusted;0,575714285714286;0,196228872164912;0,129210868777825;0,119053608779932
EBA;Temp;2;Spatially adjusted;0,595918367346939;0,221482521273828;0,154478813806776;0,144839803045755
EBA;Temp;2;Spatially adjusted;0,616122448979592;0,245488925092666;0,178433191971507;0,169570102539094
EBA;Temp;2;Spatially adjusted;0,636326530612245;0,268110337744027;0,200926751273894;0,193131845658346
EBA;Temp;2;Spatially adjusted;0,656530612244898;0,289209013350508;0,221812239715813;0,215412370801914
EBA;Temp;2;Spatially adjusted;0,676734693877551;0,308647206034703;0,240942405299133;0,236299016368214
EBA;Temp;2;Spatially adjusted;0,696938775510204;0,326328859115431;0,258214356513509;0,255713590826513
EBA;Temp;2;Spatially adjusted;0,717142857142857;0,342324672696453;0,273702643799712;0,273715782929621
EBA;Temp;2;Spatially adjusted;0,73734693877551;0,356747036077742;0,287526178086278;0,290399751501205
EBA;Temp;2;Spatially adjusted;0,757551020408163;0,369708338559281;0,299803870301759;0,305859655364962
EBA;Temp;2;Spatially adjusted;0,777755102040816;0,381320969441049;0,3106546313747;0,320189653344563
EBA;Temp;2;Spatially adjusted;0,797959183673469;0,391697318023024;0,32019737223364;0,333483904263684
EBA;Temp;2;Spatially adjusted;0,818163265306122;0,400949773605198;0,328551003807128;0,345836566946012
EBA;Temp;2;Spatially adjusted;0,838367346938776;0,409190725487541;0,335834437023717;0,357341800215217
EBA;Temp;2;Spatially adjusted;0,858571428571429;0,416532562970041;0,342166582811934;0,36809376289499
EBA;Temp;2;Spatially adjusted;0,878775510204082;0,423087675352672;0,34766635210034;0,378186613809007
EBA;Temp;2;Spatially adjusted;0,898979591836735;0,428968451935422;0,35245265581748;0,387714511780938
EBA;Temp;2;Spatially adjusted;0,919183673469388;0,434287282018268;0,356644404891892;0,396771615634481
EBA;Temp;2;Spatially adjusted;0,939387755102041;0,439156554901185;0,360360510252118;0,4054520841933
EBA;Temp;2;Spatially adjusted;0,959591836734694;0,443688659884167;0,363719882826715;0,413850076281079
EBA;Temp;2;Spatially adjusted;0,979795918367347;0,447995986267188;0,366841433544217;0,422059750721502
EBA;Temp;2;Spatially adjusted;1;0,452190923350223;0,369844073333177;0,430175266338242
EBA;Temp;2;Current landscape;0,0265962909907103;-0,341012770754134;-0,382403302055902;-0,723831684261754
EBA;Temp;2;Current landscape;0,0781057849526405;-0,503506432093253;-0,480716218559543;-0,846259048769163
EBA;Temp;2;Current landscape;0,12392046302557;-0,322741717159751;-0,331121466402816;-0,607384999900038
EBA;Temp;2;Current landscape;0,176667273044586;-0,347713272846107;-0,393965773008418;-0,623132553200176
EBA;Temp;2;Current landscape;0,227580100297928;-0,361322428173313;-0,395386508276179;-0,636290048465099
EBA;Temp;2;Current landscape;0,276326224207878;-0,165829706077666;-0,127672486272608;-0,340139059507798
EBA;Temp;2;Current landscape;0,328098863363266;-0,190171284589884;-0,23178335478924;-0,472196478844907
EBA;Temp;2;Current landscape;0,375319570302963;-0,252509585716684;-0,323992599229005;-0,524839741691519
EBA;Temp;2;Current landscape;0,426968961954117;-0,21694650587926;-0,229539031315962;-0,39591207851122
EBA;Temp;2;Current landscape;0,477020815014839;-0,169992139063709;-0,213273207337295;-0,360750173795246
EBA;Temp;2;Current landscape;0,52250736951828;-0,135566949175878;-0,115420846437257;-0,401660385146457
EBA;Temp;2;Current landscape;0,574129462242127;-0,126601692096067;-0,14472773767357;-0,402552996626614
EBA;Temp;2;Current landscape;0,624425768852234;-0,150386412111576;-0,166420316708365;-0,456917770342333
EBA;Temp;2;Current landscape;0,67539769411087;-0,111947458860932;-0,0589822766777246;-0,392009507108455
EBA;Temp;2;Current landscape;0,728148460388184;-0,286656441050674;-0,241619175252652;-0,43781808423422
EBA;Temp;2;Current landscape;0,775038987398148;-0,235725677815992;-0,155589273284939;-0,43408646558461
EBA;Temp;2;Current landscape;0,825382709503174;-0,36942451141163;-0,242440276609646;-0,377845580876286
EBA;Temp;2;Current landscape;0,872056603431702;-0,215522731921666;-0,215732148865069;-0,312270065329663
EBA;Temp;2;Current landscape;0,922850668430328;-0,411330388681265;-0,289800056694894;-0,527123185231851
EBA;Temp;2;Current landscape;1;-0,713041096643376;-0,576356954545105;-0,708138780789209
EBA;Temp;3;Spatially adjusted;0,01;-0,604598047179223;-0,660111485808152;-0,697086169246994
EBA;Temp;3;Spatially adjusted;0,0302040816326531;-0,57795372243147;-0,63359416409287;-0,668762272953398
EBA;Temp;3;Spatially adjusted;0,0504081632653061;-0,551274513734477;-0,607051681737691;-0,640413627949513
EBA;Temp;3;Spatially adjusted;0,0706122448979592;-0,524525537139017;-0,580458878102725;-0,61201548552506
EBA;Temp;3;Spatially adjusted;0,0908163265306122;-0,497671908695839;-0,553790592548065;-0,583543096969748
EBA;Temp;3;Spatially adjusted;0,111020408163265;-0,470678744455714;-0,527021664433821;-0,554971713573298
EBA;Temp;3;Spatially adjusted;0,131224489795918;-0,443511160469406;-0,500126933120093;-0,526276586625421
EBA;Temp;3;Spatially adjusted;0,151428571428571;-0,416134272787676;-0,473081237966991;-0,497432967415833
EBA;Temp;3;Spatially adjusted;0,171632653061224;-0,388513197461286;-0,445859418334614;-0,468416107234251
EBA;Temp;3;Spatially adjusted;0,191836734693878;-0,360613050540998;-0,418436313583065;-0,439201257370385
EBA;Temp;3;Spatially adjusted;0,212040816326531;-0,332398948077575;-0,390786763072452;-0,40976366911395
EBA;Temp;3;Spatially adjusted;0,232244897959184;-0,303836006121781;-0,362885606162873;-0,380078593754664
EBA;Temp;3;Spatially adjusted;0,252448979591837;-0,274889340724382;-0,334707682214436;-0,350121282582244
EBA;Temp;3;Spatially adjusted;0,27265306122449;-0,245524067936135;-0,306227830587243;-0,319866986886396
EBA;Temp;3;Spatially adjusted;0,292857142857143;-0,215705303807805;-0,277420890641398;-0,289290957956847
EBA;Temp;3;Spatially adjusted;0,313061224489796;-0,185398164390161;-0,248261701737004;-0,258368447083296
EBA;Temp;3;Spatially adjusted;0,333265306122449;-0,154567765733958;-0,218725103234167;-0,227074705555474
EBA;Temp;3;Spatially adjusted;0,353469387755102;-0,123210498074613;-0,188811232087613;-0,195410298236975
EBA;Temp;3;Spatially adjusted;0,373673469387755;-0,0914478483861458;-0,158621415630545;-0,163477044286971
EBA;Temp;3;Spatially adjusted;0,393877551020408;-0,0594325778272378;-0,128282278790806;-0,131402076438523
EBA;Temp;3;Spatially adjusted;0,414081632653061;-0,0273174475565519;-0,0979204464962251;-0,0993125274246758
EBA;Temp;3;Spatially adjusted;0,434285714285714;0,00474478126723454;-0,0676625436746363;-0,0673355299785037
EBA;Temp;3;Spatially adjusted;0,454489795918367;0,0366013474854441;-0,0376351952538734;-0,0355982168330549
EBA;Temp;3;Spatially adjusted;0,47469387755102;0,0680994899394136;-0,00796502616177008;-0,00422772072138855
EBA;Temp;3;Spatially adjusted;0,494897959183674;0,0990864474704587;0,0212213386738433;0,0266488256234325
EBA;Temp;3;Spatially adjusted;0,515102040816327;0,129409458919909;0,049797274325126;0,0569042894683562
EBA;Temp;3;Spatially adjusted;0,53530612244898;0,158915763129098;0,0776361558642549;0,0864115380803234
EBA;Temp;3;Spatially adjusted;0,555510204081633;0,187452598939345;0,104611358363393;0,115043438726282
EBA;Temp;3;Spatially adjusted;0,575714285714286;0,214867205191979;0,130596256894705;0,142672858673166
EBA;Temp;3;Spatially adjusted;0,595918367346939;0,241006820728327;0,155464226530363;0,169172665187915
EBA;Temp;3;Spatially adjusted;0,616122448979592;0,265718684389714;0,179088642342524;0,194415725537478
EBA;Temp;3;Spatially adjusted;0,636326530612245;0,288850035017472;0,201342879403363;0,218274906988796
EBA;Temp;3;Spatially adjusted;0,656530612244898;0,310248111452925;0,222100312785045;0,240623076808813
EBA;Temp;3;Spatially adjusted;0,676734693877551;0,329760152537393;0,241234317559737;0,261333102264462
EBA;Temp;3;Spatially adjusted;0,696938775510204;0,347280094768969;0,258657602678561;0,280317427714639
EBA;Temp;3;Spatially adjusted;0,717142857142857;0,362888665272738;0,274440212608486;0,297646805885982
EBA;Temp;3;Spatially adjusted;0,73734693877551;0,376713288830565;0,288691525695445;0,313431566597085
EBA;Temp;3;Spatially adjusted;0,757551020408163;0,388881390224299;0,301520920285356;0,327782039666538
EBA;Temp;3;Spatially adjusted;0,777755102040816;0,399520394235793;0,313037774724151;0,340808554912922
EBA;Temp;3;Spatially adjusted;0,797959183673469;0,408757725646904;0,323351467357753;0,352621442154835
EBA;Temp;3;Spatially adjusted;0,818163265306122;0,416720809239479;0,332571376532087;0,363331031210855
EBA;Temp;3;Spatially adjusted;0,838367346938776;0,423537069795376;0,340806880593089;0,373047651899579
EBA;Temp;3;Spatially adjusted;0,858571428571429;0,429333932096448;0,34816735788667;0,381881634039594
EBA;Temp;3;Spatially adjusted;0,878775510204082;0,434238820924541;0,354762186758773;0,389943307449489
EBA;Temp;3;Spatially adjusted;0,898979591836735;0,438379161061516;0,360700745555317;0,397343001947849
EBA;Temp;3;Spatially adjusted;0,919183673469388;0,441882377289232;0,366092412622223;0,404191047353269
EBA;Temp;3;Spatially adjusted;0,939387755102041;0,444875894389526;0,371046566305424;0,410597773484334
EBA;Temp;3;Spatially adjusted;0,959591836734694;0,447487137144268;0,375672584950848;0,41667351015963
EBA;Temp;3;Spatially adjusted;0,979795918367347;0,449843530335301;0,380079846904419;0,422528587197753
EBA;Temp;3;Spatially adjusted;1;0,452072498744478;0,38437773051206;0,428273334417284
EBA;Temp;3;Current landscape;0,0303291194140911;-0,317243989213093;-0,3923650910913;-0,755324964099383
EBA;Temp;3;Current landscape;0,0788705870509148;-0,37519770374864;-0,501917351946801;-0,739042742326387
EBA;Temp;3;Current landscape;0,124809511005879;-0,366769538792656;-0,346077942750249;-0,664702338792608
EBA;Temp;3;Current landscape;0,174491666257381;-0,305683993704083;-0,3222090002591;-0,563649868797636
EBA;Temp;3;Current landscape;0,222810313105583;-0,278159083916918;-0,262623816302455;-0,569874578292698
EBA;Temp;3;Current landscape;0,276084780693054;-0,249215246150538;-0,211392742808556;-0,430000345139177
EBA;Temp;3;Current landscape;0,328587532043457;-0,164375828439393;-0,142876364720252;-0,395883968585082
EBA;Temp;3;Current landscape;0,371859312057495;-0,254803371319522;-0,204018690959018;-0,375297419513757
EBA;Temp;3;Current landscape;0,425581350922585;-0,178670457077342;-0,180332342925585;-0,333182178538589
EBA;Temp;3;Current landscape;0,476348638534546;-0,133795577861118;-0,108411434023285;-0,2286483234572
EBA;Temp;3;Current landscape;0,523478090763092;-0,182403563740092;-0,160654628611937;-0,278718443209204
EBA;Temp;3;Current landscape;0,576474636793137;-0,1848519022925;-0,104981742028968;-0,304386722213092
EBA;Temp;3;Current landscape;0,622934460639954;-0,134934845795858;-0,108033897667418;-0,343269701426777
EBA;Temp;3;Current landscape;0,672623664140702;-0,154343201403538;-0,122785114403555;-0,364498129129167
EBA;Temp;3;Current landscape;0,723249018192291;-0,176747305623753;-0,201818809981841;-0,332724607536182
EBA;Temp;3;Current landscape;0,776329010725021;-0,189869378033311;-0,147586733518679;-0,383379046723253
EBA;Temp;3;Current landscape;0,824587434530259;-0,321756963491797;-0,151974358437474;-0,374719616565212
EBA;Temp;3;Current landscape;0,875839233398438;-0,300398387702078;-0,184835122153213;-0,351732427928372
EBA;Temp;3;Current landscape;0,930239975452423;-0,260012460429017;-0,177514742793431;-0,378325289916123
EBA;Temp;3;Current landscape;1;-0,839406891198632;-0,64458001069525;-0,682285009238509
EBA;Temp;4;Spatially adjusted;0,01;-0,601704992202645;-0,633183053827828;-0,700492891336989
EBA;Temp;4;Spatially adjusted;0,0302040816326531;-0,57356050775573;-0,608362449555784;-0,672649162489702
EBA;Temp;4;Spatially adjusted;0,0504081632653061;-0,545402104095039;-0,583509759043608;-0,644780772218468
EBA;Temp;4;Spatially adjusted;0,0706122448979592;-0,517215862006804;-0,558592896051181;-0,616863059099341
EBA;Temp;4;Spatially adjusted;0,0908163265306122;-0,488987862277256;-0,533579774338371;-0,588871361708382
EBA;Temp;4;Spatially adjusted;0,111020408163265;-0,460704185692613;-0,508438307665056;-0,560781018621647
EBA;Temp;4;Spatially adjusted;0,131224489795918;-0,432350913039112;-0,483136409791104;-0,53256736841518
EBA;Temp;4;Spatially adjusted;0,151428571428571;-0,403914125102972;-0,457641994476393;-0,504205749665044
EBA;Temp;4;Spatially adjusted;0,171632653061224;-0,375379902670431;-0,431922975480788;-0,475671500947296
EBA;Temp;4;Spatially adjusted;0,191836734693878;-0,346734326527709;-0,405947266564166;-0,446939960837984
EBA;Temp;4;Spatially adjusted;0,212040816326531;-0,317963477461039;-0,379682781486402;-0,417986467913167
EBA;Temp;4;Spatially adjusted;0,232244897959184;-0,289053436256641;-0,353097434007367;-0,388786360748899
EBA;Temp;4;Spatially adjusted;0,252448979591837;-0,259990283700748;-0,326159137886936;-0,35931497792124
EBA;Temp;4;Spatially adjusted;0,27265306122449;-0,230760100579587;-0,298835806884981;-0,329547658006234
EBA;Temp;4;Spatially adjusted;0,292857142857143;-0,201348967679383;-0,271095354761371;-0,299459739579945
EBA;Temp;4;Spatially adjusted;0,313061224489796;-0,171742965786372;-0,242905695275987;-0,269026561218425
EBA;Temp;4;Spatially adjusted;0,333265306122449;-0,141928175686772;-0,21423474218869;-0,238223461497729
EBA;Temp;4;Spatially adjusted;0,353469387755102;-0,111912002087241;-0,185078642443429;-0,207049910794048
EBA;Temp;4;Spatially adjusted;0,373673469387755;-0,0817871453761576;-0,155546475720399;-0,175601906684133
EBA;Temp;4;Spatially adjusted;0,393877551020408;-0,0516676298623189;-0,125775554883859;-0,143999578544861
EBA;Temp;4;Spatially adjusted;0,414081632653061;-0,021667479854532;-0,0959031927980725;-0,112363055753114
EBA;Temp;4;Spatially adjusted;0,434285714285714;0,00809928033839569;-0,0660667023273085;-0,0808124676857815
EBA;Temp;4;Spatially adjusted;0,454489795918367;0,0375186264076746;-0,0364033963358175;-0,0494679437197405
EBA;Temp;4;Spatially adjusted;0,47469387755102;0,0664765340444937;-0,00705058768787126;-0,0184496132318763
EBA;Temp;4;Spatially adjusted;0,494897959183674;0,0948589789400565;0,0218544107522689;0,0121223944009294
EBA;Temp;4;Spatially adjusted;0,515102040816327;0,122551936785545;0,0501742861203489;0,0421279498017917
EBA;Temp;4;Spatially adjusted;0,53530612244898;0,149441383272176;0,0777717255520969;0,0714469235938289
EBA;Temp;4;Spatially adjusted;0,555510204081633;0,175413294091136;0,104509416183252;0,0999591864001559
EBA;Temp;4;Spatially adjusted;0,575714285714286;0,200353644933621;0,130250045149548;0,127544608843895
EBA;Temp;4;Spatially adjusted;0,595918367346939;0,224148411490837;0,154856299586736;0,15408306154816
EBA;Temp;4;Spatially adjusted;0,616122448979592;0,246683569453968;0,178190866630541;0,179454415136068
EBA;Temp;4;Spatially adjusted;0,636326530612245;0,267845094514229;0,200116433416703;0,203538540230738
EBA;Temp;4;Spatially adjusted;0,656530612244898;0,287518962362803;0,220495687080962;0,226215307455281
EBA;Temp;4;Spatially adjusted;0,676734693877551;0,30559114869089;0,239191314759054;0,247364587432823
EBA;Temp;4;Spatially adjusted;0,696938775510204;0,321984505176882;0,256107857177121;0,266903435022453
EBA;Temp;4;Spatially adjusted;0,717142857142857;0,336769387447912;0,271317269422909;0,28489764202719
EBA;Temp;4;Spatially adjusted;0,73734693877551;0,350053027118317;0,284933360174573;0,301450184486022
EBA;Temp;4;Spatially adjusted;0,757551020408163;0,361942655802427;0,297069938110266;0,316664038437946
EBA;Temp;4;Spatially adjusted;0,777755102040816;0,372545505114569;0,307840811908136;0,330642179921952
EBA;Temp;4;Spatially adjusted;0,797959183673469;0,381968806669075;0,317359790246332;0,343487584977037
EBA;Temp;4;Spatially adjusted;0,818163265306122;0,39031979208028;0,325740681803016;0,355303229642189
EBA;Temp;4;Spatially adjusted;0,838367346938776;0,397705692962511;0,333097295256327;0,366192089956407
EBA;Temp;4;Spatially adjusted;0,858571428571429;0,404233740930092;0,339543439284427;0,376257141958678
EBA;Temp;4;Spatially adjusted;0,878775510204082;0,410011167597364;0,345192922565467;0,385601361688
EBA;Temp;4;Spatially adjusted;0,898979591836735;0,415145204578653;0,350159553777591;0,394327725183366
EBA;Temp;4;Spatially adjusted;0,919183673469388;0,419743083488289;0,354557141598956;0,402539208483763
EBA;Temp;4;Spatially adjusted;0,939387755102041;0,423912035940607;0,358499494707718;0,410338787628188
EBA;Temp;4;Spatially adjusted;0,959591836734694;0,427759293549929;0,362100421782021;0,417829438655634
EBA;Temp;4;Spatially adjusted;0,979795918367347;0,431392087930586;0,365473731500025;0,425114137605096
EBA;Temp;4;Spatially adjusted;1;0,434917650696917;0,368733232539874;0,432295860515563
EBA;Temp;4;Current landscape;0,0285034291446209;-0,381657572259194;-0,423172962058178;-0,742402820235551
EBA;Temp;4;Current landscape;0,0749285966157913;-0,361283657968801;-0,40931746114838;-0,754252324069658
EBA;Temp;4;Current landscape;0,126518428325653;-0,239853731576687;-0,31894285809215;-0,64880422042609
EBA;Temp;4;Current landscape;0,170660823583603;-0,413436466871499;-0,451687938490252;-0,722223184135853
EBA;Temp;4;Current landscape;0,225524052977562;-0,329911926503602;-0,360851509398607;-0,605134242406603
EBA;Temp;4;Current landscape;0,274958103895187;-0,370984974266239;-0,337636468869416;-0,567356605550138
EBA;Temp;4;Current landscape;0,325394630432129;-0,200596402517906;-0,191389756320415;-0,441930315100969
EBA;Temp;4;Current landscape;0,374588936567307;-0,0694296183088135;-0,111541413922865;-0,371399646672039
EBA;Temp;4;Current landscape;0,424229979515076;-0,166424533033954;-0,266732616733947;-0,402823955850131
EBA;Temp;4;Current landscape;0,474708944559097;-0,0689019683474115;-0,0987650657118273;-0,331227589213459
EBA;Temp;4;Current landscape;0,522707879543304;-0,136855165480455;-0,192486252974827;-0,340114102727206
EBA;Temp;4;Current landscape;0,575565278530121;-0,15813460017036;-0,172251986320443;-0,369669968193314
EBA;Temp;4;Current landscape;0,624073922634125;-0,140342860049785;-0,11393241223816;-0,352927542616861
EBA;Temp;4;Current landscape;0,675634205341339;-0,12499405415284;-0,186407150865929;-0,352792554041219
EBA;Temp;4;Current landscape;0,725239157676697;-0,284533200604056;-0,32382989182193;-0,417529472414532
EBA;Temp;4;Current landscape;0,775449752807618;-0,204369156097108;-0,164723296235021;-0,35843971846392
EBA;Temp;4;Current landscape;0,826644331216812;-0,399432558786739;-0,248803235951868;-0,405813847319951
EBA;Temp;4;Current landscape;0,876614451408386;-0,393118827801082;-0,233972740486841;-0,440583498581223
EBA;Temp;4;Current landscape;0,924034178256989;-0,362326327253861;-0,295579590663948;-0,428036107024038
EBA;Temp;4;Current landscape;1;-0,870161425814846;-0,486115281396472;-0,5956914163325
EBA;Temp;5;Spatially adjusted;0,01;-0,606547759646645;-0,665342026626103;-0,733775336720992
EBA;Temp;5;Spatially adjusted;0,0302040816326531;-0,578063725042423;-0,639248653891908;-0,701897693653262
EBA;Temp;5;Spatially adjusted;0,0504081632653061;-0,549568621539983;-0,613126545773309;-0,670021801912313
EBA;Temp;5;Spatially adjusted;0,0706122448979592;-0,521051380241122;-0,586946966885915;-0,638149412824941
EBA;Temp;5;Spatially adjusted;0,0908163265306122;-0,492500932247623;-0,560681181845322;-0,606282277717927
EBA;Temp;5;Spatially adjusted;0,111020408163265;-0,463906208661278;-0,534300455267125;-0,57442214791806
EBA;Temp;5;Spatially adjusted;0,131224489795918;-0,435256140583867;-0,507776051766935;-0,542570774752125
EBA;Temp;5;Spatially adjusted;0,151428571428571;-0,406539659117183;-0,481079235960344;-0,510729909546914
EBA;Temp;5;Spatially adjusted;0,171632653061224;-0,377745695363011;-0,454181272462954;-0,478901303629204
EBA;Temp;5;Spatially adjusted;0,191836734693878;-0,348863180423145;-0,427053425890367;-0,447086708325795
EBA;Temp;5;Spatially adjusted;0,212040816326531;-0,319881045399367;-0,399666960858184;-0,415287874963461
EBA;Temp;5;Spatially adjusted;0,232244897959184;-0,290788221393463;-0,371993141981999;-0,38350655486899
EBA;Temp;5;Spatially adjusted;0,252448979591837;-0,261573639507226;-0,34400323387742;-0,351744499369175
EBA;Temp;5;Spatially adjusted;0,27265306122449;-0,232226230842443;-0,315668501160047;-0,320003459790797
EBA;Temp;5;Spatially adjusted;0,292857142857143;-0,202734926500895;-0,286960208445471;-0,288285187460652
EBA;Temp;5;Spatially adjusted;0,313061224489796;-0,173088657584376;-0,257849620349301;-0,256591433705516
EBA;Temp;5;Spatially adjusted;0,333265306122449;-0,143276355194676;-0,228308001487136;-0,22492394985218
EBA;Temp;5;Spatially adjusted;0,353469387755102;-0,113304850919729;-0,198333801886147;-0,193297590491806
EBA;Temp;5;Spatially adjusted;0,373673469387755;-0,0832525782921003;-0,168034213219798;-0,161779623273087
EBA;Temp;5;Spatially adjusted;0,393877551020408;-0,0532158713305044;-0,137543612573118;-0,130450419109081
EBA;Temp;5;Spatially adjusted;0,414081632653061;-0,0232910640536517;-0,106996377031145;-0,0993903489128591
EBA;Temp;5;Spatially adjusted;0,434285714285714;0,0064255095197403;-0,0765268836789161;-0,068679783597478
EBA;Temp;5;Spatially adjusted;0,454489795918367;0,0358375153709574;-0,0462695096014585;-0,0383990940760128
EBA;Temp;5;Spatially adjusted;0,47469387755102;0,0648486194812925;-0,0163586318838114;-0,00862865126152101
EBA;Temp;5;Spatially adjusted;0,494897959183674;0,0933624878320281;0,0130713723889926;0,0205511739329296
EBA;Temp;5;Spatially adjusted;0,515102040816327;0,121282786404446;0,0418861261319172;0,0490600105942747
EBA;Temp;5;Spatially adjusted;0,53530612244898;0,148513181179833;0,0699512522599299;0,0768174878094534
EBA;Temp;5;Spatially adjusted;0,555510204081633;0,174957338139478;0,0971323736879981;0,103743234665394
EBA;Temp;5;Spatially adjusted;0,575714285714286;0,200518923264667;0,123295113331086;0,129756880249037
EBA;Temp;5;Spatially adjusted;0,595918367346939;0,225101602536686;0,148305094104156;0,154778053647313
EBA;Temp;5;Spatially adjusted;0,616122448979592;0,248609041936817;0,172027938922184;0,178726383947161
EBA;Temp;5;Spatially adjusted;0,636326530612245;0,270944907446353;0,194329270700127;0,201521500235515
EBA;Temp;5;Spatially adjusted;0,656530612244898;0,292012865046569;0,215074712352948;0,223083031599309
EBA;Temp;5;Spatially adjusted;0,676734693877551;0,311716580718763;0,234129886795621;0,243330607125476
EBA;Temp;5;Spatially adjusted;0,696938775510204;0,329990990446785;0,251401819835358;0,262211775290119
EBA;Temp;5;Spatially adjusted;0,717142857142857;0,346896110224726;0,266963148848355;0,279785762125993
EBA;Temp;5;Spatially adjusted;0,73734693877551;0,362523226049277;0,280927914103067;0,296139713055013
EBA;Temp;5;Spatially adjusted;0,757551020408163;0,376963623917099;0,293410155867939;0,3113607734991
EBA;Temp;5;Spatially adjusted;0,777755102040816;0,390308589824869;0,304523914411423;0,32553608888017
EBA;Temp;5;Spatially adjusted;0,797959183673469;0,40264940976925;0,314383230001965;0,338752804620135
EBA;Temp;5;Spatially adjusted;0,818163265306122;0,414077369746916;0,32310214290802;0,351098066140928
EBA;Temp;5;Spatially adjusted;0,838367346938776;0,424683755754543;0,33079469339803;0,362659018864456
EBA;Temp;5;Spatially adjusted;0,858571428571429;0,434559853788798;0,337574921740451;0,373522808212638
EBA;Temp;5;Spatially adjusted;0,878775510204082;0,443796949846355;0,343556868203727;0,383776579607392
EBA;Temp;5;Spatially adjusted;0,898979591836735;0,45248632992389;0,348854573056308;0,393507478470639
EBA;Temp;5;Spatially adjusted;0,919183673469388;0,460719280018058;0,353582076566642;0,402802650224295
EBA;Temp;5;Spatially adjusted;0,939387755102041;0,468587086125545;0,357853419003177;0,411749240290281
EBA;Temp;5;Spatially adjusted;0,959591836734694;0,47618103424302;0,361782640634374;0,42043439409051
EBA;Temp;5;Spatially adjusted;0,979795918367347;0,483592410367152;0,365483781728663;0,428945257046905
EBA;Temp;5;Spatially adjusted;1;0,490912500494609;0,369070882554507;0,437368974581382
EBA;Temp;5;Current landscape;0,0295516690239311;-0,418476110831424;-0,472439696350065;-0,812380128332777
EBA;Temp;5;Current landscape;0,0746193826198578;-0,367658862589039;-0,455958745012158;-0,769878299711486
EBA;Temp;5;Current landscape;0,127381920814514;-0,263533703563624;-0,400837118874012;-0,695734853534987
EBA;Temp;5;Current landscape;0,174563646316528;-0,260384628214979;-0,366173539238304;-0,665460252992602
EBA;Temp;5;Current landscape;0,224890932440758;-0,141873151656725;-0,229982121621543;-0,498278225816673
EBA;Temp;5;Current landscape;0,273686587810516;-0,13191881467808;-0,212899184616937;-0,440602208527235
EBA;Temp;5;Current landscape;0,324416548013687;-0,205136141674725;-0,237184895204841;-0,451440995772622
EBA;Temp;5;Current landscape;0,374982908368111;-0,312113959204904;-0,247663257146829;-0,429409882695353
EBA;Temp;5;Current landscape;0,425143271684647;-0,0749404467305688;-0,103131767522481;-0,283654379448993
EBA;Temp;5;Current landscape;0,478804558515549;-0,0984013447348993;-0,160565730735669;-0,314211396055264
EBA;Temp;5;Current landscape;0,527753829956055;-0,149688621544115;-0,155411830759856;-0,327851979521778
EBA;Temp;5;Current landscape;0,576105296611786;-0,300592582173337;-0,284088755525975;-0,426743705464126
EBA;Temp;5;Current landscape;0,623595714569092;-0,112578737736971;-0,168255998930317;-0,317905437827996
EBA;Temp;5;Current landscape;0,675498336553574;-0,25956975302255;-0,233636329724249;-0,358326380079834
EBA;Temp;5;Current landscape;0,719449192285538;-0,334902043527077;-0,280639907303527;-0,460676823020155
EBA;Temp;5;Current landscape;0,774189352989197;-0,250801237230487;-0,202255380330502;-0,456738235227395
EBA;Temp;5;Current landscape;0,826797693967819;-0,351879828562499;-0,236676411605515;-0,466495837098979
EBA;Temp;5;Current landscape;0,874562293291092;-0,39304393832585;-0,242073917279509;-0,452787889714358
EBA;Temp;5;Current landscape;0,928386867046356;-0,260544988233846;-0,141363451543434;-0,334000331832492
EBA;Temp;5;Current landscape;1;-0,842831495629937;-0,617547522055642;-0,747871894333688
EBA;Temp;6;Spatially adjusted;0,01;-0,616992292514823;-0,685637021579005;-0,765623162931387
EBA;Temp;6;Spatially adjusted;0,0302040816326531;-0,586364085272539;-0,656454743842982;-0,731216125455642
EBA;Temp;6;Spatially adjusted;0,0504081632653061;-0,555745361275147;-0,627269451935991;-0,696832738990548
EBA;Temp;6;Spatially adjusted;0,0706122448979592;-0,525145603767534;-0,598078131687057;-0,662496654546757
EBA;Temp;6;Spatially adjusted;0,0908163265306122;-0,494574295994589;-0,568877768925219;-0,628231523134922
EBA;Temp;6;Spatially adjusted;0,111020408163265;-0,464040921201203;-0,539665349479506;-0,594060995765695
EBA;Temp;6;Spatially adjusted;0,131224489795918;-0,433554962632265;-0,510437859178943;-0,56000872344972
EBA;Temp;6;Spatially adjusted;0,151428571428571;-0,403125903532668;-0,481192283852568;-0,526098357197657
EBA;Temp;6;Spatially adjusted;0,171632653061224;-0,372763227147299;-0,451925609329411;-0,492353548020152
EBA;Temp;6;Spatially adjusted;0,191836734693878;-0,342476416721048;-0,422634821438496;-0,458797946927863
EBA;Temp;6;Spatially adjusted;0,212040816326531;-0,312274955498804;-0,393316906008863;-0,425455204931435
EBA;Temp;6;Spatially adjusted;0,232244897959184;-0,282168326725461;-0,363968848869536;-0,392348973041525
EBA;Temp;6;Spatially adjusted;0,252448979591837;-0,252166013645901;-0,334587635849552;-0,35950290226878
EBA;Temp;6;Spatially adjusted;0,27265306122449;-0,222277499505019;-0,305170252777938;-0,326940643623853
EBA;Temp;6;Spatially adjusted;0,292857142857143;-0,192512267547709;-0,275713685483723;-0,294685848117396
EBA;Temp;6;Spatially adjusted;0,313061224489796;-0,162879801018853;-0,246214919795939;-0,262762166760059
EBA;Temp;6;Spatially adjusted;0,333265306122449;-0,133389583163343;-0,216670941543622;-0,231193250562495
EBA;Temp;6;Spatially adjusted;0,353469387755102;-0,104057990705346;-0,187093043501633;-0,200003098701192
EBA;Temp;6;Spatially adjusted;0,373673469387755;-0,0749289742860917;-0,157549746228213;-0,169217103015981
EBA;Temp;6;Spatially adjusted;0,393877551020408;-0,0460533780260981;-0,128123877227416;-0,138861003512524
EBA;Temp;6;Spatially adjusted;0,414081632653061;-0,0174820460458776;-0,0988982640033207;-0,108960540196485
EBA;Temp;6;Spatially adjusted;0,434285714285714;0,0107341775340579;-0,0699557340599881;-0,079541453073535
EBA;Temp;6;Spatially adjusted;0,454489795918367;0,0385444485931927;-0,0413791149014919;-0,0506294821493327
EBA;Temp;6;Spatially adjusted;0,47469387755102;0,0658979230110255;-0,0132512340318947;-0,0222503674295531
EBA;Temp;6;Spatially adjusted;0,494897959183674;0,0927437566670406;0,0143450810447412;0,00557015108014625
EBA;Temp;6;Spatially adjusted;0,515102040816327;0,119031105440715;0,0413270028243318;0,0328063333740971
EBA;Temp;6;Spatially adjusted;0,53530612244898;0,144709125211552;0,0676117038028252;0,0594324394466383
EBA;Temp;6;Spatially adjusted;0,555510204081633;0,169726971859028;0,0931163564761448;0,0854227292920946
EBA;Temp;6;Spatially adjusted;0,575714285714286;0,194033801262641;0,117758133340224;0,110751462904805
EBA;Temp;6;Spatially adjusted;0,595918367346939;0,21757876930187;0,141454206890998;0,135392900279111
EBA;Temp;6;Spatially adjusted;0,616122448979592;0,240311031856212;0,1641217496244;0,159321301409339
EBA;Temp;6;Spatially adjusted;0,636326530612245;0,262179744805149;0,185677934036356;0,182510926289822
EBA;Temp;6;Spatially adjusted;0,656530612244898;0,283134064028172;0,206039932622801;0,204936034914905
EBA;Temp;6;Spatially adjusted;0,676734693877551;0,303123145404761;0,225124917879668;0,226570887278914
EBA;Temp;6;Spatially adjusted;0,696938775510204;0,322115203021657;0,242878031895586;0,247402533338239
EBA;Temp;6;Spatially adjusted;0,717142857142857;0,340154683794545;0,259356295129962;0,2674691828975
EBA;Temp;6;Spatially adjusted;0,73734693877551;0,35730509284636;0,274644697634898;0,286821835723362
EBA;Temp;6;Spatially adjusted;0,757551020408163;0,373629935300038;0,288828229462496;0,305511491582497
EBA;Temp;6;Spatially adjusted;0,777755102040816;0,389192716278515;0,301991880664861;0,323589150241588
EBA;Temp;6;Spatially adjusted;0,797959183673469;0,404056940904724;0,314220641294092;0,341105811467294
EBA;Temp;6;Spatially adjusted;0,818163265306122;0,418286114301583;0,325599501402294;0,358112475026289
EBA;Temp;6;Spatially adjusted;0,838367346938776;0,431943741592054;0,336213451041573;0,37466014068524
EBA;Temp;6;Spatially adjusted;0,858571428571429;0,445093327899041;0,34614748026403;0,390799808210826
EBA;Temp;6;Spatially adjusted;0,878775510204082;0,457798378345498;0,355486579121767;0,406582477369714
EBA;Temp;6;Spatially adjusted;0,898979591836735;0,470122398054354;0,364315737666885;0,422059147928572
EBA;Temp;6;Spatially adjusted;0,919183673469388;0,482128892148545;0,372719945951484;0,437280819654077
EBA;Temp;6;Spatially adjusted;0,939387755102041;0,493881365750998;0,38078419402768;0,452298492312899
EBA;Temp;6;Spatially adjusted;0,959591836734694;0,505443323984647;0,388593471947562;0,467163165671703
EBA;Temp;6;Spatially adjusted;0,979795918367347;0,516878271972431;0,396232769763241;0,481925839497169
EBA;Temp;6;Spatially adjusted;1;0,528249714837276;0,403787077526818;0,496637513555964
EBA;Temp;6;Current landscape;0,0263970661908388;-0,39101428074644;-0,443620097121663;-0,743482420048867
EBA;Temp;6;Current landscape;0,0774748474359512;-0,308964784912771;-0,380392159711718;-0,749069933947482
EBA;Temp;6;Current landscape;0,125256568193436;-0,368786133344063;-0,435501405284047;-0,790537266252574
EBA;Temp;6;Current landscape;0,174443602561951;-0,224437381962058;-0,323146232493635;-0,560106103339233
EBA;Temp;6;Current landscape;0,224488258361816;-0,283628759999729;-0,348363540196061;-0,618144069155949
EBA;Temp;6;Current landscape;0,274205178022385;-0,215072063382099;-0,274646132436626;-0,575025390568722
EBA;Temp;6;Current landscape;0,330900430679321;-0,19705463039762;-0,237816314656651;-0,493505570994881
EBA;Temp;6;Current landscape;0,375160694122315;-0,101801224253851;-0,0725810081158471;-0,377715837750817
EBA;Temp;6;Current landscape;0,423284381628036;-0,0673029983757303;-0,125676202497097;-0,374175775646336
EBA;Temp;6;Current landscape;0,477780163288116;-0,204789914772419;-0,234245969360192;-0,397750289782902
EBA;Temp;6;Current landscape;0,525531470775604;-0,221315641841443;-0,190456489045644;-0,418925430311401
EBA;Temp;6;Current landscape;0,573189496994019;-0,149978939744251;-0,190195362862898;-0,374281596628467
EBA;Temp;6;Current landscape;0,624523043632507;-0,19078448102907;-0,048235701425341;-0,291179778325159
EBA;Temp;6;Current landscape;0,675222247838974;-0,150349327145619;-0,135100702162948;-0,38517477868103
EBA;Temp;6;Current landscape;0,723957479000092;-0,366352407135931;-0,326010569013043;-0,418091369043598
EBA;Temp;6;Current landscape;0,774409890174866;-0,248229397311061;-0,213378852716083;-0,421817041840185
EBA;Temp;6;Current landscape;0,823131084442139;-0,324865971392825;-0,217134699696757;-0,383526014470256
EBA;Temp;6;Current landscape;0,876747697591781;-0,309032272252193;-0,239295206850727;-0,335086480255875
EBA;Temp;6;Current landscape;0,924948573112488;-0,396733229189188;-0,213282560500822;-0,267495427030688
EBA;Temp;6;Current landscape;1;-0,868860620085421;-0,721731213240187;-0,710401344943634
EBA;Temp;7;Spatially adjusted;0,01;-0,587961245780498;-0,644036027258117;-0,716711214208548
EBA;Temp;7;Spatially adjusted;0,0302040816326531;-0,560982387798667;-0,619331449246065;-0,684812222615754
EBA;Temp;7;Spatially adjusted;0,0504081632653061;-0,533987194083913;-0,594579644014697;-0,652922905951716
EBA;Temp;7;Spatially adjusted;0,0706122448979592;-0,506959328903299;-0,569733384344687;-0,62105293914518
EBA;Temp;7;Spatially adjusted;0,0908163265306122;-0,479882456523903;-0,544745443016726;-0,589211997124899
EBA;Temp;7;Spatially adjusted;0,111020408163265;-0,452740241212794;-0,519568592811488;-0,557409754819627
EBA;Temp;7;Spatially adjusted;0,131224489795918;-0,425516347237043;-0,494155606509661;-0,525655887158113
EBA;Temp;7;Spatially adjusted;0,151428571428571;-0,398194438863726;-0,468459256891922;-0,493960069069114
EBA;Temp;7;Spatially adjusted;0,171632653061224;-0,370758180359914;-0,442432316738959;-0,46233197548138
EBA;Temp;7;Spatially adjusted;0,191836734693878;-0,343191235992681;-0,416027558831445;-0,430781281323664
EBA;Temp;7;Spatially adjusted;0,212040816326531;-0,315477270029088;-0,389197755950065;-0,399317661524716
EBA;Temp;7;Spatially adjusted;0,232244897959184;-0,287599946736222;-0,361895680875506;-0,367950791013286
EBA;Temp;7;Spatially adjusted;0,252448979591837;-0,259542930381144;-0,334074106388446;-0,336690344718136
EBA;Temp;7;Spatially adjusted;0,27265306122449;-0,231289885230932;-0,305685805269562;-0,305545997568007
EBA;Temp;7;Spatially adjusted;0,292857142857143;-0,202824475552653;-0,276683550299541;-0,274527424491655
EBA;Temp;7;Spatially adjusted;0,313061224489796;-0,174130365613379;-0,247020114259062;-0,243644300417831
EBA;Temp;7;Spatially adjusted;0,333265306122449;-0,145191219680196;-0,216648269928807;-0,212906300275289
EBA;Temp;7;Spatially adjusted;0,353469387755102;-0,116012433978202;-0,18555794591953;-0,182331208983442
EBA;Temp;7;Spatially adjusted;0,373673469387755;-0,0866863325647174;-0,15388769416225;-0,151969251424308
EBA;Temp;7;Spatially adjusted;0,393877551020408;-0,0573269714550939;-0,121813222418051;-0,121878762470587
EBA;Temp;7;Spatially adjusted;0,414081632653061;-0,0280484066646771;-0,0895102384480282;-0,0921180769949643
EBA;Temp;7;Spatially adjusted;0,434285714285714;0,00103530579116651;-0,0571544500132681;-0,0627455298701207
EBA;Temp;7;Spatially adjusted;0,454489795918367;0,0298101098970882;-0,0249215648748589;-0,0338194559687501
EBA;Temp;7;Spatially adjusted;0,47469387755102;0,0581619496377428;0,00701270920610853;-0,00539819016354315
EBA;Temp;7;Spatially adjusted;0,494897959183674;0,0859767689977673;0,0384726644685394;0,0224599326728203
EBA;Temp;7;Spatially adjusted;0,515102040816327;0,113140511961806;0,0692825931513568;0,0496965776676461
EBA;Temp;7;Spatially adjusted;0,53530612244898;0,139539122514517;0,099266787493459;0,0762534099482544
EBA;Temp;7;Spatially adjusted;0,555510204081633;0,16505854464053;0,128249539733769;0,102072094641951
EBA;Temp;7;Spatially adjusted;0,575714285714286;0,189584722324508;0,156055142111189;0,127094296876049
EBA;Temp;7;Spatially adjusted;0,595918367346939;0,213003599551087;0,182507886864631;0,151261681777861
EBA;Temp;7;Spatially adjusted;0,616122448979592;0,235201120304911;0,207432066233007;0,174515914474704
EBA;Temp;7;Spatially adjusted;0,636326530612245;0,256063228570635;0,230651972455231;0,196798660093879
EBA;Temp;7;Spatially adjusted;0,656530612244898;0,275475868332904;0,251991897770207;0,218051583762712
EBA;Temp;7;Spatially adjusted;0,676734693877551;0,293324983576365;0,271276134416851;0,238216350608511
EBA;Temp;7;Spatially adjusted;0,696938775510204;0,309533002418782;0,288381502973724;0,257256290859193
EBA;Temp;7;Spatially adjusted;0,717142857142857;0,324168289510414;0,303394937378016;0,275221395145142
EBA;Temp;7;Spatially adjusted;0,73734693877551;0,337335693634653;0,316455899906561;0,292183319197328
EBA;Temp;7;Spatially adjusted;0,757551020408163;0,349140063574883;0,327703852836205;0,308213718746735
EBA;Temp;7;Spatially adjusted;0,777755102040816;0,359686248114489;0,337278258443774;0,323384249524356
EBA;Temp;7;Spatially adjusted;0,797959183673469;0,36907909603686;0,345318579006126;0,337766567261166
EBA;Temp;7;Spatially adjusted;0,818163265306122;0,377423456125374;0,351964276800079;0,351432327688151
EBA;Temp;7;Spatially adjusted;0,838367346938776;0,384824177163424;0,357354814102486;0,364453186536288
EBA;Temp;7;Spatially adjusted;0,858571428571429;0,391386107934387;0,361629653190182;0,376900799536564
EBA;Temp;7;Spatially adjusted;0,878775510204082;0,39721409722166;0,364928256340001;0,388846822419961
EBA;Temp;7;Spatially adjusted;0,898979591836735;0,402412993808611;0,367390085828792;0,400362910917465
EBA;Temp;7;Spatially adjusted;0,919183673469388;0,407087646478644;0,369154603933385;0,411520720760048
EBA;Temp;7;Spatially adjusted;0,939387755102041;0,411342904015132;0,370361272930623;0,422391907678708
EBA;Temp;7;Spatially adjusted;0,959591836734694;0,415283615201467;0,371149555097343;0,433048127404419
EBA;Temp;7;Spatially adjusted;0,979795918367347;0,419014628821031;0,371658912710387;0,443561035668161
EBA;Temp;7;Spatially adjusted;1;0,422640793657205;0,372028808046597;0,454002288200918
EBA;Temp;7;Current landscape;0,0233826823532581;-0,446782284247089;-0,500974804996201;-0,808240028789896
EBA;Temp;7;Current landscape;0,0755026489496231;-0,408564377687899;-0,429480361125314;-0,728378644332736
EBA;Temp;7;Current landscape;0,125607997179031;-0,3238181271381;-0,387895170767525;-0,711482351709719
EBA;Temp;7;Current landscape;0,174018353223801;-0,435236531746234;-0,46899110519276;-0,729315270818777
EBA;Temp;7;Current landscape;0,225794047117233;-0,267996452437849;-0,306070495361531;-0,506696739208611
EBA;Temp;7;Current landscape;0,275778204202652;-0,274512030109118;-0,312075999430345;-0,481721201193498
EBA;Temp;7;Current landscape;0,327109098434448;-0,154147038250667;-0,276089348362842;-0,477243285565823
EBA;Temp;7;Current landscape;0,375181049108505;-0,255586470370094;-0,187108251058785;-0,414652156300051
EBA;Temp;7;Current landscape;0,424476146697998;-0,177659058661092;-0,172906836284337;-0,426768460267486
EBA;Temp;7;Current landscape;0,476097986102104;-0,0363835442538587;-0,0362549303912516;-0,28572220175305
EBA;Temp;7;Current landscape;0,52367427945137;-0,20729872717132;-0,175590460626211;-0,333305584383577
EBA;Temp;7;Current landscape;0,574569344520569;-0,258222335848664;-0,156748944803475;-0,3696124275457
EBA;Temp;7;Current landscape;0,624649465084076;-0,149798134889668;-0,0641030164341103;-0,253668105745358
EBA;Temp;7;Current landscape;0,673023581504822;-0,192684669278407;-0,130584603388783;-0,34248987513822
EBA;Temp;7;Current landscape;0,725096464157104;-0,135204504573771;-0,163576398067452;-0,39188758485756
EBA;Temp;7;Current landscape;0,773554027080536;-0,227929869090367;-0,117094794808075;-0,366460218550724
EBA;Temp;7;Current landscape;0,826408624649048;-0,362438918617144;-0,246742224546949;-0,410978920415108
EBA;Temp;7;Current landscape;0,877470970153809;-0,341343780178036;-0,23218581909034;-0,403529521116443
EBA;Temp;7;Current landscape;0,927780389785767;-0,482695087434369;-0,28678348172722;-0,444738334197858
EBA;Temp;7;Current landscape;1;-0,847061324980075;-0,613139431326058;-0,652872845662436
EBA;Temp;8;Spatially adjusted;0,01;-0,605191678432753;-0,6627921053603;-0,681790281644531
EBA;Temp;8;Spatially adjusted;0,0302040816326531;-0,579637149993101;-0,637528685485936;-0,655838105715304
EBA;Temp;8;Spatially adjusted;0,0504081632653061;-0,554044892974215;-0,612227940415654;-0,629849127033953
EBA;Temp;8;Spatially adjusted;0,0706122448979592;-0,528377178796884;-0,586852544953537;-0,603786542848365
EBA;Temp;8;Spatially adjusted;0,0908163265306122;-0,502596278881875;-0,561365173903671;-0,577613550406412
EBA;Temp;8;Spatially adjusted;0,111020408163265;-0,476664464649961;-0,535728502070135;-0,551293346955976
EBA;Temp;8;Spatially adjusted;0,131224489795918;-0,450544007521906;-0,50990520425702;-0,524789129744931
EBA;Temp;8;Spatially adjusted;0,151428571428571;-0,424197178918501;-0,483857955268398;-0,49806409602116
EBA;Temp;8;Spatially adjusted;0,171632653061224;-0,397586250260513;-0,457549429908362;-0,471081443032542
EBA;Temp;8;Spatially adjusted;0,191836734693878;-0,370673492968713;-0,430942302980988;-0,443804368026957
EBA;Temp;8;Spatially adjusted;0,212040816326531;-0,343421178463874;-0,403999249290358;-0,416196068252276
EBA;Temp;8;Spatially adjusted;0,232244897959184;-0,31579157816677;-0,376682943640564;-0,388219740956391
EBA;Temp;8;Spatially adjusted;0,252448979591837;-0,287746963498186;-0,348956060835683;-0,35983858338717
EBA;Temp;8;Spatially adjusted;0,27265306122449;-0,259249605878882;-0,320781275679796;-0,331015792792496
EBA;Temp;8;Spatially adjusted;0,292857142857143;-0,230261776729634;-0,292121262976991;-0,301714566420248
EBA;Temp;8;Spatially adjusted;0,313061224489796;-0,200745747471217;-0,26293869753135;-0,271898101518303
EBA;Temp;8;Spatially adjusted;0,333265306122449;-0,170663789524408;-0,233196254146954;-0,241529595334544
EBA;Temp;8;Spatially adjusted;0,353469387755102;-0,140008539222947;-0,20288777514515;-0,210601531056057
EBA;Temp;8;Spatially adjusted;0,373673469387755;-0,108894092552436;-0,172131772916341;-0,179223535626775
EBA;Temp;8;Spatially adjusted;0,393877551020408;-0,0774649104114609;-0,14107792736819;-0,147534521929838
EBA;Temp;8;Spatially adjusted;0,414081632653061;-0,0458654536985925;-0,109875918408367;-0,115673402848394
EBA;Temp;8;Spatially adjusted;0,434285714285714;-0,0142401833124062;-0,0786754259445246;-0,0837790912655798
EBA;Temp;8;Spatially adjusted;0,454489795918367;0,0172664398485196;-0,047626129884339;-0,0519905000645409
EBA;Temp;8;Spatially adjusted;0,47469387755102;0,0485099548856063;-0,0168777101354713;-0,0204465421284255
EBA;Temp;8;Spatially adjusted;0,494897959183674;0,0793459009002859;0,0134201533944172;0,0107138696596323
EBA;Temp;8;Spatially adjusted;0,515102040816327;0,10962981699398;0,0431177807976582;0,041351822416491
EBA;Temp;8;Spatially adjusted;0,53530612244898;0,139217242268103;0,0720654921665869;0,0713284032590025
EBA;Temp;8;Spatially adjusted;0,555510204081633;0,167963715824094;0,100113607593538;0,100504699304025
EBA;Temp;8;Spatially adjusted;0,575714285714286;0,195724776763367;0,127112447170852;0,128741797668415
EBA;Temp;8;Spatially adjusted;0,595918367346939;0,222355964187351;0,152912330990858;0,155900785469036
EBA;Temp;8;Spatially adjusted;0,616122448979592;0,247712817197463;0,177363579145894;0,181842749822739
EBA;Temp;8;Spatially adjusted;0,636326530612245;0,271650874895133;0,200316511728293;0,20642877784638
EBA;Temp;8;Spatially adjusted;0,656530612244898;0,294025676381786;0,221621448830398;0,229519956656823
EBA;Temp;8;Spatially adjusted;0,676734693877551;0,314692760758842;0,241128710544537;0,250977373370919
EBA;Temp;8;Spatially adjusted;0,696938775510204;0,333551037465071;0,258733848565317;0,270703732617093
EBA;Temp;8;Spatially adjusted;0,717142857142857;0,350672897288643;0,27451334099645;0,28876820907
EBA;Temp;8;Spatially adjusted;0,73734693877551;0,366174101355064;0,288588897543903;0,305281594915851
EBA;Temp;8;Spatially adjusted;0,757551020408163;0,380170410789848;0,30108222791366;0,320354682340874
EBA;Temp;8;Spatially adjusted;0,777755102040816;0,392777586718495;0,312115041811694;0,334098263531278
EBA;Temp;8;Spatially adjusted;0,797959183673469;0,404111390266532;0,321809048943983;0,346623130673287
EBA;Temp;8;Spatially adjusted;0,818163265306122;0,41428758255946;0,330285959016507;0,358040075953117
EBA;Temp;8;Spatially adjusted;0,838367346938776;0,423421924722792;0,337667481735238;0,368459891556984
EBA;Temp;8;Spatially adjusted;0,858571428571429;0,431630177882035;0,344075326806152;0,37799336967111
EBA;Temp;8;Spatially adjusted;0,878775510204082;0,439028103162709;0,349631203935232;0,386751302481709
EBA;Temp;8;Spatially adjusted;0,898979591836735;0,445731461690311;0,35445682282845;0,394844482175003
EBA;Temp;8;Spatially adjusted;0,919183673469388;0,451856014590362;0,358673893191785;0,402383700937207
EBA;Temp;8;Spatially adjusted;0,939387755102041;0,457517522988372;0,36240412473121;0,409479750954539
EBA;Temp;8;Spatially adjusted;0,959591836734694;0,462831748009851;0,365769227152704;0,416243424413217
EBA;Temp;8;Spatially adjusted;0,979795918367347;0,467914450780306;0,36889091016225;0,422785513499459
EBA;Temp;8;Spatially adjusted;1;0,472881392425247;0,371890883465813;0,429216810399481
EBA;Temp;8;Current landscape;0,0275463555008173;-0,383330432660539;-0,436416467092972;-0,710415027494708
EBA;Temp;8;Current landscape;0,0758074223995209;-0,412794021730289;-0,44373265688608;-0,785296662103264
EBA;Temp;8;Current landscape;0,12606717646122;-0,281604714173106;-0,356584728714051;-0,616658757141355
EBA;Temp;8;Current landscape;0,173545762896538;-0,307681762721636;-0,348462578818051;-0,649363248156771
EBA;Temp;8;Current landscape;0,22307188808918;-0,247774504723111;-0,304469579268787;-0,57672561439189
EBA;Temp;8;Current landscape;0,28090301156044;-0,223905016321858;-0,282417275335416;-0,531399237387909
EBA;Temp;8;Current landscape;0,328940242528915;-0,222499425213798;-0,291623005496103;-0,54406523292316
EBA;Temp;8;Current landscape;0,374942064285278;-0,286136816795622;-0,29181164449621;-0,475766687048395
EBA;Temp;8;Current landscape;0,423522368073464;-0,200057082439919;-0,197982622019175;-0,37412270498244
EBA;Temp;8;Current landscape;0,474818006157875;0,00762235871284744;-0,00720632096018647;-0,315167377331814
EBA;Temp;8;Current landscape;0,52334052324295;-0,190959572452691;-0,0749721451644305;-0,360986581483282
EBA;Temp;8;Current landscape;0,575485169887543;-0,0850534367060192;-0,0589435088482198;-0,261462043901854
EBA;Temp;8;Current landscape;0,625338912010193;-0,119954444125788;-0,11542399043881;-0,369167507848601
EBA;Temp;8;Current landscape;0,673833668231964;-0,187307971513391;-0,0812280440258455;-0,342245973335132
EBA;Temp;8;Current landscape;0,723812818527222;-0,248057820809155;-0,205919974556334;-0,428900302617727
EBA;Temp;8;Current landscape;0,774130076169968;-0,279401762262509;-0,233859898311856;-0,41128315964945
EBA;Temp;8;Current landscape;0,823768138885498;-0,249492602038544;-0,199913808397927;-0,405219260207133
EBA;Temp;8;Current landscape;0,874127864837646;-0,426463961476308;-0,201132815150945;-0,363825762576258
EBA;Temp;8;Current landscape;0,927029013633728;-0,29505458121886;-0,21684215287004;-0,418154568439395
EBA;Temp;8;Current landscape;1;-0,812066721529714;-0,696630796768385;-0,745875939402453
EBA;Temp;9;Spatially adjusted;0,01;-0,602523130960108;-0,666501954538859;-0,739227475398312
EBA;Temp;9;Spatially adjusted;0,0302040816326531;-0,57506729734061;-0,640865709888338;-0,709369258431916
EBA;Temp;9;Spatially adjusted;0,0504081632653061;-0,547581990119841;-0,615189654972699;-0,67949177515198
EBA;Temp;9;Spatially adjusted;0,0706122448979592;-0,520037735696551;-0,589433979526824;-0,649575759244961
EBA;Temp;9;Spatially adjusted;0,0908163265306122;-0,492405060469455;-0,56355887328559;-0,619601944397328
EBA;Temp;9;Spatially adjusted;0,111020408163265;-0,464654490837308;-0,53752452598388;-0,589551064295531
EBA;Temp;9;Spatially adjusted;0,131224489795918;-0,436756553198837;-0,511291127356572;-0,559403852626037
EBA;Temp;9;Spatially adjusted;0,151428571428571;-0,408681773952775;-0,484818867138554;-0,529141043075306
EBA;Temp;9;Spatially adjusted;0,171632653061224;-0,380400679497857;-0,458067935064701;-0,498743369329798
EBA;Temp;9;Spatially adjusted;0,191836734693878;-0,351883796232823;-0,430998520869895;-0,468191565075973
EBA;Temp;9;Spatially adjusted;0,212040816326531;-0,323101650556396;-0,403570814289019;-0,43746636400029
EBA;Temp;9;Spatially adjusted;0,232244897959184;-0,294024768867331;-0,375745005056952;-0,40654849978921
EBA;Temp;9;Spatially adjusted;0,252448979591837;-0,264623677564348;-0,347481282908575;-0,375418706129189
EBA;Temp;9;Spatially adjusted;0,27265306122449;-0,234868903046188;-0,318739837578775;-0,344057716706697
EBA;Temp;9;Spatially adjusted;0,292857142857143;-0,204730971711587;-0,28948085880242;-0,312446265208187
EBA;Temp;9;Spatially adjusted;0,313061224489796;-0,174180409959273;-0,259664536314403;-0,28056508532012
EBA;Temp;9;Spatially adjusted;0,333265306122449;-0,143187744187987;-0,229251059849599;-0,248394910728958
EBA;Temp;9;Spatially adjusted;0,353469387755102;-0,111754315052821;-0,198234347200582;-0,215938628066922
EBA;Temp;9;Spatially adjusted;0,373673469387755;-0,0800047202343208;-0,166743228390704;-0,183287735749278
EBA;Temp;9;Spatially adjusted;0,393877551020408;-0,0480943716693716;-0,134940261500994;-0,150555885137038
EBA;Temp;9;Spatially adjusted;0,414081632653061;-0,0161786812948783;-0,102988004612495;-0,117856727591239
EBA;Temp;9;Spatially adjusted;0,434285714285714;0,0155869389522678;-0,0710490158062456;-0,0853039144728918
EBA;Temp;9;Spatially adjusted;0,454489795918367;0,0470470771351579;-0,0392858531632783;-0,0530110971430275
EBA;Temp;9;Spatially adjusted;0,47469387755102;0,0780463213169043;-0,00786107476464437;-0,021091926962665
EBA;Temp;9;Spatially adjusted;0,494897959183674;0,108429259560612;0,0230627613086263;0,0103399447071695
EBA;Temp;9;Spatially adjusted;0,515102040816327;0,13804047992938;0,0533230969754968;0,0411708665054498
EBA;Temp;9;Spatially adjusted;0,53530612244898;0,166724570486309;0,082757374154923;0,0712871870711673
EBA;Temp;9;Spatially adjusted;0,555510204081633;0,194326119294502;0,111203034765875;0,100575255043285
EBA;Temp;9;Spatially adjusted;0,575714285714286;0,220689714417066;0,138497520727306;0,128921419060784
EBA;Temp;9;Spatially adjusted;0,595918367346939;0,245659943917094;0,164478273958181;0,156212027762638
EBA;Temp;9;Spatially adjusted;0,616122448979592;0,2690813958577;0,188982736377461;0,182333429787828
EBA;Temp;9;Spatially adjusted;0,636326530612245;0,290798658301981;0,211848349904109;0,207171973775331
EBA;Temp;9;Spatially adjusted;0,656530612244898;0,31065631931304;0,232912556457087;0,230614008364125
EBA;Temp;9;Spatially adjusted;0,676734693877551;0,328498966953987;0,252012797955356;0,252545882193182
EBA;Temp;9;Spatially adjusted;0,696938775510204;0,344219699874341;0,269035760614045;0,272889800504579
EBA;Temp;9;Spatially adjusted;0,717142857142857;0,35790565906937;0,284065107832969;0,29171139495276
EBA;Temp;9;Spatially adjusted;0,73734693877551;0,369692496120763;0,297233747308116;0,309112153795283
EBA;Temp;9;Spatially adjusted;0,757551020408163;0,379715862610205;0,308674586735467;0,325193565289691
EBA;Temp;9;Spatially adjusted;0,777755102040816;0,388111410119386;0,318520533811007;0,340057117693529
EBA;Temp;9;Spatially adjusted;0,797959183673469;0,39501479022999;0,326904496230718;0,353804299264347
EBA;Temp;9;Spatially adjusted;0,818163265306122;0,40056165452371;0,33395938169059;0,366536598259689
EBA;Temp;9;Spatially adjusted;0,838367346938776;0,404887654582236;0,339818097886603;0,378355502937108
EBA;Temp;9;Spatially adjusted;0,858571428571429;0,408128441987255;0,34461355251474;0,38936250155415
EBA;Temp;9;Spatially adjusted;0,878775510204082;0,410419668320454;0,348478653270991;0,399659082368355
EBA;Temp;9;Spatially adjusted;0,898979591836735;0,411896985163523;0,351546307851329;0,409346733637282
EBA;Temp;9;Spatially adjusted;0,919183673469388;0,412696044098148;0,353949423951754;0,418526943618467
EBA;Temp;9;Spatially adjusted;0,939387755102041;0,412952496706016;0,355820909268239;0,427301200569467
EBA;Temp;9;Spatially adjusted;0,959591836734694;0,41280199456882;0,35729367149677;0,435770992747823
EBA;Temp;9;Spatially adjusted;0,979795918367347;0,412380189268248;0,358500618333334;0,444037808411082
EBA;Temp;9;Spatially adjusted;1;0,411822732385989;0,359574657473914;0,452203135816799
EBA;Temp;9;Current landscape;0,0273019205778837;-0,521535129230458;-0,57699168792638;-0,899056936523301
EBA;Temp;9;Current landscape;0,0736725926399231;-0,408269783220653;-0,519210049193465;-0,876483356270072
EBA;Temp;9;Current landscape;0,126500174403191;-0,325901516868885;-0,411667139675409;-0,692502222792186
EBA;Temp;9;Current landscape;0,176535874605179;-0,252339981938828;-0,283836082549374;-0,552657707713436
EBA;Temp;9;Current landscape;0,221335858106614;-0,26530293612149;-0,24749356945139;-0,564705756455634
EBA;Temp;9;Current landscape;0,276983961462975;-0,209427925387594;-0,180018998053946;-0,406647661392032
EBA;Temp;9;Current landscape;0,329344555735588;-0,108773064545478;-0,263826131585848;-0,445816262719301
EBA;Temp;9;Current landscape;0,375162750482559;-0,206225445385048;-0,24336398934566;-0,430499110810967
EBA;Temp;9;Current landscape;0,423739820718765;-0,126369299762395;-0,165926047665462;-0,330911570731615
EBA;Temp;9;Current landscape;0,475646466016769;-0,169250005504818;-0,230160795834404;-0,419225251863995
EBA;Temp;9;Current landscape;0,525140404701233;-0,17911683078129;-0,189722579118634;-0,39334936595262
EBA;Temp;9;Current landscape;0,577523440122605;-0,207036674192253;-0,151511136488509;-0,353351062161678
EBA;Temp;9;Current landscape;0,625090181827545;-0,130880187771286;-0,165392675026933;-0,364025011955018
EBA;Temp;9;Current landscape;0,676160782575607;-0,17190763498429;-0,220328843118747;-0,384772375102653
EBA;Temp;9;Current landscape;0,723641574382782;-0,429529387101749;-0,27300429932043;-0,390093422231487
EBA;Temp;9;Current landscape;0,775284916162491;-0,33140542112513;-0,188473042447377;-0,377211094737053
EBA;Temp;9;Current landscape;0,824645102024079;-0,342254319606461;-0,114623444564806;-0,369070365347234
EBA;Temp;9;Current landscape;0,87609338760376;-0,420992941071148;-0,220163832881394;-0,412377891583407
EBA;Temp;9;Current landscape;0,926881313323975;-0,381559075335517;-0,184168126524177;-0,408394517098479
EBA;Temp;9;Current landscape;1;-0,794019983294124;-0,576923375985178;-0,693761776090209
EBA;Temp;10;Spatially adjusted;0,01;-0,606122253338672;-0,666668217147961;-0,720415200204261
EBA;Temp;10;Spatially adjusted;0,0302040816326531;-0,57762404307049;-0,639581108677902;-0,690311315311732
EBA;Temp;10;Spatially adjusted;0,0504081632653061;-0,549108518206211;-0,61246924210057;-0,660200038224776
EBA;Temp;10;Spatially adjusted;0,0706122448979592;-0,520558364149732;-0,585307859308692;-0,630073976748967
EBA;Temp;10;Spatially adjusted;0,0908163265306122;-0,491956266304964;-0,558072202194992;-0,59992573868988
EBA;Temp;10;Spatially adjusted;0,111020408163265;-0,463284910075796;-0,530737512652205;-0,569747931853087
EBA;Temp;10;Spatially adjusted;0,131224489795918;-0,434526980866146;-0,503279032573051;-0,539533164044162
EBA;Temp;10;Spatially adjusted;0,151428571428571;-0,40566516407991;-0,47567200385026;-0,509274043068679
EBA;Temp;10;Spatially adjusted;0,171632653061224;-0,376682145120984;-0,44789166837656;-0,478963176732211
EBA;Temp;10;Spatially adjusted;0,191836734693878;-0,347560609393277;-0,419913268044674;-0,448593172840333
EBA;Temp;10;Spatially adjusted;0,212040816326531;-0,318283242300684;-0,391712044747333;-0,418156639198621
EBA;Temp;10;Spatially adjusted;0,232244897959184;-0,288832729247119;-0,363263240377258;-0,387646183612645
EBA;Temp;10;Spatially adjusted;0,252448979591837;-0,259191755636472;-0,334542096827185;-0,35705441388798
EBA;Temp;10;Spatially adjusted;0,27265306122449;-0,229343006872654;-0,305523855989836;-0,326373937830198
EBA;Temp;10;Spatially adjusted;0,292857142857143;-0,19926916835956;-0,276183759757938;-0,295597363244873
EBA;Temp;10;Spatially adjusted;0,313061224489796;-0,168952925501092;-0,246497050024214;-0,264717297937583
EBA;Temp;10;Spatially adjusted;0,333265306122449;-0,138376963701162;-0,216438968681402;-0,233726349713894
EBA;Temp;10;Spatially adjusted;0,353469387755102;-0,107547708733978;-0,186011738122488;-0,20263401857828
EBA;Temp;10;Spatially adjusted;0,373673469387755;-0,0765665478550623;-0,155325502741555;-0,171517373330772
EBA;Temp;10;Spatially adjusted;0,393877551020408;-0,0455586086902429;-0,124517387432945;-0,140470374970295
EBA;Temp;10;Spatially adjusted;0,414081632653061;-0,0146490188653452;-0,0937245170910117;-0,109586984495785
EBA;Temp;10;Spatially adjusted;0,434285714285714;0,0160370939937984;-0,0630840166100875;-0,078961162906154
EBA;Temp;10;Spatially adjusted;0,454489795918367;0,046374602261352;-0,032733010884531;-0,0486868712003385
EBA;Temp;10;Spatially adjusted;0,47469387755102;0,0762383783114977;-0,00280862480867938;-0,0188580703772629
EBA;Temp;10;Spatially adjusted;0,494897959183674;0,1055032945184;0,0265520167231124;0,0104312785641447
EBA;Temp;10;Spatially adjusted;0,515102040816327;0,134044223256225;0,0552117888165071;0,0390872146249599
EBA;Temp;10;Spatially adjusted;0,53530612244898;0,161736036899139;0,0830335665771536;0,0670157768062509
EBA;Temp;10;Spatially adjusted;0,555510204081633;0,188453607821319;0,109880225110704;0,0941230041090897
EBA;Temp;10;Spatially adjusted;0,575714285714286;0,214071808396934;0,135614639522817;0,120314935534562
EBA;Temp;10;Spatially adjusted;0,595918367346939;0,238465511000154;0,160099684919146;0,145497610083726
EBA;Temp;10;Spatially adjusted;0,616122448979592;0,261509588005151;0,183198236405346;0,169577066757665
EBA;Temp;10;Spatially adjusted;0,636326530612245;0,283078911786085;0,204773169087062;0,192459344557445
EBA;Temp;10;Spatially adjusted;0,656530612244898;0,303048354717138;0,224687358069961;0,214050482484144
EBA;Temp;10;Spatially adjusted;0,676734693877551;0,321292789172468;0,242803678459683;0,234256519538832
EBA;Temp;10;Spatially adjusted;0,696938775510204;0,337727214381616;0,259028015693115;0,253014561783562
EBA;Temp;10;Spatially adjusted;0,717142857142857;0,352427136995562;0,273438296531999;0,270385983524289
EBA;Temp;10;Spatially adjusted;0,73734693877551;0,365508190520654;0,286155458069306;0,286463226127943
EBA;Temp;10;Spatially adjusted;0,757551020408163;0,377086008463238;0,297300437398008;0,301338730961465
EBA;Temp;10;Spatially adjusted;0,777755102040816;0,387276224329664;0,30699417161107;0,315104939391784
EBA;Temp;10;Spatially adjusted;0,797959183673469;0,396194471626274;0,315357597801469;0,32785429278583
EBA;Temp;10;Spatially adjusted;0,818163265306122;0,40395638385942;0,322511653062165;0,339679232510544
EBA;Temp;10;Spatially adjusted;0,838367346938776;0,410677594535436;0,32857727448614;0,350672199932859
EBA;Temp;10;Spatially adjusted;0,858571428571429;0,41647373716069;0,333675399166353;0,360925636419701
EBA;Temp;10;Spatially adjusted;0,878775510204082;0,421460445241507;0,337926964195781;0,370531983338012
EBA;Temp;10;Spatially adjusted;0,898979591836735;0,425753352284247;0,341452906667385;0,379583682054719
EBA;Temp;10;Spatially adjusted;0,919183673469388;0,429468091795254;0,344374163674143;0,388173173936757
EBA;Temp;10;Spatially adjusted;0,939387755102041;0,432720297280873;0,346811672309027;0,396392900351064
EBA;Temp;10;Spatially adjusted;0,959591836734694;0,435625602247459;0,348886369664999;0,40433530266457
EBA;Temp;10;Spatially adjusted;0,979795918367347;0,438299640201343;0,35071919283503;0,412092822244208
EBA;Temp;10;Spatially adjusted;1;0,440858044648881;0,35243107891209;0,419757900456911
EBA;Temp;10;Current landscape;0,0279184505343437;-0,422125469045941;-0,448784949920572;-0,740238057086856
EBA;Temp;10;Current landscape;0,0752939432859421;-0,42172665164377;-0,449185177590685;-0,733525779687849
EBA;Temp;10;Current landscape;0,1255913823843;-0,382198941772714;-0,44142775967055;-0,741511322323333
EBA;Temp;10;Current landscape;0,174860432744026;-0,220906662231325;-0,221175690753974;-0,521940812017597
EBA;Temp;10;Current landscape;0,223540991544724;-0,273607216349326;-0,227166186982601;-0,440882944028665
EBA;Temp;10;Current landscape;0,2789546251297;-0,235097370600922;-0,195822082863554;-0,411212835176784
EBA;Temp;10;Current landscape;0,326817393302917;-0,144920134729816;-0,247625044423693;-0,44210500549146
EBA;Temp;10;Current landscape;0,375694751739502;-0,263324528233795;-0,233788379587068;-0,470792980743752
EBA;Temp;10;Current landscape;0,428243219852448;-0,121023824452976;-0,120162351147179;-0,33398943942775
EBA;Temp;10;Current landscape;0,472002059221268;-0,144450260773812;-0,23137597838727;-0,418212337221597
EBA;Temp;10;Current landscape;0,525223016738892;-0,118501030450652;-0,214099088745705;-0,398931927305355
EBA;Temp;10;Current landscape;0,574442446231842;-0,260486795398574;-0,206517200381153;-0,429094432706513
EBA;Temp;10;Current landscape;0,622285187244415;-0,305540739367554;-0,201007875901652;-0,449931577516772
EBA;Temp;10;Current landscape;0,676125466823578;-0,301200873275658;-0,273792704964293;-0,399170208953137
EBA;Temp;10;Current landscape;0,72353333234787;-0,270529923399678;-0,326798650346412;-0,411054086625125
EBA;Temp;10;Current landscape;0,773697406053544;-0,305639168016427;-0,23218187438161;-0,404844886980133
EBA;Temp;10;Current landscape;0,823464393615723;-0,273208823463538;-0,168256671926954;-0,40240231482327
EBA;Temp;10;Current landscape;0,873619586229325;-0,469265250495134;-0,410124286129467;-0,522488181988685
EBA;Temp;10;Current landscape;0,923373222351074;-0,422816189962983;-0,33579457176231;-0,55085699874919
EBA;Temp;10;Current landscape;1;-0,81690527276427;-0,642144761169206;-0,725806850964858
EBA;Temp;11;Spatially adjusted;0,01;-0,642421819465337;-0,673524442342217;-0,743173221736591
EBA;Temp;11;Spatially adjusted;0,0302040816326531;-0,611224475255753;-0,646506997875932;-0,71169433303492
EBA;Temp;11;Spatially adjusted;0,0504081632653061;-0,580033621717931;-0,619462806142106;-0,680211006366733
EBA;Temp;11;Spatially adjusted;0,0706122448979592;-0,548855749523618;-0,592365119873211;-0,648718803765515
EBA;Temp;11;Spatially adjusted;0,0908163265306122;-0,517697349344577;-0,565187191801705;-0,617213287264764
EBA;Temp;11;Spatially adjusted;0,111020408163265;-0,486564911852565;-0,537902274660048;-0,585690018897953
EBA;Temp;11;Spatially adjusted;0,131224489795918;-0,45546492771933;-0,510483621180711;-0,554144560698575
EBA;Temp;11;Spatially adjusted;0,151428571428571;-0,424403887616641;-0,482904484096153;-0,522572474700116
EBA;Temp;11;Spatially adjusted;0,171632653061224;-0,393388282216247;-0,455138116138837;-0,490969322936056
EBA;Temp;11;Spatially adjusted;0,191836734693878;-0,362424602189908;-0,427157770041227;-0,45933066743989
EBA;Temp;11;Spatially adjusted;0,212040816326531;-0,331519338209386;-0,398936698535788;-0,427652070245099
EBA;Temp;11;Spatially adjusted;0,232244897959184;-0,300678980946422;-0,370448154354982;-0,39592909338517
EBA;Temp;11;Spatially adjusted;0,252448979591837;-0,269910021072793;-0,34166539023127;-0,364157298893591
EBA;Temp;11;Spatially adjusted;0,27265306122449;-0,239218949260238;-0,312561658897117;-0,332332248803848
EBA;Temp;11;Spatially adjusted;0,292857142857143;-0,208612256180523;-0,283110213084989;-0,300449505149423
EBA;Temp;11;Spatially adjusted;0,313061224489796;-0,178096432505402;-0,253284305527345;-0,268504629963811
EBA;Temp;11;Spatially adjusted;0,333265306122449;-0,147677968906635;-0,223057188956648;-0,236493185280487
EBA;Temp;11;Spatially adjusted;0,353469387755102;-0,117374076800395;-0,192428700839088;-0,204424384606046
EBA;Temp;11;Spatially adjusted;0,373673469387755;-0,087244850580543;-0,16150501757576;-0,172362047339472
EBA;Temp;11;Spatially adjusted;0,393877551020408;-0,0573611053853718;-0,130418900301471;-0,140383644352841
EBA;Temp;11;Spatially adjusted;0,414081632653061;-0,0277936563531469;-0,0993031101510375;-0,108566646518248
EBA;Temp;11;Spatially adjusted;0,434285714285714;0,00138668137783782;-0,0682904082592799;-0,0769885247077653
EBA;Temp;11;Spatially adjusted;0,454489795918367;0,0301090926693099;-0,0375135557610093;-0,0457267497934879
EBA;Temp;11;Spatially adjusted;0,47469387755102;0,0583027623829722;-0,00710531379103685;-0,0148587926474981
EBA;Temp;11;Spatially adjusted;0,494897959183674;0,0858968753805627;0,0228015565158124;0,0155378758581257
EBA;Temp;11;Spatially adjusted;0,515102040816327;0,112820616523784;0,052074294024731;0,0453857848512982
EBA;Temp;11;Spatially adjusted;0,53530612244898;0,139003170674361;0,0805801376009079;0,0746074634599339
EBA;Temp;11;Spatially adjusted;0,555510204081633;0,164373722694005;0,108186326109514;0,103125440811947
EBA;Temp;11;Spatially adjusted;0,575714285714286;0,188861457444446;0,134760098415747;0,130862246035257
EBA;Temp;11;Spatially adjusted;0,595918367346939;0,212395559787399;0,160168693384787;0,157740408257773
EBA;Temp;11;Spatially adjusted;0,616122448979592;0,234905214584572;0,184279349881816;0,183682456607418
EBA;Temp;11;Spatially adjusted;0,636326530612245;0,256319606697691;0,206959306772024;0,208610920212102
EBA;Temp;11;Spatially adjusted;0,656530612244898;0,276567920988473;0,228075802920596;0,232448328199752
EBA;Temp;11;Spatially adjusted;0,676734693877551;0,295579342318636;0,247496077192707;0,25511720969827
EBA;Temp;11;Spatially adjusted;0,696938775510204;0,313308480032308;0,265128547215735;0,276565984786771
EBA;Temp;11;Spatially adjusted;0,717142857142857;0,329811641403264;0,28104634566569;0,296846637349137
EBA;Temp;11;Spatially adjusted;0,73734693877551;0,345170558187682;0,29536378398079;0,316037042220447
EBA;Temp;11;Spatially adjusted;0,757551020408163;0,359466962141738;0,308195173599223;0,334215074235775
EBA;Temp;11;Spatially adjusted;0,777755102040816;0,372782585021621;0,319654825959216;0,351458608230193
EBA;Temp;11;Spatially adjusted;0,797959183673469;0,385199158583511;0,329857052498962;0,367845519038781
EBA;Temp;11;Spatially adjusted;0,818163265306122;0,396798414583589;0,338916164656666;0,383453681496608
EBA;Temp;11;Spatially adjusted;0,838367346938776;0,407662084778028;0,346946473870528;0,398360970438759
EBA;Temp;11;Spatially adjusted;0,858571428571429;0,417871900923021;0,35406229157876;0,412645260700305
EBA;Temp;11;Spatially adjusted;0,878775510204082;0,427509594774747;0,360377929219556;0,426384427116318
EBA;Temp;11;Spatially adjusted;0,898979591836735;0,436656898089385;0,366007698231133;0,439656344521879
EBA;Temp;11;Spatially adjusted;0,919183673469388;0,445395542623118;0,371065910051684;0,452538887752066
EBA;Temp;11;Spatially adjusted;0,939387755102041;0,453807260132123;0,375666876119421;0,465109931641948
EBA;Temp;11;Spatially adjusted;0,959591836734694;0,461973782372581;0,379924907872542;0,477447351026598
EBA;Temp;11;Spatially adjusted;0,979795918367347;0,469976841100678;0,383954316749261;0,489629020741099
EBA;Temp;11;Spatially adjusted;1;0,477898168072592;0,387869414187769;0,501732815620528
EBA;Temp;11;Current landscape;0,026139591820538;-0,320032920876439;-0,376138155358976;-0,692421011870117
EBA;Temp;11;Current landscape;0,0760838016867638;-0,372411555953267;-0,449171922538834;-0,794134067012639
EBA;Temp;11;Current landscape;0,125618770718575;-0,235240545447219;-0,308017491120339;-0,64485918457213
EBA;Temp;11;Current landscape;0,171580925583839;-0,306946225161404;-0,376845587411427;-0,650250794569072
EBA;Temp;11;Current landscape;0,226100906729698;-0,185180089888057;-0,227511916685202;-0,495202366572471
EBA;Temp;11;Current landscape;0,274674713611603;-0,249162638023893;-0,259402920229725;-0,476842652483093
EBA;Temp;11;Current landscape;0,329646944999695;-0,165033717231896;-0,255951460565203;-0,502572034202228
EBA;Temp;11;Current landscape;0,375900834798813;-0,238561036671101;-0,255693528446738;-0,427293780917001
EBA;Temp;11;Current landscape;0,422428324818611;-0,219890253315626;-0,245273150406721;-0,403243309440899
EBA;Temp;11;Current landscape;0,477658867835999;-0,0351190847407601;-0,158358147284968;-0,43739643130111
EBA;Temp;11;Current landscape;0,523079574108124;-0,0924582207476945;-0,146363580875136;-0,304014638510022
EBA;Temp;11;Current landscape;0,573347806930542;-0,174012044407185;-0,128271972831016;-0,381475680941421
EBA;Temp;11;Current landscape;0,624313414096832;-0,262240873081911;-0,129558941192776;-0,391088430390671
EBA;Temp;11;Current landscape;0,675783038139343;-0,177035519567895;-0,13278930169642;-0,339519628133075
EBA;Temp;11;Current landscape;0,725095093250275;-0,255205706319117;-0,22065483383351;-0,272456162294624
EBA;Temp;11;Current landscape;0,775020122528076;-0,377312296601467;-0,178233603787884;-0,477943726658907
EBA;Temp;11;Current landscape;0,825341582298279;-0,399685567218164;-0,217655940434451;-0,365531241833036
EBA;Temp;11;Current landscape;0,875129342079163;-0,422596684224441;-0,362584228454804;-0,422492193783249
EBA;Temp;11;Current landscape;0,924931645393372;-0,536680109312446;-0,314605782276388;-0,436214967825631
EBA;Temp;11;Current landscape;1;-0,795363737957228;-0,607224409288541;-0,69716016021804
EBA;Temp;12;Spatially adjusted;0,01;-0,598197458814045;-0,65567609414412;-0,714851224966107
EBA;Temp;12;Spatially adjusted;0,0302040816326531;-0,570478481829564;-0,629845167694132;-0,685562804916149
EBA;Temp;12;Spatially adjusted;0,0504081632653061;-0,54275538631256;-0,603992897163192;-0,656266869674155
EBA;Temp;12;Spatially adjusted;0,0706122448979592;-0,515024053730517;-0,578097938470343;-0,626955904048106
EBA;Temp;12;Spatially adjusted;0,0908163265306122;-0,487280365550898;-0,552138947534637;-0,597622392845967
EBA;Temp;12;Spatially adjusted;0,111020408163265;-0,459520203241187;-0,526094580275114;-0,568258820875705
EBA;Temp;12;Spatially adjusted;0,131224489795918;-0,431739448268861;-0,499943492610829;-0,538857672945298
EBA;Temp;12;Spatially adjusted;0,151428571428571;-0,403933982101396;-0,473664340460822;-0,509411433862706
EBA;Temp;12;Spatially adjusted;0,171632653061224;-0,37609968620627;-0,447235779744144;-0,479912588435905
EBA;Temp;12;Spatially adjusted;0,191836734693878;-0,348232442050957;-0,42063646637984;-0,450353621472868
EBA;Temp;12;Spatially adjusted;0,212040816326531;-0,32032813110294;-0,393845056286953;-0,420727017781559
EBA;Temp;12;Spatially adjusted;0,232244897959184;-0,292382634829689;-0,366840205384538;-0,391025262169951
EBA;Temp;12;Spatially adjusted;0,252448979591837;-0,264391834698682;-0,339600569591632;-0,361240839446012
EBA;Temp;12;Spatially adjusted;0,27265306122449;-0,236351612177398;-0,312104804827289;-0,331366234417711
EBA;Temp;12;Spatially adjusted;0,292857142857143;-0,208257848733318;-0,28433156701055;-0,301393931893021
EBA;Temp;12;Spatially adjusted;0,313061224489796;-0,180106425833912;-0,256259512060474;-0,271316416679916
EBA;Temp;12;Spatially adjusted;0,333265306122449;-0,151893224946654;-0,22786729589609;-0,241126173586352
EBA;Temp;12;Spatially adjusted;0,353469387755102;-0,12362611004508;-0,199154623776195;-0,210829188384274
EBA;Temp;12;Spatially adjusted;0,373673469387755;-0,0953608751269215;-0,170205398318537;-0,180485450701426
EBA;Temp;12;Spatially adjusted;0,393877551020408;-0,0671652966959613;-0,141124571480589;-0,150168451129513
EBA;Temp;12;Spatially adjusted;0,414081632653061;-0,0391071512559833;-0,112017095219848;-0,119951680260261
EBA;Temp;12;Spatially adjusted;0,434285714285714;-0,0112542153107675;-0,082987921493789;-0,0899086286853716
EBA;Temp;12;Spatially adjusted;0,454489795918367;0,0163257346358954;-0,0541420022599013;-0,0601127869965552
EBA;Temp;12;Spatially adjusted;0,47469387755102;0,043564922080229;-0,0255842894756633;-0,0306376457855215
EBA;Temp;12;Spatially adjusted;0,494897959183674;0,0703955705184463;0,00258026490143237;-0,00155669564398764
EBA;Temp;12;Spatially adjusted;0,515102040816327;0,0967499034467636;0,0302467089139;0,0270565728363366
EBA;Temp;12;Spatially adjusted;0,53530612244898;0,122560144361401;0,0573100906042647;0,0551286690637447
EBA;Temp;12;Spatially adjusted;0,555510204081633;0,147758516758568;0,0836654580150373;0,0825861024465198
EBA;Temp;12;Spatially adjusted;0,575714285714286;0,172277244134481;0,109207859188732;0,109355382392955
EBA;Temp;12;Spatially adjusted;0,595918367346939;0,196048549985367;0,133832342167867;0,135363018311345
EBA;Temp;12;Spatially adjusted;0,616122448979592;0,219004657807432;0,157433954994954;0,160535519609965
EBA;Temp;12;Spatially adjusted;0,636326530612245;0,241077791096895;0,179907745712509;0,184799395697116
EBA;Temp;12;Spatially adjusted;0,656530612244898;0,262200173349971;0,201148762363054;0,20808115598108
EBA;Temp;12;Spatially adjusted;0,676734693877551;0,282304028062875;0,221052052989098;0,230307309870149
EBA;Temp;12;Spatially adjusted;0,696938775510204;0,301344190482919;0,239545185521717;0,251428376631509
EBA;Temp;12;Spatially adjusted;0,717142857142857;0,319365942861758;0,256685807446228;0,271490914967924
EBA;Temp;12;Spatially adjusted;0,73734693877551;0,336437179202136;0,272564086136502;0,290565493441061
EBA;Temp;12;Spatially adjusted;0,757551020408163;0,352625793506796;0,287270188966414;0,308722680612579
EBA;Temp;12;Spatially adjusted;0,777755102040816;0,367999679778496;0,300894283309837;0,326033045044145
EBA;Temp;12;Spatially adjusted;0,797959183673469;0,382626732019983;0,31352653654065;0,342567155297417
EBA;Temp;12;Spatially adjusted;0,818163265306122;0,396574844233992;0,325257116032724;0,358395579934058
EBA;Temp;12;Spatially adjusted;0,838367346938776;0,409911910423283;0,336176189159925;0,373588887515737
EBA;Temp;12;Spatially adjusted;0,858571428571429;0,422705824590597;0,346373923296142;0,388217646604108
EBA;Temp;12;Spatially adjusted;0,878775510204082;0,435024480738679;0,355940485815236;0,402352425760842
EBA;Temp;12;Spatially adjusted;0,898979591836735;0,446935772870276;0,364966044091087;0,4160637935476
EBA;Temp;12;Spatially adjusted;0,919183673469388;0,458507594988141;0,373540765497573;0,429422318526044
EBA;Temp;12;Spatially adjusted;0,939387755102041;0,469807841095019;0,381754817408559;0,442498569257833
EBA;Temp;12;Spatially adjusted;0,959591836734694;0,480904405193655;0,389698367197923;0,455363114304635
EBA;Temp;12;Spatially adjusted;0,979795918367347;0,491865181286794;0,397461582239536;0,468086522228113
EBA;Temp;12;Spatially adjusted;1;0,50275806337719;0,40513462990728;0,480739361589926
EBA;Temp;12;Current landscape;0,0286802742630243;-0,298743687861293;-0,366232504229938;-0,666551778223383
EBA;Temp;12;Current landscape;0,0790086165070534;-0,282200877517955;-0,398153020677867;-0,74347530969559
EBA;Temp;12;Current landscape;0,121406752616167;-0,366466650130441;-0,425301753391786;-0,756187310563369
EBA;Temp;12;Current landscape;0,179083660244942;-0,238896128880011;-0,259793699965254;-0,570703571467934
EBA;Temp;12;Current landscape;0,22585953772068;-0,317273522974951;-0,322836577002011;-0,572764085327556
EBA;Temp;12;Current landscape;0,278923094272614;-0,135358521076483;-0,20376908232118;-0,417805171116871
EBA;Temp;12;Current landscape;0,327282041311264;-0,0692956981499009;-0,216448062807263;-0,450330443760041
EBA;Temp;12;Current landscape;0,377826005220413;-0,0768764387659218;-0,119193548602812;-0,37847032142135
EBA;Temp;12;Current landscape;0,42372353374958;-0,0234463573050725;-0,137703445260748;-0,351623055429211
EBA;Temp;12;Current landscape;0,475944563746452;-0,000989625359522961;-0,10060791040657;-0,324815890418989
EBA;Temp;12;Current landscape;0,525035738945007;-0,271936576832719;-0,250386789422734;-0,348552778306512
EBA;Temp;12;Current landscape;0,575725495815277;-0,255234191214303;-0,166082140434977;-0,419145990238285
EBA;Temp;12;Current landscape;0,620741844177246;-0,230979369072447;-0,143718160967325;-0,353594623034663
EBA;Temp;12;Current landscape;0,674743235111237;-0,298675462732657;-0,345292195222338;-0,46322025405378
EBA;Temp;12;Current landscape;0,725624322891235;-0,261663965619899;-0,213629974779632;-0,355611492491605
EBA;Temp;12;Current landscape;0,776532173156738;-0,241169798317205;-0,165217645694234;-0,400795942542114
EBA;Temp;12;Current landscape;0,823145151138306;-0,409526273968101;-0,338619283849493;-0,577070593128248
EBA;Temp;12;Current landscape;0,876810371875763;-0,395548840581533;-0,162598574810133;-0,350830601739318
EBA;Temp;12;Current landscape;0,92553973197937;-0,370869538753215;-0,197158198869076;-0,49782061607165
EBA;Temp;12;Current landscape;1;-0,695003296092459;-0,617914133049755;-0,612005036231565
EBA;Temp;13;Spatially adjusted;0,01;-0,594433195883259;-0,648690856509006;-0,717830779850555
EBA;Temp;13;Spatially adjusted;0,0302040816326531;-0,565273848247877;-0,621839909542764;-0,688904185632186
EBA;Temp;13;Spatially adjusted;0,0504081632653061;-0,536111929860947;-0,594974199039925;-0,659961236201848
EBA;Temp;13;Spatially adjusted;0,0706122448979592;-0,506944869970909;-0,568078961463876;-0,63098557634758
EBA;Temp;13;Spatially adjusted;0,0908163265306122;-0,477770097826209;-0,541139433278012;-0,601960850857413
EBA;Temp;13;Spatially adjusted;0,111020408163265;-0,448585042675315;-0,51414085094574;-0,572870704519378
EBA;Temp;13;Spatially adjusted;0,131224489795918;-0,419387133766662;-0,487068450930448;-0,543698782121517
EBA;Temp;13;Spatially adjusted;0,151428571428571;-0,390173800348695;-0,45990746969553;-0,514428728451858
EBA;Temp;13;Spatially adjusted;0,171632653061224;-0,360942471669866;-0,432643143704389;-0,485044188298435
EBA;Temp;13;Spatially adjusted;0,191836734693878;-0,331690576978623;-0,405260709420421;-0,455528806449287
EBA;Temp;13;Spatially adjusted;0,212040816326531;-0,302415545523424;-0,377745403307017;-0,425866227692435
EBA;Temp;13;Spatially adjusted;0,232244897959184;-0,273114806552698;-0,350082461827579;-0,396040096815927
EBA;Temp;13;Spatially adjusted;0,252448979591837;-0,243785789314909;-0,322257121445503;-0,366034058607795
EBA;Temp;13;Spatially adjusted;0,27265306122449;-0,214425923058503;-0,294254618624183;-0,335831757856063
EBA;Temp;13;Spatially adjusted;0,292857142857143;-0,18503263703192;-0,266060189827016;-0,305416839348776
EBA;Temp;13;Spatially adjusted;0,313061224489796;-0,155603360483617;-0,237659071517395;-0,274772947873963
EBA;Temp;13;Spatially adjusted;0,333265306122449;-0,126135522662043;-0,209036500158721;-0,243883728219657
EBA;Temp;13;Spatially adjusted;0,353469387755102;-0,0966434925390338;-0,180197783128378;-0,212752753005354
EBA;Temp;13;Spatially adjusted;0,373673469387755;-0,0672093979800366;-0,151228511459671;-0,181463306176408
EBA;Temp;13;Spatially adjusted;0,393877551020408;-0,0379323065738681;-0,122234347099901;-0,150118599509625
EBA;Temp;13;Spatially adjusted;0,414081632653061;-0,00891128590935608;-0,0933209519963647;-0,118821844781827
EBA;Temp;13;Spatially adjusted;0,434285714285714;0,0197545964246544;-0,064593988096366;-0,0876762537698141
EBA;Temp;13;Spatially adjusted;0,454489795918367;0,0479662728393429;-0,0361591173471965;-0,0567850382504105
EBA;Temp;13;Spatially adjusted;0,47469387755102;0,0756246757458854;-0,00812200169615807;-0,0262514100004196
EBA;Temp;13;Spatially adjusted;0,494897959183674;0,10263073755544;0,0194116969094544;0,00382141920334078
EBA;Temp;13;Spatially adjusted;0,515102040816327;0,128885390679184;0,0463363165223427;0,0333302375840603
EBA;Temp;13;Spatially adjusted;0,53530612244898;0,154289567528288;0,0725461951952084;0,0621718333649284
EBA;Temp;13;Spatially adjusted;0,555510204081633;0,178744200513915;0,0979356709807497;0,0902429947691274
EBA;Temp;13;Spatially adjusted;0,575714285714286;0,202150222047248;0,122399081931675;0,117440510019847
EBA;Temp;13;Spatially adjusted;0,595918367346939;0,224408564539452;0,145830766100687;0,14366116734028
EBA;Temp;13;Spatially adjusted;0,616122448979592;0,245420160401686;0,168125061540483;0,168801754953606
EBA;Temp;13;Spatially adjusted;0,636326530612245;0,265085942045133;0,189176306303764;0,192759061083017
EBA;Temp;13;Spatially adjusted;0,656530612244898;0,283306841880968;0,208878838443241;0,215429873951702
EBA;Temp;13;Spatially adjusted;0,676734693877551;0,299983792320347;0,227126996011606;0,236710981782846
EBA;Temp;13;Spatially adjusted;0,696938775510204;0,315051351799518;0,243848977766515;0,256531925979253
EBA;Temp;13;Spatially adjusted;0,717142857142857;0,328578582854991;0,259108425285422;0,274953260662208
EBA;Temp;13;Spatially adjusted;0,73734693877551;0,340668174048336;0,273002840850722;0,292068293132598
EBA;Temp;13;Spatially adjusted;0,757551020408163;0,351422813941152;0,285629726744819;0,307970330691333
EBA;Temp;13;Spatially adjusted;0,777755102040816;0,360945191095002;0,29708658525011;0,322752680639301
EBA;Temp;13;Spatially adjusted;0,797959183673469;0,369337994071479;0,307470918648999;0,336508650277398
EBA;Temp;13;Spatially adjusted;0,818163265306122;0,376703911432148;0,31688022922388;0,34933154690653
EBA;Temp;13;Spatially adjusted;0,838367346938776;0,383145631738607;0,325412019257165;0,361314677827586
EBA;Temp;13;Spatially adjusted;0,858571428571429;0,38876584355242;0,333163791031247;0,372551350341467
EBA;Temp;13;Spatially adjusted;0,878775510204082;0,393667235435174;0,340233046828523;0,383134871749064
EBA;Temp;13;Spatially adjusted;0,898979591836735;0,397952495948449;0,346717288931394;0,393158549351284
EBA;Temp;13;Spatially adjusted;0,919183673469388;0,401724313653826;0,352714019622269;0,402715690449014
EBA;Temp;13;Spatially adjusted;0,939387755102041;0,405085377112883;0,35832074118354;0,411899602343162
EBA;Temp;13;Spatially adjusted;0,959591836734694;0,408138374887198;0,363634955897609;0,420803592334611
EBA;Temp;13;Spatially adjusted;0,979795918367347;0,410985995538354;0,36875416604688;0,429520967724272
EBA;Temp;13;Spatially adjusted;1;0,413730927627931;0,37377587391375;0,438145035813037
EBA;Temp;13;Current landscape;0,0284237638115883;-0,283215170648784;-0,315654987882613;-0,677569112483212
EBA;Temp;13;Current landscape;0,0757562890648842;-0,373391123612727;-0,455377258257997;-0,791332732715993
EBA;Temp;13;Current landscape;0,125341042876244;-0,308505147674868;-0,391929579350329;-0,649278977768674
EBA;Temp;13;Current landscape;0,172879472374916;-0,298132582745815;-0,357808533839613;-0,614681841482668
EBA;Temp;13;Current landscape;0,223684430122376;-0,254087680333473;-0,25679404829468;-0,577577724038523
EBA;Temp;13;Current landscape;0,27455472946167;-0,190039554330845;-0,230259284353856;-0,539218543510472
EBA;Temp;13;Current landscape;0,325290352106094;-0,162661269477173;-0,213017457680543;-0,494146971516173
EBA;Temp;13;Current landscape;0,3753741979599;-0,276801697726377;-0,244004366448987;-0,506077777456437
EBA;Temp;13;Current landscape;0,425100833177567;-0,229349319242534;-0,2311354849687;-0,413628741128093
EBA;Temp;13;Current landscape;0,475272282958031;-0,14932895430448;-0,211298096396686;-0,362308179512702
EBA;Temp;13;Current landscape;0,526274025440216;-0,167294938842261;-0,220968773760504;-0,348094556953569
EBA;Temp;13;Current landscape;0,574591994285583;-0,311627359805716;-0,252009698681821;-0,447971038284908
EBA;Temp;13;Current landscape;0,622225403785706;-0,193466410174612;-0,168804176146818;-0,338260211317969
EBA;Temp;13;Current landscape;0,674243152141571;-0,195752986110616;-0,178265005507452;-0,35667250150917
EBA;Temp;13;Current landscape;0,722828209400177;-0,319710330123932;-0,39482385269174;-0,442047552062924
EBA;Temp;13;Current landscape;0,771108984947205;-0,344646499679133;-0,209054629312984;-0,399962407864567
EBA;Temp;13;Current landscape;0,826543211936951;-0,51477616816058;-0,209637698249626;-0,414326701338986
EBA;Temp;13;Current landscape;0,875706434249878;-0,389551639044544;-0,283173623736108;-0,34086252554388
EBA;Temp;13;Current landscape;0,924062371253967;-0,502893924903738;-0,243446383800322;-0,382762419662214
EBA;Temp;13;Current landscape;1;-0,829577726542038;-0,567474796457603;-0,759577214023064
EBA;Temp;14;Spatially adjusted;0,01;-0,611992252273357;-0,673214981620259;-0,740704096847029
EBA;Temp;14;Spatially adjusted;0,0302040816326531;-0,582460333823718;-0,645581496064903;-0,71128694435561
EBA;Temp;14;Spatially adjusted;0,0504081632653061;-0,552921978074476;-0,617926350270533;-0,681844251764961
EBA;Temp;14;Spatially adjusted;0,0706122448979592;-0,52337074772602;-0,590227883998139;-0,652350478975855
EBA;Temp;14;Spatially adjusted;0,0908163265306122;-0,493800205478731;-0,56246443700871;-0,622780085889062
EBA;Temp;14;Spatially adjusted;0,111020408163265;-0,464203914033018;-0,534614349063233;-0,593107532405352
EBA;Temp;14;Spatially adjusted;0,131224489795918;-0,434575436089254;-0,506655959922693;-0,563307278425501
EBA;Temp;14;Spatially adjusted;0,151428571428571;-0,404908334347844;-0,478567609348083;-0,533353783850274
EBA;Temp;14;Spatially adjusted;0,171632653061224;-0,37519617150917;-0,450327637100383;-0,503221508580445
EBA;Temp;14;Spatially adjusted;0,191836734693878;-0,345432510273632;-0,421914382940589;-0,472884912516783
EBA;Temp;14;Spatially adjusted;0,212040816326531;-0,315610913341619;-0,39330618662969;-0,442318455560063
EBA;Temp;14;Spatially adjusted;0,232244897959184;-0,28572494341352;-0,364481387928663;-0,411496597611052
EBA;Temp;14;Spatially adjusted;0,252448979591837;-0,255768163189725;-0,335418326598504;-0,380393798570523
EBA;Temp;14;Spatially adjusted;0,27265306122449;-0,225734135370633;-0,306095342400198;-0,348984518339247
EBA;Temp;14;Spatially adjusted;0,292857142857143;-0,195616422656627;-0,276490775094736;-0,317243216818
EBA;Temp;14;Spatially adjusted;0,313061224489796;-0,165408587748107;-0,246582964443103;-0,285144353907544
EBA;Temp;14;Spatially adjusted;0,333265306122449;-0,135104193345462;-0,21635025020629;-0,25266238950865
EBA;Temp;14;Spatially adjusted;0,353469387755102;-0,1047128842505;-0,185795833480437;-0,219797511970292
EBA;Temp;14;Spatially adjusted;0,373673469387755;-0,0743086336707144;-0,155022360702322;-0,18665282343418
EBA;Temp;14;Spatially adjusted;0,393877551020408;-0,0439814969150305;-0,124157339643872;-0,153357154490251
EBA;Temp;14;Spatially adjusted;0,414081632653061;-0,0138215292923576;-0,0933282780770242;-0,120039335728407
EBA;Temp;14;Spatially adjusted;0,434285714285714;0,0160812138883877;-0,0626626837737021;-0,0868281977385728
EBA;Temp;14;Spatially adjusted;0,454489795918367;0,0456366773182921;-0,0322880645058419;-0,0538525711106637
EBA;Temp;14;Spatially adjusted;0,47469387755102;0,074754805688432;-0,00233192804537552;-0,0212412864346057
EBA;Temp;14;Spatially adjusted;0,494897959183674;0,103345543689905;0,027078217835772;0,0108768256996932
EBA;Temp;14;Spatially adjusted;0,515102040816327;0,131318836013783;0,0558148653656652;0,0423729347023105
EBA;Temp;14;Spatially adjusted;0,53530612244898;0,158584627351157;0,0837505067723718;0,0731182099833312
EBA;Temp;14;Spatially adjusted;0,555510204081633;0,18505286239311;0,110757634283964;0,102983820952836
EBA;Temp;14;Spatially adjusted;0,575714285714286;0,210633485830726;0,136708740128512;0,1318409370209
EBA;Temp;14;Spatially adjusted;0,595918367346939;0,235236442355088;0,161476316534081;0,159560727597619
EBA;Temp;14;Spatially adjusted;0,616122448979592;0,258771676657283;0,184932855728743;0,186014362093061
EBA;Temp;14;Spatially adjusted;0,636326530612245;0,281149133428389;0,206950849940565;0,211073009917317
EBA;Temp;14;Spatially adjusted;0,656530612244898;0,302278757359503;0,227402791397616;0,234607840480468
EBA;Temp;14;Spatially adjusted;0,676734693877551;0,322070493141702;0,246161172327966;0,256490023192594
EBA;Temp;14;Spatially adjusted;0,696938775510204;0,340464169095238;0,263138705716447;0,276630756295859
EBA;Temp;14;Spatially adjusted;0,717142857142857;0,357519148057055;0,278408987574966;0,295101353360735
EBA;Temp;14;Spatially adjusted;0,73734693877551;0,373324676493276;0,292085834672179;0,312013156789792
EBA;Temp;14;Spatially adjusted;0,757551020408163;0,387970000870002;0,304283063776751;0,327477508985577
EBA;Temp;14;Spatially adjusted;0,777755102040816;0,401544367653361;0,315114491657351;0,34160575235066
EBA;Temp;14;Spatially adjusted;0,797959183673469;0,414137023309465;0,324693935082642;0,354509229287597
EBA;Temp;14;Spatially adjusted;0,818163265306122;0,425837214304412;0,333135210821286;0,366299282198941
EBA;Temp;14;Spatially adjusted;0,838367346938776;0,436734187104342;0,34055213564195;0,377087253487257
EBA;Temp;14;Spatially adjusted;0,858571428571429;0,446917188175345;0,347058526313301;0,386984485555104
EBA;Temp;14;Spatially adjusted;0,878775510204082;0,456475463983551;0,352768199603993;0,396102320805035
EBA;Temp;14;Spatially adjusted;0,898979591836735;0,465498260995073;0,357794972282704;0,404552101639613
EBA;Temp;14;Spatially adjusted;0,919183673469388;0,474074825676027;0,362252661118095;0,4124451704614
EBA;Temp;14;Spatially adjusted;0,939387755102041;0,482294404492514;0,366255082878823;0,41989286967295
EBA;Temp;14;Spatially adjusted;0,959591836734694;0,490246243910665;0,369916054333554;0,427006541676818
EBA;Temp;14;Spatially adjusted;0,979795918367347;0,498019590396584;0,373349392250965;0,433897528875576
EBA;Temp;14;Spatially adjusted;1;0,505703690416389;0,376668913399705;0,440677173671766
EBA;Temp;14;Current landscape;0,0289640445262194;-0,302327904631241;-0,374911953716687;-0,679081153482137
EBA;Temp;14;Current landscape;0,0781858563423157;-0,308230892855963;-0,4124223537946;-0,771654675484903
EBA;Temp;14;Current landscape;0,126571878790855;-0,415630396622781;-0,533268599906098;-0,831626160373084
EBA;Temp;14;Current landscape;0,172035351395607;-0,323222614678887;-0,360638122654805;-0,608423692638063
EBA;Temp;14;Current landscape;0,225125625729561;-0,318893053127024;-0,397427443043782;-0,644389739231706
EBA;Temp;14;Current landscape;0,274283230304718;-0,190112658101075;-0,207158196889012;-0,455439764900191
EBA;Temp;14;Current landscape;0,325851082801819;-0,189974876800434;-0,237967929259625;-0,536930067578918
EBA;Temp;14;Current landscape;0,373383402824402;-0,228877725922192;-0,276622933766593;-0,560687436092618
EBA;Temp;14;Current landscape;0,426611244678497;-0,162742871651652;-0,134365769422828;-0,330595934151276
EBA;Temp;14;Current landscape;0,476195693016052;-0,0784828461546674;-0,119310214843889;-0,315362337702016
EBA;Temp;14;Current landscape;0,523816645145416;-0,129583369277764;-0,154770225240689;-0,347649065189255
EBA;Temp;14;Current landscape;0,575092852115631;-0,134081855368944;-0,214660478670847;-0,372024293590314
EBA;Temp;14;Current landscape;0,623897075653076;-0,208137812745278;-0,198431494396246;-0,34657741552633
EBA;Temp;14;Current landscape;0,675238609313965;-0,0895532497040357;-0,118121627613704;-0,330036295453581
EBA;Temp;14;Current landscape;0,724148750305176;-0,285734803194174;-0,293437097997483;-0,392782781320896
EBA;Temp;14;Current landscape;0,775230407714844;-0,332745828536925;-0,258473795536784;-0,432175479100856
EBA;Temp;14;Current landscape;0,82569283246994;-0,289864445734242;-0,176105746860653;-0,390577524950597
EBA;Temp;14;Current landscape;0,877578020095825;-0,261402874536287;-0,23144287571191;-0,357513841033121
EBA;Temp;14;Current landscape;0,929024517536164;-0,332613190242849;-0,265795851287038;-0,526867279685611
EBA;Temp;14;Current landscape;1;-0,802837672746854;-0,595825400596851;-0,691261785856185
EBA;Temp;15;Spatially adjusted;0,01;-0,620249596588618;-0,683578365994972;-0,728655101462906
EBA;Temp;15;Spatially adjusted;0,0302040816326531;-0,589804527231841;-0,654960050754994;-0,69762360677591
EBA;Temp;15;Spatially adjusted;0,0504081632653061;-0,559365371194293;-0,626331526927249;-0,666589021798728
EBA;Temp;15;Spatially adjusted;0,0706122448979592;-0,5289380417952;-0,597682585923959;-0,635548256241169
EBA;Temp;15;Spatially adjusted;0,0908163265306122;-0,498528452353785;-0,569003019157361;-0,604498219813038
EBA;Temp;15;Spatially adjusted;0,111020408163265;-0,468142516189285;-0,540282618039683;-0,573435822224159
EBA;Temp;15;Spatially adjusted;0,131224489795918;-0,437786146620923;-0,511511173983156;-0,542357973184338
EBA;Temp;15;Spatially adjusted;0,151428571428571;-0,407465256967917;-0,482678478400004;-0,511261582403385
EBA;Temp;15;Spatially adjusted;0,171632653061224;-0,377185760549512;-0,453774322702468;-0,480143559591109
EBA;Temp;15;Spatially adjusted;0,191836734693878;-0,346953570684921;-0,424788498302767;-0,449000814457332
EBA;Temp;15;Spatially adjusted;0,212040816326531;-0,316774600693385;-0,395710796613134;-0,417830256711856
EBA;Temp;15;Spatially adjusted;0,232244897959184;-0,286654763894113;-0,366531009045804;-0,386628796064493
EBA;Temp;15;Spatially adjusted;0,252448979591837;-0,256599973606352;-0,337238927013001;-0,35539334222506
EBA;Temp;15;Spatially adjusted;0,27265306122449;-0,226616143149318;-0,307824341926956;-0,324120804903362
EBA;Temp;15;Spatially adjusted;0,292857142857143;-0,196709185842241;-0,278277045199904;-0,292808093809217
EBA;Temp;15;Spatially adjusted;0,313061224489796;-0,166885015004347;-0,248586828244065;-0,261452118652429
EBA;Temp;15;Spatially adjusted;0,333265306122449;-0,137149543954866;-0,21874348247168;-0,230049789142814
EBA;Temp;15;Spatially adjusted;0,353469387755102;-0,107520288902624;-0,18875562023123;-0,198612732537409
EBA;Temp;15;Spatially adjusted;0,373673469387755;-0,0780611776148703;-0,158707137616229;-0,167211446282121
EBA;Temp;15;Spatially adjusted;0,393877551020408;-0,048847740748446;-0,128700751656453;-0,135931145370087
EBA;Temp;15;Spatially adjusted;0,414081632653061;-0,0199555089601944;-0,0988391793816668;-0,104857044794439
EBA;Temp;15;Spatially adjusted;0,434285714285714;0,00853998709304094;-0,069225137821654;-0,0740743595483195
EBA;Temp;15;Spatially adjusted;0,454489795918367;0,0365632167544057;-0,0399613440061763;-0,0436683046248589
EBA;Temp;15;Spatially adjusted;0,47469387755102;0,0640386493670633;-0,01115051496501;-0,0137240950171922
EBA;Temp;15;Spatially adjusted;0,494897959183674;0,0908907542741666;0,0171046322720763;0,015673054281546
EBA;Temp;15;Spatially adjusted;0,515102040816327;0,117044000818879;0,0447013806753098;0,0444379282782208
EBA;Temp;15;Spatially adjusted;0,53530612244898;0,142422858344336;0,0715370132149147;0,072485311979694
EBA;Temp;15;Spatially adjusted;0,555510204081633;0,166951796193711;0,0975088128611183;0,0997299903928344
EBA;Temp;15;Spatially adjusted;0,575714285714286;0,190555283710147;0,122514062584155;0,126086748524504
EBA;Temp;15;Spatially adjusted;0,595918367346939;0,213157790236806;0,146450045354246;0,151470371381571
EBA;Temp;15;Spatially adjusted;0,616122448979592;0,23468378511684;0,169214044141626;0,175795643970897
EBA;Temp;15;Spatially adjusted;0,636326530612245;0,255057737693409;0,190703341916517;0,198977351299352
EBA;Temp;15;Spatially adjusted;0,656530612244898;0,274204117309658;0,210815221649153;0,220930278373793
EBA;Temp;15;Spatially adjusted;0,676734693877551;0,292047393308753;0,229446966309759;0,241569210201096
EBA;Temp;15;Spatially adjusted;0,696938775510204;0,308538984250337;0,246529466416252;0,260837709393641
EBA;Temp;15;Spatially adjusted;0,717142857142857;0,323738105560043;0,262128042677304;0,278794448985924
EBA;Temp;15;Spatially adjusted;0,73734693877551;0,337730921879995;0,276341623349278;0,295526879617963
EBA;Temp;15;Spatially adjusted;0,757551020408163;0,350603597852324;0,289269136688542;0,311122451929776
EBA;Temp;15;Spatially adjusted;0,777755102040816;0,362442298119145;0,301009510951452;0,325668616561376
EBA;Temp;15;Spatially adjusted;0,797959183673469;0,373333187322586;0,311661674394376;0,339252824152787
EBA;Temp;15;Spatially adjusted;0,818163265306122;0,383362430104778;0,321324555273669;0,351962525344021
EBA;Temp;15;Spatially adjusted;0,838367346938776;0,392616191107841;0,3300970818457;0,363885170775102
EBA;Temp;15;Spatially adjusted;0,858571428571429;0,401180634973901;0,338078182366829;0,375108211086044
EBA;Temp;15;Spatially adjusted;0,878775510204082;0,40914192634509;0,345366785093422;0,385719096916862
EBA;Temp;15;Spatially adjusted;0,898979591836735;0,416586229863526;0,35206181828184;0,395805278907574
EBA;Temp;15;Spatially adjusted;0,919183673469388;0,423599710171334;0,358262210188443;0,405454207698199
EBA;Temp;15;Spatially adjusted;0,939387755102041;0,430268531910642;0,364066889069598;0,414753333928754
EBA;Temp;15;Spatially adjusted;0,959591836734694;0,436678859723575;0,369574783181662;0,423790108239256
EBA;Temp;15;Spatially adjusted;0,979795918367347;0,442916858252257;0,374884820781002;0,432651981269729
EBA;Temp;15;Spatially adjusted;1;0,449068692138813;0,380095930123979;0,441426403660177
EBA;Temp;15;Current landscape;0,0282414276152849;-0,468936521569756;-0,604321546424089;-0,957892007526141
EBA;Temp;15;Current landscape;0,0789921656250954;-0,336712331890894;-0,432897569248798;-0,728221954239782
EBA;Temp;15;Current landscape;0,124296270310879;-0,367844934326033;-0,388468294793586;-0,638323201777997
EBA;Temp;15;Current landscape;0,174546882510185;-0,273471068288409;-0,302564009912523;-0,61242483002961
EBA;Temp;15;Current landscape;0,225117400288582;-0,29632780150661;-0,241392154724551;-0,523357446515931
EBA;Temp;15;Current landscape;0,272213697433472;-0,252996448279628;-0,234034497565631;-0,422575673921273
EBA;Temp;15;Current landscape;0,327252477407455;-0,0810455502437115;-0,118790043545879;-0,366560400706117
EBA;Temp;15;Current landscape;0,372914135456085;-0,215190299586251;-0,245148304282548;-0,477919703832765
EBA;Temp;15;Current landscape;0,425517320632935;-0,0983224439156594;-0,125866006664218;-0,321555098914626
EBA;Temp;15;Current landscape;0,473968923091888;-0,121121924355688;-0,165350781467883;-0,331142417182438
EBA;Temp;15;Current landscape;0,523565381765366;-0,147674050037608;-0,163145741193947;-0,349704997527617
EBA;Temp;15;Current landscape;0,575900793075562;-0,216046868017738;-0,212785696962527;-0,364390496967772
EBA;Temp;15;Current landscape;0,625852912664414;-0,269510262786078;-0,135430323976681;-0,313754769857706
EBA;Temp;15;Current landscape;0,67508739233017;-0,162032391951588;-0,25621219180195;-0,527639546586212
EBA;Temp;15;Current landscape;0,726204007863999;-0,321439530769425;-0,244486038287786;-0,37132541334551
EBA;Temp;15;Current landscape;0,772703230381012;-0,30661462280214;-0,189678323269035;-0,329456186607914
EBA;Temp;15;Current landscape;0,826114177703857;-0,347751682143397;-0,198419658578473;-0,375191442013136
EBA;Temp;15;Current landscape;0,870933949947357;-0,402172100199941;-0,283315592566488;-0,369475042301954
EBA;Temp;15;Current landscape;0,92727142572403;-0,388894097904299;-0,227134098547932;-0,400265194458317
EBA;Temp;15;Current landscape;1;-0,856315397899088;-0,504142875556358;-0,626289934188829
EBA;Temp;16;Spatially adjusted;0,01;-0,627099403569606;-0,667896513760041;-0,71748957116975
EBA;Temp;16;Spatially adjusted;0,0302040816326531;-0,600673210126004;-0,644377914047141;-0,689423635474466
EBA;Temp;16;Spatially adjusted;0,0504081632653061;-0,57420636655575;-0,620790836498703;-0,661321334094705
EBA;Temp;16;Spatially adjusted;0,0706122448979592;-0,547658222732174;-0,597066803279205;-0,633146301345985
EBA;Temp;16;Spatially adjusted;0,0908163265306122;-0,520988128528632;-0,573137336553113;-0,604862171543832
EBA;Temp;16;Spatially adjusted;0,111020408163265;-0,49415543381846;-0,548933958484891;-0,576432579003765
EBA;Temp;16;Spatially adjusted;0,131224489795918;-0,467119488475003;-0,524388191239016;-0,547821158041305
EBA;Temp;16;Spatially adjusted;0,151428571428571;-0,439839642371602;-0,499431556979946;-0,518991542971982
EBA;Temp;16;Spatially adjusted;0,171632653061224;-0,412275245381597;-0,473995577872159;-0,489907368111304
EBA;Temp;16;Spatially adjusted;0,191836734693878;-0,384385647378338;-0,448011776080119;-0,460532267774799
EBA;Temp;16;Spatially adjusted;0,212040816326531;-0,356130198235164;-0,421411673768294;-0,430829876277993
EBA;Temp;16;Spatially adjusted;0,232244897959184;-0,327468247825415;-0,394126793101155;-0,400763827936402
EBA;Temp;16;Spatially adjusted;0,252448979591837;-0,298359146022435;-0,366088656243164;-0,370297757065547
EBA;Temp;16;Spatially adjusted;0,27265306122449;-0,268762242699573;-0,337228785358796;-0,339395297980953
EBA;Temp;16;Spatially adjusted;0,292857142857143;-0,238636887730166;-0,307478702612517;-0,308020084998141
EBA;Temp;16;Spatially adjusted;0,313061224489796;-0,207942430987551;-0,2767699301688;-0,276135752432637
EBA;Temp;16;Spatially adjusted;0,333265306122449;-0,176638222345083;-0,245033990192106;-0,243705934599955
EBA;Temp;16;Spatially adjusted;0,353469387755102;-0,1447178907382;-0,212251158765131;-0,210725100809217
EBA;Temp;16;Spatially adjusted;0,373673469387755;-0,112312181350738;-0,17859672764348;-0,177311060343964
EBA;Temp;16;Spatially adjusted;0,393877551020408;-0,0795861184286366;-0,144294742500978;-0,143612457481311
EBA;Temp;16;Spatially adjusted;0,414081632653061;-0,0467047262178468;-0,109569249011454;-0,1097779364984
EBA;Temp;16;Spatially adjusted;0,434285714285714;-0,0138330289642958;-0,0746442928487312;-0,0759561416723571
EBA;Temp;16;Spatially adjusted;0,454489795918367;0,0188639490860751;-0,0397439196866358;-0,0422957172803145
EBA;Temp;16;Spatially adjusted;0,47469387755102;0,0512211836873213;-0,00509217519899963;-0,00894530759939727
EBA;Temp;16;Spatially adjusted;0,494897959183674;0,0830736505935015;0,0290868949403524;0,0239464430932621
EBA;Temp;16;Spatially adjusted;0,515102040816327;0,114256325558689;0,0625692450575919;0,0562308905205278
EBA;Temp;16;Spatially adjusted;0,53530612244898;0,144604184336934;0,0951308294788937;0,087759390405278
EBA;Temp;16;Spatially adjusted;0,555510204081633;0,17395220268229;0,126547602530433;0,118383298470373
EBA;Temp;16;Spatially adjusted;0,575714285714286;0,20213535634883;0,156595518538378;0,147953970438692
EBA;Temp;16;Spatially adjusted;0,595918367346939;0,228988621090608;0,185050531828903;0,176322762033095
EBA;Temp;16;Spatially adjusted;0,616122448979592;0,254346972661686;0,21168859672818;0,20334102897646
EBA;Temp;16;Spatially adjusted;0,636326530612245;0,278045386816125;0,236285667562381;0,228860126991652
EBA;Temp;16;Spatially adjusted;0,656530612244898;0,299918839307985;0,258617698657687;0,252731411801545
EBA;Temp;16;Spatially adjusted;0,676734693877551;0,319802305891322;0,278460644340264;0,274806239129003
EBA;Temp;16;Spatially adjusted;0,696938775510204;0,337580714383638;0,295656061664072;0,294981000219746
EBA;Temp;16;Spatially adjusted;0,717142857142857;0,35333880085614;0,310307918594237;0,313332228410907
EBA;Temp;16;Spatially adjusted;0,73734693877551;0,367211253443497;0,322585785823666;0,329981492562442
EBA;Temp;16;Spatially adjusted;0,757551020408163;0,379332760280356;0,332659234045266;0,345050361534337
EBA;Temp;16;Spatially adjusted;0,777755102040816;0,389838009501371;0,340697833951953;0,358660404186562
EBA;Temp;16;Spatially adjusted;0,797959183673469;0,398861689241194;0,346871156236631;0,370933189379084
EBA;Temp;16;Spatially adjusted;0,818163265306122;0,406538487634478;0,351348771592214;0,381990285971881
EBA;Temp;16;Spatially adjusted;0,838367346938776;0,413003092815881;0,35430025071161;0,391953262824924
EBA;Temp;16;Spatially adjusted;0,858571428571429;0,418390192920054;0,355895164287727;0,400943688798186
EBA;Temp;16;Spatially adjusted;0,878775510204082;0,422834476081651;0,356303083013479;0,409083132751636
EBA;Temp;16;Spatially adjusted;0,898979591836735;0,426470630435325;0,355693577581771;0,416493163545251
EBA;Temp;16;Spatially adjusted;0,919183673469388;0,429433344115736;0,354236218685518;0,423295350039005
EBA;Temp;16;Spatially adjusted;0,939387755102041;0,431857305257527;0,35210057701762;0,429611261092866
EBA;Temp;16;Spatially adjusted;0,959591836734694;0,433877201995355;0,349456223270998;0,435562465566811
EBA;Temp;16;Spatially adjusted;0,979795918367347;0,435627722463881;0,346472728138551;0,441270532320811
EBA;Temp;16;Spatially adjusted;1;0,437243554797753;0,343319662313199;0,446857030214836
EBA;Temp;16;Current landscape;0,0287241898477077;-0,452897275981645;-0,494528755480861;-0,765952740168807
EBA;Temp;16;Current landscape;0,0796585530042648;-0,460941152662773;-0,494739903010608;-0,818501808262635
EBA;Temp;16;Current landscape;0,129262760281563;-0,379202761806102;-0,443177284798544;-0,66586199474763
EBA;Temp;16;Current landscape;0,175060749053955;-0,39135849289277;-0,358718325455143;-0,56110662476728
EBA;Temp;16;Current landscape;0,226537704467773;-0,339085989028515;-0,267464586977241;-0,488485648248918
EBA;Temp;16;Current landscape;0,273833125829697;-0,284310902307769;-0,253774571536088;-0,530432128417097
EBA;Temp;16;Current landscape;0,326926082372665;-0,17997790661698;-0,181039755295554;-0,391291450084708
EBA;Temp;16;Current landscape;0,375778466463089;-0,179285397556576;-0,24985368315286;-0,395518811564923
EBA;Temp;16;Current landscape;0,423738151788711;-0,0793888328258277;-0,098141321072859;-0,301043106292386
EBA;Temp;16;Current landscape;0,475977003574371;-0,14764741669644;-0,147903911826873;-0,35298422471476
EBA;Temp;16;Current landscape;0,526635617017746;-0,178504420730633;-0,247023256856004;-0,486483659415562
EBA;Temp;16;Current landscape;0,573259055614471;-0,1373508351429;-0,192615603002199;-0,363148596084169
EBA;Temp;16;Current landscape;0,622771799564362;-0,275728958073529;-0,213794839880467;-0,468060287416822
EBA;Temp;16;Current landscape;0,671121716499329;-0,255899322465215;-0,213839026974085;-0,448595637321976
EBA;Temp;16;Current landscape;0,727136850357056;-0,206700549670391;-0,221027613132595;-0,385104533526036
EBA;Temp;16;Current landscape;0,77116334438324;-0,277504601473847;-0,235603537044792;-0,407917128031595
EBA;Temp;16;Current landscape;0,824437379837036;-0,263363521510932;-0,068812441237327;-0,344499468261759
EBA;Temp;16;Current landscape;0,873063206672669;-0,26730615381928;-0,126445804928895;-0,298298817665902
EBA;Temp;16;Current landscape;0,927513122558594;-0,513353844093984;-0,318857246185114;-0,45756392094642
EBA;Temp;16;Current landscape;1;-0,673360103126292;-0,556144192855253;-0,603263093917484
EBA;Temp;17;Spatially adjusted;0,01;-0,637585926799936;-0,677231178312272;-0,712672372253547
EBA;Temp;17;Spatially adjusted;0,0302040816326531;-0,60604848655009;-0,649953150553909;-0,68351776224473
EBA;Temp;17;Spatially adjusted;0,0504081632653061;-0,574512041100149;-0,622650992587619;-0,654347696485182
EBA;Temp;17;Spatially adjusted;0,0706122448979592;-0,542977585250014;-0,595300574205471;-0,625146719224162
EBA;Temp;17;Spatially adjusted;0,0908163265306122;-0,511446113799597;-0,567877765199537;-0,595899374710943
EBA;Temp;17;Spatially adjusted;0,111020408163265;-0,479918621548791;-0,540358435361892;-0,566590207194786
EBA;Temp;17;Spatially adjusted;0,131224489795918;-0,448396103297505;-0,512718454484602;-0,53720376092496
EBA;Temp;17;Spatially adjusted;0,151428571428571;-0,416879553845639;-0,484933692359746;-0,507724580150732
EBA;Temp;17;Spatially adjusted;0,171632653061224;-0,3853699679931;-0,45698001877939;-0,478137209121368
EBA;Temp;17;Spatially adjusted;0,191836734693878;-0,353868340539801;-0,428833303535608;-0,448426192086124
EBA;Temp;17;Spatially adjusted;0,212040816326531;-0,322375666285627;-0,400469416420474;-0,418576073294286
EBA;Temp;17;Spatially adjusted;0,232244897959184;-0,290892940030496;-0,371864227226052;-0,388571396995101
EBA;Temp;17;Spatially adjusted;0,252448979591837;-0,259421156574305;-0,342993605744422;-0,358396707437844
EBA;Temp;17;Spatially adjusted;0,27265306122449;-0,227961310716967;-0,313833421767647;-0,328036548871783
EBA;Temp;17;Spatially adjusted;0,292857142857143;-0,196514397258373;-0,28435954508781;-0,297475465546178
EBA;Temp;17;Spatially adjusted;0,313061224489796;-0,165081410998436;-0,254547845496976;-0,266698001710296
EBA;Temp;17;Spatially adjusted;0,333265306122449;-0,133663346737055;-0,224374192787213;-0,235688701613409
EBA;Temp;17;Spatially adjusted;0,353469387755102;-0,102276234902011;-0,193839180472388;-0,204450857034388
EBA;Temp;17;Spatially adjusted;0,373673469387755;-0,0709962484325608;-0,163042296953503;-0,173062749870549
EBA;Temp;17;Spatially adjusted;0,393877551020408;-0,0399145958958478;-0,132107754353346;-0,141621409548819
EBA;Temp;17;Spatially adjusted;0,414081632653061;-0,00912248585900599;-0,101159764794712;-0,110223865496128
EBA;Temp;17;Spatially adjusted;0,434285714285714;0,0212888731108336;-0,0703225404003973;-0,0789671471393945
EBA;Temp;17;Spatially adjusted;0,454489795918367;0,0512282724465365;-0,0397202932931933;-0,0479482839055514
EBA;Temp;17;Spatially adjusted;0,47469387755102;0,080604503580954;-0,00947723559588809;-0,01726430522152
EBA;Temp;17;Spatially adjusted;0,494897959183674;0,109326357946962;0,02028242056873;0,012987759485771
EBA;Temp;17;Spatially adjusted;0,515102040816327;0,137302626977426;0,0494344630778549;0,0427108807893966
EBA;Temp;17;Spatially adjusted;0,53530612244898;0,164442102105198;0,0778546798087092;0,0718080292624279
EBA;Temp;17;Spatially adjusted;0,555510204081633;0,190653574763157;0,10541885863849;0,100182175477944
EBA;Temp;17;Spatially adjusted;0,575714285714286;0,215845836384155;0,13200278744441;0,127736290009015
EBA;Temp;17;Spatially adjusted;0,595918367346939;0,239927678401063;0,157482254103677;0,154373343428716
EBA;Temp;17;Spatially adjusted;0,616122448979592;0,262807892246741;0,181733046493495;0,179996306310116
EBA;Temp;17;Spatially adjusted;0,636326530612245;0,284395269354057;0,204630952491076;0,204508149226296
EBA;Temp;17;Spatially adjusted;0,656530612244898;0,304598601155874;0,226051759973625;0,227811842750327
EBA;Temp;17;Spatially adjusted;0,676734693877551;0,323326679085056;0,245871256818351;0,249810357455285
EBA;Temp;17;Spatially adjusted;0,696938775510204;0,340519813319407;0,264003907118354;0,270437441821294
EBA;Temp;17;Spatially adjusted;0,717142857142857;0,356244389016471;0,280518879830275;0,289749955956669
EBA;Temp;17;Spatially adjusted;0,73734693877551;0,370598310078734;0,295524020126656;0,307835537876798
EBA;Temp;17;Spatially adjusted;0,757551020408163;0,383679480408684;0,309127173180045;0,324781825597057
EBA;Temp;17;Spatially adjusted;0,777755102040816;0,395585803908805;0,321436184162963;0,340676457132808
EBA;Temp;17;Spatially adjusted;0,797959183673469;0,406415184481581;0,33255889824796;0,355607070499431
EBA;Temp;17;Spatially adjusted;0,818163265306122;0,416265526029505;0,342603160607577;0,369661303712313
EBA;Temp;17;Spatially adjusted;0,838367346938776;0,425234732455056;0,351676816414347;0,382926794786812
EBA;Temp;17;Spatially adjusted;0,858571428571429;0,433420707660726;0,359887710840809;0,395491181738311
EBA;Temp;17;Spatially adjusted;0,878775510204082;0,440921355548984;0,367343689059503;0,407442102582184
EBA;Temp;17;Spatially adjusted;0,898979591836735;0,447834580022342;0,374152596242961;0,41886719533381
EBA;Temp;17;Spatially adjusted;0,919183673469388;0,454258284983265;0,380422277563731;0,429854098008558
EBA;Temp;17;Spatially adjusted;0,939387755102041;0,460290374334242;0,386260578194346;0,440490448621809
EBA;Temp;17;Spatially adjusted;0,959591836734694;0,466028751977767;0,391775343307344;0,45086388518893
EBA;Temp;17;Spatially adjusted;0,979795918367347;0,47157132181632;0,397074418075267;0,461062045725306
EBA;Temp;17;Spatially adjusted;1;0,477015987752388;0,402265647670653;0,471172568246306
EBA;Temp;17;Current landscape;0,0295064505189657;-0,378081330548991;-0,359603534794619;-0,720773506911364
EBA;Temp;17;Current landscape;0,0758422836661339;-0,314136322649954;-0,341047246872613;-0,641994495541663
EBA;Temp;17;Current landscape;0,125341042876244;-0,253912962126478;-0,333734287716787;-0,641824210933407
EBA;Temp;17;Current landscape;0,176133587956429;-0,38369733192102;-0,406046971541272;-0,632777701883597
EBA;Temp;17;Current landscape;0,22444012761116;-0,223966059816899;-0,260510234825233;-0,471784688936303
EBA;Temp;17;Current landscape;0,274437308311462;-0,221073969757043;-0,25379875767764;-0,508317651905557
EBA;Temp;17;Current landscape;0,324571251869202;-0,230571415798483;-0,234522627505264;-0,489890055995687
EBA;Temp;17;Current landscape;0,377791285514832;-0,171855395912065;-0,151720648062476;-0,379260204052958
EBA;Temp;17;Current landscape;0,425448119640351;-0,0643668199516512;-0,0310161371192912;-0,237547926244289
EBA;Temp;17;Current landscape;0,475156322121621;-0,0748984783390831;-0,154264200933724;-0,352340418718548
EBA;Temp;17;Current landscape;0,525283396244049;-0,134201270268267;-0,234669403731527;-0,416440904237977
EBA;Temp;17;Current landscape;0,573660254478455;-0,218625312708891;-0,164539115064489;-0,362774034168513
EBA;Temp;17;Current landscape;0,625907480716705;-0,133956454626389;-0,070634491114582;-0,287336861111882
EBA;Temp;17;Current landscape;0,676241040229797;-0,198308339415334;-0,190360115740869;-0,393857099646578
EBA;Temp;17;Current landscape;0,725471615791321;-0,301518272833196;-0,37901901114008;-0,51718750391942
EBA;Temp;17;Current landscape;0,773475050926208;-0,290426907077119;-0,234880660784523;-0,418703893924789
EBA;Temp;17;Current landscape;0,826758682727814;-0,44058736759737;-0,286881091173271;-0,469218558373107
EBA;Temp;17;Current landscape;0,875672936439514;-0,420840096790485;-0,314121764275651;-0,466225148360309
EBA;Temp;17;Current landscape;0,928391218185425;-0,367761413433627;-0,33226584021844;-0,450037201483337
EBA;Temp;17;Current landscape;1;-0,738867718442851;-0,647908901871567;-0,664084532556043
EBA;Temp;18;Spatially adjusted;0,01;-0,601096827539848;-0,648172200744;-0,708132049834926
EBA;Temp;18;Spatially adjusted;0,0302040816326531;-0,572521029432206;-0,622300825136247;-0,678309675974422
EBA;Temp;18;Spatially adjusted;0,0504081632653061;-0,543937104716072;-0,596398268445572;-0,648487780318032
EBA;Temp;18;Spatially adjusted;0,0706122448979592;-0,515336926782943;-0,570433349589049;-0,618666841069871
EBA;Temp;18;Spatially adjusted;0,0908163265306122;-0,486712369024343;-0,544374887483759;-0,588847336434053
EBA;Temp;18;Spatially adjusted;0,111020408163265;-0,458055304831763;-0,518191701046774;-0,559029744614694
EBA;Temp;18;Spatially adjusted;0,131224489795918;-0,42935760759671;-0,491852609195174;-0,529214543815911
EBA;Temp;18;Spatially adjusted;0,151428571428571;-0,400611150710699;-0,46532643084603;-0,499402212241812
EBA;Temp;18;Spatially adjusted;0,171632653061224;-0,371807807565229;-0,438581984916425;-0,469593228096517
EBA;Temp;18;Spatially adjusted;0,191836734693878;-0,342939451551807;-0,411588090323438;-0,439788069584139
EBA;Temp;18;Spatially adjusted;0,212040816326531;-0,313997956061936;-0,384313565984137;-0,409987214908796
EBA;Temp;18;Spatially adjusted;0,232244897959184;-0,284975194487132;-0,356727230815601;-0,380191142274601
EBA;Temp;18;Spatially adjusted;0,252448979591837;-0,255863040218891;-0,328797903734909;-0,350400329885662
EBA;Temp;18;Spatially adjusted;0,27265306122449;-0,226653366648726;-0,30049440365914;-0,320615255946102
EBA;Temp;18;Spatially adjusted;0,292857142857143;-0,197338047168138;-0,271785549505363;-0,29083639866003
EBA;Temp;18;Spatially adjusted;0,313061224489796;-0,167908955168631;-0,242640160190664;-0,261064236231569
EBA;Temp;18;Spatially adjusted;0,333265306122449;-0,138357964041724;-0,213027054632111;-0,231299246864825
EBA;Temp;18;Spatially adjusted;0,353469387755102;-0,108694902533966;-0,182944923680715;-0,201552765029177
EBA;Temp;18;Spatially adjusted;0,373673469387755;-0,0790014208121583;-0,152511945923159;-0,171879550255053
EBA;Temp;18;Spatially adjusted;0,393877551020408;-0,049377124398152;-0,121876171880071;-0,142345218338146
EBA;Temp;18;Spatially adjusted;0,414081632653061;-0,0199216188137967;-0,0911856520720633;-0,113015385074139
EBA;Temp;18;Spatially adjusted;0,434285714285714;0,00926549041904678;-0,0605884370197636;-0,0839556662587278
EBA;Temp;18;Spatially adjusted;0,454489795918367;0,0380845977785356;-0,0302325772437833;-0,0552316776875976
EBA;Temp;18;Spatially adjusted;0,47469387755102;0,0664360977428196;-0,000266123264744067;-0,0269090351564394
EBA;Temp;18;Spatially adjusted;0,494897959183674;0,094220384790038;0,0291628743967323;0,000946645539059432
EBA;Temp;18;Spatially adjusted;0,515102040816327;0,121337853398344;0,0579063652200347;0,0282697486032042
EBA;Temp;18;Spatially adjusted;0,53530612244898;0,147688898045885;0,0858162986845343;0,0549946582403109
EBA;Temp;18;Spatially adjusted;0,555510204081633;0,173173913210807;0,112744624269617;0,0810557586546885
EBA;Temp;18;Spatially adjusted;0,575714285714286;0,197693293371263;0,138543291454663;0,106387434050653
EBA;Temp;18;Spatially adjusted;0,595918367346939;0,221147433005392;0,163064249719053;0,130924068632499
EBA;Temp;18;Spatially adjusted;0,616122448979592;0,243436726591355;0,18615944854217;0,15460004660455
EBA;Temp;18;Spatially adjusted;0,636326530612245;0,264461568607288;0,207680837403391;0,177349752171118
EBA;Temp;18;Spatially adjusted;0,656530612244898;0,284122353531345;0,227480365782103;0,199107569536505
EBA;Temp;18;Spatially adjusted;0,676734693877551;0,302319475841671;0,245409983157682;0,219807882905027
EBA;Temp;18;Spatially adjusted;0,696938775510204;0,318986214979802;0,261367334528821;0,239407711611445
EBA;Temp;18;Spatially adjusted;0,717142857142857;0,334187390240828;0,275432846971437;0,257954615512347
EBA;Temp;18;Spatially adjusted;0,73734693877551;0,348020705883222;0,287732643080776;0,275518789594756
EBA;Temp;18;Spatially adjusted;0,757551020408163;0,360583866165452;0,298392845452067;0,292170428845719
EBA;Temp;18;Spatially adjusted;0,777755102040816;0,371974575346002;0,307539576680544;0,307979728252263
EBA;Temp;18;Spatially adjusted;0,797959183673469;0,382290537683335;0,315298959361442;0,323016882801426
EBA;Temp;18;Spatially adjusted;0,818163265306122;0,391629457435929;0,321797116089996;0,337352087480241
EBA;Temp;18;Spatially adjusted;0,838367346938776;0,400089038862262;0,32716016946144;0,351055537275744
EBA;Temp;18;Spatially adjusted;0,858571428571429;0,407766986220803;0,331514242071005;0,364197427174968
EBA;Temp;18;Spatially adjusted;0,878775510204082;0,414761003770025;0,334985456513937;0,376847952164951
EBA;Temp;18;Spatially adjusted;0,898979591836735;0,421168795768406;0,337699935385459;0,389077307232721
EBA;Temp;18;Spatially adjusted;0,919183673469388;0,427088066474418;0,339783801280806;0,400955687365322
EBA;Temp;18;Spatially adjusted;0,939387755102041;0,432616520146535;0,34136317679522;0,412553287549788
EBA;Temp;18;Spatially adjusted;0,959591836734694;0,437851861043225;0,342564184523923;0,42394030277314
EBA;Temp;18;Spatially adjusted;0,979795918367347;0,442891793422973;0,343512947062166;0,435186928022429
EBA;Temp;18;Spatially adjusted;1;0,447834021544249;0,344335587005173;0,446363358284682
EBA;Temp;18;Current landscape;0,0273019205778837;-0,324638790547336;-0,395659955788176;-0,741521661668386
EBA;Temp;18;Current landscape;0,0742964893579483;-0,240365091721127;-0,282312176922083;-0,567423282562235
EBA;Temp;18;Current landscape;0,125016033649445;-0,337533995186021;-0,378493617543203;-0,648045456874232
EBA;Temp;18;Current landscape;0,175784632563591;-0,308697487317893;-0,309813893921465;-0,522359001573129
EBA;Temp;18;Current landscape;0,226653322577477;-0,266525870040013;-0,255416170769955;-0,585350717281351
EBA;Temp;18;Current landscape;0,276114225387573;-0,208021343299947;-0,240677621040391;-0,498280705408515
EBA;Temp;18;Current landscape;0,322858363389969;-0,208423892820743;-0,296574202841668;-0,502496104350804
EBA;Temp;18;Current landscape;0,375928968191147;-0,226412018862266;-0,248678200466564;-0,509285890600882
EBA;Temp;18;Current landscape;0,422513365745544;-0,111580342397286;-0,138519447128704;-0,319647317962243
EBA;Temp;18;Current landscape;0,475242733955383;-0,0975639229856107;-0,13787050305422;-0,383731420849085
EBA;Temp;18;Current landscape;0,525306761264801;-0,139378604660919;-0,200519121568274;-0,389871461966987
EBA;Temp;18;Current landscape;0,578380405902863;-0,228814505373123;-0,283591834968835;-0,426286802684736
EBA;Temp;18;Current landscape;0,626108914613724;-0,186754633204277;-0,156573265390108;-0,423405730845118
EBA;Temp;18;Current landscape;0,674287736415863;-0,165551829058259;-0,142558522876595;-0,309702391185411
EBA;Temp;18;Current landscape;0,724330455064774;-0,257616781062474;-0,155433062279233;-0,404957275098521
EBA;Temp;18;Current landscape;0,770929157733917;-0,329329536715203;-0,177217931759987;-0,375620668602984
EBA;Temp;18;Current landscape;0,825147807598114;-0,231985296413555;-0,159775413551834;-0,291763056071048
EBA;Temp;18;Current landscape;0,876838982105255;-0,360656175563339;-0,159838664611311;-0,311106816723893
EBA;Temp;18;Current landscape;0,927355825901031;-0,51459982727048;-0,295961046013755;-0,505824637242501
EBA;Temp;18;Current landscape;1;-0,792992242798796;-0,544060841473208;-0,628912215847631
EBA;Temp;19;Spatially adjusted;0,01;-0,557457786408044;-0,642054487316372;-0,680301157004138
EBA;Temp;19;Spatially adjusted;0,0302040816326531;-0,531886468884135;-0,617241944621252;-0,653367600910666
EBA;Temp;19;Spatially adjusted;0,0504081632653061;-0,506293176468411;-0,592394211420714;-0,626411119956615
EBA;Temp;19;Spatially adjusted;0,0706122448979592;-0,48065593426908;-0,567476097209351;-0,599408789281398
EBA;Temp;19;Spatially adjusted;0,0908163265306122;-0,45495276739431;-0,54245241148174;-0,572337684024436
EBA;Temp;19;Spatially adjusted;0,111020408163265;-0,429161700952303;-0,517287963732471;-0,545174879325153
EBA;Temp;19;Spatially adjusted;0,131224489795918;-0,40326076005125;-0,491947563456129;-0,517897450322963
EBA;Temp;19;Spatially adjusted;0,151428571428571;-0,377227969799343;-0,466396020147297;-0,490482472157279
EBA;Temp;19;Spatially adjusted;0,171632653061224;-0,351041355304769;-0,440598143300562;-0,462907019967531
EBA;Temp;19;Spatially adjusted;0,191836734693878;-0,324678941675717;-0,414518742410504;-0,435148168893132
EBA;Temp;19;Spatially adjusted;0,212040816326531;-0,298118754020379;-0,388122626971722;-0,407182994073505
EBA;Temp;19;Spatially adjusted;0,232244897959184;-0,271338817446946;-0,361374606478783;-0,378988570648062
EBA;Temp;19;Spatially adjusted;0,252448979591837;-0,244317157063609;-0,334239490426288;-0,350541973756226
EBA;Temp;19;Spatially adjusted;0,27265306122449;-0,217031797978557;-0,306682088308811;-0,321820278537409
EBA;Temp;19;Spatially adjusted;0,292857142857143;-0,189460765299984;-0,278667209620942;-0,292800560131038
EBA;Temp;19;Spatially adjusted;0,313061224489796;-0,161582084136075;-0,250159663857264;-0,263459893676533
EBA;Temp;19;Spatially adjusted;0,333265306122449;-0,133373779595019;-0,221124260512365;-0,233775354313305
EBA;Temp;19;Spatially adjusted;0,353469387755102;-0,104836618025196;-0,1915567616348;-0,203746417879017
EBA;Temp;19;Spatially adjusted;0,373673469387755;-0,0760623307356596;-0,161576739488993;-0,173462163004281
EBA;Temp;19;Spatially adjusted;0,393877551020408;-0,0471653902756728;-0,131334718893349;-0,143034069017961
EBA;Temp;19;Spatially adjusted;0,414081632653061;-0,0182602691944602;-0,100981224666249;-0,112573615248905
EBA;Temp;19;Spatially adjusted;0,434285714285714;0,0105385599587109;-0,0706667816261088;-0,082192281025975
EBA;Temp;19;Spatially adjusted;0,454489795918367;0,0391166246346124;-0,0405419145913193;-0,0520015456780172
EBA;Temp;19;Spatially adjusted;0,47469387755102;0,0673594522839842;-0,0107571483802715;-0,022112888533897
EBA;Temp;19;Spatially adjusted;0,494897959183674;0,0951525703575911;0,0185369921886291;0,00736221107752755
EBA;Temp;19;Spatially adjusted;0,515102040816327;0,12238150630618;0,0471899822969917;0,0363122738274129
EBA;Temp;19;Spatially adjusted;0,53530612244898;0,148931787580505;0,0750512971264179;0,0646258203868939
EBA;Temp;19;Spatially adjusted;0,555510204081633;0,174688941631324;0,101970411858503;0,0921913714271163
EBA;Temp;19;Spatially adjusted;0,575714285714286;0,19953849590939;0,127796801674858;0,118897447619226
EBA;Temp;19;Spatially adjusted;0,595918367346939;0,223365977865456;0,152379941757083;0,144632569634364
EBA;Temp;19;Spatially adjusted;0,616122448979592;0,246056914950277;0,175569307286782;0,169285258143677
EBA;Temp;19;Spatially adjusted;0,636326530612245;0,267496834614605;0,197214373445554;0,192744033818315
EBA;Temp;19;Spatially adjusted;0,656530612244898;0,287571264309193;0,217164615415005;0,214897417329404
EBA;Temp;19;Spatially adjusted;0,676734693877551;0,306165731484803;0,235269508376735;0,235633929348111
EBA;Temp;19;Spatially adjusted;0,696938775510204;0,323201451049016;0,251424405334443;0,254876590754758
EBA;Temp;19;Spatially adjusted;0,717142857142857;0,338742387736765;0,265708170580162;0,272686423266489
EBA;Temp;19;Spatially adjusted;0,73734693877551;0,352888193739812;0,278245546228032;0,289158948809625
EBA;Temp;19;Spatially adjusted;0,757551020408163;0,36573852124992;0,289161274392182;0,304389689310497
EBA;Temp;19;Spatially adjusted;0,777755102040816;0,377393022458858;0,298580097186743;0,318474166695431
EBA;Temp;19;Spatially adjusted;0,797959183673469;0,387951349558389;0,306626756725851;0,33150790289076
EBA;Temp;19;Spatially adjusted;0,818163265306122;0,397513154740274;0,313425995123637;0,343586419822806
EBA;Temp;19;Spatially adjusted;0,838367346938776;0,406178090196285;0,319102554494229;0,3548052394179
EBA;Temp;19;Spatially adjusted;0,858571428571429;0,414045808118178;0,323781176951766;0,36525988360237
EBA;Temp;19;Spatially adjusted;0,878775510204082;0,421215960697722;0,327586604610378;0,37504587430254
EBA;Temp;19;Spatially adjusted;0,898979591836735;0,427788200126678;0,330643579584194;0,384258733444742
EBA;Temp;19;Spatially adjusted;0,919183673469388;0,433862178596808;0,33307684398735;0,392993982955311
EBA;Temp;19;Spatially adjusted;0,939387755102041;0,439537548299889;0,335011139933975;0,40134714476056
EBA;Temp;19;Spatially adjusted;0,959591836734694;0,44491396142767;0,336571209538207;0,409413740786828
EBA;Temp;19;Spatially adjusted;0,979795918367347;0,450091070171929;0,337881794914171;0,417289292960437
EBA;Temp;19;Spatially adjusted;1;0,455168526724417;0,339067638176005;0,425069323207726
EBA;Temp;19;Current landscape;0,0282335691154003;-0,461327628522085;-0,523191703627369;-0,770404737422702
EBA;Temp;19;Current landscape;0,0803741365671158;-0,271731173133531;-0,338568172358087;-0,614581044911802
EBA;Temp;19;Current landscape;0,124008014798164;-0,29908291820778;-0,361001044853698;-0,622843469181749
EBA;Temp;19;Current landscape;0,174546882510185;-0,31795022855686;-0,30503815112008;-0,544444012012836
EBA;Temp;19;Current landscape;0,223797425627708;-0,218849670697868;-0,229497607093439;-0,417129330152768
EBA;Temp;19;Current landscape;0,274846538901329;-0,245261029641028;-0,346448574986518;-0,54392659659247
EBA;Temp;19;Current landscape;0,327753037214279;-0,163228831843465;-0,168938270345659;-0,456411032135204
EBA;Temp;19;Current landscape;0,373697280883789;-0,161793752782113;-0,168836663406566;-0,495913415410467
EBA;Temp;19;Current landscape;0,426937580108643;-0,0678842553816814;-0,153835390759774;-0,431573493847839
EBA;Temp;19;Current landscape;0,474937751889229;-0,0971855440880063;-0,107492739111592;-0,340589744393601
EBA;Temp;19;Current landscape;0,52462363243103;-0,015391216039955;-0,0887228231707695;-0,297013593205055
EBA;Temp;19;Current landscape;0,573847949504852;-0,109210869275273;-0,0846575172246382;-0,29485348330342
EBA;Temp;19;Current landscape;0,625268042087555;-0,111934976114402;-0,0726645196615188;-0,366050848761208
EBA;Temp;19;Current landscape;0,67559403181076;-0,184360041810614;-0,185707843099685;-0,363418747672725
EBA;Temp;19;Current landscape;0,723503679037095;-0,207172637060566;-0,122312266015875;-0,211154098874911
EBA;Temp;19;Current landscape;0,770075798034668;-0,255980129930801;-0,155581860151749;-0,415232762161931
EBA;Temp;19;Current landscape;0,823687791824341;-0,26434148056385;-0,298108358958391;-0,414107050801412
EBA;Temp;19;Current landscape;0,875329971313477;-0,224337484477996;-0,0614213317602541;-0,250788167732843
EBA;Temp;19;Current landscape;0,930070877075195;-0,491469841930453;-0,311526139440005;-0,492480330665156
EBA;Temp;19;Current landscape;1;-0,950848502791203;-0,623175082386513;-0,649752318554597
EBA;Temp;20;Spatially adjusted;0,01;-0,624393802170363;-0,680275177807449;-0,712909874581964
EBA;Temp;20;Spatially adjusted;0,0302040816326531;-0,596990831291389;-0,653503145451431;-0,685081028219805
EBA;Temp;20;Spatially adjusted;0,0504081632653061;-0,569550952237815;-0,62670380634701;-0,657222936820869
EBA;Temp;20;Spatially adjusted;0,0706122448979592;-0,542037256835052;-0,599849853745788;-0,629306355348383
EBA;Temp;20;Spatially adjusted;0,0908163265306122;-0,514412836908498;-0,572913980899354;-0,601302038765567
EBA;Temp;20;Spatially adjusted;0,111020408163265;-0,486640784283548;-0,54586888105932;-0,573180742035643
EBA;Temp;20;Spatially adjusted;0,131224489795918;-0,458684190785618;-0,518687247477271;-0,544913220121838
EBA;Temp;20;Spatially adjusted;0,151428571428571;-0,430506148240102;-0,491341773404809;-0,516470227987373
EBA;Temp;20;Spatially adjusted;0,171632653061224;-0,402069748472407;-0,463805152093539;-0,487822520595472
EBA;Temp;20;Spatially adjusted;0,191836734693878;-0,373338083307939;-0,436050076795052;-0,458940852909358
EBA;Temp;20;Spatially adjusted;0,212040816326531;-0,344274244572095;-0,408049240760942;-0,429795979892258
EBA;Temp;20;Spatially adjusted;0,232244897959184;-0,314841324090274;-0,379775337242819;-0,400358656507393
EBA;Temp;20;Spatially adjusted;0,252448979591837;-0,285002413687888;-0,351201059492276;-0,37059963771798
EBA;Temp;20;Spatially adjusted;0,27265306122449;-0,254720605190339;-0,322299100760905;-0,340489678487256
EBA;Temp;20;Spatially adjusted;0,292857142857143;-0,223958990423021;-0,293042154300309;-0,309999533778434
EBA;Temp;20;Spatially adjusted;0,313061224489796;-0,192680661211348;-0,263402913362089;-0,279099958554745
EBA;Temp;20;Spatially adjusted;0,333265306122449;-0,160848709380719;-0,233354071197837;-0,247761707779404
EBA;Temp;20;Spatially adjusted;0,353469387755102;-0,12846151172727;-0,202894135358203;-0,215981041577226
EBA;Temp;20;Spatially adjusted;0,373673469387755;-0,0956585849301028;-0,172124870590039;-0,183856240719376
EBA;Temp;20;Spatially adjusted;0,393877551020408;-0,0626147306390443;-0,141173855939243;-0,151511091138595
EBA;Temp;20;Spatially adjusted;0,414081632653061;-0,029504750503925;-0,110168670451706;-0,119069378767634
EBA;Temp;20;Spatially adjusted;0,434285714285714;0,00349655382540703;-0,0792368931733343;-0,0866548895392398
EBA;Temp;20;Spatially adjusted;0,454489795918367;0,0362143806991355;-0,0485061031500216;-0,0543914093861666
EBA;Temp;20;Spatially adjusted;0,47469387755102;0,068473928467423;-0,0181038794276631;-0,0224027242411573
EBA;Temp;20;Spatially adjusted;0,494897959183674;0,100100395480425;0,0118421989478357;0,00918737996304131
EBA;Temp;20;Spatially adjusted;0,515102040816327;0,130918980088332;0,04120455293058;0,0402551172936754
EBA;Temp;20;Spatially adjusted;0,53530612244898;0,160754880641289;0,0698556034746751;0,0706767018179981
EBA;Temp;20;Spatially adjusted;0,555510204081633;0,189433295489476;0,0976677715342156;0,100328347603263
EBA;Temp;20;Spatially adjusted;0,575714285714286;0,216779422983063;0,124513478063314;0,129086268716723
EBA;Temp;20;Spatially adjusted;0,595918367346939;0,242618461472201;0,150265144016061;0,156826679225627
EBA;Temp;20;Spatially adjusted;0,616122448979592;0,266775609307068;0,174795190346558;0,18342579319723
EBA;Temp;20;Spatially adjusted;0,636326530612245;0,289076064837829;0,197976038008918;0,208759824698781
EBA;Temp;20;Spatially adjusted;0,656530612244898;0,309345026414658;0,219680107957238;0,232704987797529
EBA;Temp;20;Spatially adjusted;0,676734693877551;0,327407692387713;0,239779821145614;0,255137496560732
EBA;Temp;20;Spatially adjusted;0,696938775510204;0,343143197811862;0,258186902700452;0,275971242297228
EBA;Temp;20;Spatially adjusted;0,717142857142857;0,356646424560758;0,27497029443731;0,295270825282195
EBA;Temp;20;Spatially adjusted;0,73734693877551;0,368066191212751;0,290238242344067;0,3131385230324
EBA;Temp;20;Spatially adjusted;0,757551020408163;0,377551316346189;0,30409899240858;0,329676613064617
EBA;Temp;20;Spatially adjusted;0,777755102040816;0,385250618539427;0,316660790618712;0,344987372895613
EBA;Temp;20;Spatially adjusted;0,797959183673469;0,391312916370811;0,328031882962332;0,359173080042154
EBA;Temp;20;Spatially adjusted;0,818163265306122;0,395887028418692;0,338320515427302;0,372336012021012
EBA;Temp;20;Spatially adjusted;0,838367346938776;0,39912177326142;0,347634934001491;0,38457844634895
EBA;Temp;20;Spatially adjusted;0,858571428571429;0,401165969477354;0,356083384672761;0,396002660542742
EBA;Temp;20;Spatially adjusted;0,878775510204082;0,402168435644828;0,363774113428974;0,406710932119157
EBA;Temp;20;Spatially adjusted;0,898979591836735;0,402277990342206;0,370815366258;0,416805538594954
EBA;Temp;20;Spatially adjusted;0,919183673469388;0,40164345214783;0,377315389147704;0,426388757486915
EBA;Temp;20;Spatially adjusted;0,939387755102041;0,400413639640057;0,383382428085945;0,435562866311802
EBA;Temp;20;Spatially adjusted;0,959591836734694;0,398737371397228;0,389124729060594;0,444430142586377
EBA;Temp;20;Spatially adjusted;0,979795918367347;0,396763465997701;0,394650538059512;0,453092863827422
EBA;Temp;20;Spatially adjusted;1;0,394640742019821;0,400068101070566;0,4616533075517
EBA;Temp;20;Current landscape;0,0287241898477077;-0,316296037215206;-0,464506113806344;-0,758816440735199
EBA;Temp;20;Current landscape;0,0803417339920998;-0,391310569705141;-0,453936874574641;-0,744193010281485
EBA;Temp;20;Current landscape;0,126518428325653;-0,281592709785254;-0,331669548757702;-0,619738998950648
EBA;Temp;20;Current landscape;0,172480612993241;-0,363435812679196;-0,404389673405397;-0,657371543067903
EBA;Temp;20;Current landscape;0,226031348109245;-0,332460593278601;-0,341882087178181;-0,637127622166833
EBA;Temp;20;Current landscape;0,277740776538849;-0,402883031313174;-0,385098260101632;-0,66124768608185
EBA;Temp;20;Current landscape;0,325072795152664;-0,245059646729779;-0,29076549943812;-0,494054024579167
EBA;Temp;20;Current landscape;0,375150918960571;-0,178464274837712;-0,114632744760481;-0,349752373053317
EBA;Temp;20;Current landscape;0,427306026220322;-0,0830019132621516;-0,113149271400506;-0,306764874512822
EBA;Temp;20;Current landscape;0,474145084619522;-0,120618977845883;-0,195761581995157;-0,382814933134405
EBA;Temp;20;Current landscape;0,526128470897675;-0,223145330263467;-0,121442901321753;-0,345677688051758
EBA;Temp;20;Current landscape;0,573743045330048;-0,1644871579905;-0,0771130414369807;-0,303315640971451
EBA;Temp;20;Current landscape;0,622903287410736;-0,109574069462283;-0,0705255265846354;-0,413774842138846
EBA;Temp;20;Current landscape;0,673725694417954;-0,21472979621441;-0,15464826490966;-0,373075868190011
EBA;Temp;20;Current landscape;0,726629793643951;-0,311715605076493;-0,267901614030876;-0,387136591195738
EBA;Temp;20;Current landscape;0,77565062046051;-0,180263557957669;-0,175036560731968;-0,398786808367227
EBA;Temp;20;Current landscape;0,826126933097839;-0,289676950167557;-0,285923191608884;-0,406599086224787
EBA;Temp;20;Current landscape;0,876266181468964;-0,25645553366175;-0,246987620661635;-0,447259958339696
EBA;Temp;20;Current landscape;0,924439638853073;-0,322059763423329;-0,233502876067323;-0,434712990577527
EBA;Temp;20;Current landscape;1;-0,696597754891442;-0,583032733667846;-0,662033856117276
EBA;Temp;21;Spatially adjusted;0,01;-0,628198288672078;-0,660097128745115;-0,730017789391862
EBA;Temp;21;Spatially adjusted;0,0302040816326531;-0,599748368216524;-0,634474944308849;-0,70142627660406
EBA;Temp;21;Spatially adjusted;0,0504081632653061;-0,571270530080238;-0,608807502414731;-0,672808307565756
EBA;Temp;21;Spatially adjusted;0,0706122448979592;-0,542736856582486;-0,583049545604908;-0,644137426026465
EBA;Temp;21;Spatially adjusted;0,0908163265306122;-0,514119430042527;-0,557155816421528;-0,615387175735677
EBA;Temp;21;Spatially adjusted;0,111020408163265;-0,48539033277963;-0,531081057406745;-0,586531100442901
EBA;Temp;21;Spatially adjusted;0,131224489795918;-0,456521647113064;-0,504780011102699;-0,557542743897638
EBA;Temp;21;Spatially adjusted;0,151428571428571;-0,427485455362081;-0,47820742005154;-0,52839564984939
EBA;Temp;21;Spatially adjusted;0,171632653061224;-0,398253839845964;-0,451318026795416;-0,499063362047664
EBA;Temp;21;Spatially adjusted;0,191836734693878;-0,368798882883976;-0,424066573876477;-0,469519424241963
EBA;Temp;21;Spatially adjusted;0,212040816326531;-0,33909266679537;-0,396407803836876;-0,439737380181782
EBA;Temp;21;Spatially adjusted;0,232244897959184;-0,309107273899425;-0,368296459218747;-0,409690773616632
EBA;Temp;21;Spatially adjusted;0,252448979591837;-0,278814786515394;-0,339687282564249;-0,379353148296008
EBA;Temp;21;Spatially adjusted;0,27265306122449;-0,248187286962555;-0,310535016415528;-0,348698047969421
EBA;Temp;21;Spatially adjusted;0,292857142857143;-0,217196857560168;-0,280794403314729;-0,317699016386367
EBA;Temp;21;Spatially adjusted;0,313061224489796;-0,185815580627491;-0,250420185804007;-0,286329597296351
EBA;Temp;21;Spatially adjusted;0,333265306122449;-0,154015538483801;-0,219367106425498;-0,254563334448878
EBA;Temp;21;Spatially adjusted;0,353469387755102;-0,121798040358811;-0,187627090289052;-0,222397653811949
EBA;Temp;21;Spatially adjusted;0,373673469387755;-0,0892813031240358;-0,155340792775245;-0,189925510227592
EBA;Temp;21;Spatially adjusted;0,393877551020408;-0,0566127705614399;-0,122686051832364;-0,157263740756328
EBA;Temp;21;Spatially adjusted;0,414081632653061;-0,0239398864529825;-0,0898407054086796;-0,124529182458677
EBA;Temp;21;Spatially adjusted;0,434285714285714;0,00858990541935967;-0,0569825914524706;-0,0918386723951699
EBA;Temp;21;Spatially adjusted;0,454489795918367;0,0408291612736313;-0,0242895479120122;-0,0593090476263249
EBA;Temp;21;Spatially adjusted;0,47469387755102;0,0726304373278666;0,0080605872644135;-0,0270571452126731
EBA;Temp;21;Spatially adjusted;0,494897959183674;0,103846289800092;0,039889976128535;0,00480019778526852
EBA;Temp;21;Spatially adjusted;0,515102040816327;0,134329274908346;0,0710207807320806;0,0361461443069686
EBA;Temp;21;Spatially adjusted;0,53530612244898;0,163931948870669;0,101275163126761;0,0668638572919065
EBA;Temp;21;Spatially adjusted;0,555510204081633;0,192506867905085;0,130475285364309;0,0968364996795614
EBA;Temp;21;Spatially adjusted;0,575714285714286;0,219906588229637;0,158443309496441;0,125947234409406
EBA;Temp;21;Spatially adjusted;0,595918367346939;0,245983666062362;0,185001397574887;0,154079224420915
EBA;Temp;21;Spatially adjusted;0,616122448979592;0,270590657621288;0,209971711651363;0,181115632653565
EBA;Temp;21;Spatially adjusted;0,636326530612245;0,293580119124453;0,233176413777603;0,206939622046828
EBA;Temp;21;Spatially adjusted;0,656530612244898;0,314804606789888;0,254437666005316;0,231434355540188
EBA;Temp;21;Spatially adjusted;0,676734693877551;0,334116676835635;0,273577630386239;0,254482996073115
EBA;Temp;21;Spatially adjusted;0,696938775510204;0,351414916332985;0,290472057857162;0,276004459949554
EBA;Temp;21;Spatially adjusted;0,717142857142857;0,366782035766281;0,305211054895207;0,296060676931347
EBA;Temp;21;Spatially adjusted;0,73734693877551;0,380346776473129;0,317938316862563;0,31474933014481
EBA;Temp;21;Spatially adjusted;0,757551020408163;0,392237879791121;0,328797539121425;0,332168102716242
EBA;Temp;21;Spatially adjusted;0,777755102040816;0,402584087057882;0,337932417033979;0,348414677771952
EBA;Temp;21;Spatially adjusted;0,797959183673469;0,411514139610997;0,345486645962421;0,363586738438261
EBA;Temp;21;Spatially adjusted;0,818163265306122;0,419156778788079;0,351603921268939;0,377781967841472
EBA;Temp;21;Spatially adjusted;0,838367346938776;0,425640745926724;0,356427938315733;0,391098049107896
EBA;Temp;21;Spatially adjusted;0,858571428571429;0,431094782364546;0,360102392464988;0,403632665363837
EBA;Temp;21;Spatially adjusted;0,878775510204082;0,435647629439135;0,362770979078899;0,415483499735615
EBA;Temp;21;Spatially adjusted;0,898979591836735;0,439428028488109;0,36457739351966;0,426748235349532
EBA;Temp;21;Spatially adjusted;0,919183673469388;0,442564720849063;0,365665331149458;0,437524555331901
EBA;Temp;21;Spatially adjusted;0,939387755102041;0,445186447859605;0,36617848733049;0,447910142809029
EBA;Temp;21;Spatially adjusted;0,959591836734694;0,447421950857333;0,366260557424944;0,458002680907232
EBA;Temp;21;Spatially adjusted;0,979795918367347;0,449399971179851;0,366055236795013;0,467899852752812
EBA;Temp;21;Spatially adjusted;1;0,451249250164775;0,365706220802892;0,477699341472082
EBA;Temp;21;Current landscape;0,0267463121563196;-0,419346840725783;-0,410907431446528;-0,686945695208312
EBA;Temp;21;Current landscape;0,0781431794166565;-0,318356921427711;-0,394157392111321;-0,763236529031218
EBA;Temp;21;Current landscape;0,125872269272804;-0,399026642496395;-0,426223005447543;-0,805109589429815
EBA;Temp;21;Current landscape;0,177899867296219;-0,258180046769727;-0,340194270232949;-0,624492112259972
EBA;Temp;21;Current landscape;0,226072132587433;-0,189441441001581;-0,28548400062818;-0,520241730268481
EBA;Temp;21;Current landscape;0,273278266191483;-0,328201730837499;-0,325136434644929;-0,601402210362899
EBA;Temp;21;Current landscape;0,324859410524368;-0,156369819914076;-0,191650201012397;-0,431206105176418
EBA;Temp;21;Current landscape;0,374612540006638;-0,145465227146541;-0,160893263985713;-0,41231861601247
EBA;Temp;21;Current landscape;0,425051033496857;-0,0769189182246244;-0,0996199734515102;-0,330965404920356
EBA;Temp;21;Current landscape;0,475900739431381;-0,161190058417173;-0,145023064076906;-0,382513042650672
EBA;Temp;21;Current landscape;0,524706780910492;-0,148697347691478;-0,192519117883847;-0,405603394497927
EBA;Temp;21;Current landscape;0,573568224906921;-0,128954494991721;-0,0859886816039861;-0,375419035693817
EBA;Temp;21;Current landscape;0,623729825019836;-0,187632616370639;-0,144828834959785;-0,39985389043721
EBA;Temp;21;Current landscape;0,672400116920471;-0,24000564236859;-0,158668838193218;-0,40213577618243
EBA;Temp;21;Current landscape;0,725467562675476;-0,221262353964864;-0,205049543845494;-0,359327927663461
EBA;Temp;21;Current landscape;0,776913583278656;-0,345308821760618;-0,245051382282114;-0,44411148046435
EBA;Temp;21;Current landscape;0,825665891170502;-0,337107798291303;-0,225767826034662;-0,459338725419933
EBA;Temp;21;Current landscape;0,876782298088074;-0,283059428124577;-0,251509566132995;-0,288924536064119
EBA;Temp;21;Current landscape;0,925835311412811;-0,432026281642695;-0,347198755362911;-0,516795789975692
EBA;Temp;21;Current landscape;1;-0,752176910227675;-0,598455988428707;-0,666294717079719
EBA;Temp;22;Spatially adjusted;0,01;-0,603363215426768;-0,669369797688038;-0,720485881544267
EBA;Temp;22;Spatially adjusted;0,0302040816326531;-0,574523351059717;-0,642667422169428;-0,691723424306371
EBA;Temp;22;Spatially adjusted;0,0504081632653061;-0,545676323929886;-0,615933634376699;-0,662937277641756
EBA;Temp;22;Spatially adjusted;0,0706122448979592;-0,516814971274503;-0,589137022035743;-0,634103752123707
EBA;Temp;22;Spatially adjusted;0,0908163265306122;-0,487932130330801;-0,562246172872431;-0,605199158325497
EBA;Temp;22;Spatially adjusted;0,111020408163265;-0,459020638335989;-0,535229674612655;-0,576199806820416
EBA;Temp;22;Spatially adjusted;0,131224489795918;-0,430073332527297;-0,508056114982296;-0,547082008181743
EBA;Temp;22;Spatially adjusted;0,151428571428571;-0,401083050141956;-0,480694081707231;-0,51782207298276
EBA;Temp;22;Spatially adjusted;0,171632653061224;-0,372042628417184;-0,453112162513353;-0,488396311796745
EBA;Temp;22;Spatially adjusted;0,191836734693878;-0,342944904590205;-0,425278945126539;-0,458781035196985
EBA;Temp;22;Spatially adjusted;0,212040816326531;-0,313782715898249;-0,397163017272675;-0,428952553756758
EBA;Temp;22;Spatially adjusted;0,232244897959184;-0,284548899578525;-0,368732966677644;-0,398887178049346
EBA;Temp;22;Spatially adjusted;0,252448979591837;-0,255236292868279;-0,339957381067332;-0,368561218648033
EBA;Temp;22;Spatially adjusted;0,27265306122449;-0,225837733004724;-0,310804848167617;-0,337950986126099
EBA;Temp;22;Spatially adjusted;0,292857142857143;-0,196346057225085;-0,281243955704383;-0,30703279105682
EBA;Temp;22;Spatially adjusted;0,313061224489796;-0,166754102766582;-0,251243291403515;-0,275782944013482
EBA;Temp;22;Spatially adjusted;0,333265306122449;-0,137054706866444;-0,220771442990895;-0,244177755569375
EBA;Temp;22;Spatially adjusted;0,353469387755102;-0,10725784399018;-0,189826815924061;-0,212217963646719
EBA;Temp;22;Spatially adjusted;0,373673469387755;-0,0774420375164162;-0,158527086587149;-0,180002015563566
EBA;Temp;22;Spatially adjusted;0,393877551020408;-0,0477029480520521;-0,127019749095943;-0,14765278598691
EBA;Temp;22;Spatially adjusted;0,414081632653061;-0,0181362362040041;-0,09545229756624;-0,115293149583753
EBA;Temp;22;Spatially adjusted;0,434285714285714;0,0111624374208219;-0,0639722261138296;-0,0830459810210904
EBA;Temp;22;Spatially adjusted;0,454489795918367;0,0400974122155127;-0,0327270288544987;-0,0510341549659152
EBA;Temp;22;Spatially adjusted;0,47469387755102;0,0685730275731658;-0,00186419990403408;-0,0193805460852303
EBA;Temp;22;Spatially adjusted;0,494897959183674;0,096493622886868;0,0284687666217707;0,011791970953972
EBA;Temp;22;Spatially adjusted;0,515102040816327;0,12376353754971;0,0581243766071253;0,0423605214846887
EBA;Temp;22;Spatially adjusted;0,53530612244898;0,150287110954789;0,0869551359362433;0,0722022308399275
EBA;Temp;22;Spatially adjusted;0,555510204081633;0,175968682495192;0,114813550493334;0,101194224352689
EBA;Temp;22;Spatially adjusted;0,575714285714286;0,200712591564017;0,141552126162608;0,129213627355981
EBA;Temp;22;Spatially adjusted;0,595918367346939;0,224423177554343;0,167023368828279;0,156137565182799
EBA;Temp;22;Spatially adjusted;0,616122448979592;0,247004779859271;0,191079784374551;0,18184316316615
EBA;Temp;22;Spatially adjusted;0,636326530612245;0,268361737871892;0,21357387868564;0,206207546639032
EBA;Temp;22;Spatially adjusted;0,656530612244898;0,288398390985293;0,234358157645751;0,229107840934454
EBA;Temp;22;Spatially adjusted;0,676734693877551;0,307019078592568;0,253285127139097;0,250421171385415
EBA;Temp;22;Spatially adjusted;0,696938775510204;0,324159829626637;0,270252758773175;0,270062953253913
EBA;Temp;22;Spatially adjusted;0,717142857142857;0,339883431179739;0,285340887048612;0,288101761517922
EBA;Temp;22;Spatially adjusted;0,73734693877551;0,354284359883931;0,298674812189311;0,304644461084404
EBA;Temp;22;Spatially adjusted;0,757551020408163;0,367457092371286;0,310379834419184;0,319797916860328
EBA;Temp;22;Spatially adjusted;0,777755102040816;0,379496105273866;0,320581253962146;0,33366899375266
EBA;Temp;22;Spatially adjusted;0,797959183673469;0,390495875223731;0,329404371042095;0,346364556668366
EBA;Temp;22;Spatially adjusted;0,818163265306122;0,400550878852947;0,336974485882955;0,357991470514406
EBA;Temp;22;Spatially adjusted;0,838367346938776;0,409755592793587;0,343416898708625;0,368656600197756
EBA;Temp;22;Spatially adjusted;0,858571428571429;0,418204493677706;0,34885690974302;0,378466810625376
EBA;Temp;22;Spatially adjusted;0,878775510204082;0,425992058137375;0,353419819210046;0,387528966704235
EBA;Temp;22;Spatially adjusted;0,898979591836735;0,433212762804651;0,357230927333614;0,395949933341296
EBA;Temp;22;Spatially adjusted;0,919183673469388;0,439961084311616;0,360415534337637;0,403836575443528
EBA;Temp;22;Spatially adjusted;0,939387755102041;0,446331499290313;0,363098940446022;0,411295757917898
EBA;Temp;22;Spatially adjusted;0,959591836734694;0,452418484372814;0,365406445882673;0,418434345671365
EBA;Temp;22;Spatially adjusted;0,979795918367347;0,458316516191189;0,367463350871507;0,425359203610903
EBA;Temp;22;Spatially adjusted;1;0,464120071377494;0,369394955636434;0,432177196643472
EBA;Temp;22;Current landscape;0,0254413280636072;-0,302516879213165;-0,353428905403614;-0,694622791660002
EBA;Temp;22;Current landscape;0,0752500221133232;-0,354925890870192;-0,405274945835636;-0,761868554901785
EBA;Temp;22;Current landscape;0,124060615897179;-0,0669928322441891;-0,104761956025484;-0,361838912109942
EBA;Temp;22;Current landscape;0,174942493438721;-0,221605959086546;-0,320198753954028;-0,624887038387101
EBA;Temp;22;Current landscape;0,225081264972687;-0,226079383166947;-0,314868006204506;-0,554978408510337
EBA;Temp;22;Current landscape;0,275497436523438;-0,249665493686795;-0,276560203500129;-0,552113555715415
EBA;Temp;22;Current landscape;0,325762957334518;-0,161749922968134;-0,287093348150737;-0,51200488576454
EBA;Temp;22;Current landscape;0,37394118309021;-0,189684007619945;-0,200718416289213;-0,430976926155125
EBA;Temp;22;Current landscape;0,425217568874359;-0,124422274285919;-0,233473940260414;-0,413645293170337
EBA;Temp;22;Current landscape;0,477739721536636;-0,171351446145636;-0,137720249648069;-0,306180807948746
EBA;Temp;22;Current landscape;0,52487987279892;-0,171467250630091;-0,149179861427019;-0,393787154733584
EBA;Temp;22;Current landscape;0,572805404663086;-0,188669087493899;-0,136605010162242;-0,367270679236
EBA;Temp;22;Current landscape;0,625412940979004;-0,165254634428312;-0,189954131884509;-0,456805919907101
EBA;Temp;22;Current landscape;0,676161110401154;-0,174260741211654;-0,215709853889024;-0,369907371187534
EBA;Temp;22;Current landscape;0,728710919618607;-0,297431042577792;-0,228034960396595;-0,276797458493789
EBA;Temp;22;Current landscape;0,775084912776947;-0,27514704897148;-0,225489712470036;-0,42921593819678
EBA;Temp;22;Current landscape;0,821926563978195;-0,359902121313525;-0,220257582476975;-0,452233183022159
EBA;Temp;22;Current landscape;0,874671518802643;-0,349295895879735;-0,336461193183464;-0,440407241094686
EBA;Temp;22;Current landscape;0,924674183130264;-0,333473635948021;-0,192777246136036;-0,381990263742907
EBA;Temp;22;Current landscape;1;-0,746020971497551;-0,640660125047823;-0,806591678230586
EBA;Temp;23;Spatially adjusted;0,01;-0,553837232311373;-0,64023376825368;-0,718251726717611
EBA;Temp;23;Spatially adjusted;0,0302040816326531;-0,528274686996028;-0,614373460499209;-0,688368286437676
EBA;Temp;23;Spatially adjusted;0,0504081632653061;-0,502687985002147;-0,588487957456849;-0,658474528780758
EBA;Temp;23;Spatially adjusted;0,0706122448979592;-0,477052969651222;-0,562552063838702;-0,62856013636987
EBA;Temp;23;Spatially adjusted;0,0908163265306122;-0,451345484264706;-0,536540584356875;-0,598614791828041
EBA;Temp;23;Spatially adjusted;0,111020408163265;-0,425541372164084;-0,510428323723478;-0,568628177778276
EBA;Temp;23;Spatially adjusted;0,131224489795918;-0,399616476670815;-0,484190086650621;-0,5385899768436
EBA;Temp;23;Spatially adjusted;0,151428571428571;-0,373546641106387;-0,457800677850411;-0,508489871647026
EBA;Temp;23;Spatially adjusted;0,171632653061224;-0,347307708792261;-0,431234902034948;-0,478317544811574
EBA;Temp;23;Spatially adjusted;0,191836734693878;-0,32087552304991;-0,404467563916349;-0,448062678960255
EBA;Temp;23;Spatially adjusted;0,212040816326531;-0,294225927200813;-0,377473468206716;-0,417714956716093
EBA;Temp;23;Spatially adjusted;0,232244897959184;-0,267334764566435;-0,350227419618161;-0,387264060702105
EBA;Temp;23;Spatially adjusted;0,252448979591837;-0,240177878468252;-0,322704222862782;-0,356699673541304
EBA;Temp;23;Spatially adjusted;0,27265306122449;-0,212731112227733;-0,294878682652698;-0,32601147785671
EBA;Temp;23;Spatially adjusted;0,292857142857143;-0,184970309166353;-0,266725603700007;-0,295189156271341
EBA;Temp;23;Spatially adjusted;0,313061224489796;-0,156871312605592;-0,238219790716823;-0,264222391408207
EBA;Temp;23;Spatially adjusted;0,333265306122449;-0,128409965866911;-0,209336048415253;-0,233100865890339
EBA;Temp;23;Spatially adjusted;0,353469387755102;-0,0995872769292809;-0,180074980526697;-0,201833134812023
EBA;Temp;23;Spatially adjusted;0,373673469387755;-0,0705049124016952;-0,15054038685976;-0,170503243152695
EBA;Temp;23;Spatially adjusted;0,393877551020408;-0,0412897035506425;-0,120861866242326;-0,139214108363074
EBA;Temp;23;Spatially adjusted;0,414081632653061;-0,0120684816426078;-0,0911690175023061;-0,10806864789387
EBA;Temp;23;Spatially adjusted;0,434285714285714;0,0170319220559101;-0,0615914394675841;-0,0771697791957919
EBA;Temp;23;Spatially adjusted;0,454489795918367;0,0458846762784333;-0,0322587309660527;-0,046620419719563
EBA;Temp;23;Spatially adjusted;0,47469387755102;0,0743629497584735;-0,00330049082561956;-0,0165234869158901
EBA;Temp;23;Spatially adjusted;0,494897959183674;0,102339911229539;0,0251536821258327;0,0130181017645121
EBA;Temp;23;Spatially adjusted;0,515102040816327;0,129688729425141;0,0529741890604036;0,0419014288709292
EBA;Temp;23;Spatially adjusted;0,53530612244898;0,156282573078791;0,0800314311501928;0,0700235769526465
EBA;Temp;23;Spatially adjusted;0,555510204081633;0,181994610924008;0,106195809567314;0,0972816285589495
EBA;Temp;23;Spatially adjusted;0,575714285714286;0,206698011694289;0,131337725483871;0,123572666239131
EBA;Temp;23;Spatially adjusted;0,595918367346939;0,230265944123158;0,155327580071958;0,148793772542469
EBA;Temp;23;Spatially adjusted;0,616122448979592;0,252571576944117;0,178035774503691;0,172842030018249
EBA;Temp;23;Spatially adjusted;0,636326530612245;0,273488078890694;0,199332709951175;0,195614521215763
EBA;Temp;23;Spatially adjusted;0,656530612244898;0,292888618696377;0,219088787586507;0,217008328684297
EBA;Temp;23;Spatially adjusted;0,676734693877551;0,310646365094701;0,237174408581797;0,236920534973134
EBA;Temp;23;Spatially adjusted;0,696938775510204;0,32667405895393;0,253500324491586;0,255281880942412
EBA;Temp;23;Spatially adjusted;0,717142857142857;0,341042729681416;0,268138688400189;0,272157740695683
EBA;Temp;23;Spatially adjusted;0,73734693877551;0,353862978819272;0,281202003774339;0,287647146647345
EBA;Temp;23;Spatially adjusted;0,757551020408163;0,365245407909622;0,292802774080794;0,301849131211799
EBA;Temp;23;Spatially adjusted;0,777755102040816;0,375300618494581;0,303053502786295;0,314862726803447
EBA;Temp;23;Spatially adjusted;0,797959183673469;0,384139212116256;0,312066693357586;0,326786965836689
EBA;Temp;23;Spatially adjusted;0,818163265306122;0,391871790316774;0,319954849261418;0,337720880725922
EBA;Temp;23;Spatially adjusted;0,838367346938776;0,398608954638245;0,326830473964534;0,347763503885552
EBA;Temp;23;Spatially adjusted;0,858571428571429;0,404461306622785;0,332806070933682;0,357013867729975
EBA;Temp;23;Spatially adjusted;0,878775510204082;0,409539447812517;0,337994143635601;0,365571004673598
EBA;Temp;23;Spatially adjusted;0,898979591836735;0,413953979749547;0,342507195537053;0,373533947130813
EBA;Temp;23;Spatially adjusted;0,919183673469388;0,417815503975998;0,346457730104767;0,381001727516029
EBA;Temp;23;Spatially adjusted;0,939387755102041;0,421234622033985;0,3499582508055;0,388073378243639
EBA;Temp;23;Spatially adjusted;0,959591836734694;0,424321935465624;0,353121261105994;0,394847931728052
EBA;Temp;23;Spatially adjusted;0,979795918367347;0,427188045813029;0,356059264472989;0,401424420383659
EBA;Temp;23;Spatially adjusted;1;0,429943554618315;0,358884764373244;0,407901876624869
EBA;Temp;23;Current landscape;0,0264622028917074;-0,265883955628208;-0,34080052641934;-0,676130681757702
EBA;Temp;23;Current landscape;0,0798729807138443;-0,261864589400712;-0,401971802573399;-0,742347584512014
EBA;Temp;23;Current landscape;0,126686334609986;-0,220082381541502;-0,299663759903481;-0,641717110618028
EBA;Temp;23;Current landscape;0,173475384712219;-0,385698358164596;-0,401723733319272;-0,678284597748302
EBA;Temp;23;Current landscape;0,226472236216069;-0,298771438987192;-0,329664717399393;-0,53808563124959
EBA;Temp;23;Current landscape;0,271185666322708;-0,334918474916623;-0,358091358945998;-0,541451592283742
EBA;Temp;23;Current landscape;0,326768845319748;-0,123229984717177;-0,175578215143588;-0,439035885481413
EBA;Temp;23;Current landscape;0,374418467283249;-0,231886936448959;-0,25918102695082;-0,478837729502747
EBA;Temp;23;Current landscape;0,426078677177429;-0,189432103537303;-0,257990833002197;-0,475227703659385
EBA;Temp;23;Current landscape;0,475961744785309;-0,0724476858158596;-0,177633860385647;-0,426168138031752
EBA;Temp;23;Current landscape;0,524406433105469;-0,119985071736998;-0,125193697538954;-0,406298649881943
EBA;Temp;23;Current landscape;0,574164181947709;-0,107726378089129;-0,0176108450281696;-0,319862525410514
EBA;Temp;23;Current landscape;0,623563319444657;-0,218270181644868;-0,209376426045079;-0,35769725556565
EBA;Temp;23;Current landscape;0,674091219902039;-0,278993947082061;-0,278916295825422;-0,389951435979803
EBA;Temp;23;Current landscape;0,72742486000061;-0,318613300068815;-0,321637520212786;-0,47855653939083
EBA;Temp;23;Current landscape;0,771460890769958;-0,200671018697197;-0,223256147861175;-0,417525332773486
EBA;Temp;23;Current landscape;0,825849056243896;-0,194677277360807;-0,0334254708201591;-0,258513638496272
EBA;Temp;23;Current landscape;0,876477122306824;-0,292368444932205;-0,217127004863169;-0,323350744779233
EBA;Temp;23;Current landscape;0,925854861736298;-0,303977419129772;-0,198084784291357;-0,459467787716783
EBA;Temp;23;Current landscape;1;-0,712490617866401;-0,542876720082422;-0,61279021478072
EBA;Temp;24;Spatially adjusted;0,01;-0,648287446311546;-0,712303657955264;-0,775248800632134
EBA;Temp;24;Spatially adjusted;0,0302040816326531;-0,617044564285752;-0,680690578793247;-0,739387365506243
EBA;Temp;24;Spatially adjusted;0,0504081632653061;-0,585804752976525;-0,649082264177476;-0,703558251886246
EBA;Temp;24;Spatially adjusted;0,0706122448979592;-0,554571083100434;-0,61748347865419;-0,667793781278036
EBA;Temp;24;Spatially adjusted;0,0908163265306122;-0,52334662537405;-0,585898986769642;-0,632126275187503
EBA;Temp;24;Spatially adjusted;0,111020408163265;-0,492134450513941;-0,55433355307007;-0,596588055120552
EBA;Temp;24;Spatially adjusted;0,131224489795918;-0,460937629236671;-0,522791942101723;-0,561211442583065
EBA;Temp;24;Spatially adjusted;0,151428571428571;-0,429759232258814;-0,491278918410846;-0,526028759080944
EBA;Temp;24;Spatially adjusted;0,171632653061224;-0,398602330296935;-0,459799246543678;-0,491072326120079
EBA;Temp;24;Spatially adjusted;0,191836734693878;-0,367469994067601;-0,428357691046472;-0,456374465206359
EBA;Temp;24;Spatially adjusted;0,212040816326531;-0,336365294287386;-0,396959016465466;-0,421967497845685
EBA;Temp;24;Spatially adjusted;0,232244897959184;-0,30529130167286;-0,365607987346905;-0,387883745543952
EBA;Temp;24;Spatially adjusted;0,252448979591837;-0,274251086940581;-0,334309368237037;-0,354155529807048
EBA;Temp;24;Spatially adjusted;0,27265306122449;-0,243247720807126;-0,303067923682104;-0,320815172140872
EBA;Temp;24;Spatially adjusted;0,292857142857143;-0,212284273989063;-0,271888418228354;-0,28789499405131
EBA;Temp;24;Spatially adjusted;0,313061224489796;-0,18136381720295;-0,240775616422031;-0,255427317044262
EBA;Temp;24;Spatially adjusted;0,333265306122449;-0,150489421165378;-0,209734282809375;-0,223444462625622
EBA;Temp;24;Spatially adjusted;0,353469387755102;-0,119678290894392;-0,178782514501322;-0,191976967534675
EBA;Temp;24;Spatially adjusted;0,373673469387755;-0,089004168614089;-0,147991738867535;-0,161048229444294
EBA;Temp;24;Spatially adjusted;0,393877551020408;-0,0585549308500646;-0,117446715842366;-0,130679861260745
EBA;Temp;24;Spatially adjusted;0,414081632653061;-0,028418454127884;-0,0872322053601664;-0,100893475890295
EBA;Temp;24;Spatially adjusted;0,434285714285714;0,00131738502685153;-0,0574329673552896;-0,0717106862392107
EBA;Temp;24;Spatially adjusted;0,454489795918367;0,0305647100885658;-0,028133761762092;-0,0431531052137508
EBA;Temp;24;Spatially adjusted;0,47469387755102;0,0592356445316575;0,000580651485080352;-0,0152423457201891
EBA;Temp;24;Spatially adjusted;0,494897959183674;0,0872423118305576;0,0286255124518746;0,0119999793352079
EBA;Temp;24;Spatially adjusted;0,515102040816327;0,114496835459669;0,0559160612039378;0,0385522570461809
EBA;Temp;24;Spatially adjusted;0,53530612244898;0,140911338893407;0,0823675378069169;0,0643928745064599
EBA;Temp;24;Spatially adjusted;0,555510204081633;0,166397945606189;0,107895182326462;0,0895002188097784
EBA;Temp;24;Spatially adjusted;0,575714285714286;0,190868779072421;0,132414234828225;0,113852677049874
EBA;Temp;24;Spatially adjusted;0,595918367346939;0,214235962766526;0,155839935377845;0,137428636320479
EBA;Temp;24;Spatially adjusted;0,616122448979592;0,236411620162915;0,178087524040972;0,160206483715324
EBA;Temp;24;Spatially adjusted;0,636326530612245;0,257307874735997;0,199072240883261;0,182164606328143
EBA;Temp;24;Spatially adjusted;0,656530612244898;0,276836849960191;0,218709325970355;0,203281391252677
EBA;Temp;24;Spatially adjusted;0,676734693877551;0,294910669309903;0,236914019367898;0,223535225582658
EBA;Temp;24;Spatially adjusted;0,696938775510204;0,31147217560132;0,25363149146002;0,242917312765993
EBA;Temp;24;Spatially adjusted;0,717142857142857;0,326587089017686;0,268926633904737;0,261470121667308
EBA;Temp;24;Spatially adjusted;0,73734693877551;0,340351849083987;0,282894268678547;0,279248937505407
EBA;Temp;24;Spatially adjusted;0,757551020408163;0,352862895325242;0,295629217757927;0,296309045499086
EBA;Temp;24;Spatially adjusted;0,777755102040816;0,364216667266454;0,307226303119396;0,312705730867155
EBA;Temp;24;Spatially adjusted;0,797959183673469;0,374509604432614;0,317780346739429;0,328494278828405
EBA;Temp;24;Spatially adjusted;0,818163265306122;0,383838146348737;0,327386170594526;0,343729974601644
EBA;Temp;24;Spatially adjusted;0,838367346938776;0,392298732539828;0,336138596661179;0,358468103405667
EBA;Temp;24;Spatially adjusted;0,858571428571429;0,399987802530884;0,344132446915886;0,372763950459284
EBA;Temp;24;Spatially adjusted;0,878775510204082;0,407001795846913;0,351462543335135;0,386672800981287
EBA;Temp;24;Spatially adjusted;0,898979591836735;0,413437152012918;0,358223707895423;0,400249940190488
EBA;Temp;24;Spatially adjusted;0,919183673469388;0,419390310553908;0,364510762573243;0,413550653305684
EBA;Temp;24;Spatially adjusted;0,939387755102041;0,424957710994878;0,370418529345088;0,426630225545669
EBA;Temp;24;Spatially adjusted;0,959591836734694;0,430235792860842;0,376041830187454;0,439543942129252
EBA;Temp;24;Spatially adjusted;0,979795918367347;0,43532099567679;0,38147548707683;0,452347088275236
EBA;Temp;24;Spatially adjusted;1;0,440309758967736;0,386814321989711;0,465094949202413
EBA;Temp;24;Current landscape;0,0264759249985218;-0,493654422222569;-0,56393781211154;-0,858502901685366
EBA;Temp;24;Current landscape;0,0757062435150146;-0,406497476810024;-0,478641660860408;-0,747994698849979
EBA;Temp;24;Current landscape;0,126770675182343;-0,344944949206361;-0,415556800003397;-0,737764337661719
EBA;Temp;24;Current landscape;0,175407513976097;-0,211553804551393;-0,192382672025214;-0,552499627653408
EBA;Temp;24;Current landscape;0,223816767334938;-0,20227229771502;-0,248816132100973;-0,575611867031967
EBA;Temp;24;Current landscape;0,274674713611603;-0,226773227254757;-0,236595551599677;-0,445195422067854
EBA;Temp;24;Current landscape;0,328312993049622;-0,181391683644158;-0,192608946919599;-0,345837309138112
EBA;Temp;24;Current landscape;0,374858021736145;-0,151749729198666;-0,162698502201089;-0,394823509298355
EBA;Temp;24;Current landscape;0,427006810903549;-0,0950005434444101;-0,0890843106177677;-0,338181979606144
EBA;Temp;24;Current landscape;0,475394517183304;-0,20827115343549;-0,195516329943558;-0,406113276037175
EBA;Temp;24;Current landscape;0,522659063339233;-0,133258528622701;-0,118120909922325;-0,27787226924033
EBA;Temp;24;Current landscape;0,573660254478455;-0,240893860096364;-0,187385668458425;-0,362116204969858
EBA;Temp;24;Current landscape;0,624989360570908;-0,255000663856229;-0,215131919850634;-0,435734945728445
EBA;Temp;24;Current landscape;0,673746556043624;-0,105448143084502;-0,137337118398698;-0,357212270017516
EBA;Temp;24;Current landscape;0,721926420927048;-0,200575363820782;-0,148904624088587;-0,26400482140787
EBA;Temp;24;Current landscape;0,773944079875946;-0,31206894922019;-0,319754801880922;-0,486694413385013
EBA;Temp;24;Current landscape;0,824547111988068;-0,411636512274537;-0,230303452817104;-0,489316943635171
EBA;Temp;24;Current landscape;0,87431001663208;-0,337196628270217;-0,297652178535589;-0,412250309604008
EBA;Temp;24;Current landscape;0,923410892486572;-0,334158551252735;-0,143826813616474;-0,427930542126564
EBA;Temp;24;Current landscape;1;-0,742080888883596;-0,627653878263391;-0,605970667204161
EBA;Temp;25;Spatially adjusted;0,01;-0,568804198194531;-0,623056354033324;-0,666997982796616
EBA;Temp;25;Spatially adjusted;0,0302040816326531;-0,542766768861661;-0,600677518377307;-0,642045671231312
EBA;Temp;25;Spatially adjusted;0,0504081632653061;-0,516706475375411;-0,578248767608439;-0,617048393434363
EBA;Temp;25;Spatially adjusted;0,0706122448979592;-0,490600453582399;-0,555720186613868;-0,591961183174135
EBA;Temp;25;Spatially adjusted;0,0908163265306122;-0,46442583932923;-0,533041860280751;-0,56673907421899
EBA;Temp;25;Spatially adjusted;0,111020408163265;-0,438159768462537;-0,510163873496229;-0,541337100337284
EBA;Temp;25;Spatially adjusted;0,131224489795918;-0,411779376828932;-0,487036311147453;-0,515710295297378
EBA;Temp;25;Spatially adjusted;0,151428571428571;-0,385261800275035;-0,463609258121576;-0,489813692867632
EBA;Temp;25;Spatially adjusted;0,171632653061224;-0,358584174647461;-0,439832799305744;-0,463602326816407
EBA;Temp;25;Spatially adjusted;0,191836734693878;-0,331723635792827;-0,415657019587112;-0,437031230912062
EBA;Temp;25;Spatially adjusted;0,212040816326531;-0,304657319557748;-0,391032003852825;-0,41005543892296
EBA;Temp;25;Spatially adjusted;0,232244897959184;-0,277362361788846;-0,365907836990029;-0,382629984617459
EBA;Temp;25;Spatially adjusted;0,252448979591837;-0,249815898332738;-0,340234603885882;-0,354709901763915
EBA;Temp;25;Spatially adjusted;0,27265306122449;-0,221995065036044;-0,31396238942753;-0,326250224130693
EBA;Temp;25;Spatially adjusted;0,292857142857143;-0,193876997745381;-0,287041278502119;-0,297205985486151
EBA;Temp;25;Spatially adjusted;0,313061224489796;-0,165438832307359;-0,259421355996803;-0,26753221959865
EBA;Temp;25;Spatially adjusted;0,333265306122449;-0,136657704568599;-0,231052706798732;-0,237183960236553
EBA;Temp;25;Spatially adjusted;0,353469387755102;-0,107535350040465;-0,201921361599428;-0,206149785200402
EBA;Temp;25;Spatially adjusted;0,373673469387755;-0,0781719028932457;-0,172157134307941;-0,174552448419504
EBA;Temp;25;Spatially adjusted;0,393877551020408;-0,0486920969619966;-0,141925784637685;-0,142548247855348
EBA;Temp;25;Spatially adjusted;0,414081632653061;-0,019220666081754;-0,111393072302082;-0,11029348146943
EBA;Temp;25;Spatially adjusted;0,434285714285714;0,0101176559124454;-0,0807247570145542;-0,0779444472232349
EBA;Temp;25;Spatially adjusted;0,454489795918367;0,0391981351855542;-0,050086598488523;-0,0456574430782553
EBA;Temp;25;Spatially adjusted;0,47469387755102;0,0678960379025249;-0,0196443564374;-0,0135887669959871
EBA;Temp;25;Spatially adjusted;0,494897959183674;0,096086630228335;0,0104362094253858;0,0181052830620878
EBA;Temp;25;Spatially adjusted;0,515102040816327;0,123645178327923;0,0399893393864197;0,04926840913447
EBA;Temp;25;Spatially adjusted;0,53530612244898;0,150446948366259;0,0688492737322761;0,0797443132596669
EBA;Temp;25;Spatially adjusted;0,555510204081633;0,176367206508292;0,0968502527495367;0,109376697476197
EBA;Temp;25;Spatially adjusted;0,575714285714286;0,201281218918997;0,123826516724787;0,138009263822564
EBA;Temp;25;Spatially adjusted;0,595918367346939;0,225064251763314;0,149612305944594;0,165485714337276
EBA;Temp;25;Spatially adjusted;0,616122448979592;0,247591571206215;0,174041860695553;0,19164975105884
EBA;Temp;25;Spatially adjusted;0,636326530612245;0,268738443412648;0,196949421264229;0,216345076025771
EBA;Temp;25;Spatially adjusted;0,656530612244898;0,28838013454758;0,218169227937214;0,239415391276573
EBA;Temp;25;Spatially adjusted;0,676734693877551;0,306391910775961;0,237535521001082;0,260704398849757
EBA;Temp;25;Spatially adjusted;0,696938775510204;0,322688104826323;0,254931201458422;0,280102033836151
EBA;Temp;25;Spatially adjusted;0,717142857142857;0,337339315681451;0,270433813175885;0,297683163535883
EBA;Temp;25;Spatially adjusted;0,73734693877551;0,350455208887681;0,284169560736132;0,313568888301393
EBA;Temp;25;Spatially adjusted;0,757551020408163;0,362145449991377;0,296264648721817;0,327880308485128
EBA;Temp;25;Spatially adjusted;0,777755102040816;0,372519704538885;0,306845281715596;0,340738524439526
EBA;Temp;25;Spatially adjusted;0,797959183673469;0,381687638076542;0,316037664300133;0,352264636517042
EBA;Temp;25;Spatially adjusted;0,818163265306122;0,389758916150718;0,323968001058088;0,362579745070111
EBA;Temp;25;Spatially adjusted;0,838367346938776;0,396843204307736;0,330762496572113;0,371804950451178
EBA;Temp;25;Spatially adjusted;0,858571428571429;0,403050168093973;0,336547355424866;0,380061353012696
EBA;Temp;25;Spatially adjusted;0,878775510204082;0,408489473055763;0,341448782199013;0,387470053107098
EBA;Temp;25;Spatially adjusted;0,898979591836735;0,413270784739456;0,345592981477211;0,394152151086839
EBA;Temp;25;Spatially adjusted;0,919183673469388;0,4175037686914;0,349106157842112;0,400228747304354
EBA;Temp;25;Spatially adjusted;0,939387755102041;0,421298090457952;0,35211451587638;0,405820942112094
EBA;Temp;25;Spatially adjusted;0,959591836734694;0,424763415585456;0,354744260162676;0,411049835862499
EBA;Temp;25;Spatially adjusted;0,979795918367347;0,428009409620259;0,357121595283651;0,416036528908016
EBA;Temp;25;Spatially adjusted;1;0,431145738108711;0,359372725821967;0,420902121601092
EBA;Temp;25;Current landscape;0,0278771631419659;-0,428797407533345;-0,510797926814774;-0,853638025524678
EBA;Temp;25;Current landscape;0,0737380981445312;-0,211513231559245;-0,318255714951039;-0,594852398632632
EBA;Temp;25;Current landscape;0,1255913823843;-0,363203649793977;-0,428935652551413;-0,781394998353523
EBA;Temp;25;Current landscape;0,174207419157028;-0,277909240378758;-0,289308903608518;-0,628487588002781
EBA;Temp;25;Current landscape;0,225998610258103;-0,243980670036358;-0,243312278558914;-0,518480156668236
EBA;Temp;25;Current landscape;0,272708654403687;-0,236719999050184;-0,266598645061144;-0,471588508107466
EBA;Temp;25;Current landscape;0,330005615949631;-0,176032942539418;-0,217938582171179;-0,437335931545181
EBA;Temp;25;Current landscape;0,376366049051285;-0,195851907443931;-0,240184206079071;-0,341680648550867
EBA;Temp;25;Current landscape;0,427260220050812;-0,0420327877212934;-0,187295764447761;-0,313340975429117
EBA;Temp;25;Current landscape;0,476558268070221;-0,138553073819097;-0,189245915172823;-0,358219006690376
EBA;Temp;25;Current landscape;0,524056643247604;-0,145131849761196;-0,236498611686656;-0,404818018427438
EBA;Temp;25;Current landscape;0,576818585395813;-0,217305921722101;-0,153401881599464;-0,334138098897139
EBA;Temp;25;Current landscape;0,626022160053254;-0,22838242529183;-0,186564324301674;-0,409990858716011
EBA;Temp;25;Current landscape;0,674843400716782;-0,150038806809516;-0,172989391573854;-0,412375100965871
EBA;Temp;25;Current landscape;0,724371314048767;-0,231611047059893;-0,199969967057918;-0,424637139958456
EBA;Temp;25;Current landscape;0,773103326559067;-0,322523377960223;-0,23333742533686;-0,381346295548497
EBA;Temp;25;Current landscape;0,826402902603149;-0,249872162809137;-0,103497398091484;-0,247151712699218
EBA;Temp;25;Current landscape;0,878048062324524;-0,353522922806729;-0,251490487102792;-0,340482359244447
EBA;Temp;25;Current landscape;0,929669857025146;-0,295015732782193;-0,204532904889184;-0,377398348181398
EBA;Temp;25;Current landscape;1;-0,754663433750444;-0,681634777434702;-0,695563418302182
EBA;Temp;26;Spatially adjusted;0,01;-0,52381555202178;-0,576865321630333;-0,655108854996207
EBA;Temp;26;Spatially adjusted;0,0302040816326531;-0,503368550420266;-0,558800099119051;-0,633368741645889
EBA;Temp;26;Spatially adjusted;0,0504081632653061;-0,482856867249119;-0,54064860675155;-0,611562009990443
EBA;Temp;26;Spatially adjusted;0,0706122448979592;-0,46221582093871;-0,522324574671611;-0,589622041724741
EBA;Temp;26;Spatially adjusted;0,0908163265306122;-0,441380729919398;-0,503741733023009;-0,567482218543653
EBA;Temp;26;Spatially adjusted;0,111020408163265;-0,420286912621563;-0,484813811949525;-0,545075922142058
EBA;Temp;26;Spatially adjusted;0,131224489795918;-0,398869687475568;-0,465454541594941;-0,522336534214819
EBA;Temp;26;Spatially adjusted;0,151428571428571;-0,377064372911782;-0,44557765210304;-0,499197436456811
EBA;Temp;26;Spatially adjusted;0,171632653061224;-0,354806287360571;-0,425096873617591;-0,47559201056291
EBA;Temp;26;Spatially adjusted;0,191836734693878;-0,332030749252308;-0,403925936282384;-0,451453638227985
EBA;Temp;26;Spatially adjusted;0,212040816326531;-0,30867307701735;-0,381978570241198;-0,426715701146907
EBA;Temp;26;Spatially adjusted;0,232244897959184;-0,284668589086078;-0,359168505637804;-0,40131158101455
EBA;Temp;26;Spatially adjusted;0,252448979591837;-0,259952603888852;-0,335409472615989;-0,375174659525783
EBA;Temp;26;Spatially adjusted;0,27265306122449;-0,234460439856044;-0,310615201319536;-0,348238318375483
EBA;Temp;26;Spatially adjusted;0,292857142857143;-0,208127415418019;-0,284699421892217;-0,32043593925852
EBA;Temp;26;Spatially adjusted;0,313061224489796;-0,180888849005147;-0,257575864477818;-0,291700903869767
EBA;Temp;26;Spatially adjusted;0,333265306122449;-0,152680059047793;-0,229158259220114;-0,261966593904091
EBA;Temp;26;Spatially adjusted;0,353469387755102;-0,123481019288057;-0,199416554655517;-0,231209467590968
EBA;Temp;26;Spatially adjusted;0,373673469387755;-0,0934503247149259;-0,168545572890949;-0,199578289298266
EBA;Temp;26;Spatially adjusted;0,393877551020408;-0,0627912256291161;-0,136796354425957;-0,167264899928455
EBA;Temp;26;Spatially adjusted;0,414081632653061;-0,031706972331353;-0,104419939760103;-0,134461140383998
EBA;Temp;26;Spatially adjusted;0,434285714285714;-0,000400815122350906;-0,0716673693929337;-0,101358851567365
EBA;Temp;26;Spatially adjusted;0,454489795918367;0,0309239956971759;-0,0387896838239925;-0,068149874381028
EBA;Temp;26;Spatially adjusted;0,47469387755102;0,0620642098265094;-0,00603792355284227;-0,0350260497274562
EBA;Temp;26;Spatially adjusted;0,494897959183674;0,0928165769649247;0,0263368709209715;-0,0021792185091094
EBA;Temp;26;Spatially adjusted;0,515102040816327;0,122977846811708;0,0580836590978926;0,0301987783715383
EBA;Temp;26;Spatially adjusted;0,53530612244898;0,15234476906614;0,088951400478372;0,061916100012013
EBA;Temp;26;Spatially adjusted;0,555510204081633;0,180714093427508;0,118689054562861;0,0927809055098585
EBA;Temp;26;Spatially adjusted;0,575714285714286;0,207882569595085;0,147045580851799;0,122601353962601
EBA;Temp;26;Spatially adjusted;0,595918367346939;0,233646947268159;0,173769938845645;0,151185604467766
EBA;Temp;26;Spatially adjusted;0,616122448979592;0,257803976146015;0,198611088044839;0,178341816122899
EBA;Temp;26;Spatially adjusted;0,636326530612245;0,280150405927923;0,221317987949835;0,20387814802552
EBA;Temp;26;Spatially adjusted;0,656530612244898;0,300482986313181;0,241639598061077;0,227602759273164
EBA;Temp;26;Spatially adjusted;0,676734693877551;0,31859846700106;0,259324877879017;0,249323808963364
EBA;Temp;26;Spatially adjusted;0,696938775510204;0,334352684720109;0,274194703766455;0,26890429845302
EBA;Temp;26;Spatially adjusted;0,717142857142857;0,347837824315949;0,286357619535586;0,286426598136508
EBA;Temp;26;Spatially adjusted;0,73734693877551;0,359205157663453;0,295994085860972;0,302027920667573
EBA;Temp;26;Spatially adjusted;0,757551020408163;0,368605956637509;0,303284563417158;0,315845478699959
EBA;Temp;26;Spatially adjusted;0,777755102040816;0,376191493112994;0,308409512878711;0,328016484887407
EBA;Temp;26;Spatially adjusted;0,797959183673469;0,382113038964786;0,311549394920171;0,338678151883666
EBA;Temp;26;Spatially adjusted;0,818163265306122;0,386521866067778;0,312884670216096;0,347967692342483
EBA;Temp;26;Spatially adjusted;0,838367346938776;0,389569246296837;0,312595799441041;0,356022318917599
EBA;Temp;26;Spatially adjusted;0,858571428571429;0,391406451526848;0,310863243269559;0,362979244262753
EBA;Temp;26;Spatially adjusted;0,878775510204082;0,392184753632694;0,307867462376201;0,368975681031699
EBA;Temp;26;Spatially adjusted;0,898979591836735;0,392055424489257;0,303788917435522;0,374148841878178
EBA;Temp;26;Spatially adjusted;0,919183673469388;0,39116973597141;0,298808069122082;0,378635939455933
EBA;Temp;26;Spatially adjusted;0,939387755102041;0,389678959954043;0,293105378110422;0,382574186418708
EBA;Temp;26;Spatially adjusted;0,959591836734694;0,387734368312032;0,286861305075099;0,386100795420251
EBA;Temp;26;Spatially adjusted;0,979795918367347;0,385487232920259;0,280256310690675;0,38935297911431
EBA;Temp;26;Spatially adjusted;1;0,383088825653608;0,273470855631697;0,392467950154618
EBA;Temp;26;Current landscape;0,0293585509061813;-0,378179021292532;-0,377479215852755;-0,763444008996778
EBA;Temp;26;Current landscape;0,0766862630844116;-0,255939416793996;-0,307159291257634;-0,677823817502862
EBA;Temp;26;Current landscape;0,124202333390713;-0,261410584813856;-0,284294625099552;-0,610740654103708
EBA;Temp;26;Current landscape;0,169658318161964;-0,201506188578033;-0,245938376074328;-0,551843470669464
EBA;Temp;26;Current landscape;0,22650945186615;-0,193297798517566;-0,230556648597297;-0,540291572282797
EBA;Temp;26;Current landscape;0,274375736713409;-0,258024914371838;-0,245214584533311;-0,531839140590336
EBA;Temp;26;Current landscape;0,32650563120842;-0,178429018131823;-0,241690528694249;-0,432837975816405
EBA;Temp;26;Current landscape;0,374479800462723;-0,28817013038541;-0,302636025195085;-0,504143457874143
EBA;Temp;26;Current landscape;0,423906028270721;-0,178832591665593;-0,164989850301534;-0,384401295292896
EBA;Temp;26;Current landscape;0,477700054645538;-0,126521386860972;-0,226979966020721;-0,345529594377876
EBA;Temp;26;Current landscape;0,524197101593018;-0,151566814820264;-0,282565825302275;-0,453275607129854
EBA;Temp;26;Current landscape;0,576331347227097;-0,273138730925577;-0,195696943360328;-0,419181525537923
EBA;Temp;26;Current landscape;0,625690340995789;-0,207658859704178;-0,198161834933288;-0,402933826286642
EBA;Temp;26;Current landscape;0,673763364553452;-0,217940366337483;-0,242079697039991;-0,466329059883858
EBA;Temp;26;Current landscape;0,723798096179962;-0,390803336358083;-0,327569219301303;-0,465855106148378
EBA;Temp;26;Current landscape;0,775880634784698;-0,320035099697463;-0,192422837376249;-0,424485319691335
EBA;Temp;26;Current landscape;0,824975073337555;-0,342562556475585;-0,137289333141986;-0,339742595552892
EBA;Temp;26;Current landscape;0,871981918811798;-0,295888379838623;-0,209856978552441;-0,346198835676763
EBA;Temp;26;Current landscape;0,928077518939972;-0,345982484506902;-0,247916330812828;-0,483271499706596
EBA;Temp;26;Current landscape;1;-0,860511597936029;-0,654466914730602;-0,662545852445575
EBA;Temp;27;Spatially adjusted;0,01;-0,576187163990205;-0,6403391472364;-0,713137578186537
EBA;Temp;27;Spatially adjusted;0,0302040816326531;-0,550005768833163;-0,614745247228235;-0,681268865455337
EBA;Temp;27;Spatially adjusted;0,0504081632653061;-0,523802000801311;-0,589125571567518;-0,649419172776256
EBA;Temp;27;Spatially adjusted;0,0706122448979592;-0,49755348701984;-0,563454344601695;-0,61760752020141
EBA;Temp;27;Spatially adjusted;0,0908163265306122;-0,471237854613943;-0,537705790678221;-0,585852927782913
EBA;Temp;27;Spatially adjusted;0,111020408163265;-0,444832730708821;-0,511854134144535;-0,554174415572888
EBA;Temp;27;Spatially adjusted;0,131224489795918;-0,418315742429652;-0,485873599348089;-0,522591003623454
EBA;Temp;27;Spatially adjusted;0,151428571428571;-0,391664516901631;-0,459738410636334;-0,491121711986718
EBA;Temp;27;Spatially adjusted;0,171632653061224;-0,364856681249947;-0,433422792356708;-0,459785560714806
EBA;Temp;27;Spatially adjusted;0,191836734693878;-0,337869862599799;-0,406900968856672;-0,428601569859833
EBA;Temp;27;Spatially adjusted;0,212040816326531;-0,310681688076375;-0,380147164483663;-0,397588759473919
EBA;Temp;27;Spatially adjusted;0,232244897959184;-0,283269784804869;-0,353135603585137;-0,36676614960918
EBA;Temp;27;Spatially adjusted;0,252448979591837;-0,255611779910467;-0,325840510508538;-0,336152760317727
EBA;Temp;27;Spatially adjusted;0,27265306122449;-0,227685300518367;-0,298236109601312;-0,305767611651685
EBA;Temp;27;Spatially adjusted;0,292857142857143;-0,199467973753752;-0,270296625210914;-0,275629723663172
EBA;Temp;27;Spatially adjusted;0,313061224489796;-0,170937426741823;-0,241996281684784;-0,245758116404303
EBA;Temp;27;Spatially adjusted;0,333265306122449;-0,14207128660777;-0,213309303370373;-0,216171809927189
EBA;Temp;27;Spatially adjusted;0,353469387755102;-0,112871277720249;-0,184236145739199;-0,186892248656861
EBA;Temp;27;Spatially adjusted;0,373673469387755;-0,0834355134218292;-0,154882188759057;-0,157950574509925
EBA;Temp;27;Spatially adjusted;0,393877551020408;-0,05388620429855;-0,125379043521811;-0,129380353775904
EBA;Temp;27;Spatially adjusted;0,414081632653061;-0,0243455609364318;-0,0958583211193194;-0,101215152744309
EBA;Temp;27;Spatially adjusted;0,434285714285714;0,00506420607847247;-0,0664516326434494;-0,0734885377046552
EBA;Temp;27;Spatially adjusted;0,454489795918367;0,0342208861601385;-0,037290589186064;-0,0462340749464687
EBA;Temp;27;Spatially adjusted;0,47469387755102;0,0630022687225313;-0,00850680183902952;-0,0194853307592595
EBA;Temp;27;Spatially adjusted;0,494897959183674;0,0912861431796124;0,0197681183057945;0,00672412856745552
EBA;Temp;27;Spatially adjusted;0,515102040816327;0,118950298945347;0,0474025601565451;0,0323607367441561
EBA;Temp;27;Spatially adjusted;0,53530612244898;0,145872525433706;0,0742649126213557;0,0573909274813325
EBA;Temp;27;Spatially adjusted;0,555510204081633;0,171930612058638;0,10022356460836;0,0817811344894572
EBA;Temp;27;Spatially adjusted;0,575714285714286;0,197002348234129;0,125146905025705;0,105497791479024
EBA;Temp;27;Spatially adjusted;0,595918367346939;0,220965523374133;0,148903322781518;0,128507332160513
EBA;Temp;27;Spatially adjusted;0,616122448979592;0,243697926892615;0,171361206783939;0,150776190244407
EBA;Temp;27;Spatially adjusted;0,636326530612245;0,265077348203533;0,192388945941104;0,172270799441186
EBA;Temp;27;Spatially adjusted;0,656530612244898;0,284981576720867;0,211854929161149;0,19295759346134
EBA;Temp;27;Spatially adjusted;0,676734693877551;0,303288401858573;0,229627545352209;0,212803006015349
EBA;Temp;27;Spatially adjusted;0,696938775510204;0,319913894107099;0,245616128793163;0,231788179234403
EBA;Temp;27;Spatially adjusted;0,717142857142857;0,334927248262819;0,259893795245819;0,249953088932525
EBA;Temp;27;Spatially adjusted;0,73734693877551;0,348435940198581;0,272574605842735;0,267352419344441
EBA;Temp;27;Spatially adjusted;0,757551020408163;0,360547445787248;0,283772621716469;0,28404085470488
EBA;Temp;27;Spatially adjusted;0,777755102040816;0,371369240901668;0,293601903999559;0,300073079248577
EBA;Temp;27;Spatially adjusted;0,797959183673469;0,381008801414691;0,302176513824577;0,315503777210257
EBA;Temp;27;Spatially adjusted;0,818163265306122;0,389573603199178;0,30961051232406;0,330387632824642
EBA;Temp;27;Spatially adjusted;0,838367346938776;0,397171122127983;0,316017960630564;0,344779330326471
EBA;Temp;27;Spatially adjusted;0,858571428571429;0,403908834073949;0,32151291987665;0,358733553950469
EBA;Temp;27;Spatially adjusted;0,878775510204082;0,409894214909947;0,32620945119486;0,372304987931365
EBA;Temp;27;Spatially adjusted;0,898979591836735;0,415234740508819;0,330221615717758;0,385548316503886
EBA;Temp;27;Spatially adjusted;0,919183673469388;0,420037886743419;0,333663474577886;0,398518223902766
EBA;Temp;27;Spatially adjusted;0,939387755102041;0,424411129486604;0,336649088907809;0,411269394362726
EBA;Temp;27;Spatially adjusted;0,959591836734694;0,428461944611232;0,339292519840068;0,423856512118505
EBA;Temp;27;Spatially adjusted;0,979795918367347;0,43229780799015;0,341707828507225;0,436334261404824
EBA;Temp;27;Spatially adjusted;1;0,436026195496211;0,344009076041829;0,448757326456413
EBA;Temp;27;Current landscape;0,0246189348399639;-0,351209155847339;-0,420030495074162;-0,768943122983043
EBA;Temp;27;Current landscape;0,0787752643227577;-0,356154887849872;-0,439702506885268;-0,770344794530796
EBA;Temp;27;Current landscape;0,122751951217651;-0,290777048102981;-0,342506774196984;-0,636819540582351
EBA;Temp;27;Current landscape;0,174331292510033;-0,294854789560077;-0,343866767967864;-0,584650384655657
EBA;Temp;27;Current landscape;0,223262801766396;-0,159429959293654;-0,193168649685905;-0,437283330829956
EBA;Temp;27;Current landscape;0,278178170323372;-0,173456557449288;-0,171847941636916;-0,427539184409731
EBA;Temp;27;Current landscape;0,327967002987862;-0,285912436741043;-0,258287257586588;-0,57185699683788
EBA;Temp;27;Current landscape;0,37400233745575;-0,309018839213135;-0,303189592517576;-0,442854285403282
EBA;Temp;27;Current landscape;0,425555288791656;-0,215162008982677;-0,158704353817367;-0,384426981452116
EBA;Temp;27;Current landscape;0,478049218654633;-0,147671635163729;-0,154147498571366;-0,414961538508848
EBA;Temp;27;Current landscape;0,524170219898224;-0,0795081604182322;-0,0611857901853625;-0,322488528513087
EBA;Temp;27;Current landscape;0,573177397251129;-0,254338788040762;-0,165774673144057;-0,499534127959223
EBA;Temp;27;Current landscape;0,6237513422966;-0,229630941308127;-0,0934744423944274;-0,315101380579435
EBA;Temp;27;Current landscape;0,674517512321472;-0,227875839064915;-0,162107950365559;-0,321763422931891
EBA;Temp;27;Current landscape;0,725440204143524;-0,272717976298782;-0,351282614589294;-0,470715069040068
EBA;Temp;27;Current landscape;0,774973213672638;-0,161152686845551;-0,254893797700547;-0,365726376942607
EBA;Temp;27;Current landscape;0,823306113481522;-0,415715013100932;-0,297575776065667;-0,55293799659982
EBA;Temp;27;Current landscape;0,879508912563324;-0,401841512301701;-0,258250848755907;-0,359198097049738
EBA;Temp;27;Current landscape;0,925864219665527;-0,378868301025157;-0,23230766379444;-0,442176461858477
EBA;Temp;27;Current landscape;1;-0,69604089320957;-0,665468358733889;-0,718662576244199
EBA;Temp;28;Spatially adjusted;0,01;-0,566171769748745;-0,643528468606558;-0,724069143548814
EBA;Temp;28;Spatially adjusted;0,0302040816326531;-0,539539576479022;-0,61681571234249;-0,693746353935151
EBA;Temp;28;Spatially adjusted;0,0504081632653061;-0,512907807052571;-0,590089977651559;-0,663421051874042
EBA;Temp;28;Spatially adjusted;0,0706122448979592;-0,486276885312638;-0,563338286106884;-0,633090724918034
EBA;Temp;28;Spatially adjusted;0,0908163265306122;-0,459647235102505;-0,536547659281606;-0,602752860619681
EBA;Temp;28;Spatially adjusted;0,111020408163265;-0,433019280265427;-0,509705118748848;-0,572404946531528
EBA;Temp;28;Spatially adjusted;0,131224489795918;-0,406393444644671;-0,482797686081742;-0,542044470206136
EBA;Temp;28;Spatially adjusted;0,151428571428571;-0,379770152083495;-0,455812382853424;-0,511668919196044
EBA;Temp;28;Spatially adjusted;0,171632653061224;-0,353149826425174;-0,428736230637018;-0,481275781053814
EBA;Temp;28;Spatially adjusted;0,191836734693878;-0,326532891512965;-0,401556251005662;-0,45086254333199
EBA;Temp;28;Spatially adjusted;0,212040816326531;-0,299919771190137;-0,374259465532482;-0,420426693583124
EBA;Temp;28;Spatially adjusted;0,232244897959184;-0,273310889299943;-0,346832895790605;-0,389965719359775
EBA;Temp;28;Spatially adjusted;0,252448979591837;-0,246706669685661;-0,319263563353168;-0,359477108214485
EBA;Temp;28;Spatially adjusted;0,27265306122449;-0,220107536190554;-0,2915384897933;-0,328958347699803
EBA;Temp;28;Spatially adjusted;0,292857142857143;-0,193513912657874;-0,263644696684132;-0,29840692536829
EBA;Temp;28;Spatially adjusted;0,313061224489796;-0,166926222930897;-0,235569205598797;-0,267820328772491
EBA;Temp;28;Spatially adjusted;0,333265306122449;-0,14034489085288;-0,207299038110421;-0,237196045464959
EBA;Temp;28;Spatially adjusted;0,353469387755102;-0,11378048851099;-0,178839841661912;-0,206544936591609
EBA;Temp;28;Spatially adjusted;0,373673469387755;-0,0872841809679912;-0,150271767175319;-0,175931357671846
EBA;Temp;28;Spatially adjusted;0,393877551020408;-0,0609172815305357;-0,12169359144244;-0,145433037818439
EBA;Temp;28;Spatially adjusted;0,414081632653061;-0,0347411035052936;-0,0932040912551031;-0,115127706144154
EBA;Temp;28;Spatially adjusted;0,434285714285714;-0,00881696019891365;-0,0649020434051124;-0,0850930917617561
EBA;Temp;28;Spatially adjusted;0,454489795918367;0,0167938350819341;-0,0368862246842916;-0,0554069237840196
EBA;Temp;28;Spatially adjusted;0,47469387755102;0,0420299690305974;-0,00925541188444612;-0,0261469313237086
EBA;Temp;28;Spatially adjusted;0,494897959183674;0,0668301283404098;0,0178916182025972;0,0026091565064057
EBA;Temp;28;Spatially adjusted;0,515102040816327;0,0911329997047083;0,0444560887850294;0,0307836105935593
EBA;Temp;28;Spatially adjusted;0,53530612244898;0,114877269816841;0,0703392230710378;0,0582987018249774
EBA;Temp;28;Spatially adjusted;0,555510204081633;0,138001625370148;0,0954422442688063;0,0850767010878997
EBA;Temp;28;Spatially adjusted;0,575714285714286;0,160444753057963;0,119666375586519;0,111039879269555
EBA;Temp;28;Spatially adjusted;0,595918367346939;0,182145339573623;0,142912840232359;0,136110507257168
EBA;Temp;28;Spatially adjusted;0,616122448979592;0,203042071610483;0,165082861414515;0,160210855937979
EBA;Temp;28;Spatially adjusted;0,636326530612245;0,223073635861866;0,186077662341173;0,183263196199221
EBA;Temp;28;Spatially adjusted;0,656530612244898;0,242178719021123;0,205798466220518;0,205189798928114
EBA;Temp;28;Spatially adjusted;0,676734693877551;0,260296007781587;0,224146496260726;0,225912935011902
EBA;Temp;28;Spatially adjusted;0,696938775510204;0,277385335926311;0,241054767121035;0,245381175979084
EBA;Temp;28;Spatially adjusted;0,717142857142857;0,293491125597175;0,256583459264832;0,263648295923254
EBA;Temp;28;Spatially adjusted;0,73734693877551;0,308678946025761;0,270824544606555;0,280794369579283
EBA;Temp;28;Spatially adjusted;0,757551020408163;0,32301436644368;0,283869995060631;0,296899471682035
EBA;Temp;28;Spatially adjusted;0,777755102040816;0,336562956082506;0,295811782541506;0,312043676966379
EBA;Temp;28;Spatially adjusted;0,797959183673469;0,349390284173836;0,306741878963599;0,326307060167181
EBA;Temp;28;Spatially adjusted;0,818163265306122;0,36156191994926;0,316752256241355;0,33976969601931
EBA;Temp;28;Spatially adjusted;0,838367346938776;0,373143432640369;0,3259348862892;0,352511659257633
EBA;Temp;28;Spatially adjusted;0,858571428571429;0,38420039147875;0,334381741021577;0,364613024617015
EBA;Temp;28;Spatially adjusted;0,878775510204082;0,394798365695998;0,342184792352917;0,376153866832329
EBA;Temp;28;Spatially adjusted;0,898979591836735;0,4050029245237;0,349436012197646;0,387214260638434
EBA;Temp;28;Spatially adjusted;0,919183673469388;0,414879637193451;0,356227372470212;0,397874280770203
EBA;Temp;28;Spatially adjusted;0,939387755102041;0,424494072936838;0,362650845085039;0,408214001962506
EBA;Temp;28;Spatially adjusted;0,959591836734694;0,433911800985452;0,368798401956564;0,418313498950205
EBA;Temp;28;Spatially adjusted;0,979795918367347;0,443198390570885;0,37476201499922;0,428252846468169
EBA;Temp;28;Spatially adjusted;1;0,45241941092473;0,380633656127444;0,438112119251265
EBA;Temp;28;Current landscape;0,0303165297955275;-0,498299464459436;-0,610807979271517;-0,926051767778183
EBA;Temp;28;Current landscape;0,0769224017858505;-0,374921891612818;-0,529105261461858;-0,808017604428006
EBA;Temp;28;Current landscape;0,124253138899803;-0,289589791036974;-0,317530395060633;-0,652451157765704
EBA;Temp;28;Current landscape;0,173895381391048;-0,257521253279425;-0,309826604368208;-0,642498471137881
EBA;Temp;28;Current landscape;0,223713010549545;-0,211869034130032;-0,216197690313319;-0,513659222540039
EBA;Temp;28;Current landscape;0,278897821903229;-0,244218857095056;-0,215558295075319;-0,548907263118032
EBA;Temp;28;Current landscape;0,327874362468719;-0,211850970503374;-0,170481827971216;-0,431302219777578
EBA;Temp;28;Current landscape;0,377585798501968;-0,160710886853533;-0,151997165756953;-0,396337145483628
EBA;Temp;28;Current landscape;0,422628715634346;-0,204278561985173;-0,201138444722648;-0,370054919804527
EBA;Temp;28;Current landscape;0,476884216070175;-0,234046743298567;-0,186517211135708;-0,417346618104748
EBA;Temp;28;Current landscape;0,525641202926636;-0,24675690930642;-0,143745300197622;-0,334647361250646
EBA;Temp;28;Current landscape;0,574533879756927;-0,226864801070981;-0,153910102497363;-0,381241455104533
EBA;Temp;28;Current landscape;0,624448120594025;-0,128551172371342;-0,0890974682214676;-0,305544120935515
EBA;Temp;28;Current landscape;0,675606548786164;-0,178577526476584;-0,131069019391919;-0,334723003152789
EBA;Temp;28;Current landscape;0,728658497333527;-0,262603627815768;-0,207191706594365;-0,422053634690673
EBA;Temp;28;Current landscape;0,773320198059082;-0,277198530149867;-0,203165331334567;-0,429473705396397
EBA;Temp;28;Current landscape;0,820251107215881;-0,433069918501825;-0,256202677268362;-0,359530112726507
EBA;Temp;28;Current landscape;0,87786066532135;-0,440010378237272;-0,146618027224807;-0,286773597308414
EBA;Temp;28;Current landscape;0,929599463939667;-0,269344437403053;-0,177046917431522;-0,359866487642893
EBA;Temp;28;Current landscape;1;-0,852020080745849;-0,650835281738686;-0,768031313293545
EBA;Temp;29;Spatially adjusted;0,01;-0,564732823435069;-0,619742749167465;-0,715460315594605
EBA;Temp;29;Spatially adjusted;0,0302040816326531;-0,540055321876114;-0,595817197831078;-0,686080697374848
EBA;Temp;29;Spatially adjusted;0,0504081632653061;-0,515340050760791;-0,571853341489916;-0,656687939679323
EBA;Temp;29;Spatially adjusted;0,0706122448979592;-0,490549240532726;-0,547812875139204;-0,627268903032267
EBA;Temp;29;Spatially adjusted;0,0908163265306122;-0,465645121635564;-0,523657493774156;-0,597810447957922
EBA;Temp;29;Spatially adjusted;0,111020408163265;-0,440589924512913;-0,49934889239001;-0,568299434980514
EBA;Temp;29;Spatially adjusted;0,131224489795918;-0,415345879608417;-0,474848765981975;-0,538722724624286
EBA;Temp;29;Spatially adjusted;0,151428571428571;-0,389875217365706;-0,45011880954528;-0,509067177413463
EBA;Temp;29;Spatially adjusted;0,171632653061224;-0,364140168228406;-0,425120718075153;-0,479319653872295
EBA;Temp;29;Spatially adjusted;0,191836734693878;-0,338102962640157;-0,39981618656681;-0,449467014525006
EBA;Temp;29;Spatially adjusted;0,212040816326531;-0,311725831044583;-0,374166910015479;-0,419496119895836
EBA;Temp;29;Spatially adjusted;0,232244897959184;-0,28497100388531;-0,348134583416385;-0,389393830509018
EBA;Temp;29;Spatially adjusted;0,252448979591837;-0,257800711605977;-0,321680901764747;-0,359147006888787
EBA;Temp;29;Spatially adjusted;0,27265306122449;-0,230177184650213;-0,294767560055792;-0,328742509559383
EBA;Temp;29;Spatially adjusted;0,292857142857143;-0,202062653461645;-0,267356253284738;-0,298167199045039
EBA;Temp;29;Spatially adjusted;0,313061224489796;-0,173419348483911;-0,239408676446814;-0,267407935869983
EBA;Temp;29;Spatially adjusted;0,333265306122449;-0,144209500160631;-0,210886524537241;-0,236451580558466
EBA;Temp;29;Spatially adjusted;0,353469387755102;-0,114429275535699;-0,18178341173806;-0,205304753821373
EBA;Temp;29;Spatially adjusted;0,373673469387755;-0,0842105880539883;-0,15222062897854;-0,17405311711628
EBA;Temp;29;Spatially adjusted;0,393877551020408;-0,0537192877606572;-0,122351386374799;-0,142802092087425
EBA;Temp;29;Spatially adjusted;0,414081632653061;-0,0231212247008408;-0,0923288940429146;-0,111657100379038
EBA;Temp;29;Spatially adjusted;0,434285714285714;0,00741775108032527;-0,0623063620989903;-0,0807235636353525
EBA;Temp;29;Spatially adjusted;0,454489795918367;0,0377317895376947;-0,0324370006591224;-0,0501069035006019
EBA;Temp;29;Spatially adjusted;0,47469387755102;0,0676550406261214;-0,00287401983941038;-0,0199125416190249
EBA;Temp;29;Spatially adjusted;0,494897959183674;0,0970216543004767;0,026229370244053;0,00975410036514646
EBA;Temp;29;Spatially adjusted;0,515102040816327;0,125665780515615;0,0547199594751753;0,0387876008076802
EBA;Temp;29;Spatially adjusted;0,53530612244898;0,153421569226385;0,0824445377378531;0,0670825380643336
EBA;Temp;29;Spatially adjusted;0,555510204081633;0,18012317038766;0,10924989491599;0,0945334904908783
EBA;Temp;29;Spatially adjusted;0,575714285714286;0,205604733954289;0,134982820893498;0,121035036443079
EBA;Temp;29;Spatially adjusted;0,595918367346939;0,229700409881133;0,159490105554276;0,146481754276707
EBA;Temp;29;Spatially adjusted;0,616122448979592;0,252244348123053;0,182618538782229;0,170768222347515
EBA;Temp;29;Spatially adjusted;0,636326530612245;0,273070698634903;0,204214910461253;0,19378901901128
EBA;Temp;29;Spatially adjusted;0,656530612244898;0,292013611371555;0,224126010475263;0,215438722623762
EBA;Temp;29;Spatially adjusted;0,676734693877551;0,308907236287848;0,242198628708159;0,23561191154073
EBA;Temp;29;Spatially adjusted;0,696938775510204;0,323636439365618;0,258325836853786;0,254237212895522
EBA;Temp;29;Spatially adjusted;0,717142857142857;0,336288950694485;0,272585833845778;0,2713794489318
EBA;Temp;29;Spatially adjusted;0,73734693877551;0,347003216391048;0,285103100427708;0,287137490670798
EBA;Temp;29;Spatially adjusted;0,757551020408163;0,355917682571903;0,296002117343157;0,301610209133745
EBA;Temp;29;Spatially adjusted;0,777755102040816;0,363170795353639;0,305407365335697;0,314896475341882
EBA;Temp;29;Spatially adjusted;0,797959183673469;0,368901000852851;0,313443325148903;0,327095160316436
EBA;Temp;29;Spatially adjusted;0,818163265306122;0,373246745186137;0,320234477526356;0,338305135078649
EBA;Temp;29;Spatially adjusted;0,838367346938776;0,376346474470079;0,325905303211624;0,348625270649755
EBA;Temp;29;Spatially adjusted;0,858571428571429;0,378338634821276;0,330580282948283;0,358154438050985
EBA;Temp;29;Spatially adjusted;0,878775510204082;0,379361672356328;0,334383897479921;0,366991508303574
EBA;Temp;29;Spatially adjusted;0,898979591836735;0,379554033191816;0,337440627550098;0,375235352428753
EBA;Temp;29;Spatially adjusted;0,919183673469388;0,379054163444341;0,339874953902395;0,382984841447762
EBA;Temp;29;Spatially adjusted;0,939387755102041;0,378000509230493;0,341811357280392;0,390338846381834
EBA;Temp;29;Spatially adjusted;0,959591836734694;0,376531516666862;0,343374318427664;0,397396238252203
EBA;Temp;29;Spatially adjusted;0,979795918367347;0,374785631870044;0,344688318087783;0,404255888080101
EBA;Temp;29;Spatially adjusted;1;0,372901300956638;0,345877837004323;0,411016666886766
EBA;Temp;29;Current landscape;0,0272563342005014;-0,347493699408332;-0,39703908359715;-0,8158594638608
EBA;Temp;29;Current landscape;0,0707895904779434;-0,429919741126803;-0,517094967236808;-0,854059827687788
EBA;Temp;29;Current landscape;0,12667989730835;-0,383250672781411;-0,412828550310458;-0,748541833420024
EBA;Temp;29;Current landscape;0,172324493527412;-0,351863804809486;-0,379556396300501;-0,619317369158953
EBA;Temp;29;Current landscape;0,224100098013878;-0,25094086969359;-0,282444464139225;-0,50920228486936
EBA;Temp;29;Current landscape;0,275778204202652;-0,32883705033883;-0,322756554998286;-0,549455897416866
EBA;Temp;29;Current landscape;0,325632065534592;-0,216299974863986;-0,176733464030999;-0,369469150094165
EBA;Temp;29;Current landscape;0,373129546642303;-0,303941667823995;-0,223720307940326;-0,454870609707754
EBA;Temp;29;Current landscape;0,422777712345123;-0,0893691351090951;-0,153352314640347;-0,357286837960668
EBA;Temp;29;Current landscape;0,477569699287415;-0,218182906103777;-0,182899154521426;-0,36840757391143
EBA;Temp;29;Current landscape;0,526429980993271;-0,134130992990265;-0,179092279930629;-0,332392900826836
EBA;Temp;29;Current landscape;0,57402178645134;-0,176767076329163;-0,163890725635117;-0,363431749455156
EBA;Temp;29;Current landscape;0,621089160442352;-0,0667010119789389;-0,136404431601914;-0,307593757630862
EBA;Temp;29;Current landscape;0,673511743545532;-0,079728235635244;-0,0435898796010861;-0,326726652853633
EBA;Temp;29;Current landscape;0,725830674171448;-0,21808670993827;-0,242943653713578;-0,361334513191245
EBA;Temp;29;Current landscape;0,772920191287994;-0,341023532141282;-0,255230459679517;-0,417389335374168
EBA;Temp;29;Current landscape;0,822408765554428;-0,390663559840441;-0,223892081174139;-0,43122317034328
EBA;Temp;29;Current landscape;0,874945878982544;-0,433948078833229;-0,365459611998769;-0,491464336596224
EBA;Temp;29;Current landscape;0,925767451524734;-0,482244713288097;-0,342398149704366;-0,560462435877621
EBA;Temp;29;Current landscape;1;-0,781460483197659;-0,70595991894545;-0,820601009712014
EBA;Temp;30;Spatially adjusted;0,01;-0,601573382358762;-0,664866512625306;-0,706390572894293
EBA;Temp;30;Spatially adjusted;0,0302040816326531;-0,572368126226447;-0,636065324453568;-0,673718482556158
EBA;Temp;30;Spatially adjusted;0,0504081632653061;-0,543167176473332;-0,607263801574661;-0,641075840581362
EBA;Temp;30;Spatially adjusted;0,0706122448979592;-0,51397483947861;-0,578461609281405;-0,608492095333229
EBA;Temp;30;Spatially adjusted;0,0908163265306122;-0,484795421621477;-0,549658412866634;-0,575996695175103
EBA;Temp;30;Spatially adjusted;0,111020408163265;-0,455633229281119;-0,520853877623178;-0,543619088470312
EBA;Temp;30;Spatially adjusted;0,131224489795918;-0,426492568836739;-0,492047668843867;-0,51138872358219
EBA;Temp;30;Spatially adjusted;0,151428571428571;-0,397377746667537;-0,463239451821519;-0,479335048874074
EBA;Temp;30;Spatially adjusted;0,171632653061224;-0,368293069152696;-0,434428891848974;-0,447487512709298
EBA;Temp;30;Spatially adjusted;0,191836734693878;-0,339242842671425;-0,405615654219048;-0,415875563451191
EBA;Temp;30;Spatially adjusted;0,212040816326531;-0,31023137360291;-0,376799404224577;-0,384528649463093
EBA;Temp;30;Spatially adjusted;0,232244897959184;-0,281262968326356;-0,347979807158392;-0,353476219108334
EBA;Temp;30;Spatially adjusted;0,252448979591837;-0,252341933220947;-0,319156528313314;-0,322747720750254
EBA;Temp;30;Spatially adjusted;0,27265306122449;-0,223472574665887;-0,290329232982174;-0,292372602752181
EBA;Temp;30;Spatially adjusted;0,292857142857143;-0,19465919904037;-0,261497586457804;-0,262380313477451
EBA;Temp;30;Spatially adjusted;0,313061224489796;-0,165906112723583;-0,232661254033026;-0,232800301289402
EBA;Temp;30;Spatially adjusted;0,333265306122449;-0,137217622094742;-0,203819901000671;-0,203662014551359
EBA;Temp;30;Spatially adjusted;0,353469387755102;-0,108608345061807;-0,174986208800931;-0,17499107756456
EBA;Temp;30;Spatially adjusted;0,373673469387755;-0,0801341456479605;-0,146224923463461;-0,146797818381796
EBA;Temp;30;Spatially adjusted;0,393877551020408;-0,0518611994051312;-0,117613807165274;-0,119088740993764
EBA;Temp;30;Spatially adjusted;0,414081632653061;-0,0238556818852764;-0,0892306220833916;-0,0918703493911543
EBA;Temp;30;Spatially adjusted;0,434285714285714;0,0038162313596608;-0,0611531303948247;-0,0651491475646573
EBA;Temp;30;Spatially adjusted;0,454489795918367;0,0310883647777374;-0,0334590942765978;-0,0389316395049697
EBA;Temp;30;Spatially adjusted;0,47469387755102;0,0578945428169924;-0,00622627590572122;-0,0132243292027781
EBA;Temp;30;Spatially adjusted;0,494897959183674;0,0841685899254827;0,0204675625407802;0,011966279351217
EBA;Temp;30;Spatially adjusted;0,515102040816327;0,109844330551269;0,0465446588858995;0,0366336821663325
EBA;Temp;30;Spatially adjusted;0,53530612244898;0,134855589142393;0,0719272509526121;0,0607713752518713
EBA;Temp;30;Spatially adjusted;0,555510204081633;0,159136190146914;0,0965375765639038;0,0843728546171434
EBA;Temp;30;Spatially adjusted;0,575714285714286;0,182619958012879;0,12029787354275;0,107431616271452
EBA;Temp;30;Spatially adjusted;0,595918367346939;0,205240717188339;0,143130379712151;0,129941156224106
EBA;Temp;30;Spatially adjusted;0,616122448979592;0,226932292121358;0,164957332895074;0,15189497048442
EBA;Temp;30;Spatially adjusted;0,636326530612245;0,247628507259979;0,185700970914507;0,173286555061697
EBA;Temp;30;Spatially adjusted;0,656530612244898;0,267263187052251;0,205283531593434;0,194109405965239
EBA;Temp;30;Spatially adjusted;0,676734693877551;0,285770155946235;0,223627252754838;0,214357019204364
EBA;Temp;30;Spatially adjusted;0,696938775510204;0,30310670396582;0,240681047185522;0,23403003459573
EBA;Temp;30;Spatially adjusted;0,717142857142857;0,319323983438309;0,256500527527571;0,253157667185427
EBA;Temp;30;Spatially adjusted;0,73734693877551;0,334496612266843;0,271167981386899;0,271776275826898
EBA;Temp;30;Spatially adjusted;0,757551020408163;0,348699208354553;0,284765696369412;0,289922219373587
EBA;Temp;30;Spatially adjusted;0,777755102040816;0,362006389604581;0,297375960081023;0,307631856678942
EBA;Temp;30;Spatially adjusted;0,797959183673469;0,374492773920071;0,309081060127628;0,324941546596406
EBA;Temp;30;Spatially adjusted;0,818163265306122;0,386232979204163;0,319963284115158;0,341887647979426
EBA;Temp;30;Spatially adjusted;0,838367346938776;0,39730162335999;0,3301049196495;0,358506519681441
EBA;Temp;30;Spatially adjusted;0,858571428571429;0,407773324290698;0,339588254336572;0,374834520555904
EBA;Temp;30;Spatially adjusted;0,878775510204082;0,417722699899436;0,348495575782284;0,390908009456251
EBA;Temp;30;Spatially adjusted;0,898979591836735;0,427224368089323;0,356909171592541;0,40676334523593
EBA;Temp;30;Spatially adjusted;0,919183673469388;0,436352946763513;0,364911329373257;0,422436886748386
EBA;Temp;30;Spatially adjusted;0,939387755102041;0,445183053825144;0,372584336730338;0,437964992847064
EBA;Temp;30;Spatially adjusted;0,959591836734694;0,453789307177356;0,380010481269689;0,453384022385407
EBA;Temp;30;Spatially adjusted;0,979795918367347;0,462246324723285;0,387272050597225;0,468730334216861
EBA;Temp;30;Spatially adjusted;1;0,470628724366073;0,394451332318852;0,484040287194873
EBA;Temp;30;Current landscape;0,0271393898874521;-0,400296109294303;-0,416791211052658;-0,73278038148672
EBA;Temp;30;Current landscape;0,0759938582777977;-0,398671505536253;-0,449601559506899;-0,758460779388059
EBA;Temp;30;Current landscape;0,124253138899803;-0,334631292685717;-0,359308883706305;-0,623295854062615
EBA;Temp;30;Current landscape;0,17665608227253;-0,292524332536797;-0,280058082561958;-0,56761066172983
EBA;Temp;30;Current landscape;0,225117400288582;-0,180543762154798;-0,211389798647957;-0,429244796743831
EBA;Temp;30;Current landscape;0,274500697851181;-0,21391763664397;-0,181433296919266;-0,378899009166705
EBA;Temp;30;Current landscape;0,324551045894623;-0,1813869995555;-0,166460963077725;-0,372120935801178
EBA;Temp;30;Current landscape;0,374540835618973;-0,25491413765624;-0,240577265329069;-0,445318757147376
EBA;Temp;30;Current landscape;0,42646586894989;-0,0282342027719871;-0,120769100674636;-0,339801323244728
EBA;Temp;30;Current landscape;0,475881189107895;-0,199715395702349;-0,162357109513852;-0,350003533810753
EBA;Temp;30;Current landscape;0,525529384613037;-0,275104553673092;-0,179962508544833;-0,408797579603892
EBA;Temp;30;Current landscape;0,575090944766998;-0,262100080253795;-0,174017293628722;-0,34258871999327
EBA;Temp;30;Current landscape;0,622246623039246;-0,139403441870826;-0,168012228987049;-0,371010076001834
EBA;Temp;30;Current landscape;0,677027106285095;-0,114013183994327;-0,170364722079469;-0,410409341385041
EBA;Temp;30;Current landscape;0,724833011627197;-0,292173469934593;-0,348398403582053;-0,420337213063871
EBA;Temp;30;Current landscape;0,772539436817169;-0,335708407684685;-0,134491378387374;-0,454093413168454
EBA;Temp;30;Current landscape;0,82490485906601;-0,294934804121187;-0,159289109111153;-0,377484858361978
EBA;Temp;30;Current landscape;0,880752563476562;-0,377377108498674;-0,230479475106666;-0,412894103479069
EBA;Temp;30;Current landscape;0,926963806152344;-0,419452409530962;-0,165035437265363;-0,330527159608881
EBA;Temp;30;Current landscape;1;-0,780216026184647;-0,617778166398129;-0,607124369972855
