region;response;run;contrast_type;frac_area;PF_minus_SF_early;PF_minus_SF_intermediate;PF_minus_SF_advanced
EBA;Evapo;1;Spatially adjusted;0,01;130,45529099533;137,511879369092;144,138010322704
EBA;Evapo;1;Spatially adjusted;0,0302040816326531;124,7825983108;132,568627882456;138,331976557196
EBA;Evapo;1;Spatially adjusted;0,0504081632653061;119,103360590592;127,611312057408;132,517702156548
EBA;Evapo;1;Spatially adjusted;0,0706122448979592;113,411032799027;122,625867555533;126,68694648562
EBA;Evapo;1;Spatially adjusted;0,0908163265306122;107,699069900428;117,59823003842;120,83146890927
EBA;Evapo;1;Spatially adjusted;0,111020408163265;101,960926859117;112,514335167653;114,943028792359
EBA;Evapo;1;Spatially adjusted;0,131224489795918;96,190058639414;107,360118604822;109,013385499748
EBA;Evapo;1;Spatially adjusted;0,151428571428571;90,3799202056427;102,121516011512;103,034298396294
EBA;Evapo;1;Spatially adjusted;0,171632653061224;84,5239665221243;96,7844630493105;96,9975268468579
EBA;Evapo;1;Spatially adjusted;0,191836734693878;78,6156525531806;91,3348953798043;90,8948302163001
EBA;Evapo;1;Spatially adjusted;0,212040816326531;72,6484332631335;85,7587486645803;84,7179678694795
EBA;Evapo;1;Spatially adjusted;0,232244897959184;66,6157636163043;80,0419585652258;78,4586991712561
EBA;Evapo;1;Spatially adjusted;0,252448979591837;60,5110985770161;74,1704607433271;72,1087834864895
EBA;Evapo;1;Spatially adjusted;0,27265306122449;54,3278931095897;68,1301908604717;65,6599801800396
EBA;Evapo;1;Spatially adjusted;0,292857142857143;48,0596021783474;61,9070845782465;59,1040486167658
EBA;Evapo;1;Spatially adjusted;0,313061224489796;41,6996807476107;55,4870775582376;52,432748161528
EBA;Evapo;1;Spatially adjusted;0,333265306122449;35,2415837817018;48,8561054620332;45,6378381791863
EBA;Evapo;1;Spatially adjusted;0,353469387755102;28,6847012978988;42,0093893105764;38,7178159328018
EBA;Evapo;1;Spatially adjusted;0,373673469387755;22,0521635253067;34,9792915622425;31,6981302782438
EBA;Evapo;1;Spatially adjusted;0,393877551020408;15,3730357459872;27,8074600347627;24,6109679695849
EBA;Evapo;1;Spatially adjusted;0,414081632653061;8,67638324200107;20,535542545869;17,4885157608953
EBA;Evapo;1;Spatially adjusted;0,434285714285714;1,99127129540989;13,2051869132931;10,3629604062473
EBA;Evapo;1;Spatially adjusted;0,454489795918367;-4,65323481172482;5,85804095476647;3,2664886597122
EBA;Evapo;1;Spatially adjusted;0,47469387755102;-11,228069797342;-1,46424751197856;-3,76871272463836
EBA;Evapo;1;Spatially adjusted;0,494897959183674;-17,7041683793798;-8,7200306692107;-10,7104569927335
EBA;Evapo;1;Spatially adjusted;0,515102040816327;-24,0524652757767;-15,867660699198;-17,5265573905012
EBA;Evapo;1;Spatially adjusted;0,53530612244898;-30,2438952044722;-22,8654897842089;-24,1848271638698
EBA;Evapo;1;Spatially adjusted;0,555510204081633;-36,2493928834042;-29,6718701065113;-30,6530795587687
EBA;Evapo;1;Spatially adjusted;0,575714285714286;-42,0398930305114;-36,245153848374;-36,8991278211252
EBA;Evapo;1;Spatially adjusted;0,595918367346939;-47,5863303637325;-42,5436931920647;-42,8907851968688
EBA;Evapo;1;Spatially adjusted;0,616122448979592;-52,8596396010062;-48,5258403198518;-48,5958649319273
EBA;Evapo;1;Spatially adjusted;0,636326530612245;-57,8307554602711;-54,1499474140035;-53,9821802722299
EBA;Evapo;1;Spatially adjusted;0,656530612244898;-62,4706126594656;-59,374366656788;-59,0175444637046
EBA;Evapo;1;Spatially adjusted;0,676734693877551;-66,7501459165285;-64,1574502304741;-63,6697707522801
EBA;Evapo;1;Spatially adjusted;0,696938775510204;-70,6491903008273;-68,4695226982722;-67,9163631414072
EBA;Evapo;1;Spatially adjusted;0,717142857142857;-74,1831822874451;-72,3287981471669;-71,773588664624
EBA;Evapo;1;Spatially adjusted;0,73734693877551;-77,3764587028943;-75,765463045085;-75,2674051129916
EBA;Evapo;1;Spatially adjusted;0,757551020408163;-80,2533563736863;-78,8097038599533;-78,4237702775706
EBA;Evapo;1;Spatially adjusted;0,777755102040816;-82,8382121263337;-81,4917070596985;-81,2686419494212
EBA;Evapo;1;Spatially adjusted;0,797959183673469;-85,1553627873486;-83,8416591122477;-83,8279779196048
EBA;Evapo;1;Spatially adjusted;0,818163265306122;-87,2291451832425;-85,8897464855277;-86,1277359791816
EBA;Evapo;1;Spatially adjusted;0,838367346938776;-89,0838961405279;-87,6661556474658;-88,1938739192124
EBA;Evapo;1;Spatially adjusted;0,858571428571429;-90,743952485717;-89,2010730659884;-90,0523495307577
EBA;Evapo;1;Spatially adjusted;0,878775510204082;-92,2336510453217;-90,5246852090222;-91,7291206048783
EBA;Evapo;1;Spatially adjusted;0,898979591836735;-93,5773286458539;-91,6671785444951;-93,2501449326351
EBA;Evapo;1;Spatially adjusted;0,919183673469388;-94,7993221138258;-92,6587395403333;-94,6413803050887
EBA;Evapo;1;Spatially adjusted;0,939387755102041;-95,9239682757491;-93,5295546644638;-95,9287845132992
EBA;Evapo;1;Spatially adjusted;0,959591836734694;-96,9756039581366;-94,3098103848138;-97,138315348328
EBA;Evapo;1;Spatially adjusted;0,979795918367347;-97,9785659874999;-95,0296931693097;-98,2959306012354
EBA;Evapo;1;Spatially adjusted;1;-98,9571911903513;-95,7193894858785;-99,4275880630819
EBA;Evapo;1;Current landscape;0,0264759249985218;41,1202045447221;54,7842446740147;66,79849781753
EBA;Evapo;1;Current landscape;0,0738543048501015;16,2030653779823;34,2798154711306;26,0173693950023
EBA;Evapo;1;Current landscape;0,12553845345974;59,3488718525191;62,2729811762135;61,2624627724529
EBA;Evapo;1;Current landscape;0,173312395811081;3,51143801411831;15,3837193759225;6,88380369145671
EBA;Evapo;1;Current landscape;0,221748277544975;19,4741314437133;23,2929419098314;8,54606627185331
EBA;Evapo;1;Current landscape;0,277452349662781;15,7990002849967;35,7678023975084;17,3787533537381
EBA;Evapo;1;Current landscape;0,328154027462006;0,983870485183388;20,4088084168686;0,0180519513485251
EBA;Evapo;1;Current landscape;0,37378990650177;-30,5092941404407;-8,38879731964084;-19,4607873599405
EBA;Evapo;1;Current landscape;0,425062909722328;-14,0773285640739;-1,42722544217168;-14,5929604164194
EBA;Evapo;1;Current landscape;0,475682467222214;-30,7708715821732;-13,9643050180862;-32,6718719945247
EBA;Evapo;1;Current landscape;0,52588164806366;-33,453847158542;-21,4206144500317;-50,2403126849406
EBA;Evapo;1;Current landscape;0,574860394001007;-41,7749199092725;-46,1055437283649;-60,6578729594446
EBA;Evapo;1;Current landscape;0,62554669380188;-61,6489651640777;-48,5718076231381;-64,3370098229555
EBA;Evapo;1;Current landscape;0,673297524452209;-72,0949865516088;-66,6305738405524;-73,9955207827488
EBA;Evapo;1;Current landscape;0,725764602422714;-75,3155360863427;-53,8480685106274;-69,6462005646847
EBA;Evapo;1;Current landscape;0,775600552558899;-69,6651471754649;-63,5541180839052;-56,4830769642144
EBA;Evapo;1;Current landscape;0,822354197502136;-96,4579759910114;-88,1932322493328;-94,7998312898405
EBA;Evapo;1;Current landscape;0,874902725219727;-81,6800357661305;-62,4498059317653;-80,5426651214198
EBA;Evapo;1;Current landscape;0,926092267036438;-102,822396422249;-67,1648610564221;-81,057628943732
EBA;Evapo;1;Current landscape;1;-119,481443262716;-85,118357283588;-91,4057821966901
EBA;Evapo;2;Spatially adjusted;0,01;132,553949247557;136,043845301364;137,561987402581
EBA;Evapo;2;Spatially adjusted;0,0302040816326531;127,168102229793;131,183046940279;132,349685203247
EBA;Evapo;2;Spatially adjusted;0,0504081632653061;121,770287587955;126,307388305795;127,126207295158
EBA;Evapo;2;Spatially adjusted;0,0706122448979592;116,348537697969;121,40200912451;121,880377969561
EBA;Evapo;2;Spatially adjusted;0,0908163265306122;110,890884935762;116,452049123028;116,601021517702
EBA;Evapo;2;Spatially adjusted;0,111020408163265;105,385361677261;111,442648027946;111,276962230827
EBA;Evapo;2;Spatially adjusted;0,131224489795918;99,8200002983899;106,358945565865;105,897024400183
EBA;Evapo;2;Spatially adjusted;0,151428571428571;94,1828331750771;101,186081463387;100,450032317013
EBA;Evapo;2;Spatially adjusted;0,171632653061224;88,4618926832477;95,90919544711;94,9248102725655
EBA;Evapo;2;Spatially adjusted;0,191836734693878;82,6452111988283;90,513427243636;89,3101825580859
EBA;Evapo;2;Spatially adjusted;0,212040816326531;76,7208210977456;84,9839165795645;83,5949734648202
EBA;Evapo;2;Spatially adjusted;0,232244897959184;70,6767547559246;79,305803181496;77,7680072840142
EBA;Evapo;2;Spatially adjusted;0,252448979591837;64,5010445492928;73,4642267760307;71,8181083069142
EBA;Evapo;2;Spatially adjusted;0,27265306122449;58,1817228537759;67,4443270897693;65,7341008247656
EBA;Evapo;2;Spatially adjusted;0,292857142857143;51,7068220453;61,2312438493114;59,5048091288147
EBA;Evapo;2;Spatially adjusted;0,313061224489796;45,0643744997919;54,8101167812579;53,1190575103076
EBA;Evapo;2;Spatially adjusted;0,333265306122449;38,2424125931773;48,1660856122085;46,5656702604899
EBA;Evapo;2;Spatially adjusted;0,353469387755102;31,2377146672013;41,2939046047038;39,841148755979
EBA;Evapo;2;Spatially adjusted;0,373673469387755;24,0820429268849;34,2267861650423;32,9727027148733
EBA;Evapo;2;Spatially adjusted;0,393877551020408;16,8159055430672;27,0075572354626;25,9952189406429
EBA;Evapo;2;Spatially adjusted;0,414081632653061;9,47981068658737;19,6790447582025;18,9435842367575
EBA;Evapo;2;Spatially adjusted;0,434285714285714;2,11426652828504;12,2840756755011;11,8526854066868
EBA;Evapo;2;Spatially adjusted;0,454489795918367;-5,24021876100073;4,8654769295963;4,75740925390119
EBA;Evapo;2;Spatially adjusted;0,47469387755102;-12,5431370104302;-2,53392453727315;-2,30735741813032
EBA;Evapo;2;Spatially adjusted;0,494897959183674;-19,7539800491643;-9,87130178286907;-9,3067278059375
EBA;Evapo;2;Spatially adjusted;0,515102040816327;-26,8322397063635;-17,103827864953;-16,2058151060503
EBA;Evapo;2;Spatially adjusted;0,53530612244898;-33,7374078111884;-24,1886758412863;-22,9697325149994
EBA;Evapo;2;Spatially adjusted;0,555510204081633;-40,4289761928001;-31,0830187696311;-29,5635932293146
EBA;Evapo;2;Spatially adjusted;0,575714285714286;-46,8664366803585;-37,7440297077483;-35,9525104455261
EBA;Evapo;2;Spatially adjusted;0,595918367346939;-53,0092811030249;-44,1288817134;-42,1015973601648
EBA;Evapo;2;Spatially adjusted;0,616122448979592;-58,8170012899595;-50,1947478443472;-47,97596716976
EBA;Evapo;2;Spatially adjusted;0,636326530612245;-64,2490890703232;-55,8988011583522;-53,5407330708422
EBA;Evapo;2;Spatially adjusted;0,656530612244898;-69,2650362732766;-61,1982147131764;-58,7610082599415
EBA;Evapo;2;Spatially adjusted;0,676734693877551;-73,8243347279799;-66,0501615665812;-63,6019059335886
EBA;Evapo;2;Spatially adjusted;0,696938775510204;-77,8984063433084;-70,4240598254894;-68,0386690088803
EBA;Evapo;2;Spatially adjusted;0,717142857142857;-81,5063933469908;-74,3383077934684;-72,087059285182
EBA;Evapo;2;Spatially adjusted;0,73734693877551;-84,6793680464702;-77,8235488232472;-75,7729682824268
EBA;Evapo;2;Spatially adjusted;0,757551020408163;-87,4484027491897;-80,9104262675537;-79,1222875205469
EBA;Evapo;2;Spatially adjusted;0,777755102040816;-89,8445697625923;-83,6295834791172;-82,1609085194755
EBA;Evapo;2;Spatially adjusted;0,797959183673469;-91,8989413941213;-86,0116638106658;-84,9147227991448
EBA;Evapo;2;Spatially adjusted;0,818163265306122;-93,6425899512196;-88,0873106149286;-87,4096218794873
EBA;Evapo;2;Spatially adjusted;0,838367346938776;-95,10658774133;-89,8871672446339;-89,6714972804364
EBA;Evapo;2;Spatially adjusted;0,858571428571429;-96,3220070718962;-91,4418770525101;-91,7262405219242
EBA;Evapo;2;Spatially adjusted;0,878775510204082;-97,3199202503611;-92,7820833912861;-93,5997431238834
EBA;Evapo;2;Spatially adjusted;0,898979591836735;-98,1313995841672;-93,9384296136905;-95,3178966062464
EBA;Evapo;2;Spatially adjusted;0,919183673469388;-98,7875173807583;-94,9415590724518;-96,9065924889469
EBA;Evapo;2;Spatially adjusted;0,939387755102041;-99,3193459475772;-95,8221151202988;-98,3917222919163
EBA;Evapo;2;Spatially adjusted;0,959591836734694;-99,7579575920668;-96,6107411099599;-99,7991775350877
EBA;Evapo;2;Spatially adjusted;0,979795918367347;-100,13442462167;-97,3380803941639;-101,154849738394
EBA;Evapo;2;Spatially adjusted;1;-100,47981934383;-98,0347763256391;-102,484630421768
EBA;Evapo;2;Current landscape;0,0267463121563196;43,2834499764176;51,4105590632469;52,8218456273487
EBA;Evapo;2;Current landscape;0,0766347721219063;44,9335510992546;65,3542938000976;61,8397616245425
EBA;Evapo;2;Current landscape;0,126133009791374;49,4230450420182;62,6385506130421;64,7898696477112
EBA;Evapo;2;Current landscape;0,173386260867119;38,148793913263;46,605194207116;37,417965982399
EBA;Evapo;2;Current landscape;0,227349802851677;21,3179721383765;28,3478880465316;12,3871760711672
EBA;Evapo;2;Current landscape;0,271961510181427;13,0938923519727;26,2121505203729;10,8549240368895
EBA;Evapo;2;Current landscape;0,325263500213623;-11,0109422340083;13,1758111864415;-1,32403732043849
EBA;Evapo;2;Current landscape;0,376199901103973;-13,9772921192803;7,19799479730727;-10,5329672503237
EBA;Evapo;2;Current landscape;0,425687491893768;-14,4071760896977;-5,48848568873427;-21,5932108768973
EBA;Evapo;2;Current landscape;0,47377821803093;-38,7471325532154;-24,7373977053999;-39,240560803979
EBA;Evapo;2;Current landscape;0,524874210357666;-47,6384850270943;-40,2601386449646;-38,8779809390842
EBA;Evapo;2;Current landscape;0,574676811695099;-85,5100934364693;-62,7158909925665;-66,4056721125298
EBA;Evapo;2;Current landscape;0,627372324466705;-81,615903904441;-53,9017900340382;-73,1858334268736
EBA;Evapo;2;Current landscape;0,674589037895203;-75,5602389342189;-55,405538983847;-60,4169645146838
EBA;Evapo;2;Current landscape;0,727228045463562;-100,232086812998;-70,5038942329172;-68,1052072666273
EBA;Evapo;2;Current landscape;0,773826718330383;-93,9009471233899;-76,6432276118328;-65,2955955848656
EBA;Evapo;2;Current landscape;0,824556827545166;-84,8128073393668;-66,5522721416708;-69,0067457093951
EBA;Evapo;2;Current landscape;0,878216505050659;-90,2553009615476;-66,6728794812582;-56,8262083779182
EBA;Evapo;2;Current landscape;0,925030767917633;-94,005518267302;-65,004031558228;-66,1667762625059
EBA;Evapo;2;Current landscape;1;-126,710141395052;-103,976754380663;-107,007258564854
EBA;Evapo;3;Spatially adjusted;0,01;133,7426420478;143,113868423874;141,840794587623
EBA;Evapo;3;Spatially adjusted;0,0302040816326531;127,501520367164;137,313854483106;135,762880393299
EBA;Evapo;3;Spatially adjusted;0,0504081632653061;121,258424019285;131,509438511089;129,680509740717
EBA;Evapo;3;Spatially adjusted;0,0706122448979592;115,011378336922;125,696218476577;123,58922617162
EBA;Evapo;3;Spatially adjusted;0,0908163265306122;108,758408652831;119,869792348322;117,484573227748
EBA;Evapo;3;Spatially adjusted;0,111020408163265;102,497540299772;114,025758095076;111,362094450845
EBA;Evapo;3;Spatially adjusted;0,131224489795918;96,2267986105012;108,159713685591;105,217333382652
EBA;Evapo;3;Spatially adjusted;0,151428571428571;89,9442089177771;102,267257088619;99,04583356491
EBA;Evapo;3;Spatially adjusted;0,171632653061224;83,6477965543568;96,3439862729128;92,8431385393633
EBA;Evapo;3;Spatially adjusted;0,191836734693878;77,3355868529986;90,3854992072243;86,6047918477523
EBA;Evapo;3;Spatially adjusted;0,212040816326531;71,0056051464601;84,3873938603058;80,32633703182
EBA;Evapo;3;Spatially adjusted;0,232244897959184;64,6558767674987;78,3452682009092;74,0033176333077
EBA;Evapo;3;Spatially adjusted;0,252448979591837;58,2844270488724;72,2547201977873;67,6312771939579
EBA;Evapo;3;Spatially adjusted;0,27265306122449;51,8892813233392;66,1113478196921;61,205759255512
EBA;Evapo;3;Spatially adjusted;0,292857142857143;45,4684649236565;59,9107490353756;54,7223073597129
EBA;Evapo;3;Spatially adjusted;0,313061224489796;39,0200031825818;53,6485218135904;48,1764650483024
EBA;Evapo;3;Spatially adjusted;0,333265306122449;32,5419214328731;47,3202641230882;41,5637758630219
EBA;Evapo;3;Spatially adjusted;0,353469387755102;26,035688034086;40,9254945754096;34,8846377013069
EBA;Evapo;3;Spatially adjusted;0,373673469387755;19,5165434529672;34,4794143532472;28,158865883365
EBA;Evapo;3;Spatially adjusted;0,393877551020408;13,0031711830604;28,0011452820804;21,4111300850966
EBA;Evapo;3;Spatially adjusted;0,414081632653061;6,51425471790981;21,5098091873897;14,6660999824021
EBA;Evapo;3;Spatially adjusted;0,434285714285714;0,0684775510601412;15,0245278946561;7,94844525118197
EBA;Evapo;3;Spatially adjusted;0,454489795918367;-6,31547682394466;8,56442322935936;1,28283556733686
EBA;Evapo;3;Spatially adjusted;0,47469387755102;-12,6189249135603;2,14861701697919;-5,30605939323255
EBA;Evapo;3;Spatially adjusted;0,494897959183674;-18,8231832242425;-4,20376891700312;-11,7935699546263
EBA;Evapo;3;Spatially adjusted;0,515102040816327;-24,909568262447;-10,4736127471085;-18,1550264409439
EBA;Evapo;3;Spatially adjusted;0,53530612244898;-30,8593965346299;-16,6417926478555;-24,365759176284
EBA;Evapo;3;Spatially adjusted;0,555510204081633;-36,6539845472466;-22,6891867937648;-30,4010984847469
EBA;Evapo;3;Spatially adjusted;0,575714285714286;-42,274648806753;-28,5966733593552;-36,2363746904316
EBA;Evapo;3;Spatially adjusted;0,595918367346939;-47,702705819605;-34,3451305191475;-41,8469181174382
EBA;Evapo;3;Spatially adjusted;0,616122448979592;-52,9194720922581;-39,9154364476603;-47,2080590898656
EBA;Evapo;3;Spatially adjusted;0,636326530612245;-57,9062641311682;-45,2884693194144;-52,2951279318138
EBA;Evapo;3;Spatially adjusted;0,656530612244898;-62,6443984427906;-50,4451073089288;-57,0834549673816
EBA;Evapo;3;Spatially adjusted;0,676734693877551;-67,1151915335822;-55,366228590724;-61,5483705206696
EBA;Evapo;3;Spatially adjusted;0,696938775510204;-71,3060532496963;-60,0385507949532;-65,6729423738238
EBA;Evapo;3;Spatially adjusted;0,717142857142857;-75,2287667960839;-64,4721493743073;-69,4711881411838
EBA;Evapo;3;Spatially adjusted;0,73734693877551;-78,9012087173921;-68,6829392371117;-72,964862895135
EBA;Evapo;3;Spatially adjusted;0,757551020408163;-82,3412555582704;-72,6868352916911;-76,1757217080647
EBA;Evapo;3;Spatially adjusted;0,777755102040816;-85,5667838633667;-76,4997524463704;-79,1255196523584
EBA;Evapo;3;Spatially adjusted;0,797959183673469;-88,5956701773298;-80,1376056094753;-81,8360118004027
EBA;Evapo;3;Spatially adjusted;0,818163265306122;-91,445791044808;-83,6163096893297;-84,328953224584
EBA;Evapo;3;Spatially adjusted;0,838367346938776;-94,1350230104499;-86,9517795942593;-86,6260989972884
EBA;Evapo;3;Spatially adjusted;0,858571428571429;-96,6812426189038;-90,1599302325888;-88,7492041909027
EBA;Evapo;3;Spatially adjusted;0,878775510204082;-99,1023264148184;-93,2566765126435;-90,7200238778123
EBA;Evapo;3;Spatially adjusted;0,898979591836735;-101,416150942842;-96,257933342748;-92,5603131304042
EBA;Evapo;3;Spatially adjusted;0,919183673469388;-103,640592747624;-99,179615631228;-94,2918270210648
EBA;Evapo;3;Spatially adjusted;0,939387755102041;-105,793528373811;-102,037638286408;-95,9363206221799
EBA;Evapo;3;Spatially adjusted;0,959591836734694;-107,892834366053;-104,847916216612;-97,5155490061363
EBA;Evapo;3;Spatially adjusted;0,979795918367347;-109,956387268998;-107,626364330167;-99,0512672453201
EBA;Evapo;3;Spatially adjusted;1;-112,002063627295;-110,388897535397;-100,565230412117
EBA;Evapo;3;Current landscape;0,0298547111451626;43,3319392371327;49,9111750366028;43,552583569852
EBA;Evapo;3;Current landscape;0,0749285966157913;65,2747644837568;78,9740479810521;72,6891622216474
EBA;Evapo;3;Current landscape;0,12529231607914;62,2698674624012;71,722997249359;62,0066935632794
EBA;Evapo;3;Current landscape;0,173414289951324;36,1082338881254;48,793127646717;32,8749373561855
EBA;Evapo;3;Current landscape;0,224100098013878;11,083856713539;34,7176397072349;20,6147086887929
EBA;Evapo;3;Current landscape;0,272221267223358;2,35148110263981;23,8235383011909;4,0155905402728
EBA;Evapo;3;Current landscape;0,328309506177902;-14,2452838951099;13,4122517248436;-9,48528356175052
EBA;Evapo;3;Current landscape;0,37376269698143;-4,93600753732426;18,3461410954524;-2,99571889667755
EBA;Evapo;3;Current landscape;0,42397004365921;2,14745474886558;10,6573222330778;5,44878337065848
EBA;Evapo;3;Current landscape;0,477659910917282;-22,4863396903663;-4,83767170234341;-27,4038859632326
EBA;Evapo;3;Current landscape;0,521741688251495;-44,5638571440677;-35,2099312056962;-47,8158775495879
EBA;Evapo;3;Current landscape;0,574676811695099;-61,8419151829228;-35,7543480045736;-63,8619262157752
EBA;Evapo;3;Current landscape;0,623637020587921;-66,300781870734;-33,2965111686597;-72,3583449647208
EBA;Evapo;3;Current landscape;0,674706548452377;-76,8380228470571;-35,0226749738438;-60,3280988415947
EBA;Evapo;3;Current landscape;0,727081894874573;-76,0491574041705;-39,9165581203704;-61,3242846344501
EBA;Evapo;3;Current landscape;0,775284975767136;-85,3029205797723;-65,5281854648592;-65,2948016371947
EBA;Evapo;3;Current landscape;0,825171828269958;-84,3041012625447;-73,7255040577422;-70,7719974686349
EBA;Evapo;3;Current landscape;0,878825128078461;-105,731582006032;-92,2555512062586;-91,7743383672364
EBA;Evapo;3;Current landscape;0,92727142572403;-101,266275968445;-66,0417888861182;-74,1435754178692
EBA;Evapo;3;Current landscape;1;-116,31394284603;-101,526596060859;-93,851800637045
EBA;Evapo;4;Spatially adjusted;0,01;137,952155908389;145,546492130348;144,897682158048
EBA;Evapo;4;Spatially adjusted;0,0302040816326531;132,053244226696;140,215918852788;139,303497105086
EBA;Evapo;4;Spatially adjusted;0,0504081632653061;126,14630092849;134,872003170737;133,69869204078
EBA;Evapo;4;Spatially adjusted;0,0706122448979592;120,223294397255;129,501402679701;128,072646953788
EBA;Evapo;4;Spatially adjusted;0,0908163265306122;114,276193016479;124,09077497519;122,414741832765
EBA;Evapo;4;Spatially adjusted;0,111020408163265;108,296965169648;118,626777652711;116,714356666368
EBA;Evapo;4;Spatially adjusted;0,131224489795918;102,277579240248;113,096068307772;110,960871443254
EBA;Evapo;4;Spatially adjusted;0,151428571428571;96,2100036117649;107,485304535883;105,143666152078
EBA;Evapo;4;Spatially adjusted;0,171632653061224;90,0862066676855;101,781143932549;99,2521207814989
EBA;Evapo;4;Spatially adjusted;0,191836734693878;83,8981567914953;95,9702440932806;93,2756153201715
EBA;Evapo;4;Spatially adjusted;0,212040816326531;77,6378223666809;90,0392626135845;87,2035297567527
EBA;Evapo;4;Spatially adjusted;0,232244897959184;71,2971717767282;83,9748570889694;81,0252440798993
EBA;Evapo;4;Spatially adjusted;0,252448979591837;64,868173405124;77,7636851149432;74,7301382782675
EBA;Evapo;4;Spatially adjusted;0,27265306122449;58,3427956353535;71,3924042870142;68,3075923405143
EBA;Evapo;4;Spatially adjusted;0,292857142857143;51,7130068509036;64,8476722006901;61,7469862552957
EBA;Evapo;4;Spatially adjusted;0,313061224489796;44,9707754352608;58,1161464514794;55,0377000112683
EBA;Evapo;4;Spatially adjusted;0,333265306122449;38,1080697719106;51,1844846348897;48,1691135970887
EBA;Evapo;4;Spatially adjusted;0,353469387755102;31,1238118101244;44,0482839630265;41,1381337787966
EBA;Evapo;4;Spatially adjusted;0,373673469387755;24,0447377623148;36,7389001143811;33,9717744319635
EBA;Evapo;4;Spatially adjusted;0,393877551020408;16,9045374066786;29,2966283840431;26,7045762095443
EBA;Evapo;4;Spatially adjusted;0,414081632653061;9,73690052141319;21,7617640671001;19,3710797644928
EBA;Evapo;4;Spatially adjusted;0,434285714285714;2,57551688471631;14,1746024586416;12,0058257497649
EBA;Evapo;4;Spatially adjusted;0,454489795918367;-4,54592372521506;6,5754388537564;4,64335481831472
EBA;Evapo;4;Spatially adjusted;0,47469387755102;-11,593731530184;-0,995431452466846;-2,68179237690333
EBA;Evapo;4;Spatially adjusted;0,494897959183674;-18,5342167519923;-8,4977131649398;-9,93507518293427
EBA;Evapo;4;Spatially adjusted;0,515102040816327;-25,3336896124438;-15,8911109885732;-17,0819529468233
EBA;Evapo;4;Spatially adjusted;0,53530612244898;-31,9584603333401;-23,1353296282789;-24,0878850156162
EBA;Evapo;4;Spatially adjusted;0,555510204081633;-38,3748391364848;-30,1900737889673;-30,918330736358
EBA;Evapo;4;Spatially adjusted;0,575714285714286;-44,5491362436801;-37,0150481755504;-37,5387494560941
EBA;Evapo;4;Spatially adjusted;0,595918367346939;-50,447661876729;-43,5699574929392;-43,9146005218702
EBA;Evapo;4;Spatially adjusted;0,616122448979592;-56,0367262574337;-49,8145064460448;-50,0113432807307
EBA;Evapo;4;Spatially adjusted;0,636326530612245;-61,2826396075975;-55,7083997397785;-55,7944370797216
EBA;Evapo;4;Spatially adjusted;0,656530612244898;-66,1517121490224;-61,2113420790518;-61,2293412658878
EBA;Evapo;4;Spatially adjusted;0,676734693877551;-70,610254103512;-66,2830381687757;-66,2815151862751
EBA;Evapo;4;Spatially adjusted;0,696938775510204;-74,6348179513716;-70,8948204874662;-70,9265215354917
EBA;Evapo;4;Spatially adjusted;0,717142857142857;-78,2429252069189;-75,0645326080587;-75,1803363983952
EBA;Evapo;4;Spatially adjusted;0,73734693877551;-81,4623396429745;-78,821645877093;-79,0690392074068
EBA;Evapo;4;Spatially adjusted;0,757551020408163;-84,3208250323598;-82,1956316411088;-82,618709394947
EBA;Evapo;4;Spatially adjusted;0,777755102040816;-86,8461451478952;-85,2159612466457;-85,855426393437
EBA;Evapo;4;Spatially adjusted;0,797959183673469;-89,0660637624017;-87,9121060402445;-88,8052696352975
EBA;Evapo;4;Spatially adjusted;0,818163265306122;-91,0083446487001;-90,313537368444;-91,4943185529494
EBA;Evapo;4;Spatially adjusted;0,838367346938776;-92,7007515796113;-92,4497265777852;-93,9486525788141
EBA;Evapo;4;Spatially adjusted;0,858571428571429;-94,1710483279553;-94,3501450148069;-96,1943511453112
EBA;Evapo;4;Spatially adjusted;0,878775510204082;-95,4469986665542;-96,0442640260496;-98,2574936848625
EBA;Evapo;4;Spatially adjusted;0,898979591836735;-96,5563663682281;-97,561554958053;-100,164159629889
EBA;Evapo;4;Spatially adjusted;0,919183673469388;-97,5269152057979;-98,931489157357;-101,940428412811
EBA;Evapo;4;Spatially adjusted;0,939387755102041;-98,3864089520846;-100,183537970501;-103,61237946605
EBA;Evapo;4;Spatially adjusted;0,959591836734694;-99,1626113799084;-101,347172744026;-105,206092222025
EBA;Evapo;4;Spatially adjusted;0,979795918367347;-99,8832862620909;-102,451864824472;-106,74764611316
EBA;Evapo;4;Spatially adjusted;1;-100,576197371453;-103,527085558377;-108,263120571873
EBA;Evapo;4;Current landscape;0,026920149102807;53,7175053391429;80,6958225031633;75,1267473036805
EBA;Evapo;4;Current landscape;0,0757830440998077;30,2159248464241;49,9592331658619;49,8612745873475
EBA;Evapo;4;Current landscape;0,124287873506546;53,2371016968277;72,9305381140555;73,9565655842762
EBA;Evapo;4;Current landscape;0,173063263297081;33,839485303178;48,7556036809422;40,1310528413223
EBA;Evapo;4;Current landscape;0,224816054105759;40,5831821736942;53,0671244012249;41,7719714338114
EBA;Evapo;4;Current landscape;0,277890413999557;13,5950589967026;29,6255197065698;23,6474094974415
EBA;Evapo;4;Current landscape;0,325290352106094;3,09570419052466;21,2122047884841;17,4303782131994
EBA;Evapo;4;Current landscape;0,37559799849987;-8,43220313445409;-9,44198537126567;-12,2508375246623
EBA;Evapo;4;Current landscape;0,424676120281219;-22,1138268247314;-1,32929704385379;-23,9731445208072
EBA;Evapo;4;Current landscape;0,475879654288292;-46,8304951078169;-17,1273793779703;-32,4239931572693
EBA;Evapo;4;Current landscape;0,525643229484558;-62,5202205761575;-36,9659744567407;-51,2746918463868
EBA;Evapo;4;Current landscape;0,575827330350875;-53,4531084701257;-43,4569037436691;-46,6830812377104
EBA;Evapo;4;Current landscape;0,622234135866166;-72,521512022302;-56,3302247981783;-55,3456146849826
EBA;Evapo;4;Current landscape;0,674365907907486;-90,9102672071119;-80,8238990126802;-82,943693112237
EBA;Evapo;4;Current landscape;0,725852578878403;-103,349885184082;-77,2646210777689;-71,3583084736972
EBA;Evapo;4;Current landscape;0,776193350553513;-87,7557468543239;-74,1298836517631;-73,3250068015821
EBA;Evapo;4;Current landscape;0,823773682117462;-79,7542255421577;-71,7822433174802;-82,0458810709256
EBA;Evapo;4;Current landscape;0,873191952705383;-84,3280140910117;-77,1748691150742;-79,3873491922425
EBA;Evapo;4;Current landscape;0,921613991260529;-97,4513955938614;-63,517087745428;-81,2933128715467
EBA;Evapo;4;Current landscape;1;-108,836851245577;-81,8787055005284;-81,7264162728984
EBA;Evapo;5;Spatially adjusted;0,01;120,28755228896;128,85634244126;129,361597769642
EBA;Evapo;5;Spatially adjusted;0,0302040816326531;115,326959595007;124,302087900784;124,142275532768
EBA;Evapo;5;Spatially adjusted;0,0504081632653061;110,355697348314;119,732504703182;118,912833072894
EBA;Evapo;5;Spatially adjusted;0,0706122448979592;105,363095996142;115,132264191326;113,66315016702
EBA;Evapo;5;Spatially adjusted;0,0908163265306122;100,338485985751;110,48603770809;108,383106592144
EBA;Evapo;5;Spatially adjusted;0,111020408163265;95,2711977644008;105,778496596348;103,062582125266
EBA;Evapo;5;Spatially adjusted;0,131224489795918;90,1505617793523;100,994312198972;97,691456543386
EBA;Evapo;5;Spatially adjusted;0,151428571428571;84,9659084778664;96,118155858836;92,2596096235034
EBA;Evapo;5;Spatially adjusted;0,171632653061224;79,7065683072021;91,1346989188132;86,7569211426176
EBA;Evapo;5;Spatially adjusted;0,191836734693878;74,3618717146212;86,0286127217771;81,1732708777286
EBA;Evapo;5;Spatially adjusted;0,212040816326531;68,9211491473825;80,7845686106007;75,4985386058356
EBA;Evapo;5;Spatially adjusted;0,232244897959184;63,3737310527479;75,3872379281577;69,722604103938
EBA;Evapo;5;Spatially adjusted;0,252448979591837;57,7089478779765;69,821292017321;63,8353471490359
EBA;Evapo;5;Spatially adjusted;0,27265306122449;51,9161300703288;64,0714022209643;57,8266475181288
EBA;Evapo;5;Spatially adjusted;0,292857142857143;45,984608077066;58,1222398819607;51,6863849882154
EBA;Evapo;5;Spatially adjusted;0,313061224489796;39,9037123454475;51,9584763431835;45,4044393362965
EBA;Evapo;5;Spatially adjusted;0,333265306122449;33,662773322734;45,5647829475063;38,9706903393708
EBA;Evapo;5;Spatially adjusted;0,353469387755102;27,2590901748581;38,9355374834088;32,3824419119515
EBA;Evapo;5;Spatially adjusted;0,373673469387755;20,7218369424415;32,1039435217979;25,6666945186034
EBA;Evapo;5;Spatially adjusted;0,393877551020408;14,088156384779;25,1129110791874;18,8578727614054
EBA;Evapo;5;Spatially adjusted;0,414081632653061;7,39519126116443;18,0053501720909;11,9904012424354
EBA;Evapo;5;Spatially adjusted;0,434285714285714;0,680084330891759;10,8241708170215;5,09870456377257
EBA;Evapo;5;Spatially adjusted;0,454489795918367;-6,02002164674423;3,61228303049302;-1,78279267250514
EBA;Evapo;5;Spatially adjusted;0,47469387755102;-12,6679839124497;-3,58740317098068;-8,61966586431936
EBA;Evapo;5;Spatially adjusted;0,494897959183674;-19,2266597069304;-10,731977770886;-15,3774904095912
EBA;Evapo;5;Spatially adjusted;0,515102040816327;-25,6589062708922;-17,7785307527097;-22,0218417062431
EBA;Evapo;5;Spatially adjusted;0,53530612244898;-31,9275808450404;-24,6841520999383;-28,5182951521956
EBA;Evapo;5;Spatially adjusted;0,555510204081633;-37,9955406700813;-31,405931796058;-34,8324261453709
EBA;Evapo;5;Spatially adjusted;0,575714285714286;-43,8256429867204;-37,900959824555;-40,9298100836904
EBA;Evapo;5;Spatially adjusted;0,595918367346939;-49,3807450356635;-44,126326168916;-46,7760223650757
EBA;Evapo;5;Spatially adjusted;0,616122448979592;-54,6237040576166;-50,0391208126275;-52,3366383874484
EBA;Evapo;5;Spatially adjusted;0,636326530612245;-59,5173772932853;-55,5964337391754;-57,5772335487295
EBA;Evapo;5;Spatially adjusted;0,656530612244898;-64,0246219833753;-60,7553549320469;-62,4633832468417
EBA;Evapo;5;Spatially adjusted;0,676734693877551;-68,1082953685927;-65,4729743747278;-66,9606628797058
EBA;Evapo;5;Spatially adjusted;0,696938775510204;-71,7422442543605;-69,7185775926935;-71,0447945983742
EBA;Evapo;5;Spatially adjusted;0,717142857142857;-74,9442737049715;-73,5102322793746;-74,7320875664245
EBA;Evapo;5;Spatially adjusted;0,73734693877551;-77,7431783494362;-76,8782016701896;-78,0489977005639
EBA;Evapo;5;Spatially adjusted;0,757551020408163;-80,1677528167656;-79,8527490005572;-81,0219809175007
EBA;Evapo;5;Spatially adjusted;0,777755102040816;-82,2467917359695;-82,4641375058973;-83,6774931339428
EBA;Evapo;5;Spatially adjusted;0,797959183673469;-84,0090897360585;-84,7426304216281;-86,0419902665981
EBA;Evapo;5;Spatially adjusted;0,818163265306122;-85,4834414460431;-86,718490983169;-88,1419282321742
EBA;Evapo;5;Spatially adjusted;0,838367346938776;-86,698641494934;-88,421982425939;-90,0037629473795
EBA;Evapo;5;Spatially adjusted;0,858571428571429;-87,6834845117412;-89,8833679853572;-91,6539503289212
EBA;Evapo;5;Spatially adjusted;0,878775510204082;-88,4667651254752;-91,1329108968421;-93,1189462935076
EBA;Evapo;5;Spatially adjusted;0,898979591836735;-89,0772779651468;-92,2008743958131;-94,425206757847
EBA;Evapo;5;Spatially adjusted;0,919183673469388;-89,5438176597661;-93,1175217176894;-95,5991876386465
EBA;Evapo;5;Spatially adjusted;0,939387755102041;-89,8951788383436;-93,9131160978893;-96,6673448526149
EBA;Evapo;5;Spatially adjusted;0,959591836734694;-90,1601561298899;-94,6179207718326;-97,656134316459
EBA;Evapo;5;Spatially adjusted;0,979795918367347;-90,3675441634152;-95,2621989749377;-98,5920119468876
EBA;Evapo;5;Spatially adjusted;1;-90,5461375679302;-95,8762139426237;-99,5014336606084
EBA;Evapo;5;Current landscape;0,026992179453373;23,2547068086171;31,7137120878174;16,5991485182801
EBA;Evapo;5;Current landscape;0,0773817300796509;39,7121360824608;49,2379870471962;47,436094676528
EBA;Evapo;5;Current landscape;0,124661631882191;31,6355081000129;45,0345068670529;31,6198318522745
EBA;Evapo;5;Current landscape;0,1757722645998;33,6800850619513;46,4484154753977;33,2982145673502
EBA;Evapo;5;Current landscape;0,222421377897263;16,6362674267489;35,3092692760447;22,7872239160777
EBA;Evapo;5;Current landscape;0,274895519018173;1,68074408958955;13,210525626414;-0,742108864536021
EBA;Evapo;5;Current landscape;0,324432194232941;-2,26100324445974;8,60158286514934;-6,56400335982517
EBA;Evapo;5;Current landscape;0,374708652496338;-14,9103774499888;2,0999725064878;-27,1594196865888
EBA;Evapo;5;Current landscape;0,425047054886818;-25,6569673105371;-14,9837729721414;-29,2922826766842
EBA;Evapo;5;Current landscape;0,477735906839371;-43,5361114857476;-17,3438749118072;-43,0751223836053
EBA;Evapo;5;Current landscape;0,525007903575897;-60,9749175545351;-39,7963654872403;-55,8763448769903
EBA;Evapo;5;Current landscape;0,57422548532486;-54,3506778588774;-52,700254436445;-62,41051929798
EBA;Evapo;5;Current landscape;0,621016323566437;-67,8599619640138;-48,5110451687756;-57,7591464266514
EBA;Evapo;5;Current landscape;0,675955057144165;-72,0649948824464;-45,8669299254407;-63,8033215040434
EBA;Evapo;5;Current landscape;0,725147753953934;-88,409282967953;-50,853379910295;-66,9469244423915
EBA;Evapo;5;Current landscape;0,774428546428681;-82,9823788360332;-68,1889746071834;-67,7643680213239
EBA;Evapo;5;Current landscape;0,821750462055206;-72,4937198127182;-66,8853531113696;-60,0830568413926
EBA;Evapo;5;Current landscape;0,877045512199402;-81,4275909634412;-80,8849474581134;-78,3642066185914
EBA;Evapo;5;Current landscape;0,925860285758972;-91,389161932279;-61,8127847587266;-90,5339787663124
EBA;Evapo;5;Current landscape;1;-108,201882899983;-100,331742734866;-110,133953388371
EBA;Evapo;6;Spatially adjusted;0,01;124,363220342897;131,092835829128;132,915121322582
EBA;Evapo;6;Spatially adjusted;0,0302040816326531;119,351338727441;126,359559701599;127,400228987175
EBA;Evapo;6;Spatially adjusted;0,0504081632653061;114,329157862833;121,612822113381;121,877169031397
EBA;Evapo;6;Spatially adjusted;0,0706122448979592;109,286378499924;116,839161603785;116,337773834875
EBA;Evapo;6;Spatially adjusted;0,0908163265306122;104,212701389559;112,025116712122;110,773875777239
EBA;Evapo;6;Spatially adjusted;0,111020408163265;99,0978272825894;107,157225977704;105,177307238118
EBA;Evapo;6;Spatially adjusted;0,131224489795918;93,9314569298626;102,222027939841;99,5399005971399
EBA;Evapo;6;Spatially adjusted;0,151428571428571;88,7032910822275;97,206061137844;93,8534882339331
EBA;Evapo;6;Spatially adjusted;0,171632653061224;83,4030304905327;92,0958641110246;88,1099025281262
EBA;Evapo;6;Spatially adjusted;0,191836734693878;78,0203759056269;86,8779753986937;82,3009758593485
EBA;Evapo;6;Spatially adjusted;0,212040816326531;72,5450280783587;81,5389335401619;76,4185406072281
EBA;Evapo;6;Spatially adjusted;0,232244897959184;66,966687759576;76,0652770747408;70,4544291513935
EBA;Evapo;6;Spatially adjusted;0,252448979591837;61,2750557001286;70,4435445417414;64,4004738714732
EBA;Evapo;6;Spatially adjusted;0,27265306122449;55,4598326508644;64,6602744804745;58,2485071470962
EBA;Evapo;6;Spatially adjusted;0,292857142857143;49,5107193626323;58,7020054302514;51,9903613578911
EBA;Evapo;6;Spatially adjusted;0,313061224489796;43,4174165862808;52,5552759303832;45,6178688834862
EBA;Evapo;6;Spatially adjusted;0,333265306122449;37,1696250726584;46,2066245201804;39,1228621035102
EBA;Evapo;6;Spatially adjusted;0,353469387755102;30,7646761384133;39,6514279386522;32,5041003958822
EBA;Evapo;6;Spatially adjusted;0,373673469387755;24,2304233633931;32,9204157235956;25,7880511316846
EBA;Evapo;6;Spatially adjusted;0,393877551020408;17,6023508932453;26,0531556125056;19,0081086802911
EBA;Evapo;6;Spatially adjusted;0,414081632653061;10,9159428736161;19,0892153428777;12,1976674110733
EBA;Evapo;6;Spatially adjusted;0,434285714285714;4,20668345015292;12,0681626522062;5,39012169340504
EBA;Evapo;6;Spatially adjusted;0,454489795918367;-2,48994323149736;5,02956527798619;-1,38113410334108
EBA;Evapo;6;Spatially adjusted;0,47469387755102;-9,13845302568711;-1,98700904228713;-8,08270560979145
EBA;Evapo;6;Spatially adjusted;0,494897959183674;-15,7033617867694;-8,94199257111882;-14,6811984565736
EBA;Evapo;6;Spatially adjusted;0,515102040816327;-22,1491853690982;-15,7958175710146;-21,1432182743147
EBA;Evapo;6;Spatially adjusted;0,53530612244898;-28,4404396270252;-22,5089163044786;-27,4353706936415
EBA;Evapo;6;Spatially adjusted;0,555510204081633;-34,5416404149039;-29,0417210340163;-33,5242613451812
EBA;Evapo;6;Spatially adjusted;0,575714285714286;-40,4173035870872;-35,3546640221332;-39,3764958595607
EBA;Evapo;6;Spatially adjusted;0,595918367346939;-46,0319449979281;-41,408177531333;-44,9586798674072
EBA;Evapo;6;Spatially adjusted;0,616122448979592;-51,3500805017795;-47,1626938241222;-50,2374189993475
EBA;Evapo;6;Spatially adjusted;0,636326530612245;-56,336225952994;-52,5786451630054;-55,1793188860088
EBA;Evapo;6;Spatially adjusted;0,656530612244898;-60,9548972059249;-57,6164638104874;-59,750985158018
EBA;Evapo;6;Spatially adjusted;0,676734693877551;-65,1706101149255;-62,2365820290731;-63,9190234460025
EBA;Evapo;6;Spatially adjusted;0,696938775510204;-68,9583616678888;-66,4107899142507;-67,6601574249987
EBA;Evapo;6;Spatially adjusted;0,717142857142857;-72,3350733868731;-70,1563088934365;-70,9915829476845
EBA;Evapo;6;Spatially adjusted;0,73734693877551;-75,3281479274772;-73,5017182270301;-73,9406139111472
EBA;Evapo;6;Spatially adjusted;0,757551020408163;-77,9649879452989;-76,4755971754314;-76,5345642124737
EBA;Evapo;6;Spatially adjusted;0,777755102040816;-80,2729960959375;-79,1065249990395;-78,8007477487522
EBA;Evapo;6;Spatially adjusted;0,797959183673469;-82,2795750349913;-81,4230809582537;-80,7664784170693
EBA;Evapo;6;Spatially adjusted;0,818163265306122;-84,0121274180592;-83,4538443134734;-82,4590701145126
EBA;Evapo;6;Spatially adjusted;0,838367346938776;-85,4980559007393;-85,2273943250982;-83,9058367381697
EBA;Evapo;6;Spatially adjusted;0,858571428571429;-86,7647631386308;-86,7723102535276;-85,1340921851279
EBA;Evapo;6;Spatially adjusted;0,878775510204082;-87,8396517873316;-88,1171713591609;-86,1711503524744
EBA;Evapo;6;Spatially adjusted;0,898979591836735;-88,7501245024414;-89,2905569023978;-87,0443251372967
EBA;Evapo;6;Spatially adjusted;0,919183673469388;-89,5235839395575;-90,3210461436374;-87,7809304366822
EBA;Evapo;6;Spatially adjusted;0,939387755102041;-90,1874327542796;-91,2372183432794;-88,4082801477182
EBA;Evapo;6;Spatially adjusted;0,959591836734694;-90,7690736022057;-92,0676527617227;-88,9536881674917
EBA;Evapo;6;Spatially adjusted;0,979795918367347;-91,2959091389346;-92,8409286593676;-89,4444683930908
EBA;Evapo;6;Spatially adjusted;1;-91,7953420200647;-93,5856252966128;-89,9079347216025
EBA;Evapo;6;Current landscape;0,0272884853184223;45,9385109410371;52,6013274404311;43,9337664184184
EBA;Evapo;6;Current landscape;0,0777871161699295;60,1293761693701;73,9506541074186;62,3206034603247
EBA;Evapo;6;Current landscape;0,12553845345974;47,957992381015;57,7003811600059;50,1030350579867
EBA;Evapo;6;Current landscape;0,174182035028934;44,7303496935713;57,3641308935914;36,085859289145
EBA;Evapo;6;Current landscape;0,2282405346632;36,2243646861439;51,0623539848355;27,5718037982736
EBA;Evapo;6;Current landscape;0,277589976787567;10,4738907280268;19,8828625915091;16,2378704218665
EBA;Evapo;6;Current landscape;0,32613417506218;-7,26969452886988;4,02356217067836;0,602951272018572
EBA;Evapo;6;Current landscape;0,375448673963547;-17,5229187832454;1,76873876025888;-3,22170435341582
EBA;Evapo;6;Current landscape;0,426379889249802;-34,5493119472765;-25,6104356714729;-36,012292099336
EBA;Evapo;6;Current landscape;0,474605619907379;-38,1495387803248;-36,3527982356923;-46,5333425492263
EBA;Evapo;6;Current landscape;0,525739967823029;-51,6379731528925;-50,4122376400369;-50,6468831534776
EBA;Evapo;6;Current landscape;0,575711607933044;-59,3213814496346;-46,2018869535439;-65,9161937167942
EBA;Evapo;6;Current landscape;0,625186383724213;-83,2945900742875;-47,2083344119847;-80,0110697488751
EBA;Evapo;6;Current landscape;0,676052212715149;-92,7961189959449;-67,467183681872;-76,661365605356
EBA;Evapo;6;Current landscape;0,724943995475769;-85,5711868300584;-64,2141388245325;-82,1152821834019
EBA;Evapo;6;Current landscape;0,774034440517426;-73,3639450973062;-42,4585420481913;-58,049800341955
EBA;Evapo;6;Current landscape;0,823868751525879;-94,3527160049311;-66,5651425391211;-66,7093801464037
EBA;Evapo;6;Current landscape;0,876938760280609;-107,259162883327;-76,9308367268029;-76,0313310402721
EBA;Evapo;6;Current landscape;0,929103553295135;-106,038145246058;-87,4303365551978;-99,1086094932766
EBA;Evapo;6;Current landscape;1;-127,794435457448;-105,453848536841;-81,0128133316186
EBA;Evapo;7;Spatially adjusted;0,01;128,327719571253;138,307235065677;144,051462021243
EBA;Evapo;7;Spatially adjusted;0,0302040816326531;123,570011852946;133,561640517288;138,291763205714
EBA;Evapo;7;Spatially adjusted;0,0504081632653061;118,799283919213;128,80099008798;132,521033828416
EBA;Evapo;7;Spatially adjusted;0,0706122448979592;114,002515554625;124,010227896831;126,728243327578
EBA;Evapo;7;Spatially adjusted;0,0908163265306122;109,166686543755;119,174298062923;120,902361141431
EBA;Evapo;7;Spatially adjusted;0,111020408163265;104,278776671176;114,278144705335;115,032356708207
EBA;Evapo;7;Spatially adjusted;0,131224489795918;99,325765721461;109,306711943148;109,107199466134
EBA;Evapo;7;Spatially adjusted;0,151428571428571;94,2946334791823;104,244943895442;103,115858853444
EBA;Evapo;7;Spatially adjusted;0,171632653061224;89,1723597289131;99,0777846812962;97,0473043083673
EBA;Evapo;7;Spatially adjusted;0,191836734693878;83,9459242552252;93,7901784197913;90,8905052691337
EBA;Evapo;7;Spatially adjusted;0,212040816326531;78,6023068426923;88,3670692300075;84,6344311739742
EBA;Evapo;7;Spatially adjusted;0,232244897959184;73,128487275887;82,7934012310245;78,2680514611188
EBA;Evapo;7;Spatially adjusted;0,252448979591837;67,5114453393817;77,0541185419231;71,7803355687984
EBA;Evapo;7;Spatially adjusted;0,27265306122449;61,7381608177493;71,1341652817828;65,1602529352433
EBA;Evapo;7;Spatially adjusted;0,292857142857143;55,7956134955623;65,0184855696841;58,3967729986835
EBA;Evapo;7;Spatially adjusted;0,313061224489796;49,670783157394;58,6920235247069;51,4788651973499
EBA;Evapo;7;Spatially adjusted;0,333265306122449;43,3506495878169;52,1397232659313;44,3954989694728
EBA;Evapo;7;Spatially adjusted;0,353469387755102;36,8305477405618;45,3558439551212;37,1438366187208
EBA;Evapo;7;Spatially adjusted;0,373673469387755;30,1392332459943;38,3719049247745;29,7538119105161
EBA;Evapo;7;Spatially adjusted;0,393877551020408;23,3138169036379;31,2287405500738;22,2635514757192
EBA;Evapo;7;Spatially adjusted;0,414081632653061;16,391409513016;23,9671852062002;14,7111819451898
EBA;Evapo;7;Spatially adjusted;0,434285714285714;9,40912187365211;16,628073268336;7,13482994978835
EBA;Evapo;7;Spatially adjusted;0,454489795918367;2,40406478507043;9,2522391116629;-0,427377879624601
EBA;Evapo;7;Spatially adjusted;0,47469387755102;-4,58665095320612;1,88051711136313;-7,93731491218864
EBA;Evapo;7;Spatially adjusted;0,494897959183674;-11,5259145416542;-5,44625835738157;-15,3568545170442
EBA;Evapo;7;Spatially adjusted;0,515102040816327;-18,3766151807492;-12,6872529193895;-22,6478700633302
EBA;Evapo;7;Spatially adjusted;0,53530612244898;-25,1016420709684;-19,8016321994787;-29,772234920187
EBA;Evapo;7;Spatially adjusted;0,555510204081633;-31,6638844127881;-26,7485618224669;-36,6918224567539
EBA;Evapo;7;Spatially adjusted;0,575714285714286;-38,0262314066843;-33,4872074131727;-43,3685060421703
EBA;Evapo;7;Spatially adjusted;0,595918367346939;-44,1515722531337;-39,976734596414;-49,7641590455771
EBA;Evapo;7;Spatially adjusted;0,616122448979592;-50,002796152613;-46,1763089970086;-55,8406548361124
EBA;Evapo;7;Spatially adjusted;0,636326530612245;-55,5427923055984;-52,0450962397754;-61,5598667829174
EBA;Evapo;7;Spatially adjusted;0,656530612244898;-60,7344499125659;-57,5422619495316;-66,883668255131
EBA;Evapo;7;Spatially adjusted;0,676734693877551;-65,5406581739926;-62,6269717510959;-71,773932621893
EBA;Evapo;7;Spatially adjusted;0,696938775510204;-69,9348930917863;-67,2699187722683;-76,2038008547399
EBA;Evapo;7;Spatially adjusted;0,717142857142857;-73,9329778735819;-71,4879061527774;-80,1914843347943
EBA;Evapo;7;Spatially adjusted;0,73734693877551;-77,561322528446;-75,3092645353347;-83,7664620455762
EBA;Evapo;7;Spatially adjusted;0,757551020408163;-80,8463370654447;-78,7623245626503;-86,9582129706043
EBA;Evapo;7;Spatially adjusted;0,777755102040816;-83,8144314936451;-81,8754168774356;-89,7962160933992
EBA;Evapo;7;Spatially adjusted;0,797959183673469;-86,4920158221137;-84,6768721224012;-92,309950397479
EBA;Evapo;7;Spatially adjusted;0,818163265306122;-88,9055000599165;-87,1950209402583;-94,5288948663647
EBA;Evapo;7;Spatially adjusted;0,838367346938776;-91,081294216121;-89,4581939737173;-96,4825284835742
EBA;Evapo;7;Spatially adjusted;0,858571428571429;-93,0458082997925;-91,4947218654891;-98,2003302326286
EBA;Evapo;7;Spatially adjusted;0,878775510204082;-94,8254523199985;-93,3329352582848;-99,7117790970458
EBA;Evapo;7;Spatially adjusted;0,898979591836735;-96,4466362858054;-95,0011647948159;-101,046354060347
EBA;Evapo;7;Spatially adjusted;0,919183673469388;-97,9357702062796;-96,5277411177919;-102,23353410605
EBA;Evapo;7;Spatially adjusted;0,939387755102041;-99,3192640904874;-97,9409948699249;-103,302798217675
EBA;Evapo;7;Spatially adjusted;0,959591836734694;-100,623527947495;-99,269256693925;-104,283625378742
EBA;Evapo;7;Spatially adjusted;0,979795918367347;-101,874971786371;-100,540857232503;-105,20549457277
EBA;Evapo;7;Spatially adjusted;1;-103,100005616179;-101,784127128371;-106,097884783278
EBA;Evapo;7;Current landscape;0,0297314319759607;36,7536512704646;52,5621962123676;41,3068899818884
EBA;Evapo;7;Current landscape;0,0787752717733383;4,55288275045109;26,1868166817308;12,8547610408875
EBA;Evapo;7;Current landscape;0,122760035097599;40,9688532602395;52,2754918369071;43,3312695006875
EBA;Evapo;7;Current landscape;0,173706784844398;12,1030622580927;36,2920099272876;17,9088459110471
EBA;Evapo;7;Current landscape;0,226183772087097;32,3289242487967;42,6268303721311;33,844663449722
EBA;Evapo;7;Current landscape;0,27311173081398;22,8639194727618;43,035562358901;35,353614665984
EBA;Evapo;7;Current landscape;0,3264419734478;-11,8379970238748;2,73815304725849;4,73163896692608
EBA;Evapo;7;Current landscape;0,378329634666443;-15,3058377651787;-2,68799100865022;-8,67027151528941
EBA;Evapo;7;Current landscape;0,426708638668061;-47,586960877645;-37,3355143831366;-60,668792163317
EBA;Evapo;7;Current landscape;0,475273177027703;-22,8701061191155;-12,723051407994;-42,764097571529
EBA;Evapo;7;Current landscape;0,522616565227509;-33,6649544318609;-22,7089330251783;-51,3604588426531
EBA;Evapo;7;Current landscape;0,574844777584076;-48,8505046340954;-46,7870577156352;-62,9421541222539
EBA;Evapo;7;Current landscape;0,624304890632629;-58,1210578282949;-45,1865645867165;-68,4750909754887
EBA;Evapo;7;Current landscape;0,673278450965881;-80,793994759734;-53,536557823493;-60,9285914765169
EBA;Evapo;7;Current landscape;0,727462828159333;-84,0494123303013;-56,6495297846971;-70,0278291606226
EBA;Evapo;7;Current landscape;0,775938838720322;-68,7787798514173;-73,9181116698392;-70,5586265488373
EBA;Evapo;7;Current landscape;0,824073374271393;-51,9323189600784;-67,043582987614;-73,4288271747905
EBA;Evapo;7;Current landscape;0,875242352485657;-73,0379588357184;-66,204066003065;-75,3278703396366
EBA;Evapo;7;Current landscape;0,926797091960907;-70,7202833554209;-59,0276804894156;-73,5998804126261
EBA;Evapo;7;Current landscape;1;-126,48232532924;-96,0319080220195;-103,228540494159
EBA;Evapo;8;Spatially adjusted;0,01;132,801563041877;136,33930175191;133,820746798639
EBA;Evapo;8;Spatially adjusted;0,0302040816326531;126,982008134235;131,394385682482;129,186105906728
EBA;Evapo;8;Spatially adjusted;0,0504081632653061;121,156252920412;126,435851336872;124,535536706561
EBA;Evapo;8;Spatially adjusted;0,0706122448979592;115,318097094223;121,450080438898;119,853110889883
EBA;Evapo;8;Spatially adjusted;0,0908163265306122;109,461340349486;116,423454712378;115,122900148437
EBA;Evapo;8;Spatially adjusted;0,111020408163265;103,579782380019;111,342355881131;110,328976173969
EBA;Evapo;8;Spatially adjusted;0,131224489795918;97,6672228796401;106,193165668975;105,455410658221
EBA;Evapo;8;Spatially adjusted;0,151428571428571;91,7174615421654;100,962265799727;100,48627529294
EBA;Evapo;8;Spatially adjusted;0,171632653061224;85,7242980614135;95,6360379972068;95,4056417698678
EBA;Evapo;8;Spatially adjusted;0,191836734693878;79,681532131201;90,2008639852313;90,1975817807502
EBA;Evapo;8;Spatially adjusted;0,212040816326531;73,5829634453462;84,6431254876188;84,8461670173313
EBA;Evapo;8;Spatially adjusted;0,232244897959184;67,422391697666;78,9492042281877;79,3354691713551
EBA;Evapo;8;Spatially adjusted;0,252448979591837;61,1936165819777;73,105481930756;73,6495599345656
EBA;Evapo;8;Spatially adjusted;0,27265306122449;54,8904377920997;67,0983403191419;67,7725109987073
EBA;Evapo;8;Spatially adjusted;0,292857142857143;48,5066550218487;60,9141611171638;61,6883940555249
EBA;Evapo;8;Spatially adjusted;0,313061224489796;42,0360679650426;54,5393260486394;55,381280796762
EBA;Evapo;8;Spatially adjusted;0,333265306122449;35,4724763154982;47,9602168373863;48,8352429141635
EBA;Evapo;8;Spatially adjusted;0,353469387755102;28,8158077197979;41,1722914488928;42,044353568197
EBA;Evapo;8;Spatially adjusted;0,373673469387755;22,09050163558;34,2073128153193;35,0426917942277
EBA;Evapo;8;Spatially adjusted;0,393877551020408;15,3271254732481;27,106120110496;27,8743380963445
EBA;Evapo;8;Spatially adjusted;0,414081632653061;8,55624664320453;19,9095525082532;20,5833729786355
EBA;Evapo;8;Spatially adjusted;0,434285714285714;1,80843255585273;12,6584491824206;13,2138769451894
EBA;Evapo;8;Spatially adjusted;0,454489795918367;-4,8857493784044;5,39364930682859;5,80993050009579
EBA;Evapo;8;Spatially adjusted;0,47469387755102;-11,495731749164;-1,84400794469229;-1,58438585255749
EBA;Evapo;8;Spatially adjusted;0,494897959183674;-17,9909471460232;-9,01368339831311;-8,92499160868147
EBA;Evapo;8;Spatially adjusted;0,515102040816327;-24,3408281585785;-16,0745378802026;-16,1678062641874
EBA;Evapo;8;Spatially adjusted;0,53530612244898;-30,5148073764274;-22,9857322165312;-23,2687493149865
EBA;Evapo;8;Spatially adjusted;0,555510204081633;-36,4823173891666;-29,706427233469;-30,1837402569902
EBA;Evapo;8;Spatially adjusted;0,575714285714286;-42,2127907863935;-36,1957837571858;-36,8686985861098
EBA;Evapo;8;Spatially adjusted;0,595918367346939;-47,6756601577044;-42,4129626138513;-43,2795437982563
EBA;Evapo;8;Spatially adjusted;0,616122448979592;-52,8403580926972;-48,3171246296352;-49,3721953893414
EBA;Evapo;8;Spatially adjusted;0,636326530612245;-57,6763171809682;-53,867430630708;-55,1025728552761
EBA;Evapo;8;Spatially adjusted;0,656530612244898;-62,1529700121146;-59,0230414432394;-60,4265956919719
EBA;Evapo;8;Spatially adjusted;0,676734693877551;-66,2397491757336;-63,7431178933989;-65,3001833953399
EBA;Evapo;8;Spatially adjusted;0,696938775510204;-69,9155614243841;-67,9985895606644;-69,6917534165293
EBA;Evapo;8;Spatially adjusted;0,717142857142857;-73,1972101624749;-71,8074610377403;-73,6197150276407
EBA;Evapo;8;Spatially adjusted;0,73734693877551;-76,1109729573764;-75,1995056706401;-77,1149754560129
EBA;Evapo;8;Spatially adjusted;0,757551020408163;-78,683127376459;-78,204496805376;-80,2084419289843
EBA;Evapo;8;Spatially adjusted;0,777755102040816;-80,9399509870943;-80,8522077879607;-82,9310216738932
EBA;Evapo;8;Spatially adjusted;0,797959183673469;-82,907721356652;-83,1724119644068;-85,3136219180785
EBA;Evapo;8;Spatially adjusted;0,818163265306122;-84,6127160525034;-85,1948826807268;-87,3871498888782
EBA;Evapo;8;Spatially adjusted;0,838367346938776;-86,0812126420185;-86,9493932829334;-89,1825128136316
EBA;Evapo;8;Spatially adjusted;0,858571428571429;-87,3394886925685;-88,4657171170391;-90,7306179196762
EBA;Evapo;8;Spatially adjusted;0,878775510204082;-88,4138217715238;-89,7736275290565;-92,0623724343516
EBA;Evapo;8;Spatially adjusted;0,898979591836735;-89,3304894462554;-90,902897864999;-93,2086835849955
EBA;Evapo;8;Spatially adjusted;0,919183673469388;-90,1157692841332;-91,8833014708778;-94,2004585989473
EBA;Evapo;8;Spatially adjusted;0,939387755102041;-90,7959388525287;-92,7446116927063;-95,0686047035447
EBA;Evapo;8;Spatially adjusted;0,959591836734694;-91,3972757188124;-93,5166018764969;-95,8440291261263
EBA;Evapo;8;Spatially adjusted;0,979795918367347;-91,9460574503544;-94,2290453682624;-96,5576390940307
EBA;Evapo;8;Spatially adjusted;1;-92,4685616145259;-94,9117155140152;-97,2403418345971
EBA;Evapo;8;Current landscape;0,0259278360754251;41,5145565267246;46,4598327394913;44,0969876857187
EBA;Evapo;8;Current landscape;0,0751558616757393;58,1161971703198;73,4776216468072;58,7032078289919
EBA;Evapo;8;Current landscape;0,126457378268242;24,6071483371611;45,694195922533;44,6770624753697
EBA;Evapo;8;Current landscape;0,173776432871819;23,7010822057785;35,8265150382104;25,812964217055
EBA;Evapo;8;Current landscape;0,222625181078911;25,2070083275505;45,3260579538401;26,702907730489
EBA;Evapo;8;Current landscape;0,273928612470627;-15,0020543663877;8,03215442940086;-8,20087240502153
EBA;Evapo;8;Current landscape;0,326880648732185;-23,1458946793157;4,53759836764743;-10,2203080774455
EBA;Evapo;8;Current landscape;0,376254290342331;-10,9607980237067;9,45808099300461;3,50891202020739
EBA;Evapo;8;Current landscape;0,425517112016678;-17,4685571557729;1,88671894186314;1,67348346361223
EBA;Evapo;8;Current landscape;0,474636524915695;-37,1668740591188;-24,9916272255916;-33,6635579184424
EBA;Evapo;8;Current landscape;0,523216307163239;-43,2255720353896;-32,6941443019969;-47,5066579260367
EBA;Evapo;8;Current landscape;0,577100694179535;-55,7905060016992;-38,6965128145205;-40,5499679716691
EBA;Evapo;8;Current landscape;0,621623039245605;-77,7978239189938;-57,1606175418219;-72,7794108030619
EBA;Evapo;8;Current landscape;0,673099517822266;-80,8206317636014;-62,1403693983145;-64,3262684029032
EBA;Evapo;8;Current landscape;0,725815236568451;-75,8540536933599;-51,8780142277676;-63,1502608134999
EBA;Evapo;8;Current landscape;0,774152100086212;-85,490463766964;-65,365229639136;-59,0232817768756
EBA;Evapo;8;Current landscape;0,824359834194183;-84,9252124012746;-67,0787376330709;-78,0965374829302
EBA;Evapo;8;Current landscape;0,877970278263092;-79,3689810332121;-58,9404826312089;-67,6150429920783
EBA;Evapo;8;Current landscape;0,924937605857849;-92,924433833834;-76,9605842963933;-87,9331562233965
EBA;Evapo;8;Current landscape;1;-87,6495587409813;-101,818470737421;-101,128789274441
EBA;Evapo;9;Spatially adjusted;0,01;128,265740870891;134,496250035602;133,088720640351
EBA;Evapo;9;Spatially adjusted;0,0302040816326531;122,928146816789;129,482256975807;127,83923597878
EBA;Evapo;9;Spatially adjusted;0,0504081632653061;117,58220636733;124,457337932813;122,580163655554
EBA;Evapo;9;Spatially adjusted;0,0706122448979592;112,219573127161;119,41056692342;117,30191600902
EBA;Evapo;9;Spatially adjusted;0,0908163265306122;106,831900700925;114,331017964427;111,994905377521
EBA;Evapo;9;Spatially adjusted;0,111020408163265;101,410842693268;109,207765072637;106,649544099405
EBA;Evapo;9;Spatially adjusted;0,131224489795918;95,9480527088326;104,029882264848;101,256244513016
EBA;Evapo;9;Spatially adjusted;0,151428571428571;90,4351843522652;98,7864435578611;95,8054189567008
EBA;Evapo;9;Spatially adjusted;0,171632653061224;84,8638912282092;93,4665229684765;90,2874797688039
EBA;Evapo;9;Spatially adjusted;0,191836734693878;79,2258269413101;88,0591945134952;84,6928392876714
EBA;Evapo;9;Spatially adjusted;0,212040816326531;73,5126450962112;82,5535322097167;79,0119098516484
EBA;Evapo;9;Spatially adjusted;0,232244897959184;67,7159992975578;76,9386100739419;73,2351037990804
EBA;Evapo;9;Spatially adjusted;0,252448979591837;61,8275431499944;71,2035021229713;67,3528334683135
EBA;Evapo;9;Spatially adjusted;0,27265306122449;55,8389302581657;65,3372823736047;61,3555111976923
EBA;Evapo;9;Spatially adjusted;0,292857142857143;49,7418142267154;59,3290248426427;55,233549325563
EBA;Evapo;9;Spatially adjusted;0,313061224489796;43,527848660289;53,167803546886;48,9773601902709
EBA;Evapo;9;Spatially adjusted;0,333265306122449;37,1886871635306;46,8426925031345;42,5773561301619
EBA;Evapo;9;Spatially adjusted;0,353469387755102;30,7224626618456;40,349918318635;36,0307050311042
EBA;Evapo;9;Spatially adjusted;0,373673469387755;24,1532253636804;33,7143179624195;29,3615969690607
EBA;Evapo;9;Spatially adjusted;0,393877551020408;17,5115047982433;26,9678809939665;22,6009775675177
EBA;Evapo;9;Spatially adjusted;0,414081632653061;10,8278304947426;20,1425969727541;15,7797924499605
EBA;Evapo;9;Spatially adjusted;0,434285714285714;4,13273198238471;13,2704554582606;8,92898723987514
EBA;Evapo;9;Spatially adjusted;0,454489795918367;-2,54326120962173;6,3834460099647;2,07950756074774
EBA;Evapo;9;Spatially adjusted;0,47469387755102;-9,16961955206921;-0,486441812655585;-4,73770096393582
EBA;Evapo;9;Spatially adjusted;0,494897959183674;-15,7158135157504;-7,30721845012226;-11,4916927106897
EBA;Evapo;9;Spatially adjusted;0,515102040816327;-22,1513135714567;-14,0468943429566;-18,1515220560277
EBA;Evapo;9;Spatially adjusted;0,53530612244898;-28,4455901899812;-20,6734799316803;-24,6862433764645
EBA;Evapo;9;Spatially adjusted;0,555510204081633;-34,5681138421157;-27,1549856568151;-31,0649110485138
EBA;Evapo;9;Spatially adjusted;0,575714285714286;-40,4883549986532;-33,4594219588826;-37,2565794486891
EBA;Evapo;9;Spatially adjusted;0,595918367346939;-46,1757841303852;-39,5547992784047;-43,2303029535056
EBA;Evapo;9;Spatially adjusted;0,616122448979592;-51,5998717081041;-45,409128055903;-48,9551359394764
EBA;Evapo;9;Spatially adjusted;0,636326530612245;-56,7300882026025;-50,9904187318989;-54,4001327831165
EBA;Evapo;9;Spatially adjusted;0,656530612244898;-61,5359040846724;-56,2666817469144;-59,5343478609393
EBA;Evapo;9;Spatially adjusted;0,676734693877551;-65,9867898251064;-61,2059275414715;-64,326835549459
EBA;Evapo;9;Spatially adjusted;0,696938775510204;-70,0613193544689;-65,7853419699616;-68,755689839654
EBA;Evapo;9;Spatially adjusted;0,717142857142857;-73,7744804424156;-70,0188125422608;-72,8351631803594
EBA;Evapo;9;Spatially adjusted;0,73734693877551;-77,1503643183737;-73,9294021821152;-76,5885476348742
EBA;Evapo;9;Spatially adjusted;0,757551020408163;-80,2130622117713;-77,5401738132705;-80,0391352664985
EBA;Evapo;9;Spatially adjusted;0,777755102040816;-82,986665352036;-80,874190359473;-83,2102181385308
EBA;Evapo;9;Spatially adjusted;0,797959183673469;-85,4952649685959;-83,9545147444692;-86,1250883142705
EBA;Evapo;9;Spatially adjusted;0,818163265306122;-87,7629522908778;-86,8042098920041;-88,8070378570174
EBA;Evapo;9;Spatially adjusted;0,838367346938776;-89,8138185483106;-89,4463387258247;-91,2793588300704
EBA;Evapo;9;Spatially adjusted;0,858571428571429;-91,6719549703212;-91,9039641696763;-93,5653432967288
EBA;Evapo;9;Spatially adjusted;0,878775510204082;-93,3614527863376;-94,2001491473061;-95,6882833202924
EBA;Evapo;9;Spatially adjusted;0,898979591836735;-94,9064032257877;-96,3579565824589;-97,6714709640598
EBA;Evapo;9;Spatially adjusted;0,919183673469388;-96,3308975180989;-98,4004493988816;-99,5381982913307
EBA;Evapo;9;Spatially adjusted;0,939387755102041;-97,6590268926993;-100,35069052032;-101,311757365404
EBA;Evapo;9;Spatially adjusted;0,959591836734694;-98,9148825790167;-102,23174287052;-103,01544024958
EBA;Evapo;9;Spatially adjusted;0,979795918367347;-100,122555806478;-104,066669373228;-104,672539007157
EBA;Evapo;9;Spatially adjusted;1;-101,306137804512;-105,87853295219;-106,306345701435
EBA;Evapo;9;Current landscape;0,0281389374285936;38,4500730930972;46,1155721513815;30,9390718607765
EBA;Evapo;9;Current landscape;0,0734160989522934;23,3840445235458;34,7429429935528;23,359180527611
EBA;Evapo;9;Current landscape;0,127428904175758;45,3695347885291;62,3807896830633;51,9176116533183
EBA;Evapo;9;Current landscape;0,174967274069786;10,2114994886483;30,5796464516843;18,896210393917
EBA;Evapo;9;Current landscape;0,223455712199211;21,6007943508848;32,2688142497275;16,9731130250516
EBA;Evapo;9;Current landscape;0,276261299848557;8,04756693379795;18,7656461308548;4,99679868551129
EBA;Evapo;9;Current landscape;0,327110335230828;0,590359550872336;16,3596153774483;6,97475127723192
EBA;Evapo;9;Current landscape;0,378197073936462;-23,5911339086592;-8,648091549725;-14,3441939923473
EBA;Evapo;9;Current landscape;0,425163269042969;-15,7503158600452;-13,1571271093903;-11,9853787490028
EBA;Evapo;9;Current landscape;0,477116823196411;-30,7386121237823;-27,2183508919532;-40,8284959473938
EBA;Evapo;9;Current landscape;0,523781001567841;-58,9160723895452;-48,9419778728277;-52,1036946121874
EBA;Evapo;9;Current landscape;0,574248343706131;-50,2241121825232;-39,8769264711277;-59,0947788496364
EBA;Evapo;9;Current landscape;0,624542206525803;-78,3614411631102;-59,0901669498248;-85,1685651031851
EBA;Evapo;9;Current landscape;0,677733510732651;-65,1497253291223;-48,828121439487;-71,2672977982466
EBA;Evapo;9;Current landscape;0,722791582345963;-82,5786645853966;-62,5820182529831;-71,6465271646468
EBA;Evapo;9;Current landscape;0,774344503879547;-93,8362603373908;-76,6772583590735;-73,4416818103568
EBA;Evapo;9;Current landscape;0,821972668170929;-96,4166412246243;-79,9516495525131;-73,2300178768446
EBA;Evapo;9;Current landscape;0,877946972846985;-104,940587425138;-81,816028570951;-86,9255473308458
EBA;Evapo;9;Current landscape;0,92369544506073;-118,247321595632;-79,6462005248347;-104,84340735716
EBA;Evapo;9;Current landscape;1;-129,13313375654;-89,5031518874437;-91,2093894405193
EBA;Evapo;10;Spatially adjusted;0,01;132,152764500699;132,553869459289;140,952724668901
EBA;Evapo;10;Spatially adjusted;0,0302040816326531;126,034938818628;127,854080911481;134,864250595641
EBA;Evapo;10;Spatially adjusted;0,0504081632653061;119,914135869306;123,141556003529;128,773510054096
EBA;Evapo;10;Spatially adjusted;0,0706122448979592;113,787378385481;118,403558375289;122,678236575981
EBA;Evapo;10;Spatially adjusted;0,0908163265306122;107,651689099901;113,627351666618;116,57616369301
EBA;Evapo;10;Spatially adjusted;0,111020408163265;101,504090745314;108,800199517372;110,465024936898
EBA;Evapo;10;Spatially adjusted;0,131224489795918;95,3416060544689;103,909365567407;104,34255383936
EBA;Evapo;10;Spatially adjusted;0,151428571428571;89,161257760114;98,9421134565789;98,2064839321106
EBA;Evapo;10;Spatially adjusted;0,171632653061224;82,9600685949972;93,8857068247441;92,0545487468648
EBA;Evapo;10;Spatially adjusted;0,191836734693878;76,7350612918672;88,7274093117592;85,8844818153368
EBA;Evapo;10;Spatially adjusted;0,212040816326531;70,4832585834724;83,4544845574801;79,6940166692418
EBA;Evapo;10;Spatially adjusted;0,232244897959184;64,2016832025611;78,0541962017626;73,4808868402947
EBA;Evapo;10;Spatially adjusted;0,252448979591837;57,8873578818814;72,5138078844639;67,2428258602104
EBA;Evapo;10;Spatially adjusted;0,27265306122449;51,5373053541821;66,8205832454394;60,9775672607025
EBA;Evapo;10;Spatially adjusted;0,292857142857143;45,1485483522108;60,9617859245452;54,6828445734871
EBA;Evapo;10;Spatially adjusted;0,313061224489796;38,7181096087165;54,924679561638;48,3563913302789
EBA;Evapo;10;Spatially adjusted;0,333265306122449;32,2430118564475;48,696527796574;41,9959410627919
EBA;Evapo;10;Spatially adjusted;0,353469387755102;25,7247338599589;42,2725884672288;35,6026096466981
EBA;Evapo;10;Spatially adjusted;0,373673469387755;19,1825785110325;35,6800962035586;29,1910423334994
EBA;Evapo;10;Spatially adjusted;0,393877551020408;12,6403047332565;28,954279833539;22,7792667186538
EBA;Evapo;10;Spatially adjusted;0,414081632653061;6,12167145022045;22,1303681851457;16,3853103976192
EBA;Evapo;10;Spatially adjusted;0,434285714285714;-0,349562414487536;15,2435900863545;10,0272009658543
EBA;Evapo;10;Spatially adjusted;0,454489795918367;-6,74963793727852;8,32917436514049;3,72296601881726
EBA;Evapo;10;Spatially adjusted;0,47469387755102;-13,0547961945638;1,42234984948027;-2,50936684803378
EBA;Evapo;10;Spatially adjusted;0,494897959183674;-19,2412782627546;-5,44165463265176;-8,65177003924009
EBA;Evapo;10;Spatially adjusted;0,515102040816327;-25,2853252182622;-12,2276102532787;-14,6862159593431
EBA;Evapo;10;Spatially adjusted;0,53530612244898;-31,1631781374983;-18,9002881844256;-20,5946770128858
EBA;Evapo;10;Spatially adjusted;0,555510204081633;-36,8510780968738;-25,4244595981163;-26,3591256044085
EBA;Evapo;10;Spatially adjusted;0,575714285714286;-42,3252661728002;-31,7648956663757;-31,9615341384533
EBA;Evapo;10;Spatially adjusted;0,595918367346939;-47,5619834416889;-37,8863675612274;-37,3838750195625
EBA;Evapo;10;Spatially adjusted;0,616122448979592;-52,537470979951;-43,7536464546963;-42,6081206522772
EBA;Evapo;10;Spatially adjusted;0,636326530612245;-57,2279698639977;-49,3315035188064;-47,616243441139
EBA;Evapo;10;Spatially adjusted;0,656530612244898;-61,6097211702404;-54,5847099255823;-52,3902157906894
EBA;Evapo;10;Spatially adjusted;0,676734693877551;-65,6589659750907;-59,4780368470481;-56,9120101054714
EBA;Evapo;10;Spatially adjusted;0,696938775510204;-69,3596162737342;-63,9862426381544;-61,16941803125
EBA;Evapo;10;Spatially adjusted;0,717142857142857;-72,7262677364581;-68,1240343855552;-65,1735081786899
EBA;Evapo;10;Spatially adjusted;0,73734693877551;-75,7811869523234;-71,916106358831;-68,9411683996807
EBA;Evapo;10;Spatially adjusted;0,757551020408163;-78,5466405103909;-75,3871528275622;-72,4892865461118
EBA;Evapo;10;Spatially adjusted;0,777755102040816;-81,0448949997231;-78,5618680613295;-75,834750469872
EBA;Evapo;10;Spatially adjusted;0,797959183673469;-83,2982170093801;-81,4649463297126;-78,9944480228508
EBA;Evapo;10;Spatially adjusted;0,818163265306122;-85,3288731284238;-84,121081902292;-81,9852670569371
EBA;Evapo;10;Spatially adjusted;0,838367346938776;-87,1591299459158;-86,5549690486482;-84,8240954240205
EBA;Evapo;10;Spatially adjusted;0,858571428571429;-88,8112540509167;-88,7913020383619;-87,5278209759902
EBA;Evapo;10;Spatially adjusted;0,878775510204082;-90,3075120324886;-90,8547751410131;-90,1133315647351
EBA;Evapo;10;Spatially adjusted;0,898979591836735;-91,6701704796922;-92,7700826261819;-92,5975150421445
EBA;Evapo;10;Spatially adjusted;0,919183673469388;-92,9214959815895;-94,5619187634491;-94,997259260108
EBA;Evapo;10;Spatially adjusted;0,939387755102041;-94,0837551272414;-96,2549778223947;-97,3294520705144
EBA;Evapo;10;Spatially adjusted;0,959591836734694;-95,1792145057088;-97,8739540725994;-99,6109813252535
EBA;Evapo;10;Spatially adjusted;0,979795918367347;-96,2301407060541;-99,4435417836432;-101,858734876214
EBA;Evapo;10;Spatially adjusted;1;-97,2588003173378;-100,988435225107;-104,089600575285
EBA;Evapo;10;Current landscape;0,0287020392715931;58,5286647765333;57,4054534745851;49,7101533760429
EBA;Evapo;10;Current landscape;0,0715214684605598;51,4032041486792;64,937069775395;58,9140301245602
EBA;Evapo;10;Current landscape;0,123846687376499;33,4463818477777;49,2392344183645;35,4111798412005
EBA;Evapo;10;Current landscape;0,175859957933426;28,7888564127798;47,8170300825552;28,6414131212553
EBA;Evapo;10;Current landscape;0,229296028614044;-0,480061151205291;20,9313142428564;-2,66563617486145
EBA;Evapo;10;Current landscape;0,275647431612015;15,7720254007677;32,3458161874034;20,4789971511216
EBA;Evapo;10;Current landscape;0,327394753694534;-10,3945854077169;13,8733184748739;-6,6479956515459
EBA;Evapo;10;Current landscape;0,375598654150963;-3,01816579772981;12,593863545226;1,23647705367057
EBA;Evapo;10;Current landscape;0,425020903348923;-24,5210991259517;-4,01345976231414;-14,8093666071743
EBA;Evapo;10;Current landscape;0,476950347423553;-23,7189754099443;-26,6129074911032;-30,0952057206537
EBA;Evapo;10;Current landscape;0,523253321647644;-46,9897037636242;-29,6159375908121;-48,445929418401
EBA;Evapo;10;Current landscape;0,573788523674011;-52,8028516106297;-42,1880321362269;-62,4339271999434
EBA;Evapo;10;Current landscape;0,625090062618256;-67,0505608051346;-51,6271133380458;-74,2725686793365
EBA;Evapo;10;Current landscape;0,677153289318085;-73,1209291482992;-48,2630579488011;-61,6575260854913
EBA;Evapo;10;Current landscape;0,723090082406998;-86,1020163731198;-56,9446529566239;-61,6124253549813
EBA;Evapo;10;Current landscape;0,773068904876709;-87,9739018435307;-67,7928284209957;-65,6299603014425
EBA;Evapo;10;Current landscape;0,823435753583908;-71,7638439131549;-69,1556559347596;-72,0672074756963
EBA;Evapo;10;Current landscape;0,875329971313477;-76,0344284136622;-77,3361252160539;-76,5412073007426
EBA;Evapo;10;Current landscape;0,927444308996201;-97,5800968761119;-66,547211957881;-90,1083042572332
EBA;Evapo;10;Current landscape;1;-104,853217661429;-88,9649166212455;-85,719772374217
EBA;Evapo;11;Spatially adjusted;0,01;122,473951301352;124,512258391966;125,862955079696
EBA;Evapo;11;Spatially adjusted;0,0302040816326531;117,420558013381;120,702218758184;121,235559114141
EBA;Evapo;11;Spatially adjusted;0,0504081632653061;112,357031465663;116,871308680508;116,595841373537
EBA;Evapo;11;Spatially adjusted;0,0706122448979592;107,273238398452;112,998657715044;111,931480082834
EBA;Evapo;11;Spatially adjusted;0,0908163265306122;102,159045552;109,063395417896;107,230153466983
EBA;Evapo;11;Spatially adjusted;0,111020408163265;97,0043196665602;105,044651345172;102,479539750934
EBA;Evapo;11;Spatially adjusted;0,131224489795918;91,7989274823863;100,921555052976;97,6673171596376
EBA;Evapo;11;Spatially adjusted;0,151428571428571;86,5327357397314;96,6732360974152;92,7811639180452
EBA;Evapo;11;Spatially adjusted;0,171632653061224;81,1956111788484;92,2788240345942;87,8087582511066
EBA;Evapo;11;Spatially adjusted;0,191836734693878;75,7774205399901;87,7174484206191;82,737778383773
EBA;Evapo;11;Spatially adjusted;0,212040816326531;70,2680305634101;82,9682388115957;77,5559025409944
EBA;Evapo;11;Spatially adjusted;0,232244897959184;64,6573079893617;78,0103247636293;72,2508089477221
EBA;Evapo;11;Spatially adjusted;0,252448979591837;58,9351195580975;72,8228358328263;66,8101758289058
EBA;Evapo;11;Spatially adjusted;0,27265306122449;53,0913320098712;67,3849015752924;61,221681409497
EBA;Evapo;11;Spatially adjusted;0,292857142857143;47,1158120849357;61,6756515471327;55,4730039144454
EBA;Evapo;11;Spatially adjusted;0,313061224489796;40,9984265235437;55,6742153044536;49,5518215687021
EBA;Evapo;11;Spatially adjusted;0,333265306122449;34,7290420659485;49,3597224033604;43,4458125972178
EBA;Evapo;11;Spatially adjusted;0,353469387755102;28,3049142020329;42,7233601740888;37,150532135129
EBA;Evapo;11;Spatially adjusted;0,373673469387755;21,7528534201942;35,8045470433922;30,6930429583167
EBA;Evapo;11;Spatially adjusted;0,393877551020408;15,1070589584594;28,654759212154;24,1082847528487
EBA;Evapo;11;Spatially adjusted;0,414081632653061;8,40173005485553;21,3254728812567;17,4311972047924
EBA;Evapo;11;Spatially adjusted;0,434285714285714;1,67106594740926;13,8681642515849;10,6967200002148
EBA;Evapo;11;Spatially adjusted;0,454489795918367;-5,05073412585216;6,33430952402046;3,93979282518376
EBA;Evapo;11;Spatially adjusted;0,47469387755102;-11,729470926902;-1,22461510055246;-2,80464463423436
EBA;Evapo;11;Spatially adjusted;0,494897959183674;-18,3309452177132;-8,75713342125096;-9,50165269197078
EBA;Evapo;11;Spatially adjusted;0,515102040816327;-24,820957760259;-16,2117692371919;-16,1162916619589
EBA;Evapo;11;Spatially adjusted;0,53530612244898;-31,1653093165128;-23,5370463474915;-22,6136218581314
EBA;Evapo;11;Spatially adjusted;0,555510204081633;-37,3298006484472;-30,6814885512677;-28,9587035944207
EBA;Evapo;11;Spatially adjusted;0,575714285714286;-43,2802325180353;-37,5936196476357;-35,1165971847593
EBA;Evapo;11;Spatially adjusted;0,595918367346939;-48,9824056872506;-44,2219634357136;-41,0523629430802
EBA;Evapo;11;Spatially adjusted;0,616122448979592;-54,4021209180655;-50,5150437146176;-46,7310611833157
EBA;Evapo;11;Spatially adjusted;0,636326530612245;-59,5051789724535;-56,4213842834647;-52,1177522193984
EBA;Evapo;11;Spatially adjusted;0,656530612244898;-64,257380612388;-61,8895089413711;-57,1774963652613
EBA;Evapo;11;Spatially adjusted;0,676734693877551;-68,6245265998416;-66,8679414874544;-61,8753539348365
EBA;Evapo;11;Spatially adjusted;0,696938775510204;-72,5824848082345;-71,3194222575683;-66,1863421299677
EBA;Evapo;11;Spatially adjusted;0,717142857142857;-76,1473915567772;-75,2635577345197;-70,1253057041417
EBA;Evapo;11;Spatially adjusted;0,73734693877551;-79,3454502761251;-78,7341709378532;-73,7170462987547
EBA;Evapo;11;Spatially adjusted;0,757551020408163;-82,2028643969361;-81,7650848871122;-76,9863655552047
EBA;Evapo;11;Spatially adjusted;0,777755102040816;-84,7458373498662;-84,3901226018411;-79,9580651148886
EBA;Evapo;11;Spatially adjusted;0,797959183673469;-87,0005725655722;-86,6431071015841;-82,6569466192036
EBA;Evapo;11;Spatially adjusted;0,818163265306122;-88,9932734747108;-88,5578614058852;-85,1078117095467
EBA;Evapo;11;Spatially adjusted;0,838367346938776;-90,7501435079391;-90,1682085342889;-87,3354620273151
EBA;Evapo;11;Spatially adjusted;0,858571428571429;-92,2973860959135;-91,5079715063391;-89,3646992139065
EBA;Evapo;11;Spatially adjusted;0,878775510204082;-93,6612046692906;-92,6109733415801;-91,2203249107174
EBA;Evapo;11;Spatially adjusted;0,898979591836735;-94,8678026587274;-93,5110370595562;-92,9271407591452
EBA;Evapo;11;Spatially adjusted;0,919183673469388;-95,9433834948811;-94,2419856798115;-94,5099484005875
EBA;Evapo;11;Spatially adjusted;0,939387755102041;-96,9141506084075;-94,8376422218898;-95,9935494764406
EBA;Evapo;11;Spatially adjusted;0,959591836734694;-97,8063074299635;-95,3318297053359;-97,4027456281024
EBA;Evapo;11;Spatially adjusted;0,979795918367347;-98,6460573902061;-95,7583711496932;-98,76233849697
EBA;Evapo;11;Spatially adjusted;1;-99,4596039197925;-96,1510895745066;-100,09712972444
EBA;Evapo;11;Current landscape;0,0306844543665648;8,58983938484425;19,6107603685707;17,3209282147259
EBA;Evapo;11;Current landscape;0,0746104195713997;54,4405997140564;76,2554361932403;81,5496766767326
EBA;Evapo;11;Current landscape;0,126837372779846;39,1931936177077;53,4681451069787;46,805065443622
EBA;Evapo;11;Current landscape;0,172252088785172;27,1295815786534;50,5968641664304;28,7520378249944
EBA;Evapo;11;Current landscape;0,22629126906395;22,8705112759515;52,3394029267854;32,083400146601
EBA;Evapo;11;Current landscape;0,277777284383774;1,58063107400926;22,4952560411432;13,9777425248267
EBA;Evapo;11;Current landscape;0,325760841369629;-1,36998310757599;20,7526666306533;5,37721646748173
EBA;Evapo;11;Current landscape;0,374731332063675;-29,752682116909;-9,12317248635077;-23,4344075897275
EBA;Evapo;11;Current landscape;0,424828112125397;-29,6929167160531;-7,06607377270188;-23,4984752699327
EBA;Evapo;11;Current landscape;0,477213263511658;-49,9022143698721;-28,4933990296474;-40,117739832624
EBA;Evapo;11;Current landscape;0,526037216186523;-62,2899528199605;-43,6849061102823;-47,6989649835323
EBA;Evapo;11;Current landscape;0,576002359390259;-59,0392965884721;-51,104144398116;-59,0412429017267
EBA;Evapo;11;Current landscape;0,624896287918091;-77,0141656031976;-71,1963347140386;-67,725365986636
EBA;Evapo;11;Current landscape;0,675226509571075;-65,6527733094852;-52,5122032478103;-56,2022944890107
EBA;Evapo;11;Current landscape;0,72321480512619;-94,4803094078793;-74,2557255982754;-71,1627026441238
EBA;Evapo;11;Current landscape;0,774315178394318;-90,149240625831;-70,7316493474891;-71,1463663900274
EBA;Evapo;11;Current landscape;0,823098599910736;-90,5327599521604;-70,0909021844088;-89,2741281639073
EBA;Evapo;11;Current landscape;0,873481035232544;-84,3893818488684;-84,2875898234702;-82,2187992577321
EBA;Evapo;11;Current landscape;0,92528885602951;-111,695841728092;-68,378747443182;-93,0269851117664
EBA;Evapo;11;Current landscape;1;-120,658358226453;-81,0194427416952;-84,3283247256411
EBA;Evapo;12;Spatially adjusted;0,01;123,770593748274;136,94635934724;139,770681131939
EBA;Evapo;12;Spatially adjusted;0,0302040816326531;118,875112816778;132,127731974515;134,473676316413
EBA;Evapo;12;Spatially adjusted;0,0504081632653061;113,966504259241;127,295106007864;129,165360682403
EBA;Evapo;12;Spatially adjusted;0,0706122448979592;109,031640449621;122,43448285336;123,834423411429
EBA;Evapo;12;Spatially adjusted;0,0908163265306122;104,057393761877;117,531863917078;118,469553685008
EBA;Evapo;12;Spatially adjusted;0,111020408163265;99,0306365699689;112,57325060509;113,059440684658
EBA;Evapo;12;Spatially adjusted;0,131224489795918;93,9382412478544;107,544644323471;107,592773591896
EBA;Evapo;12;Spatially adjusted;0,151428571428571;88,7670801694921;102,432046478295;102,05824158824
EBA;Evapo;12;Spatially adjusted;0,171632653061224;83,5040257088415;97,2214584756339;96,4445338552077
EBA;Evapo;12;Spatially adjusted;0,191836734693878;78,1359502398611;91,8988817215638;90,7403395743168
EBA;Evapo;12;Spatially adjusted;0,212040816326531;72,6497261365094;86,4503176221572;84,9343479270845
EBA;Evapo;12;Spatially adjusted;0,232244897959184;67,0322257727455;80,8617675834878;79,0152480950292
EBA;Evapo;12;Spatially adjusted;0,252448979591837;61,2703215225281;75,1192330116298;72,9717292596679
EBA;Evapo;12;Spatially adjusted;0,27265306122449;55,3508857598156;69,2087153126568;66,7924806025185
EBA;Evapo;12;Spatially adjusted;0,292857142857143;49,2607908585676;63,116215892642;60,4661913050989
EBA;Evapo;12;Spatially adjusted;0,313061224489796;42,9869091927419;56,82773615766;53,9815505489262
EBA;Evapo;12;Spatially adjusted;0,333265306122449;36,5161131362981;50,3292775137841;47,3272475155186
EBA;Evapo;12;Spatially adjusted;0,353469387755102;29,8440469751156;43,6154353293048;40,499272446737
EBA;Evapo;12;Spatially adjusted;0,373673469387755;23,0014426427613;36,7151808213821;33,5228198258144
EBA;Evapo;12;Spatially adjusted;0,393877551020408;16,0278039847219;29,6660791693923;26,430385196328
EBA;Evapo;12;Spatially adjusted;0,414081632653061;8,96263484648534;22,5056955527125;19,2544641018537
EBA;Evapo;12;Spatially adjusted;0,434285714285714;1,84543907353896;15,2715951507182;12,0275520859689
EBA;Evapo;12;Spatially adjusted;0,454489795918367;-5,28427948863009;8,00134314278625;4,78214469224963
EBA;Evapo;12;Spatially adjusted;0,47469387755102;-12,3870169945342;0,732504708293618;-2,44926253572635
EBA;Evapo;12;Spatially adjusted;0,494897959183674;-19,4232695986855;-6,49735497338361;-9,63417405438372
EBA;Evapo;12;Spatially adjusted;0,515102040816327;-26,353533455597;-13,6506707228687;-16,7400943201449
EBA;Evapo;12;Spatially adjusted;0,53530612244898;-33,138304719781;-20,689877360785;-23,7345277894337
EBA;Evapo;12;Spatially adjusted;0,555510204081633;-39,7380795457502;-27,5774097077565;-30,5849789186734
EBA;Evapo;12;Spatially adjusted;0,575714285714286;-46,1133540880171;-34,2757025844062;-37,2589521642869
EBA;Evapo;12;Spatially adjusted;0,595918367346939;-52,2246245010943;-40,7471908113578;-43,7239519826983
EBA;Evapo;12;Spatially adjusted;0,616122448979592;-58,0323869394945;-46,9543092092345;-49,9474828303301
EBA;Evapo;12;Spatially adjusted;0,636326530612245;-63,4971375577297;-52,8594925986599;-55,897049163606
EBA;Evapo;12;Spatially adjusted;0,656530612244898;-68,5793725103126;-58,4251758002577;-61,5401554389496
EBA;Evapo;12;Spatially adjusted;0,676734693877551;-73,2395879517562;-63,6137936346513;-66,8443061127839
EBA;Evapo;12;Spatially adjusted;0,696938775510204;-77,4496715457854;-68,3983608538868;-71,7862908482232
EBA;Evapo;12;Spatially adjusted;0,717142857142857;-81,2270769929769;-72,7942119357031;-76,3800401351448
EBA;Evapo;12;Spatially adjusted;0,73734693877551;-84,6006495031195;-76,8272612892608;-80,6487696701156
EBA;Evapo;12;Spatially adjusted;0,757551020408163;-87,5992342860029;-80,5234233237218;-84,6156951497046
EBA;Evapo;12;Spatially adjusted;0,777755102040816;-90,2516765514158;-83,9086124482474;-88,3040322704794
EBA;Evapo;12;Spatially adjusted;0,797959183673469;-92,5868215091475;-87,0087430719984;-91,7369967290074
EBA;Evapo;12;Spatially adjusted;0,818163265306122;-94,6335143689876;-89,8497296041367;-94,9378042218568
EBA;Evapo;12;Spatially adjusted;0,838367346938776;-96,4206003407246;-92,4574864538231;-97,9296704455953
EBA;Evapo;12;Spatially adjusted;0,858571428571429;-97,9769246341487;-94,8579280302188;-100,735811096791
EBA;Evapo;12;Spatially adjusted;0,878775510204082;-99,3313324590483;-97,0769687424859;-103,379441872012
EBA;Evapo;12;Spatially adjusted;0,898979591836735;-100,512669025212;-99,1405229997847;-105,883778467825
EBA;Evapo;12;Spatially adjusted;0,919183673469388;-101,549779542431;-101,074505211278;-108,272036580799
EBA;Evapo;12;Spatially adjusted;0,939387755102041;-102,471509220492;-102,904829786125;-110,567431907502
EBA;Evapo;12;Spatially adjusted;0,959591836734694;-103,306703269186;-104,657411133488;-112,793180144501
EBA;Evapo;12;Spatially adjusted;0,979795918367347;-104,084206898302;-106,358163662529;-114,972496988364
EBA;Evapo;12;Spatially adjusted;1;-104,832865317628;-108,033001782409;-117,12859813566
EBA;Evapo;12;Current landscape;0,0286251585930586;13,2263829667334;33,7206023479541;35,3012730364305
EBA;Evapo;12;Current landscape;0,0785410776734352;27,8282592490343;48,4808150890847;48,1267474344366
EBA;Evapo;12;Current landscape;0,128494039177895;41,9496230946927;71,3274091961487;58,0193213641812
EBA;Evapo;12;Current landscape;0,174401372671127;21,1638327216797;31,9378412704505;33,1129662966237
EBA;Evapo;12;Current landscape;0,22486600279808;38,0523254275288;54,3786109679927;39,6047821205841
EBA;Evapo;12;Current landscape;0,273439139127731;7,97503536334421;25,426469997288;10,2740712267544
EBA;Evapo;12;Current landscape;0,321025460958481;3,43519558270145;14,9894303821022;-7,86735581773564
EBA;Evapo;12;Current landscape;0,378457456827164;-9,04178385799946;6,86059896186157;-13,9431979488113
EBA;Evapo;12;Current landscape;0,426836341619492;-30,3947757092444;-13,24128304696;-32,6725639924225
EBA;Evapo;12;Current landscape;0,475788831710815;-37,093940541489;-20,2826517190836;-39,2293340658237
EBA;Evapo;12;Current landscape;0,524537026882172;-49,2062839378618;-38,5670664738097;-48,3441658135753
EBA;Evapo;12;Current landscape;0,572795152664185;-54,9441769499752;-49,8469451658164;-51,3722363812392
EBA;Evapo;12;Current landscape;0,621467739343643;-54,8021777796985;-39,1674277860409;-60,7400024330441
EBA;Evapo;12;Current landscape;0,67519998550415;-77,0839508287081;-67,9804265540181;-73,7851691454384
EBA;Evapo;12;Current landscape;0,722993910312653;-92,5150388360908;-59,5511947300975;-81,1017534737182
EBA;Evapo;12;Current landscape;0,771140277385712;-83,687671257492;-64,0627412380732;-71,7128644445656
EBA;Evapo;12;Current landscape;0,826203584671021;-96,2278410395759;-72,073128636217;-72,1331589323522
EBA;Evapo;12;Current landscape;0,872763931751251;-104,701496114008;-91,1187243202273;-83,654944029234
EBA;Evapo;12;Current landscape;0,927966684103012;-88,8348744092107;-81,8485500538202;-101,284475298621
EBA;Evapo;12;Current landscape;1;-124,809012489554;-110,425409763759;-132,409929559017
EBA;Evapo;13;Spatially adjusted;0,01;135,716017170758;138,407770257947;142,636072656581
EBA;Evapo;13;Spatially adjusted;0,0302040816326531;129,509444560828;133,080395225051;136,604898507899
EBA;Evapo;13;Spatially adjusted;0,0504081632653061;123,301277769531;127,743487663665;130,565902727044
EBA;Evapo;13;Spatially adjusted;0,0706122448979592;117,089922615497;122,387515045301;124,511263681841
EBA;Evapo;13;Spatially adjusted;0,0908163265306122;110,873784917361;117,002944841469;118,433159740118
EBA;Evapo;13;Spatially adjusted;0,111020408163265;104,651270493754;111,58024452368;112,323769269701
EBA;Evapo;13;Spatially adjusted;0,131224489795918;98,420785163308;106,109881563445;106,175270638417
EBA;Evapo;13;Spatially adjusted;0,151428571428571;92,1807347446559;100,582323432273;99,9798422140916
EBA;Evapo;13;Spatially adjusted;0,171632653061224;85,9295250564298;94,9880376016765;93,7296623645516
EBA;Evapo;13;Spatially adjusted;0,191836734693878;79,665561917262;89,3174915431655;87,4169094576243
EBA;Evapo;13;Spatially adjusted;0,212040816326531;73,3872511457846;83,5611527282504;81,0337618611352
EBA;Evapo;13;Spatially adjusted;0,232244897959184;67,0929985606299;77,7094886284426;74,5723979429113
EBA;Evapo;13;Spatially adjusted;0,252448979591837;60,7812099804307;71,7529667152526;68,024996070779
EBA;Evapo;13;Spatially adjusted;0,27265306122449;54,4502912238183;65,6820544601903;61,3837346125647
EBA;Evapo;13;Spatially adjusted;0,292857142857143;48,0986481094262;59,4872193347676;54,640791936095
EBA;Evapo;13;Spatially adjusted;0,313061224489796;41,7246864558856;53,1589288104945;47,7883464091967
EBA;Evapo;13;Spatially adjusted;0,333265306122449;35,3268120818293;46,6876503588815;40,8185763996962
EBA;Evapo;13;Spatially adjusted;0,353469387755102;28,9066934690834;40,0707439867297;33,7305907150158
EBA;Evapo;13;Spatially adjusted;0,373673469387755;22,479049752252;33,3331398419984;26,5512199209616
EBA;Evapo;13;Spatially adjusted;0,393877551020408;16,0618627291321;26,5066606079374;19,3142250229359
EBA;Evapo;13;Spatially adjusted;0,414081632653061;9,67311419752082;19,623128967796;12,0533670263412
EBA;Evapo;13;Spatially adjusted;0,434285714285714;3,33078595521647;12,714367604824;4,80240693657947
EBA;Evapo;13;Spatially adjusted;0,454489795918367;-2,94714019998355;5,81219920227068;-2,40489424094699
EBA;Evapo;13;Spatially adjusted;0,47469387755102;-9,14268247028212;-1,05155355661418;-9,5347755008363
EBA;Evapo;13;Spatially adjusted;0,494897959183674;-15,2378590578817;-7,84506798858115;-16,5534758376857
EBA;Evapo;13;Spatially adjusted;0,515102040816327;-21,2146881649842;-14,5365214103808;-23,4272342460934
EBA;Evapo;13;Spatially adjusted;0,53530612244898;-27,0551879937925;-21,0940911387636;-30,1222897206569
EBA;Evapo;13;Spatially adjusted;0,555510204081633;-32,7413767465091;-27,4859544904798;-36,6048812559745
EBA;Evapo;13;Spatially adjusted;0,575714285714286;-38,2552726253362;-33,6802887822801;-42,8412478466432
EBA;Evapo;13;Spatially adjusted;0,595918367346939;-43,5788938324768;-39,645271330915;-48,7976284872616
EBA;Evapo;13;Spatially adjusted;0,616122448979592;-48,6942585701322;-45,3490794531347;-54,4402621724269
EBA;Evapo;13;Spatially adjusted;0,636326530612245;-53,5833850405065;-50,7598904656895;-59,7353878967374
EBA;Evapo;13;Spatially adjusted;0,656530612244898;-58,228291445801;-55,8458816853304;-64,6492446547902
EBA;Evapo;13;Spatially adjusted;0,676734693877551;-62,6109959882185;-60,5752304288078;-69,1480714411841
EBA;Evapo;13;Spatially adjusted;0,696938775510204;-66,7194324160598;-64,9254643054908;-73,2084089907605
EBA;Evapo;13;Spatially adjusted;0,717142857142857;-70,5651966620187;-68,9115120952236;-76,848004999342
EBA;Evapo;13;Spatially adjusted;0,73734693877551;-74,1658002048873;-72,5576528704698;-80,0949089029944
EBA;Evapo;13;Spatially adjusted;0,757551020408163;-77,538754523458;-75,8881657036932;-82,9771701377842
EBA;Evapo;13;Spatially adjusted;0,777755102040816;-80,7015710965227;-78,9273296673562;-85,5228381397776
EBA;Evapo;13;Spatially adjusted;0,797959183673469;-83,6717614028737;-81,699423833923;-87,7599623450417
EBA;Evapo;13;Spatially adjusted;0,818163265306122;-86,466836921303;-84,228727275856;-89,7165921896415
EBA;Evapo;13;Spatially adjusted;0,838367346938776;-89,1043091306035;-86,53951906562;-91,4207771096442
EBA;Evapo;13;Spatially adjusted;0,858571428571429;-91,6016895095659;-88,6560782756765;-92,9005665411164
EBA;Evapo;13;Spatially adjusted;0,878775510204082;-93,9764895369833;-90,60268397849;-94,1840099201238
EBA;Evapo;13;Spatially adjusted;0,898979591836735;-96,2462206916482;-92,4036152465235;-95,2991566827332
EBA;Evapo;13;Spatially adjusted;0,919183673469388;-98,428394452352;-94,0831511522406;-96,274056265011
EBA;Evapo;13;Spatially adjusted;0,939387755102041;-100,540522297888;-95,6655707681041;-97,1367581030231
EBA;Evapo;13;Spatially adjusted;0,959591836734694;-102,600115707046;-97,175153166578;-97,9153116328362
EBA;Evapo;13;Spatially adjusted;0,979795918367347;-104,624686158621;-98,6361774201248;-98,6377662905165
EBA;Evapo;13;Spatially adjusted;1;-106,631745131403;-100,072922601209;-99,3321715121308
EBA;Evapo;13;Current landscape;0,0288609284907579;25,0719511015855;29,8336958597108;32,7447316625287
EBA;Evapo;13;Current landscape;0,0769151598215103;54,2632308446698;55,1070132707612;49,5481761198125
EBA;Evapo;13;Current landscape;0,124267563223839;49,1423212837406;58,5259677204476;60,9063489397136
EBA;Evapo;13;Current landscape;0,173579946160316;40,3325717381115;50,8415547025959;48,6356955559884
EBA;Evapo;13;Current landscape;0,226988077163696;34,2455783448427;44,8613414525153;20,763901252511
EBA;Evapo;13;Current landscape;0,272804856300354;18,7735811117766;33,6950054295492;9,28173837696022
EBA;Evapo;13;Current landscape;0,326707690954208;-3,91669622107747;19,9188389264336;-8,22598928006232
EBA;Evapo;13;Current landscape;0,375696137547493;-11,1501785426306;0,918547582342853;-14,9241446491637
EBA;Evapo;13;Current landscape;0,425412356853485;-15,3038893830326;0,161986036175904;-20,5654796807901
EBA;Evapo;13;Current landscape;0,476620256900787;-34,3895386035783;-18,8491065640756;-51,2800282484222
EBA;Evapo;13;Current landscape;0,522664844989777;-62,7823988238697;-42,5373712928263;-56,7811735561138
EBA;Evapo;13;Current landscape;0,574885308742523;-51,2674863497146;-50,7275684729136;-55,194567633019
EBA;Evapo;13;Current landscape;0,620377242565155;-46,5801023403365;-41,7199311916654;-52,094416737586
EBA;Evapo;13;Current landscape;0,675557017326355;-73,9836485666465;-63,5471730471134;-74,5970076258689
EBA;Evapo;13;Current landscape;0,725719451904297;-95,0480423740808;-62,2082706699534;-70,0478158420788
EBA;Evapo;13;Current landscape;0,771188735961914;-77,9806655444388;-68,306145251328;-72,9278568884415
EBA;Evapo;13;Current landscape;0,825606971979141;-77,2982590363888;-60,5986874996218;-72,3804115712815
EBA;Evapo;13;Current landscape;0,87630444765091;-90,3902812741053;-64,9173057087683;-67,4568814987833
EBA;Evapo;13;Current landscape;0,926372647285461;-105,578419542962;-72,4575395461341;-78,2759130419624
EBA;Evapo;13;Current landscape;1;-111,176588246615;-86,8317033036131;-96,1292552637274
EBA;Evapo;14;Spatially adjusted;0,01;137,317817448489;138,60792829234;136,509195727109
EBA;Evapo;14;Spatially adjusted;0,0302040816326531;131,52060287725;133,601077962647;131,340995564392
EBA;Evapo;14;Spatially adjusted;0,0504081632653061;125,715613530639;128,579791134024;126,160761856141
EBA;Evapo;14;Spatially adjusted;0,0706122448979592;119,895074633281;123,529631307543;120,956461056825
EBA;Evapo;14;Spatially adjusted;0,0908163265306122;114,051211409803;118,436161984274;115,716059620909
EBA;Evapo;14;Spatially adjusted;0,111020408163265;108,176249084832;113,28494666529;110,427524002861
EBA;Evapo;14;Spatially adjusted;0,131224489795918;102,262412882995;108,06154885166;105,078820657146
EBA;Evapo;14;Spatially adjusted;0,151428571428571;96,3019280289168;102,751532044455;99,6579160382339
EBA;Evapo;14;Spatially adjusted;0,171632653061224;90,2870197472264;97,3404597447479;94,1527766005897
EBA;Evapo;14;Spatially adjusted;0,191836734693878;84,2099132625492;91,8138954536075;88,5513687986807
EBA;Evapo;14;Spatially adjusted;0,212040816326531;78,0628337995124;86,157402672106;82,8416590869738
EBA;Evapo;14;Spatially adjusted;0,232244897959184;71,8380065827423;80,3565449013131;77,0116139199358
EBA;Evapo;14;Spatially adjusted;0,252448979591837;65,5276568368665;74,3968856423012;71,0491997520335
EBA;Evapo;14;Spatially adjusted;0,27265306122449;59,1240097865105;68,2639883961401;64,9423830377341
EBA;Evapo;14;Spatially adjusted;0,292857142857143;52,6192906563017;61,9434166639014;58,6791302315046
EBA;Evapo;14;Spatially adjusted;0,313061224489796;46,0057246708666;55,4207339466557;52,2474077878112
EBA;Evapo;14;Spatially adjusted;0,333265306122449;39,2755370548318;48,6815037454737;45,6351821611213
EBA;Evapo;14;Spatially adjusted;0,353469387755102;32,427661174936;41,7207562957703;38,8387169969626
EBA;Evapo;14;Spatially adjusted;0,373673469387755;25,487862966364;34,5713887703334;31,8874647051032
EBA;Evapo;14;Spatially adjusted;0,393877551020408;18,4886165064127;27,2757650762942;24,8191748863724
EBA;Evapo;14;Spatially adjusted;0,414081632653061;11,4623958723782;19,8762491207842;17,6715971415993
EBA;Evapo;14;Spatially adjusted;0,434285714285714;4,44167514155788;12,4152048109343;10,4824810716136
EBA;Evapo;14;Spatially adjusted;0,454489795918367;-2,54107160875174;4,9349960538766;3,2895762772439
EBA;Evapo;14;Spatially adjusted;0,47469387755102;-9,45337030125415;-2,52201324325802;-3,86936764068014
EBA;Evapo;14;Spatially adjusted;0,494897959183674;-16,2627468586525;-9,91345917333774;-10,9566010813296
EBA;Evapo;14;Spatially adjusted;0,515102040816327;-22,9367272036498;-17,1969778292319;-17,9343744438754
EBA;Evapo;14;Spatially adjusted;0,53530612244898;-29,44283725895;-24,3302053038085;-24,7649381274882
EBA;Evapo;14;Spatially adjusted;0,555510204081633;-35,7486029472559;-31,2707776899363;-31,4105425313389
EBA;Evapo;14;Spatially adjusted;0,575714285714286;-41,8215501912709;-37,976331080484;-37,8334380545985
EBA;Evapo;14;Spatially adjusted;0,595918367346939;-47,6292049136982;-44,4045015683198;-43,995875096437
EBA;Evapo;14;Spatially adjusted;0,616122448979592;-53,1390930372415;-50,512925246313;-49,8601040560261
EBA;Evapo;14;Spatially adjusted;0,636326530612245;-58,3187404846035;-56,2592382073317;-55,3883753325363
EBA;Evapo;14;Spatially adjusted;0,656530612244898;-63,1356731784883;-61,601076544245;-60,5429393251384
EBA;Evapo;14;Spatially adjusted;0,676734693877551;-67,557417041598;-66,4960763499209;-65,2860464330038
EBA;Evapo;14;Spatially adjusted;0,696938775510204;-71,5613651648125;-70,9140302271499;-69,590917889665
EBA;Evapo;14;Spatially adjusted;0,717142857142857;-75,16437931171;-74,8733568184087;-73,474658266108
EBA;Evapo;14;Spatially adjusted;0,73734693877551;-78,3931884140452;-78,404631276095;-76,9653429676805
EBA;Evapo;14;Spatially adjusted;0,757551020408163;-81,2745214035729;-81,5384287526069;-80,0910473997299
EBA;Evapo;14;Spatially adjusted;0,777755102040816;-83,835107212047;-84,3053244003427;-82,8798469676051
EBA;Evapo;14;Spatially adjusted;0,797959183673469;-86,1016747712226;-86,7358933717001;-85,3598170766529
EBA;Evapo;14;Spatially adjusted;0,818163265306122;-88,1009530128533;-88,860710819077;-87,5590331322217
EBA;Evapo;14;Spatially adjusted;0,838367346938776;-89,8596708686944;-90,7103518948718;-89,5055705396596
EBA;Evapo;14;Spatially adjusted;0,858571428571429;-91,4045572704997;-92,3153917514824;-91,227504704314
EBA;Evapo;14;Spatially adjusted;0,878775510204082;-92,762341150024;-93,7064055413064;-92,7529110315334
EBA;Evapo;14;Spatially adjusted;0,898979591836735;-93,9597514390216;-94,9139684167426;-94,1098649266653
EBA;Evapo;14;Spatially adjusted;0,919183673469388;-95,023517069247;-95,9686555301885;-95,3264417950575
EBA;Evapo;14;Spatially adjusted;0,939387755102041;-95,9803669724549;-96,9010420340428;-96,4307170420584
EBA;Evapo;14;Spatially adjusted;0,959591836734694;-96,857030080399;-97,7417030807023;-97,4507660730155
EBA;Evapo;14;Spatially adjusted;0,979795918367347;-97,6802353248347;-98,5212138225661;-98,4146642932769
EBA;Evapo;14;Spatially adjusted;1;-98,4767116375156;-99,270149412032;-99,3504871081903
EBA;Evapo;14;Current landscape;0,0293035563081503;62,0558109027325;69,2654538683121;66,3695679573943
EBA;Evapo;14;Current landscape;0,0802313685417175;48,0855433162351;60,6122541510576;52,7698535702896
EBA;Evapo;14;Current landscape;0,132749959826469;30,6859507913589;45,7063103962962;36,3996506843191
EBA;Evapo;14;Current landscape;0,174549609422684;34,6563775857551;47,1386852509388;37,9130225425236
EBA;Evapo;14;Current landscape;0,22392675280571;37,0793654871022;43,7014377386054;39,4385220002696
EBA;Evapo;14;Current landscape;0,275005906820297;14,1294803206399;29,7460834131625;21,4850199494988
EBA;Evapo;14;Current landscape;0,324894487857819;0,341813023381292;14,6993997541435;3,67622417517828
EBA;Evapo;14;Current landscape;0,373750895261765;-3,68381547269792;11,3132168619995;-8,36345820156384
EBA;Evapo;14;Current landscape;0,425017505884171;-13,7765769334608;-1,4735129831613;-7,95797141178514
EBA;Evapo;14;Current landscape;0,475768625736237;-33,7736496349628;-25,2922835765542;-38,4348364278701
EBA;Evapo;14;Current landscape;0,522477269172669;-59,0797013345164;-45,3561601511628;-58,4146679353357
EBA;Evapo;14;Current landscape;0,577098786830902;-53,8741153281239;-45,6054573853014;-68,5857400264656
EBA;Evapo;14;Current landscape;0,62384957075119;-76,0732819628643;-56,2010146429595;-74,5605956734032
EBA;Evapo;14;Current landscape;0,675711333751678;-75,2304634998845;-41,5451268700517;-59,5967105537725
EBA;Evapo;14;Current landscape;0,726813971996308;-95,904163795592;-70,3555718426369;-84,8221445000279
EBA;Evapo;14;Current landscape;0,774345278739929;-91,0484890639575;-77,1257563496597;-87,0628711954907
EBA;Evapo;14;Current landscape;0,823487430810929;-65,8666178480387;-58,393201360434;-63,1983384469481
EBA;Evapo;14;Current landscape;0,874406307935715;-100,122012960614;-74,9875748610134;-88,009912191236
EBA;Evapo;14;Current landscape;0,930325329303741;-105,034525476082;-62,8348155739291;-95,1219018141187
EBA;Evapo;14;Current landscape;1;-114,825751373808;-90,8631915725264;-86,2813247556865
EBA;Evapo;15;Spatially adjusted;0,01;141,494714387783;150,004949191858;152,240165282288
EBA;Evapo;15;Spatially adjusted;0,0302040816326531;135,147573556538;144,003033513345;145,788857510762
EBA;Evapo;15;Spatially adjusted;0,0504081632653061;128,795231352744;137,992570271849;139,33213741238
EBA;Evapo;15;Spatially adjusted;0,0706122448979592;122,432486403855;131,965011904385;132,864592660287
EBA;Evapo;15;Spatially adjusted;0,0908163265306122;116,054137337323;125,911810847969;126,380810927629
EBA;Evapo;15;Spatially adjusted;0,111020408163265;109,654982780598;119,824419539618;119,875379887549
EBA;Evapo;15;Spatially adjusted;0,131224489795918;103,229821361135;113,694290416349;113,342887213192
EBA;Evapo;15;Spatially adjusted;0,151428571428571;96,7734517063852;107,512875915177;106,777920577703
EBA;Evapo;15;Spatially adjusted;0,171632653061224;90,2806724438003;101,271628473118;100,175067654227
EBA;Evapo;15;Spatially adjusted;0,191836734693878;83,7462822008327;94,9620005271888;93,5289161159083
EBA;Evapo;15;Spatially adjusted;0,212040816326531;77,1650796049346;88,5754445144055;86,8340536358912
EBA;Evapo;15;Spatially adjusted;0,232244897959184;70,5318632835583;82,1034128717843;80,0850678873208
EBA;Evapo;15;Spatially adjusted;0,252448979591837;63,8414318641558;75,5373580363416;73,2765465433413
EBA;Evapo;15;Spatially adjusted;0,27265306122449;57,0885839741795;68,8687324450932;66,403077277098
EBA;Evapo;15;Spatially adjusted;0,292857142857143;50,2681182410811;62,0889885350557;59,4592477617348
EBA;Evapo;15;Spatially adjusted;0,313061224489796;43,3748332923133;55,1895787432452;52,4396456703971
EBA;Evapo;15;Spatially adjusted;0,333265306122449;36,4035277553278;48,1619555066777;45,3388586762292
EBA;Evapo;15;Spatially adjusted;0,353469387755102;29,3544141826351;41,0042552881969;38,1567760011455
EBA;Evapo;15;Spatially adjusted;0,373673469387755;22,2493608269767;33,7413506539554;30,9144930621405
EBA;Evapo;15;Spatially adjusted;0,393877551020408;15,1156498661526;26,4047981959341;23,6384068249781
EBA;Evapo;15;Spatially adjusted;0,414081632653061;7,98056347796205;19,0261545061126;16,3549142554223
EBA;Evapo;15;Spatially adjusted;0,434285714285714;0,871383840204771;11,6369761764715;9,09041231923743
EBA;Evapo;15;Spatially adjusted;0,454489795918367;-6,18460686931962;4,26881979899076;1,8712979821878
EBA;Evapo;15;Spatially adjusted;0,47469387755102;-13,160126472811;-3,0467580343493;-5,2760317899631
EBA;Evapo;15;Spatially adjusted;0,494897959183674;-20,0278927924708;-10,2782007315686;-12,3251800314508
EBA;Evapo;15;Spatially adjusted;0,515102040816327;-26,760623650498;-17,393951700687;-19,2497497765112
EBA;Evapo;15;Spatially adjusted;0,53530612244898;-33,3310368690936;-24,362454349724;-26,0233440593802
EBA;Evapo;15;Spatially adjusted;0,555510204081633;-39,7118502704582;-31,1521520866995;-32,6195659142938
EBA;Evapo;15;Spatially adjusted;0,575714285714286;-45,8757816767914;-37,7314883196332;-39,012018375488
EBA;Evapo;15;Spatially adjusted;0,595918367346939;-51,7955489102944;-44,0689064565452;-45,1743044771984
EBA;Evapo;15;Spatially adjusted;0,616122448979592;-57,4438697931669;-50,1328499054548;-51,0800272536608
EBA;Evapo;15;Spatially adjusted;0,636326530612245;-62,7934621476095;-55,8917620743819;-56,7027897391117
EBA;Evapo;15;Spatially adjusted;0,656530612244898;-67,8170437958224;-61,3140863713468;-62,0161949677868
EBA;Evapo;15;Spatially adjusted;0,676734693877551;-72,4873325600061;-66,3682662043689;-66,9938459739215
EBA;Evapo;15;Spatially adjusted;0,696938775510204;-76,785557615555;-71,0321679661304;-71,6175176942577
EBA;Evapo;15;Spatially adjusted;0,717142857142857;-80,7269935506392;-75,3213499879642;-75,9016726755588
EBA;Evapo;15;Spatially adjusted;0,73734693877551;-84,3354263066233;-79,2607935858655;-79,8689453670938
EBA;Evapo;15;Spatially adjusted;0,757551020408163;-87,6346418248711;-82,8754800758293;-83,5419702181316
EBA;Evapo;15;Spatially adjusted;0,777755102040816;-90,6484260467476;-86,1903907738508;-86,943381677941
EBA;Evapo;15;Spatially adjusted;0,797959183673469;-93,4005649136163;-89,2305069959252;-90,095814195792
EBA;Evapo;15;Spatially adjusted;0,818163265306122;-95,9148443668423;-92,020810058048;-93,0219022209524
EBA;Evapo;15;Spatially adjusted;0,838367346938776;-98,2150503477892;-94,5862812762139;-95,7442802026921
EBA;Evapo;15;Spatially adjusted;0,858571428571429;-100,324968797822;-96,9519019664183;-98,2855825902798
EBA;Evapo;15;Spatially adjusted;0,878775510204082;-102,268385658304;-99,1426534446562;-100,668443832984
EBA;Evapo;15;Spatially adjusted;0,898979591836735;-104,069086870601;-101,183517026924;-102,915498380074
EBA;Evapo;15;Spatially adjusted;0,919183673469388;-105,750858376076;-103,099474029215;-105,049380680819
EBA;Evapo;15;Spatially adjusted;0,939387755102041;-107,337486116094;-104,915505767525;-107,092725184489
EBA;Evapo;15;Spatially adjusted;0,959591836734694;-108,852756032019;-106,65659355785;-109,068166340351
EBA;Evapo;15;Spatially adjusted;0,979795918367347;-110,320454065215;-108,347718716184;-110,998338597675
EBA;Evapo;15;Spatially adjusted;1;-111,764366157047;-110,013862558523;-112,90587640573
EBA;Evapo;15;Current landscape;0,0287020392715931;47,3474353834936;60,3314687295415;72,9229936132979
EBA;Evapo;15;Current landscape;0,069852277636528;38,4499205057341;54,8123999931081;66,8556441990349
EBA;Evapo;15;Current landscape;0,124253138899803;49,3203662040508;61,4570622574161;53,577369186145
EBA;Evapo;15;Current landscape;0,172420814633369;25,3934532558444;41,2269326505757;29,562450035839
EBA;Evapo;15;Current landscape;0,223201841115952;18,5107105350255;25,8637440781922;18,8414534975909
EBA;Evapo;15;Current landscape;0,275363475084305;7,21197146132272;29,5108952867993;20,7875619367858
EBA;Evapo;15;Current landscape;0,325979888439178;-5,90757206711419;16,1249650015009;-5,80515571906835
EBA;Evapo;15;Current landscape;0,375158339738846;-15,5789423916976;5,69996753382429;-1,39056237743762
EBA;Evapo;15;Current landscape;0,425431698560715;-37,2031630128306;-16,4197231649066;-24,7706320392424
EBA;Evapo;15;Current landscape;0,47570988535881;-44,3170187694918;-27,4294262149856;-35,2690962449628
EBA;Evapo;15;Current landscape;0,523800075054169;-53,069970089799;-29,6874232364676;-53,2509883099367
EBA;Evapo;15;Current landscape;0,576183199882507;-45,3516392959366;-23,6313404873706;-42,6214745373791
EBA;Evapo;15;Current landscape;0,625888168811798;-86,308097316911;-45,7268559836559;-55,8629731309807
EBA;Evapo;15;Current landscape;0,673048734664917;-75,5351277706286;-44,1034767073452;-72,633002025181
EBA;Evapo;15;Current landscape;0,723696470260621;-97,1124698441181;-63,8466343958694;-67,2027103478788
EBA;Evapo;15;Current landscape;0,774373710155487;-72,8966614865176;-67,4462033034263;-69,3668291851914
EBA;Evapo;15;Current landscape;0,823991000652313;-71,0282710673109;-64,7094878081516;-72,4039775951333
EBA;Evapo;15;Current landscape;0,874869585037231;-116,643770513873;-89,161973290235;-93,5742020729158
EBA;Evapo;15;Current landscape;0,925287842750549;-116,579698432573;-83,412258300981;-77,287182529939
EBA;Evapo;15;Current landscape;1;-123,989247117411;-87,1628383942066;-86,9073957542669
EBA;Evapo;16;Spatially adjusted;0,01;128,533390744642;133,763436740692;137,334946246304
EBA;Evapo;16;Spatially adjusted;0,0302040816326531;122,964247883128;128,396204781415;131,236050886349
EBA;Evapo;16;Spatially adjusted;0,0504081632653061;117,390021670734;123,022654462196;125,13512689714
EBA;Evapo;16;Spatially adjusted;0,0706122448979592;111,805628756578;117,636467423095;119,030145649422
EBA;Evapo;16;Spatially adjusted;0,0908163265306122;106,205985789781;112,231325304169;112,919078513943
EBA;Evapo;16;Spatially adjusted;0,111020408163265;100,586009419462;106,800909745477;106,799896861448
EBA;Evapo;16;Spatially adjusted;0,131224489795918;94,9406162947412;101,338902387077;100,670572062683
EBA;Evapo;16;Spatially adjusted;0,151428571428571;89,2647230647369;95,8389848690292;94,5290754883947
EBA;Evapo;16;Spatially adjusted;0,171632653061224;83,5532463785694;90,2948388313907;88,3733785093277
EBA;Evapo;16;Spatially adjusted;0,191836734693878;77,801102885358;84,7001459142198;82,2014524962292
EBA;Evapo;16;Spatially adjusted;0,212040816326531;72,0032092342222;79,0485877575757;76,0112688198451
EBA;Evapo;16;Spatially adjusted;0,232244897959184;66,1544820742818;73,3338460015168;69,800798850921
EBA;Evapo;16;Spatially adjusted;0,252448979591837;60,2498380546558;67,5496022861014;63,568013960203
EBA;Evapo;16;Spatially adjusted;0,27265306122449;54,2841938244637;61,6895382513883;57,3108855184371
EBA;Evapo;16;Spatially adjusted;0,292857142857143;48,2524660328261;55,7473355374357;51,0273848963698
EBA;Evapo;16;Spatially adjusted;0,313061224489796;42,1495713288609;49,7166757843024;44,7154834647465
EBA;Evapo;16;Spatially adjusted;0,333265306122449;35,9704263616889;43,5912406320465;38,3731525943135
EBA;Evapo;16;Spatially adjusted;0,353469387755102;29,7147770319623;37,3696855251881;32,0018205633057
EBA;Evapo;16;Spatially adjusted;0,373673469387755;23,4016862464671;31,070561126093;25,6167432799132
EBA;Evapo;16;Spatially adjusted;0,393877551020408;17,0550461635216;24,7173919015881;19,2366335598149
EBA;Evapo;16;Spatially adjusted;0,414081632653061;10,6987489414453;18,3337023184999;12,880204218689
EBA;Evapo;16;Spatially adjusted;0,434285714285714;4,3566867385573;11,9430168436561;6,56616807221531
EBA;Evapo;16;Spatially adjusted;0,454489795918367;-1,94724828682433;5,5688599438829;0,313237936072028
EBA;Evapo;16;Spatially adjusted;0,47469387755102;-8,18916397637986;-0,765243913991981;-5,85987337406164
EBA;Evapo;16;Spatially adjusted;0,494897959183674;-14,3451681717906;-7,03577026314224;-11,9344530425069
EBA;Evapo;16;Spatially adjusted;0,515102040816327;-20,3913687147376;-13,2191946367407;-17,8917882535845
EBA;Evapo;16;Spatially adjusted;0,53530612244898;-26,3038734469023;-19,2919925679603;-23,7131661916162
EBA;Evapo;16;Spatially adjusted;0,555510204081633;-32,0587902099651;-25,2306395899743;-29,3798740409229
EBA;Evapo;16;Spatially adjusted;0,575714285714286;-37,6322268456077;-31,0116112359553;-34,8731989858256
EBA;Evapo;16;Spatially adjusted;0,595918367346939;-43,0002911955107;-36,6113830390768;-40,1744282106458
EBA;Evapo;16;Spatially adjusted;0,616122448979592;-48,1390911013552;-42,0064305325118;-45,2648488997038
EBA;Evapo;16;Spatially adjusted;0,636326530612245;-53,024734404823;-47,1732292494332;-50,1257482373214
EBA;Evapo;16;Spatially adjusted;0,656530612244898;-57,633328947594;-52,0882547230137;-54,7384134078197
EBA;Evapo;16;Spatially adjusted;0,676734693877551;-61,9409825713501;-56,7279824864268;-59,0841315955197
EBA;Evapo;16;Spatially adjusted;0,696938775510204;-65,9311688220473;-61,0759215483274;-63,1502844102563
EBA;Evapo;16;Spatially adjusted;0,717142857142857;-69,6168240627442;-65,1437148192954;-66,9486311639207
EBA;Evapo;16;Spatially adjusted;0,73734693877551;-73,0182503607737;-68,9500386853931;-70,4970255939174
EBA;Evapo;16;Spatially adjusted;0,757551020408163;-76,1557497834692;-72,5135695326831;-73,8133214376517
EBA;Evapo;16;Spatially adjusted;0,777755102040816;-79,0496243981641;-75,852983747227;-76,9153724325279
EBA;Evapo;16;Spatially adjusted;0,797959183673469;-81,7201762721918;-78,9869577150873;-79,821032315951
EBA;Evapo;16;Spatially adjusted;0,818163265306122;-84,1877074728859;-81,9341678223261;-82,5481548253261
EBA;Evapo;16;Spatially adjusted;0,838367346938776;-86,4725200675796;-84,7132904550056;-85,1145936980574
EBA;Evapo;16;Spatially adjusted;0,858571428571429;-88,594916123606;-87,3430019991877;-87,5382026715506
EBA;Evapo;16;Spatially adjusted;0,878775510204082;-90,5751977082989;-89,8419788409347;-89,8368354832094
EBA;Evapo;16;Spatially adjusted;0,898979591836735;-92,4336668889916;-92,2288973663087;-92,0283458704398
EBA;Evapo;16;Spatially adjusted;0,919183673469388;-94,1906257330174;-94,5224339613721;-94,130587570646
EBA;Evapo;16;Spatially adjusted;0,939387755102041;-95,8663763077097;-96,7412650121871;-96,161414321233
EBA;Evapo;16;Spatially adjusted;0,959591836734694;-97,4812206804017;-98,9040669048152;-98,138679859605
EBA;Evapo;16;Spatially adjusted;0,979795918367347;-99,0554609184271;-101,029516025319;-100,080237923168
EBA;Evapo;16;Spatially adjusted;1;-100,609399089119;-103,136288759761;-102,003942249326
EBA;Evapo;16;Current landscape;0,0279479641467333;65,9209468919848;78,0787773606678;70,1643618834696
EBA;Evapo;16;Current landscape;0,0762539133429527;38,2118799166108;61,1626783930501;58,1582010881989
EBA;Evapo;16;Current landscape;0,130759447813034;34,7537449546805;48,0081353842238;54,4084903416276
EBA;Evapo;16;Current landscape;0,173852160573006;36,1004488555418;57,4248244169976;46,9398835884638
EBA;Evapo;16;Current landscape;0,224895611405373;15,9209303540699;30,522965434908;17,4875910239716
EBA;Evapo;16;Current landscape;0,278105616569519;1,1700685439132;14,4611562832422;0,462018589431409
EBA;Evapo;16;Current landscape;0,324174135923386;-1,71584070151607;8,79204783574346;-2,86397897856978
EBA;Evapo;16;Current landscape;0,372766882181168;-7,36575642213325;6,40402312566903;-15,0859855881147
EBA;Evapo;16;Current landscape;0,424027591943741;-25,1318663679767;-16,0550152440972;-31,5091416040991
EBA;Evapo;16;Current landscape;0,477057784795761;-48,1255538609398;-30,0908903849174;-46,9884974960078
EBA;Evapo;16;Current landscape;0,525256484746933;-64,8457688816454;-54,1870360151297;-63,9865092854745
EBA;Evapo;16;Current landscape;0,571061581373215;-51,8435024408964;-58,988454962604;-62,3317925036468
EBA;Evapo;16;Current landscape;0,627179950475693;-76,6517088344415;-63,1671304998226;-69,1391874620028
EBA;Evapo;16;Current landscape;0,675213098526001;-72,9612560965468;-63,3102312985086;-80,9861958740385
EBA;Evapo;16;Current landscape;0,72670841217041;-71,7555502241598;-61,0003152100071;-71,4529729723074
EBA;Evapo;16;Current landscape;0,773198366165162;-77,4396937381628;-75,3776607049658;-77,4938424094253
EBA;Evapo;16;Current landscape;0,826231837272644;-66,3294477307438;-58,3475195618762;-64,5861569703689
EBA;Evapo;16;Current landscape;0,874697327613831;-95,8393342869813;-73,4896712668103;-66,9934279740271
EBA;Evapo;16;Current landscape;0,923921346664429;-76,2973429232409;-57,1656171119139;-85,6684309686673
EBA;Evapo;16;Current landscape;1;-95,4812425557673;-98,7505474197683;-72,033438090619
EBA;Evapo;17;Spatially adjusted;0,01;116,078896316675;124,446993924995;123,929372965396
EBA;Evapo;17;Spatially adjusted;0,0302040816326531;112,255585745666;120,646724753074;119,683416974678
EBA;Evapo;17;Spatially adjusted;0,0504081632653061;108,412264871246;116,826202934411;115,42054974808
EBA;Evapo;17;Spatially adjusted;0,0706122448979592;104,528923390004;112,965175822266;111,123860049723
EBA;Evapo;17;Spatially adjusted;0,0908163265306122;100,585550998527;109,043390769898;106,776436643727
EBA;Evapo;17;Spatially adjusted;0,111020408163265;96,5621373934043;105,040595130563;102,361368294212
EBA;Evapo;17;Spatially adjusted;0,131224489795918;92,4386722712254;100,936536257523;97,8617437652986
EBA;Evapo;17;Spatially adjusted;0,151428571428571;88,1951453285776;96,7109615040354;93,2606518211064
EBA;Evapo;17;Spatially adjusted;0,171632653061224;83,8115462620508;92,3436182233588;88,5411812257564
EBA;Evapo;17;Spatially adjusted;0,191836734693878;79,2678647682328;87,8142537687518;83,6864207433687
EBA;Evapo;17;Spatially adjusted;0,212040816326531;74,5440905437124;83,1026154934739;78,6794591380633
EBA;Evapo;17;Spatially adjusted;0,232244897959184;69,6202132850783;78,1884507507832;73,5033851739611
EBA;Evapo;17;Spatially adjusted;0,252448979591837;64,4762226889191;73,0515068939385;68,1412876151817
EBA;Evapo;17;Spatially adjusted;0,27265306122449;59,0921084518234;67,6715312761987;62,5762552258455
EBA;Evapo;17;Spatially adjusted;0,292857142857143;53,44786027038;62,0282712508224;56,7913767700732
EBA;Evapo;17;Spatially adjusted;0,313061224489796;47,5234678411773;56,1014741710687;50,7697410119847
EBA;Evapo;17;Spatially adjusted;0,333265306122449;41,298920860804;49,870887390196;44,4944367157004
EBA;Evapo;17;Spatially adjusted;0,353469387755102;34,7662509137379;43,3280593244324;37,9590241825972
EBA;Evapo;17;Spatially adjusted;0,373673469387755;27,9656571360144;36,5117426418826;31,1989498630799
EBA;Evapo;17;Spatially adjusted;0,393877551020408;20,9493805515574;29,4724910736209;24,2601317448093
EBA;Evapo;17;Spatially adjusted;0,414081632653061;13,7696621842915;22,2608583507217;17,1884878154463
EBA;Evapo;17;Spatially adjusted;0,434285714285714;6,47874305814116;14,9273982042587;10,0299360626518
EBA;Evapo;17;Spatially adjusted;0,454489795918367;-0,871135802969775;7,52266436530658;2,8303944740876
EBA;Evapo;17;Spatially adjusted;0,47469387755102;-8,22773337511649;0,0972105649391324;-4,36421896258526
EBA;Evapo;17;Spatially adjusted;0,494897959183674;-15,5388086343751;-7,29840946576928;-11,5079862597065
EBA;Evapo;17;Spatially adjusted;0,515102040816327;-22,752120556821;-14,6136419957447;-18,5549894296141
EBA;Evapo;17;Spatially adjusted;0,53530612244898;-29,8154281185298;-21,7979332939131;-25,4593104846474
EBA;Evapo;17;Spatially adjusted;0,555510204081633;-36,6764902955774;-28,8007296291999;-32,175031437145
EBA;Evapo;17;Spatially adjusted;0,575714285714286;-43,2830660640393;-35,5714772705312;-38,6562342994464
EBA;Evapo;17;Spatially adjusted;0,595918367346939;-49,5829143999915;-42,0596224868325;-44,8570010838903
EBA;Evapo;17;Spatially adjusted;0,616122448979592;-55,5237942795091;-48,21461154703;-50,7314138028153
EBA;Evapo;17;Spatially adjusted;0,636326530612245;-61,053464678668;-53,9858907200496;-56,2335544685605
EBA;Evapo;17;Spatially adjusted;0,656530612244898;-66,119684573544;-59,3229062748169;-61,3175050934647
EBA;Evapo;17;Spatially adjusted;0,676734693877551;-70,6702129402129;-64,1751044802579;-65,9373476898666
EBA;Evapo;17;Spatially adjusted;0,696938775510204;-74,6674315561559;-68,5059340092316;-70,0601300390506
EBA;Evapo;17;Spatially adjusted;0,717142857142857;-78,1322134044751;-72,3348531503298;-73,7047629980818
EBA;Evapo;17;Spatially adjusted;0,73734693877551;-81,1000542696793;-75,6953225960774;-76,9031231929703
EBA;Evapo;17;Spatially adjusted;0,757551020408163;-83,6064499362765;-78,6208030389996;-79,6870872497266
EBA;Evapo;17;Spatially adjusted;0,777755102040816;-85,6868961887751;-81,1447551716217;-82,0885317943601
EBA;Evapo;17;Spatially adjusted;0,797959183673469;-87,3768888116831;-83,300639686468;-84,1393334528812
EBA;Evapo;17;Spatially adjusted;0,818163265306122;-88,7119235895088;-85,1219172760639;-85,8713688513008
EBA;Evapo;17;Spatially adjusted;0,838367346938776;-89,727496306761;-86,642048632935;-87,3165146156284
EBA;Evapo;17;Spatially adjusted;0,858571428571429;-90,4591027479466;-87,8944944496057;-88,5066473718746
EBA;Evapo;17;Spatially adjusted;0,878775510204082;-90,9422386975753;-88,912715418601;-89,4736437460495
EBA;Evapo;17;Spatially adjusted;0,898979591836735;-91,2123999401542;-89,730172232446;-90,2493803641628
EBA;Evapo;17;Spatially adjusted;0,919183673469388;-91,3050822601924;-90,380325583666;-90,8657338522255
EBA;Evapo;17;Spatially adjusted;0,939387755102041;-91,2557814421975;-90,8966361647861;-91,3545808362474
EBA;Evapo;17;Spatially adjusted;0,959591836734694;-91,099993270678;-91,3125646683307;-91,7477979422386
EBA;Evapo;17;Spatially adjusted;0,979795918367347;-90,8732135301418;-91,6615717868251;-92,0772617962091
EBA;Evapo;17;Spatially adjusted;1;-90,6109380050975;-91,977118212795;-92,3748490241701
EBA;Evapo;17;Current landscape;0,0278813093900681;40,7527344314833;48,4976584491969;46,7909241274479
EBA;Evapo;17;Current landscape;0,0793616324663162;45,2730141078541;56,9261971855112;47,9984959416647
EBA;Evapo;17;Current landscape;0,127976223826408;71,7219988251102;86,9325224183394;73,4274423691227
EBA;Evapo;17;Current landscape;0,174299627542496;40,195004501614;51,1609196993065;38,7954385277271
EBA;Evapo;17;Current landscape;0,222976148128509;27,733704013539;42,7814578607843;24,6746340640623
EBA;Evapo;17;Current landscape;0,273850351572037;12,3655947568154;19,7856458624474;-1,50385207428371
EBA;Evapo;17;Current landscape;0,328638821840286;2,41209971313151;6,6833303045828;-2,91733415476961
EBA;Evapo;17;Current landscape;0,373431235551834;10,8052894188784;13,5335455629008;-4,69741876567719
EBA;Evapo;17;Current landscape;0,426610589027405;-17,0414987325894;-5,24713910167043;-26,5059297127125
EBA;Evapo;17;Current landscape;0,475856333971024;-47,4459497349737;-22,2572738859858;-41,4885581388908
EBA;Evapo;17;Current landscape;0,524901688098908;-57,5287498517214;-28,4339396540659;-42,7699983486705
EBA;Evapo;17;Current landscape;0,573707759380341;-54,1436775845423;-27,0901791712422;-46,7463899455452
EBA;Evapo;17;Current landscape;0,624906122684479;-56,6336073105654;-42,6802285936585;-57,7999606044455
EBA;Evapo;17;Current landscape;0,674676597118378;-66,2880105727768;-46,4202030824231;-55,3715517370247
EBA;Evapo;17;Current landscape;0,723890900611877;-95,8837457932662;-56,2974720820955;-64,2649023782074
EBA;Evapo;17;Current landscape;0,773243010044098;-85,9612387547377;-63,3773217388805;-70,6826807834457
EBA;Evapo;17;Current landscape;0,821207880973816;-86,782218416032;-67,1667641217064;-70,5580423490374
EBA;Evapo;17;Current landscape;0,874875038862229;-95,7921475487485;-70,9873146223549;-71,5829508698653
EBA;Evapo;17;Current landscape;0,919844686985016;-82,4892953207561;-69,9540823472157;-86,1706795541809
EBA;Evapo;17;Current landscape;1;-118,50829901341;-86,8340178374922;-83,2830032498491
EBA;Evapo;18;Spatially adjusted;0,01;130,412368795015;132,825739817295;137,428648398503
EBA;Evapo;18;Spatially adjusted;0,0302040816326531;124,33923633795;127,454879962417;131,657391319611
EBA;Evapo;18;Spatially adjusted;0,0504081632653061;118,265892241104;122,07757025527;125,881116438397
EBA;Evapo;18;Spatially adjusted;0,0706122448979592;112,192124864695;116,687360843584;120,094805952541
EBA;Evapo;18;Spatially adjusted;0,0908163265306122;106,117722568944;111,277801875091;114,29344205972
EBA;Evapo;18;Spatially adjusted;0,111020408163265;100,042473714068;105,84244349752;108,472006957613
EBA;Evapo;18;Spatially adjusted;0,131224489795918;93,966166660287;100,374835858603;102,625482843899
EBA;Evapo;18;Spatially adjusted;0,151428571428571;87,8885897678192;94,8685291060708;96,7488519162573
EBA;Evapo;18;Spatially adjusted;0,171632653061224;81,809531396884;89,3170733876534;90,8370963723653
EBA;Evapo;18;Spatially adjusted;0,191836734693878;75,7287799077005;83,7140188510821;84,8851984099022
EBA;Evapo;18;Spatially adjusted;0,212040816326531;69,6461236604871;78,0529156440875;78,8881402265461
EBA;Evapo;18;Spatially adjusted;0,232244897959184;63,5613510154628;72,3273139144003;72,8409040199765
EBA;Evapo;18;Spatially adjusted;0,252448979591837;57,4742503328473;66,5307638097513;66,7384719878708
EBA;Evapo;18;Spatially adjusted;0,27265306122449;51,3846099728583;60,6568154778711;60,5758263279085
EBA;Evapo;18;Spatially adjusted;0,292857142857143;45,2922182957154;54,6990190664906;54,3479492377676
EBA;Evapo;18;Spatially adjusted;0,313061224489796;39,196863661638;48,6509247233405;48,0498229151272
EBA;Evapo;18;Spatially adjusted;0,333265306122449;33,0983344308438;42,5060825961514;41,6764295576654
EBA;Evapo;18;Spatially adjusted;0,353469387755102;26,9987100577087;36,2632279297623;35,2275464853058
EBA;Evapo;18;Spatially adjusted;0,373673469387755;20,9092343732289;29,9418363574443;28,7221315069503
EBA;Evapo;18;Spatially adjusted;0,393877551020408;14,8434423025583;23,566568609577;22,1839375537459
EBA;Evapo;18;Spatially adjusted;0,414081632653061;8,81486877084922;17,1620854165392;15,6367175568384
EBA;Evapo;18;Spatially adjusted;0,434285714285714;2,83704870325482;10,7530475087101;9,1042244473756
EBA;Evapo;18;Spatially adjusted;0,454489795918367;-3,07648297507171;4,36411561646946;2,61021115650328
EBA;Evapo;18;Spatially adjusted;0,47469387755102;-8,91219133897744;-1,98004952980386;-3,82156938463118
EBA;Evapo;18;Spatially adjusted;0,494897959183674;-14,6565414633096;-8,25478719973012;-10,1673642448816
EBA;Evapo;18;Spatially adjusted;0,515102040816327;-20,2959984229146;-14,4354366629307;-16,4034204931013
EBA;Evapo;18;Spatially adjusted;0,53530612244898;-25,8170272926407;-20,4973371890255;-22,5059851981434
EBA;Evapo;18;Spatially adjusted;0,555510204081633;-31,2060931473336;-26,4158280476361;-28,4513054288611
EBA;Evapo;18;Spatially adjusted;0,575714285714286;-36,449661061841;-32,1662485083825;-34,2156282541082
EBA;Evapo;18;Spatially adjusted;0,595918367346939;-41,5341961110096;-37,7239378408863;-39,7752007427375
EBA;Evapo;18;Spatially adjusted;0,616122448979592;-46,4461633696872;-43,0642353147673;-45,1062699636027
EBA;Evapo;18;Spatially adjusted;0,636326530612245;-51,1720279127196;-48,1624801996468;-50,1850829855566
EBA;Evapo;18;Spatially adjusted;0,656530612244898;-55,6982548149545;-52,9940117651449;-54,9878868774533
EBA;Evapo;18;Spatially adjusted;0,676734693877551;-60,0113091512392;-57,5341692808834;-59,4909287081455
EBA;Evapo;18;Spatially adjusted;0,696938775510204;-64,1022733536447;-61,7656941671717;-63,6777843161815
EBA;Evapo;18;Spatially adjusted;0,717142857142857;-67,9806992831407;-65,7009364470794;-67,5613446188886
EBA;Evapo;18;Spatially adjusted;0,73734693877551;-71,6607561579208;-69,3596482943649;-71,1618293032882
EBA;Evapo;18;Spatially adjusted;0,757551020408163;-75,1566131961793;-72,7615818827871;-74,4994580564032
EBA;Evapo;18;Spatially adjusted;0,777755102040816;-78,4824396161105;-75,9264893861046;-77,5944505652544
EBA;Evapo;18;Spatially adjusted;0,797959183673469;-81,6524046359075;-78,8741229780762;-80,4670265168647
EBA;Evapo;18;Spatially adjusted;0,818163265306122;-84,6806774737652;-81,6242348324609;-83,1374055982556
EBA;Evapo;18;Spatially adjusted;0,838367346938776;-87,5814273478773;-84,1965771230168;-85,6258074964489
EBA;Evapo;18;Spatially adjusted;0,858571428571429;-90,3688234764372;-86,6109020235033;-87,9524518984667
EBA;Evapo;18;Spatially adjusted;0,878775510204082;-93,0570350776393;-88,8869617076784;-90,137558491331
EBA;Evapo;18;Spatially adjusted;0,898979591836735;-95,6602313696778;-91,0445083493014;-92,2013469620638
EBA;Evapo;18;Spatially adjusted;0,919183673469388;-98,1925815707466;-93,1032941221308;-94,1640369976867
EBA;Evapo;18;Spatially adjusted;0,939387755102041;-100,668254899039;-95,0830711999251;-96,0458482852221
EBA;Evapo;18;Spatially adjusted;0,959591836734694;-103,10142057275;-97,0035917564435;-97,8670005116917
EBA;Evapo;18;Spatially adjusted;0,979795918367347;-105,506247810073;-98,8846079654445;-99,6477133641174
EBA;Evapo;18;Spatially adjusted;1;-107,896905829202;-100,745872000687;-101,408206529521
EBA;Evapo;18;Current landscape;0,0286722034215927;56,1174471104018;65,9361644598162;70,6878108550527
EBA;Evapo;18;Current landscape;0,0783799663186073;45,9535367430681;62,7800592048056;65,8040347566482
EBA;Evapo;18;Current landscape;0,123056173324585;44,3069030259424;52,6026363333397;42,9125984586085
EBA;Evapo;18;Current landscape;0,171141058206558;22,5636558129306;32,9377590192266;22,9643453344825
EBA;Evapo;18;Current landscape;0,223673790693283;16,5591675013927;29,9694059080132;28,5489653691448
EBA;Evapo;18;Current landscape;0,275942534208298;9,12897662130467;21,2940943952633;21,4195636501247
EBA;Evapo;18;Current landscape;0,325956255197525;3,4008543810728;13,2651019137788;-1,04122251516537
EBA;Evapo;18;Current landscape;0,378497555851937;5,20287470973017;5,12388497308712;-1,9256881213787
EBA;Evapo;18;Current landscape;0,428283721208572;-21,9734734663603;-26,497214414346;-27,9402403699967
EBA;Evapo;18;Current landscape;0,477380752563477;-36,2169637002687;-33,6116095183886;-42,5395702831904
EBA;Evapo;18;Current landscape;0,52484005689621;-46,037497451717;-31,2644920924138;-56,3251973316519
EBA;Evapo;18;Current landscape;0,573061764240265;-36,1969119657947;-37,0105687253092;-72,462028629071
EBA;Evapo;18;Current landscape;0,624119311571121;-65,4565707127713;-54,3478400496188;-82,5504883531287
EBA;Evapo;18;Current landscape;0,672327935695648;-81,8553630599702;-59,2322076174892;-75,8349700595368
EBA;Evapo;18;Current landscape;0,724833011627197;-93,7396605601664;-70,6660546461167;-88,9152878678456
EBA;Evapo;18;Current landscape;0,774194985628128;-70,9347376389994;-72,2940614135002;-73,6352705466361
EBA;Evapo;18;Current landscape;0,825118184089661;-90,0674092015625;-75,5472972061386;-84,4794432695942
EBA;Evapo;18;Current landscape;0,878445684909821;-79,927627878689;-62,3821366938391;-71,0102061412499
EBA;Evapo;18;Current landscape;0,926592350006104;-99,6398698080409;-80,8268747900086;-90,5697070074198
EBA;Evapo;18;Current landscape;1;-122,513896400582;-98,2404661983139;-97,9209161984941
EBA;Evapo;19;Spatially adjusted;0,01;136,188529670394;146,49811547831;147,620281347043
EBA;Evapo;19;Spatially adjusted;0,0302040816326531;130,078135220889;140,772787169714;140,963338349229
EBA;Evapo;19;Spatially adjusted;0,0504081632653061;123,962448641287;135,03790417861;134,306114575514
EBA;Evapo;19;Spatially adjusted;0,0706122448979592;117,836177801491;129,283911822487;127,648329249995
EBA;Evapo;19;Spatially adjusted;0,0908163265306122;111,694030571401;123,501255418837;120,989701596772
EBA;Evapo;19;Spatially adjusted;0,111020408163265;105,530714820921;117,68038028515;114,329950839943
EBA;Evapo;19;Spatially adjusted;0,131224489795918;99,3409384199524;111,811731738918;107,668796203605
EBA;Evapo;19;Spatially adjusted;0,151428571428571;93,1194092383994;105,885755097632;101,005956911858
EBA;Evapo;19;Spatially adjusted;0,171632653061224;86,8608351461628;99,8928956787811;94,3411521887992
EBA;Evapo;19;Spatially adjusted;0,191836734693878;80,5599240131457;93,8235987998578;87,6741012585285
EBA;Evapo;19;Spatially adjusted;0,212040816326531;74,2113837092506;87,6683097783525;81,0045233451429
EBA;Evapo;19;Spatially adjusted;0,232244897959184;67,8099221043799;81,4174739317568;74,3321376727422
EBA;Evapo;19;Spatially adjusted;0,252448979591837;61,3502470684357;75,06153657756;67,6566634654232
EBA;Evapo;19;Spatially adjusted;0,27265306122449;54,8270664713207;68,5909430332545;60,9778199472855
EBA;Evapo;19;Spatially adjusted;0,292857142857143;48,2350881829368;61,9961386163307;54,295326342427
EBA;Evapo;19;Spatially adjusted;0,313061224489796;41,5690200731874;55,2675686442792;47,6089018749467
EBA;Evapo;19;Spatially adjusted;0,333265306122449;34,8235700119742;48,3956784345912;40,9182657689419
EBA;Evapo;19;Spatially adjusted;0,353469387755102;27,9990886666492;41,3785040277323;34,2258577707073
EBA;Evapo;19;Spatially adjusted;0,373673469387755;21,1184978943627;34,2444443560676;27,5449997153169
EBA;Evapo;19;Spatially adjusted;0,393877551020408;14,2103623497133;27,0294890749374;20,8917339600407
EBA;Evapo;19;Spatially adjusted;0,414081632653061;7,303246687301;19,7696278396807;14,2821028621484
EBA;Evapo;19;Spatially adjusted;0,434285714285714;0,425715561725156;12,5008503056383;7,7321487789095
EBA;Evapo;19;Spatially adjusted;0,454489795918367;-6,39366637241506;5,25914612814904;1,25791406759367
EBA;Evapo;19;Spatially adjusted;0,47469387755102;-13,1263344605204;-1,91949503744627;-5,12455891452851
EBA;Evapo;19;Spatially adjusted;0,494897959183674;-19,7437240479912;-8,99908353580804;-11,3992278101882
EBA;Evapo;19;Spatially adjusted;0,515102040816327;-26,2172704802283;-15,9436297115967;-17,5500502621153
EBA;Evapo;19;Spatially adjusted;0,53530612244898;-32,5184091026322;-22,7171439094718;-23,56098391304
EBA;Evapo;19;Spatially adjusted;0,555510204081633;-38,6185752606036;-29,283636474094;-29,4159864056928
EBA;Evapo;19;Spatially adjusted;0,575714285714286;-44,4892042995432;-35,6071177501231;-35,0990153828038
EBA;Evapo;19;Spatially adjusted;0,595918367346939;-50,1017315648512;-41,6515980822194;-40,5940284871035
EBA;Evapo;19;Spatially adjusted;0,616122448979592;-55,4275924019289;-47,3810878150425;-45,8849833613215
EBA;Evapo;19;Spatially adjusted;0,636326530612245;-60,4382221561764;-52,7595972932534;-50,9558376481884
EBA;Evapo;19;Spatially adjusted;0,656530612244898;-65,1050561729944;-57,7511368615117;-55,7905489904347
EBA;Evapo;19;Spatially adjusted;0,676734693877551;-69,3995297977835;-62,3197168644774;-60,3730750307902
EBA;Evapo;19;Spatially adjusted;0,696938775510204;-73,3020154542805;-66,4401266437492;-64,6928411763136
EBA;Evapo;19;Spatially adjusted;0,717142857142857;-76,8286338795633;-70,1302715286781;-68,7611438913739
EBA;Evapo;19;Spatially adjusted;0,73734693877551;-80,0044428890472;-73,4188358455542;-72,5947474046693
EBA;Evapo;19;Spatially adjusted;0,757551020408163;-82,8545002981448;-76,3345039206665;-76,2104159448973
EBA;Evapo;19;Spatially adjusted;0,777755102040816;-85,403863922272;-78,9059600803041;-79,6249137407542
EBA;Evapo;19;Spatially adjusted;0,797959183673469;-87,6775915768419;-81,1618886507572;-82,8550050209387
EBA;Evapo;19;Spatially adjusted;0,818163265306122;-89,7007410772692;-83,1309739583153;-85,9174540141482
EBA;Evapo;19;Spatially adjusted;0,838367346938776;-91,4983702389684;-84,8419003292675;-88,8290249490799
EBA;Evapo;19;Spatially adjusted;0,858571428571429;-93,0955368773536;-86,3233520899037;-91,6064820544316
EBA;Evapo;19;Spatially adjusted;0,878775510204082;-94,5172988078386;-87,6040135665132;-94,2665895589007
EBA;Evapo;19;Spatially adjusted;0,898979591836735;-95,7887138458386;-88,7125690853857;-96,8261116911845
EBA;Evapo;19;Spatially adjusted;0,919183673469388;-96,9348398067671;-89,6777029728107;-99,3018126799807
EBA;Evapo;19;Spatially adjusted;0,939387755102041;-97,9807345060383;-90,5280995550775;-101,710456753987
EBA;Evapo;19;Spatially adjusted;0,959591836734694;-98,9514557590671;-91,2924431584756;-104,068808141901
EBA;Evapo;19;Spatially adjusted;0,979795918367347;-99,872061381267;-91,9994181092945;-106,393631072419
EBA;Evapo;19;Spatially adjusted;1;-100,767609188053;-92,6777087338248;-108,70168977424
EBA;Evapo;19;Current landscape;0,0301962736994028;48,694801849254;67,8589119254061;60,9212701570859
EBA;Evapo;19;Current landscape;0,0751612037420273;55,7533019219491;70,5129854789809;71,7565892856333
EBA;Evapo;19;Current landscape;0,125636532902718;41,6701531772592;50,6112934088471;51,4135336811692
EBA;Evapo;19;Current landscape;0,1757722645998;20,7008164165516;40,4443342851489;32,6637331354843
EBA;Evapo;19;Current landscape;0,22576342523098;25,8042642841865;43,6403380601814;30,5543190968613
EBA;Evapo;19;Current landscape;0,276081085205078;14,9878728854401;30,6560017261936;20,0731904442134
EBA;Evapo;19;Current landscape;0,325336173176766;-22,3477065871671;3,31571502985025;-9,39389961069742
EBA;Evapo;19;Current landscape;0,375203117728233;-33,1668694919913;-4,13902367202945;-16,6299538416693
EBA;Evapo;19;Current landscape;0,425923317670822;-29,2177819274177;-10,8234355973127;-32,4428096160839
EBA;Evapo;19;Current landscape;0,476720675826073;-33,8293600653219;-16,5819410692636;-30,7569663759996
EBA;Evapo;19;Current landscape;0,52330470085144;-52,2310812618584;-45,2306656082083;-42,0656751714164
EBA;Evapo;19;Current landscape;0,573111176490784;-47,0704415091582;-28,4504658160556;-42,9682737742512
EBA;Evapo;19;Current landscape;0,623169481754303;-76,3602879146524;-57,6249754645801;-65,085392734462
EBA;Evapo;19;Current landscape;0,673186779022217;-81,8612532220643;-52,9655116243503;-61,1389494165574
EBA;Evapo;19;Current landscape;0,72392001748085;-92,8872806819045;-73,1297652401916;-82,1507289973638
EBA;Evapo;19;Current landscape;0,774409890174866;-100,854681259632;-71,0125920641383;-77,4290494410768
EBA;Evapo;19;Current landscape;0,826117843389511;-85,5677608033957;-66,6780263095882;-79,0522501633743
EBA;Evapo;19;Current landscape;0,877573728561401;-84,5397568831327;-61,6548090870229;-62,8631597687793
EBA;Evapo;19;Current landscape;0,92644739151001;-90,3406876354172;-67,2640202763948;-99,7498374328247
EBA;Evapo;19;Current landscape;1;-124,017109211974;-91,6183451560619;-98,8388800046125
EBA;Evapo;20;Spatially adjusted;0,01;125,51925824792;136,528205706567;133,079244661936
EBA;Evapo;20;Spatially adjusted;0,0302040816326531;120,124114349965;131,372172575634;127,710979406858
EBA;Evapo;20;Spatially adjusted;0,0504081632653061;114,722817777102;126,205240535978;122,332891868341
EBA;Evapo;20;Spatially adjusted;0,0706122448979592;109,30921585442;121,016510678876;116,935159762947
EBA;Evapo;20;Spatially adjusted;0,0908163265306122;103,87715590701;115,795084095606;111,507960807238
EBA;Evapo;20;Spatially adjusted;0,111020408163265;98,4204852599637;110,530061877442;106,041472717777
EBA;Evapo;20;Spatially adjusted;0,131224489795918;92,933051238371;105,210545115664;100,525873211124
EBA;Evapo;20;Spatially adjusted;0,151428571428571;87,4087011673237;99,8256349015474;94,951340003842
EBA;Evapo;20;Spatially adjusted;0,171632653061224;81,8412823719114;94,3644323263695;89,3080508124922
EBA;Evapo;20;Spatially adjusted;0,191836734693878;76,2246421772256;88,8160384814071;83,5861833536358
EBA;Evapo;20;Spatially adjusted;0,212040816326531;70,552627908357;83,1695544579372;77,7759153438356
EBA;Evapo;20;Spatially adjusted;0,232244897959184;64,8190868903967;77,414081347237;71,8674244996523
EBA;Evapo;20;Spatially adjusted;0,252448979591837;59,0178664484349;71,5387202405832;65,8508885376484
EBA;Evapo;20;Spatially adjusted;0,27265306122449;53,1428139075629;65,5325722292528;59,7164851743853
EBA;Evapo;20;Spatially adjusted;0,292857142857143;47,1877765928707;59,3847384045228;53,4543921264249
EBA;Evapo;20;Spatially adjusted;0,313061224489796;41,1466018294504;53,0843198576697;47,054787110329
EBA;Evapo;20;Spatially adjusted;0,333265306122449;35,0131369423916;46,6204176799713;40,507847842659
EBA;Evapo;20;Spatially adjusted;0,353469387755102;28,7863318372199;39,9898340155764;33,8112353217537
EBA;Evapo;20;Spatially adjusted;0,373673469387755;22,4855467411978;33,220175220124;26,9925436730578
EBA;Evapo;20;Spatially adjusted;0,393877551020408;16,1352444620218;26,3467487021253;20,0868503037932
EBA;Evapo;20;Spatially adjusted;0,414081632653061;9,75988780738817;19,404861870092;13,1292326211815
EBA;Evapo;20;Spatially adjusted;0,434285714285714;3,38393958499455;12,4298221325344;6,15476803244451
EBA;Evapo;20;Spatially adjusted;0,454489795918367;-2,96813739746335;5,45693689796462;-0,801466055195988
EBA;Evapo;20;Spatially adjusted;0,47469387755102;-9,27188033228845;-1,47848642510667;-7,70439223451854
EBA;Evapo;20;Spatially adjusted;0,494897959183674;-15,5028264117843;-8,34114042816736;-14,5189330983012
EBA;Evapo;20;Spatially adjusted;0,515102040816327;-21,6365128282539;-15,0957177027071;-21,2100112393218
EBA;Evapo;20;Spatially adjusted;0,53530612244898;-27,648476774001;-21,7069108402143;-27,7425492503598
EBA;Evapo;20;Spatially adjusted;0,555510204081633;-33,5142554413287;-28,1394124321773;-34,0814697241929
EBA;Evapo;20;Spatially adjusted;0,575714285714286;-39,2093860225405;-34,3579150700857;-40,1916952535994
EBA;Evapo;20;Spatially adjusted;0,595918367346939;-44,7094057099393;-40,3271113454275;-46,0381484313571
EBA;Evapo;20;Spatially adjusted;0,616122448979592;-49,989851695829;-46,0116938496915;-51,5857518502448
EBA;Evapo;20;Spatially adjusted;0,636326530612245;-55,0262611725129;-51,3763551743666;-56,7994281030406
EBA;Evapo;20;Spatially adjusted;0,656530612244898;-59,7941713322939;-56,3857879109419;-61,6440997825234
EBA;Evapo;20;Spatially adjusted;0,676734693877551;-64,2691193674757;-61,0046846509054;-66,0846894814706
EBA;Evapo;20;Spatially adjusted;0,696938775510204;-68,4340261146888;-65,2080584226351;-70,0965406041537
EBA;Evapo;20;Spatially adjusted;0,717142857142857;-72,3013469878747;-69,0122040020619;-73,6966798008148
EBA;Evapo;20;Spatially adjusted;0,73734693877551;-75,8909210453014;-72,4437366020068;-76,9125545331885
EBA;Evapo;20;Spatially adjusted;0,757551020408163;-79,222587345238;-75,5292714352893;-79,77161226301
EBA;Evapo;20;Spatially adjusted;0,777755102040816;-82,3161849459523;-78,2954237147296;-82,3013004520135
EBA;Evapo;20;Spatially adjusted;0,797959183673469;-85,1915529057133;-80,7688086531482;-84,5290665619343
EBA;Evapo;20;Spatially adjusted;0,818163265306122;-87,8685302827892;-82,9760414633652;-86,4823580545069
EBA;Evapo;20;Spatially adjusted;0,838367346938776;-90,3669561354488;-84,9437373582005;-88,1886223914664
EBA;Evapo;20;Spatially adjusted;0,858571428571429;-92,7066695219601;-86,6985115504745;-89,6753070345471
EBA;Evapo;20;Spatially adjusted;0,878775510204082;-94,9075095005921;-88,2669792530075;-90,9698594454846
EBA;Evapo;20;Spatially adjusted;0,898979591836735;-96,989315129613;-89,6757556786192;-92,099727086013
EBA;Evapo;20;Spatially adjusted;0,919183673469388;-98,9719254672916;-90,9514560401306;-93,0923574178678
EBA;Evapo;20;Spatially adjusted;0,939387755102041;-100,875179571896;-92,120695550361;-93,9751979027828
EBA;Evapo;20;Spatially adjusted;0,959591836734694;-102,718916501695;-93,2100894221307;-94,7756960024933
EBA;Evapo;20;Spatially adjusted;0,979795918367347;-104,522975314957;-94,2462528682604;-95,5212991787346
EBA;Evapo;20;Spatially adjusted;1;-106,307195069951;-95,2558011015694;-96,2394548932409
EBA;Evapo;20;Current landscape;0,0265879780054092;22,7326048372588;30,2512945313276;11,9590776386128
EBA;Evapo;20;Current landscape;0,0746104195713997;44,8914119704159;58,5207367552291;51,6574975640174
EBA;Evapo;20;Current landscape;0,123699203133583;29,5343354728357;46,9589304623883;39,1014564452119
EBA;Evapo;20;Current landscape;0,175854906439781;33,6999539529379;47,9765946661737;30,3359977913078
EBA;Evapo;20;Current landscape;0,224568039178848;3,80162155974654;19,7938618643611;3,51583871949606
EBA;Evapo;20;Current landscape;0,273395359516144;9,76548291208724;20,4817789248725;2,70812826031761
EBA;Evapo;20;Current landscape;0,326994329690933;15,4942388422207;18,262906978543;1,22220243335914
EBA;Evapo;20;Current landscape;0,374660521745682;-24,7940103927435;-8,27201653678162;-29,2450525097354
EBA;Evapo;20;Current landscape;0,42627140879631;-14,66090685674;-6,0076008038659;-14,2738755753169
EBA;Evapo;20;Current landscape;0,473816215991974;-22,3256316876145;-12,4590698207189;-31,4478500434286
EBA;Evapo;20;Current landscape;0,52334052324295;-58,0373163926236;-38,7798088397847;-43,654875937422
EBA;Evapo;20;Current landscape;0,574227333068848;-46,3048232132433;-40,1184551348556;-49,8714871862487
EBA;Evapo;20;Current landscape;0,623503506183624;-58,4937217155773;-33,2126324647545;-59,7298790198702
EBA;Evapo;20;Current landscape;0,673846274614334;-94,3843782532763;-67,2702392858353;-87,8704394472968
EBA;Evapo;20;Current landscape;0,724620699882508;-75,787574812091;-64,3713522743035;-74,667380960839
EBA;Evapo;20;Current landscape;0,772700250148773;-85,526303762744;-80,6578098740886;-74,3029890721
EBA;Evapo;20;Current landscape;0,822910100221634;-84,4907304974706;-62,1473667024507;-68,936056171365
EBA;Evapo;20;Current landscape;0,87567925453186;-96,4820677805265;-80,9625516880521;-78,6270878618213
EBA;Evapo;20;Current landscape;0,926261842250824;-93,1194265360057;-51,5006231035779;-85,9956083067296
EBA;Evapo;20;Current landscape;1;-116,180530017638;-80,2809467775519;-87,596963107894
EBA;Evapo;21;Spatially adjusted;0,01;128,056414662004;131,839749578076;134,949280559277
EBA;Evapo;21;Spatially adjusted;0,0302040816326531;122,72738693536;127,120976837392;129,703240908694
EBA;Evapo;21;Spatially adjusted;0,0504081632653061;117,389790039245;122,38899917701;124,447169645522
EBA;Evapo;21;Spatially adjusted;0,0706122448979592;112,035054804184;117,630611677232;119,171035157173
EBA;Evapo;21;Spatially adjusted;0,0908163265306122;106,654612060706;112,832609418358;113,864805831057
EBA;Evapo;21;Spatially adjusted;0,111020408163265;101,239892639338;107,981787480691;108,518450054585
EBA;Evapo;21;Spatially adjusted;0,131224489795918;95,7823273706076;103,064940944531;103,12193621517
EBA;Evapo;21;Spatially adjusted;0,151428571428571;90,2733470850426;98,0688648901812;97,6652327002209
EBA;Evapo;21;Spatially adjusted;0,171632653061224;84,7043826131706;92,9803543979426;92,1383078971501
EBA;Evapo;21;Spatially adjusted;0,191836734693878;79,0668647855182;87,7862045481168;86,5311301933684
EBA;Evapo;21;Spatially adjusted;0,212040816326531;73,3522244326141;82,473210421005;80,833667976287
EBA;Evapo;21;Spatially adjusted;0,232244897959184;67,551892384985;77,0281670969096;75,0358896333171
EBA;Evapo;21;Spatially adjusted;0,252448979591837;61,6572994731591;71,4378696561314;69,12776355187
EBA;Evapo;21;Spatially adjusted;0,27265306122449;55,6598765276633;65,6891131789726;63,0992581193566
EBA;Evapo;21;Spatially adjusted;0,292857142857143;49,5510543790254;59,7686927457344;56,9403417231881
EBA;Evapo;21;Spatially adjusted;0,313061224489796;43,3222638577731;53,6634034367185;50,6409827507757
EBA;Evapo;21;Spatially adjusted;0,333265306122449;36,9649357944338;47,3600403322262;44,1911495895306
EBA;Evapo;21;Spatially adjusted;0,353469387755102;30,4766034971592;40,8537780962754;37,5881261866766
EBA;Evapo;21;Spatially adjusted;0,373673469387755;23,8792101845986;34,1733097277447;30,8584587286903
EBA;Evapo;21;Spatially adjusted;0,393877551020408;17,2008015530248;27,355707809229;24,0360089618607
EBA;Evapo;21;Spatially adjusted;0,414081632653061;10,4694232987115;20,4380449233222;17,1546386324765
EBA;Evapo;21;Spatially adjusted;0,434285714285714;3,71312111793122;13,4573936526203;10,2482094868267
EBA;Evapo;21;Spatially adjusted;0,454489795918367;-3,04005929304185;6,45082657971693;3,35058327120078
EBA;Evapo;21;Spatially adjusted;0,47469387755102;-9,76207223793494;-0,544583712792701;-3,50437826811208
EBA;Evapo;21;Spatially adjusted;0,494897959183674;-16,4248720204751;-7,49176464231414;-10,2828133848238
EBA;Evapo;21;Spatially adjusted;0,515102040816327;-23,0004129443885;-14,3536436262527;-16,9508603326444
EBA;Evapo;21;Spatially adjusted;0,53530612244898;-29,4606493134022;-21,0931480820136;-23,4746573652847
EBA;Evapo;21;Spatially adjusted;0,555510204081633;-35,7775354312428;-27,6732054270024;-29,820342736456
EBA;Evapo;21;Spatially adjusted;0,575714285714286;-41,9230256016369;-34,0567430786243;-35,9540546998692
EBA;Evapo;21;Spatially adjusted;0,595918367346939;-47,8690741283119;-40,2066884542844;-41,8419315092358
EBA;Evapo;21;Spatially adjusted;0,616122448979592;-53,587635314994;-46,0859689713884;-47,450111418266
EBA;Evapo;21;Spatially adjusted;0,636326530612245;-59,05066346541;-51,6575120473413;-52,7447326806705
EBA;Evapo;21;Spatially adjusted;0,656530612244898;-64,2301128832869;-56,8842450995485;-57,6919335501609
EBA;Evapo;21;Spatially adjusted;0,676734693877551;-69,0979378723514;-61,7290955454157;-62,2578522804479
EBA;Evapo;21;Spatially adjusted;0,696938775510204;-73,6343052495117;-66,1655336826648;-66,4185951650979
EBA;Evapo;21;Spatially adjusted;0,717142857142857;-77,8522318844043;-70,2092013302872;-70,1901406570985
EBA;Evapo;21;Spatially adjusted;0,73734693877551;-81,7729471598468;-73,886283187592;-73,5984352492933
EBA;Evapo;21;Spatially adjusted;0,757551020408163;-85,4176804586575;-77,2229639538869;-76,6694254345257
EBA;Evapo;21;Spatially adjusted;0,777755102040816;-88,8076611636534;-80,2454283284806;-79,4290577056386
EBA;Evapo;21;Spatially adjusted;0,797959183673469;-91,9641186576532;-82,9798610106814;-81,9032785554753
EBA;Evapo;21;Spatially adjusted;0,818163265306122;-94,9082823234742;-85,4524466997978;-84,1180344768793
EBA;Evapo;21;Spatially adjusted;0,838367346938776;-97,6613815439343;-87,6893700951384;-86,0992719626941
EBA;Evapo;21;Spatially adjusted;0,858571428571429;-100,244645701852;-89,7168158960115;-87,8729375057619
EBA;Evapo;21;Spatially adjusted;0,878775510204082;-102,679304180044;-91,5609688017255;-89,4649775989271
EBA;Evapo;21;Spatially adjusted;0,898979591836735;-104,98658636133;-93,2480135115889;-90,9013387350328
EBA;Evapo;21;Spatially adjusted;0,919183673469388;-107,187721628525;-94,8041347249102;-92,2079674069223
EBA;Evapo;21;Spatially adjusted;0,939387755102041;-109,30393936445;-96,2555171409974;-93,4108101074385
EBA;Evapo;21;Spatially adjusted;0,959591836734694;-111,356468951921;-97,6283454591599;-94,5358133294249
EBA;Evapo;21;Spatially adjusted;0,979795918367347;-113,366539773756;-98,9488043787051;-95,6089235657244
EBA;Evapo;21;Spatially adjusted;1;-115,355381212774;-100,243078598942;-96,656087309181
EBA;Evapo;21;Current landscape;0,0265444777905941;42,9471825265234;51,2605443063756;48,4235957502733
EBA;Evapo;21;Current landscape;0,075199767947197;42,8298579171774;53,0841120657276;48,7827819511306
EBA;Evapo;21;Current landscape;0,125948250293732;42,9365514179244;56,9713609713024;51,2545933274596
EBA;Evapo;21;Current landscape;0,173708476126194;25,4688644269018;39,7329052528096;28,7313636915808
EBA;Evapo;21;Current landscape;0,223469749093056;18,2116658002094;39,608880756691;24,8234911046377
EBA;Evapo;21;Current landscape;0,272192060947418;-5,65302330934514;16,2159136882131;-5,55749015118158
EBA;Evapo;21;Current landscape;0,327909111976624;6,74978763230502;33,6528101673339;2,35962417044061
EBA;Evapo;21;Current landscape;0,376086056232452;-2,28924935056875;14,3461848178702;-9,98528159309217
EBA;Evapo;21;Current landscape;0,424448192119599;-13,5619254548017;1,87300360716222;-14,8774389736261
EBA;Evapo;21;Current landscape;0,475601464509964;-32,9316425508037;-29,1611406894012;-36,8413218387134
EBA;Evapo;21;Current landscape;0,526066720485687;-59,7721475537303;-34,236408147721;-41,0229456892739
EBA;Evapo;21;Current landscape;0,571939766407013;-55,4911126438497;-34,3284544236883;-46,5476539376175
EBA;Evapo;21;Current landscape;0,622561037540436;-64,1657040297876;-30,9666379925341;-39,3060930552067
EBA;Evapo;21;Current landscape;0,675865083932877;-70,0720193078894;-46,243611919306;-66,8337373339473
EBA;Evapo;21;Current landscape;0,722783207893372;-91,1729089242465;-67,4666165929339;-65,3871511580651
EBA;Evapo;21;Current landscape;0,771433204412461;-99,8014706229289;-69,8390091550073;-69,1756653225164
EBA;Evapo;21;Current landscape;0,825657993555069;-91,4998679086925;-68,2460940399094;-62,6915882096757
EBA;Evapo;21;Current landscape;0,873899638652802;-88,2146305989541;-70,566517323103;-76,498026059561
EBA;Evapo;21;Current landscape;0,925822764635086;-104,469351492188;-66,0595319595511;-64,4077231215381
EBA;Evapo;21;Current landscape;1;-144,324659082936;-101,539972944602;-93,5443419069516
EBA;Evapo;22;Spatially adjusted;0,01;133,614372032283;137,478624800604;142,096443522583
EBA;Evapo;22;Spatially adjusted;0,0302040816326531;128,163176935331;132,491744058268;136,340644251819
EBA;Evapo;22;Spatially adjusted;0,0504081632653061;122,702180120269;127,491821916382;130,576529624904
EBA;Evapo;22;Spatially adjusted;0,0706122448979592;117,221579868986;122,465816975397;124,795784285685
EBA;Evapo;22;Spatially adjusted;0,0908163265306122;111,711574463373;117,400687835765;118,990092878012
EBA;Evapo;22;Spatially adjusted;0,111020408163265;106,162362185318;112,283393097935;113,151140045731
EBA;Evapo;22;Spatially adjusted;0,131224489795918;100,564141316712;107,100891362359;107,270610432693
EBA;Evapo;22;Spatially adjusted;0,151428571428571;94,9071101394436;101,840141229485;101,340188682744
EBA;Evapo;22;Spatially adjusted;0,171632653061224;89,1814669354033;96,4881012997673;95,3515594397338
EBA;Evapo;22;Spatially adjusted;0,191836734693878;83,3774099864802;91,0317301736543;89,2964073475105
EBA;Evapo;22;Spatially adjusted;0,212040816326531;77,4851375745648;85,4579864515972;83,1664170499221
EBA;Evapo;22;Spatially adjusted;0,232244897959184;71,494847981546;79,7538287340462;76,9532731908171
EBA;Evapo;22;Spatially adjusted;0,252448979591837;65,3967394893136;73,9062156214525;70,6486604140437
EBA;Evapo;22;Spatially adjusted;0,27265306122449;59,1810103797579;67,9021057142663;64,2442633634503
EBA;Evapo;22;Spatially adjusted;0,292857142857143;52,8378589347678;61,7284576129391;57,7317666828851
EBA;Evapo;22;Spatially adjusted;0,313061224489796;46,3574834362332;55,3722299179206;51,1028550161968
EBA;Evapo;22;Spatially adjusted;0,333265306122449;39,7300821660447;48,8203812296615;44,3492130072336
EBA;Evapo;22;Spatially adjusted;0,353469387755102;32,9532263013798;42,0682351016353;37,4690059839818
EBA;Evapo;22;Spatially adjusted;0,373673469387755;26,0539786005779;35,1445748994036;30,4863220109803
EBA;Evapo;22;Spatially adjusted;0,393877551020408;19,0667747172654;28,0865489415512;23,4317298369056
EBA;Evapo;22;Spatially adjusted;0,414081632653061;12,0260503050697;20,9313055466621;16,335798210434
EBA;Evapo;22;Spatially adjusted;0,434285714285714;4,96624101761813;13,7159930333207;9,22909588024299
EBA;Evapo;22;Spatially adjusted;0,454489795918367;-2,07821749146206;6,47775972011141;2,14219159500863
EBA;Evapo;22;Spatially adjusted;0,47469387755102;-9,07288956854313;-0,746246074381361;-4,89434589659209
EBA;Evapo;22;Spatially adjusted;0,494897959183674;-15,9833395599983;-7,91887603157329;-11,8499478458828
EBA;Evapo;22;Spatially adjusted;0,515102040816327;-22,7751318122002;-15,0029818328801;-18,6940455041865
EBA;Evapo;22;Spatially adjusted;0,53530612244898;-29,4138306715215;-21,961415159717;-25,3960701228268
EBA;Evapo;22;Spatially adjusted;0,555510204081633;-35,8650004843346;-28,7570276935005;-31,9254529531265
EBA;Evapo;22;Spatially adjusted;0,575714285714286;-42,0942055970129;-35,3526711156453;-38,2516252464093
EBA;Evapo;22;Spatially adjusted;0,595918367346939;-48,0670103559285;-41,7111971075676;-44,3440182539985
EBA;Evapo;22;Spatially adjusted;0,616122448979592;-53,7489791074543;-47,7954573506829;-50,172063227217
EBA;Evapo;22;Spatially adjusted;0,636326530612245;-59,105676197963;-53,5683035264069;-55,705191417389
EBA;Evapo;22;Spatially adjusted;0,656530612244898;-64,1026659738273;-58,9925873161551;-60,9128340758366
EBA;Evapo;22;Spatially adjusted;0,676734693877551;-68,7055127814201;-64,0311604013432;-65,7644224538842
EBA;Evapo;22;Spatially adjusted;0,696938775510204;-72,8899846033628;-68,657470631309;-70,2385099175201
EBA;Evapo;22;Spatially adjusted;0,717142857142857;-76,6726639672756;-72,8873505270765;-74,3501382913964
EBA;Evapo;22;Spatially adjusted;0,73734693877551;-80,0803370370266;-76,7472287775925;-78,1234715148303
EBA;Evapo;22;Spatially adjusted;0,757551020408163;-83,139789976485;-80,2635340718041;-81,5826735271387
EBA;Evapo;22;Spatially adjusted;0,777755102040816;-85,8778089495188;-83,4626950986572;-84,7519082676395
EBA;Evapo;22;Spatially adjusted;0,797959183673469;-88,3211801199973;-86,3711405470986;-87,6553396756497
EBA;Evapo;22;Spatially adjusted;0,818163265306122;-90,4966896517888;-89,0152991060741;-90,3171316904866
EBA;Evapo;22;Spatially adjusted;0,838367346938776;-92,4311237087622;-91,4215994645315;-92,7614482514678
EBA;Evapo;22;Spatially adjusted;0,858571428571429;-94,1512684547861;-93,6164703114164;-95,01245329791
EBA;Evapo;22;Spatially adjusted;0,878775510204082;-95,6839100537291;-95,6263403356757;-97,0943107691312
EBA;Evapo;22;Spatially adjusted;0,898979591836735;-97,0558346694602;-97,4776382262558;-99,0311846044488
EBA;Evapo;22;Spatially adjusted;0,919183673469388;-98,2938284658478;-99,1967926721034;-100,84723874318
EBA;Evapo;22;Spatially adjusted;0,939387755102041;-99,4246776067607;-100,810232362165;-102,566637124641
EBA;Evapo;22;Spatially adjusted;0,959591836734694;-100,475168256067;-102,344385985386;-104,21354368815
EBA;Evapo;22;Spatially adjusted;0,979795918367347;-101,472086577637;-103,825682230715;-105,812122373025
EBA;Evapo;22;Spatially adjusted;1;-102,442218735338;-105,280549787097;-107,386537118583
EBA;Evapo;22;Current landscape;0,0274574179202318;25,0356940043578;36,3014740973415;19,7986342417748
EBA;Evapo;22;Current landscape;0,0781431794166565;33,5083766674354;51,4507210434199;55,630943183555
EBA;Evapo;22;Current landscape;0,128435045480728;53,7019431647179;67,3602136714678;73,883649259662
EBA;Evapo;22;Current landscape;0,176699042320251;27,6984904329854;44,8831960128364;31,1932231917172
EBA;Evapo;22;Current landscape;0,225346878170967;19,4320514846036;24,5903330447356;7,90764812329053
EBA;Evapo;22;Current landscape;0,274435460567474;15,1565167433562;29,5542503030501;9,38367174527843
EBA;Evapo;22;Current landscape;0,32597354054451;4,06216529968924;18,1285022355321;-5,40647778870016
EBA;Evapo;22;Current landscape;0,374479800462723;-9,65440367283577;0,969547778972583;-25,9071078709646
EBA;Evapo;22;Current landscape;0,425872355699539;-13,4465999915747;-11,2010753425755;-36,0126414925687
EBA;Evapo;22;Current landscape;0,474640548229218;-31,4492884084166;-21,5087647879091;-34,7817466358758
EBA;Evapo;22;Current landscape;0,522330105304718;-57,3111552311823;-39,5536402518424;-50,6462100391909
EBA;Evapo;22;Current landscape;0,574219197034836;-60,1830652042847;-53,676187006994;-64,2917522225689
EBA;Evapo;22;Current landscape;0,623958647251129;-66,5183271501439;-56,8063499767679;-73,3626690096069
EBA;Evapo;22;Current landscape;0,675471216440201;-71,4622976886942;-49,3163870416374;-61,8585224183867
EBA;Evapo;22;Current landscape;0,72588586807251;-82,0355903021707;-69,4630824290202;-71,2481679206453
EBA;Evapo;22;Current landscape;0,773433953523636;-78,9807942495547;-65,8506823167593;-69,2135073315369
EBA;Evapo;22;Current landscape;0,823229908943176;-89,0580875964802;-76,9535846058561;-74,7726940655634
EBA;Evapo;22;Current landscape;0,87619012594223;-93,8042313039919;-72,4456993173569;-79,0096091461057
EBA;Evapo;22;Current landscape;0,92981219291687;-98,3970986593736;-61,0178198082103;-75,598678881918
EBA;Evapo;22;Current landscape;1;-108,384978112447;-95,5698466963363;-94,8229453302845
EBA;Evapo;23;Spatially adjusted;0,01;141,087030688999;145,034215948312;137,286566686546
EBA;Evapo;23;Spatially adjusted;0,0302040816326531;134,232084519678;138,957522989013;131,842755464766
EBA;Evapo;23;Spatially adjusted;0,0504081632653061;127,380914288572;132,876968038759;126,390692383388
EBA;Evapo;23;Spatially adjusted;0,0706122448979592;120,537295933892;126,788689106594;120,922125582814
EBA;Evapo;23;Spatially adjusted;0,0908163265306122;113,705005393852;120,688824201565;115,428803203447
EBA;Evapo;23;Spatially adjusted;0,111020408163265;106,887818606667;114,573511332716;109,902473385688
EBA;Evapo;23;Spatially adjusted;0,131224489795918;100,08951151055;108,438888509091;104,33488426994
EBA;Evapo;23;Spatially adjusted;0,151428571428571;93,3138600437142;102,281093739736;98,7177839966044
EBA;Evapo;23;Spatially adjusted;0,171632653061224;86,5646401443737;96,0962650336962;93,042920706084
EBA;Evapo;23;Spatially adjusted;0,191836734693878;79,8456277507412;89,8805404000159;87,3020425387808
EBA;Evapo;23;Spatially adjusted;0,212040816326531;73,160598801031;83,6300578477406;81,486897635097
EBA;Evapo;23;Spatially adjusted;0,232244897959184;66,5133292334563;77,3409553859147;75,5892341354343
EBA;Evapo;23;Spatially adjusted;0,252448979591837;59,9075949862308;71,0093710235835;69,6008001801949
EBA;Evapo;23;Spatially adjusted;0,27265306122449;53,3471719975678;64,6314427697919;63,5133439097815
EBA;Evapo;23;Spatially adjusted;0,292857142857143;46,8358362056817;58,203308633585;57,3186134645957
EBA;Evapo;23;Spatially adjusted;0,313061224489796;40,3773635487853;51,7211066240075;51,0083569850399
EBA;Evapo;23;Spatially adjusted;0,333265306122449;33,9755299650919;45,1809747501047;44,5743226115164
EBA;Evapo;23;Spatially adjusted;0,353469387755102;27,6350188291601;38,5831846712836;38,0144975801302
EBA;Evapo;23;Spatially adjusted;0,373673469387755;21,3641432609231;31,9445426483992;31,3518255098011
EBA;Evapo;23;Spatially adjusted;0,393877551020408;15,1721238166595;25,2859885926694;24,6154891151518
EBA;Evapo;23;Spatially adjusted;0,414081632653061;9,06818105264779;18,628462415312;17,8346711108056
EBA;Evapo;23;Spatially adjusted;0,434285714285714;3,06153552516594;11,992904027544;11,038554211385
EBA;Evapo;23;Spatially adjusted;0,454489795918367;-2,83859220950808;5,40025334058305;4,25632113151278
EBA;Evapo;23;Spatially adjusted;0,47469387755102;-8,62298159509624;-1,1285497343531;-2,48284541418775
EBA;Evapo;23;Spatially adjusted;0,494897959183674;-14,2824120753198;-7,57256528604739;-9,14976271109435
EBA;Evapo;23;Spatially adjusted;0,515102040816327;-19,8076630939008;-13,9108534032821;-15,7152480445839
EBA;Evapo;23;Spatially adjusted;0,53530612244898;-25,1895140945608;-20,1224741748388;-22,1501187000331
EBA;Evapo;23;Spatially adjusted;0,555510204081633;-30,4187445210225;-26,1864876895018;-28,4251919628196
EBA;Evapo;23;Spatially adjusted;0,575714285714286;-35,4861338170063;-32,0819540360517;-34,5112851183203
EBA;Evapo;23;Spatially adjusted;0,595918367346939;-40,3824614262348;-37,787933303272;-40,3792154519122
EBA;Evapo;23;Spatially adjusted;0,616122448979592;-45,0985067924298;-43,2834855799454;-45,9998002489729
EBA;Evapo;23;Spatially adjusted;0,636326530612245;-49,6250493593134;-48,5476709548534;-51,3438567948795
EBA;Evapo;23;Spatially adjusted;0,656530612244898;-53,9528685706071;-53,5595495167793;-56,3822023750086
EBA;Evapo;23;Spatially adjusted;0,676734693877551;-58,0727438700324;-58,2981813545055;-61,0856542747376
EBA;Evapo;23;Spatially adjusted;0,696938775510204;-61,9792535905672;-62,7491809861358;-65,4336860276624
EBA;Evapo;23;Spatially adjusted;0,717142857142857;-65,6821716222155;-66,9243806470624;-69,4403961602532
EBA;Evapo;23;Spatially adjusted;0,73734693877551;-69,1950707442354;-70,8421670019991;-73,1285394471988
EBA;Evapo;23;Spatially adjusted;0,757551020408163;-72,5315237358864;-74,5209267156588;-76,5208706631884
EBA;Evapo;23;Spatially adjusted;0,777755102040816;-75,7051033764278;-77,9790464527557;-79,6401445829108
EBA;Evapo;23;Spatially adjusted;0,797959183673469;-78,7293824451185;-81,2349128780029;-82,5091159810547
EBA;Evapo;23;Spatially adjusted;0,818163265306122;-81,6179337212177;-84,3069126561143;-85,1505396323094
EBA;Evapo;23;Spatially adjusted;0,838367346938776;-84,3843299839844;-87,2134324518036;-87,5871703113637
EBA;Evapo;23;Spatially adjusted;0,858571428571429;-87,0421440126784;-89,9728589297838;-89,8417627929066
EBA;Evapo;23;Spatially adjusted;0,878775510204082;-89,6049485865578;-92,6035787547692;-91,937071851627
EBA;Evapo;23;Spatially adjusted;0,898979591836735;-92,0863164848827;-95,1239785914731;-93,8958522622136
EBA;Evapo;23;Spatially adjusted;0,919183673469388;-94,4998204869119;-97,552445104609;-95,7408587993557
EBA;Evapo;23;Spatially adjusted;0,939387755102041;-96,8590333719044;-99,9073649588906;-97,494846237742
EBA;Evapo;23;Spatially adjusted;0,959591836734694;-99,1775279191193;-102,207124819031;-99,1805693520616
EBA;Evapo;23;Spatially adjusted;0,979795918367347;-101,468876907816;-104,470111349745;-100,820782917003
EBA;Evapo;23;Spatially adjusted;1;-103,746653117254;-106,714711215745;-102,438241707256
EBA;Evapo;23;Current landscape;0,0288354959338903;41,0113552913495;50,7210823627222;32,9629828467225
EBA;Evapo;23;Current landscape;0,0752683654427528;63,507282030768;72,7169814238723;67,9552072006909
EBA;Evapo;23;Current landscape;0,124955616891384;36,7138361030898;56,1553295148015;53,8643969767513
EBA;Evapo;23;Current landscape;0,173508450388908;27,9123552940409;49,3560101896292;42,7919992291675
EBA;Evapo;23;Current landscape;0,225694477558136;11,1888461225383;25,7984293073223;26,3270040799866
EBA;Evapo;23;Current landscape;0,273842096328735;13,9966558659564;31,4037831510316;19,5639696559422
EBA;Evapo;23;Current landscape;0,32650563120842;1,83177352882512;15,6005786710964;-3,32264200207533
EBA;Evapo;23;Current landscape;0,373582363128662;0,894255941130496;7,32919162094345;-10,06672069141
EBA;Evapo;23;Current landscape;0,424922078847885;-35,8353751977015;-16,7871008931795;-36,439400135338
EBA;Evapo;23;Current landscape;0,473036527633667;-38,0762935910052;-25,9807985472098;-30,0604138817737
EBA;Evapo;23;Current landscape;0,524959921836853;-44,5696115816218;-43,6214076076906;-54,3129181025015
EBA;Evapo;23;Current landscape;0,573798388242722;-32,9725865773894;-27,7572079401809;-40,9605972945919
EBA;Evapo;23;Current landscape;0,623979836702347;-63,5878354647725;-48,0773919941748;-62,5377689147156
EBA;Evapo;23;Current landscape;0,675722002983093;-65,3953160229419;-45,1551712046767;-58,878947163073
EBA;Evapo;23;Current landscape;0,727009952068329;-80,5640334745938;-53,5797562862767;-65,8637081351726
EBA;Evapo;23;Current landscape;0,775205194950104;-75,2972420029807;-66,7181412329173;-70,4457284228126
EBA;Evapo;23;Current landscape;0,822238743305206;-79,1103748820363;-64,7434101802139;-69,9266438585223
EBA;Evapo;23;Current landscape;0,876798838376999;-77,4787401229278;-72,3565710717608;-77,9656526290689
EBA;Evapo;23;Current landscape;0,928233861923218;-114,147125513001;-70,4432335108095;-98,7658278108031
EBA;Evapo;23;Current landscape;1;-134,993942362233;-95,7103838985945;-99,8991029544341
EBA;Evapo;24;Spatially adjusted;0,01;123,999725948249;122,431470063446;124,635036539952
EBA;Evapo;24;Spatially adjusted;0,0302040816326531;118,744445093147;118,341414042037;120,223682197335
EBA;Evapo;24;Spatially adjusted;0,0504081632653061;113,481600560876;114,235478531602;115,796727315188
EBA;Evapo;24;Spatially adjusted;0,0706122448979592;108,203628674266;110,097784043117;111,338571353986
EBA;Evapo;24;Spatially adjusted;0,0908163265306122;102,902965756148;105,912451087554;106,833613774198
EBA;Evapo;24;Spatially adjusted;0,111020408163265;97,5720481293538;101,663600175889;102,266254036297
EBA;Evapo;24;Spatially adjusted;0,131224489795918;92,2033121167121;97,3353518190957;97,6208916007552
EBA;Evapo;24;Spatially adjusted;0,151428571428571;86,7891940410548;92,9118265281488;92,8819259280433
EBA;Evapo;24;Spatially adjusted;0,171632653061224;81,3221302252125;88,3771448140224;88,033756478633
EBA;Evapo;24;Spatially adjusted;0,191836734693878;75,7945569920155;83,7154271876905;83,0607827129961
EBA;Evapo;24;Spatially adjusted;0,212040816326531;70,198910664295;78,9107941601283;77,947404091605
EBA;Evapo;24;Spatially adjusted;0,232244897959184;64,527627564881;73,9473662423095;72,6780200749308
EBA;Evapo;24;Spatially adjusted;0,252448979591837;58,7731440166051;68,8092639452084;67,2370301234451
EBA;Evapo;24;Spatially adjusted;0,27265306122449;52,9278963422969;63,4806077798;61,6088336976202
EBA;Evapo;24;Spatially adjusted;0,292857142857143;46,9843208647883;57,9455182570582;55,7778302579268
EBA;Evapo;24;Spatially adjusted;0,313061224489796;40,9348539069092;52,1881158879576;49,7284192648376
EBA;Evapo;24;Spatially adjusted;0,333265306122449;34,7719317914905;46,1925211834725;43,4450001788237
EBA;Evapo;24;Spatially adjusted;0,353469387755102;28,4942465777083;39,9522106619136;36,9217265813688
EBA;Evapo;24;Spatially adjusted;0,373673469387755;22,1255132701253;33,4980848709386;30,1917685380031
EBA;Evapo;24;Spatially adjusted;0,393877551020408;15,6957026096482;26,8704003655412;23,2980502352689
EBA;Evapo;24;Spatially adjusted;0,414081632653061;9,23478533718389;20,1094137007158;16,2834958597082
EBA;Evapo;24;Spatially adjusted;0,434285714285714;2,77273219364088;13,255381431456;9,19102959786301
EBA;Evapo;24;Spatially adjusted;0,454489795918367;-3,66048608007395;6,34856011275565;2,06357563627557
EBA;Evapo;24;Spatially adjusted;0,47469387755102;-10,0348987430534;-0,570793700390595;-5,05594183851213
EBA;Evapo;24;Spatially adjusted;0,494897959183674;-16,3205350543901;-7,46242345298924;-12,1245986399576
EBA;Evapo;24;Spatially adjusted;0,515102040816327;-22,487424273176;-14,2860725900462;-19,0994705815192
EBA;Evapo;24;Spatially adjusted;0,53530612244898;-28,5055956585045;-21,0014845565674;-25,9376334766548
EBA;Evapo;24;Spatially adjusted;0,555510204081633;-34,3450784694674;-27,5684027975594;-32,5961631388223
EBA;Evapo;24;Spatially adjusted;0,575714285714286;-39,9759019651576;-33,9465707580273;-39,0321353814791
EBA;Evapo;24;Spatially adjusted;0,595918367346939;-45,3680954046677;-40,0957318829778;-45,2026260180837
EBA;Evapo;24;Spatially adjusted;0,616122448979592;-50,4916880470903;-45,9756296174164;-51,0647108620935
EBA;Evapo;24;Spatially adjusted;0,636326530612245;-55,3167091515179;-51,5460074063499;-56,575465726967
EBA;Evapo;24;Spatially adjusted;0,656530612244898;-59,8131879770433;-56,7666086947836;-61,6919664261614
EBA;Evapo;24;Spatially adjusted;0,676734693877551;-63,9511537827589;-61,5971769277235;-66,3712887731351
EBA;Evapo;24;Spatially adjusted;0,696938775510204;-67,7096776570827;-66,0086471594511;-70,5826636805482
EBA;Evapo;24;Spatially adjusted;0,717142857142857;-71,103998005734;-70,0167208813464;-74,343942457871
EBA;Evapo;24;Spatially adjusted;0,73734693877551;-74,1583950637576;-73,6482911940652;-77,6851315137765
EBA;Evapo;24;Spatially adjusted;0,757551020408163;-76,8971490661988;-76,930251198263;-80,6362372569365
EBA;Evapo;24;Spatially adjusted;0,777755102040816;-79,344540248102;-79,8894939945949;-83,227266096025
EBA;Evapo;24;Spatially adjusted;0,797959183673469;-81,524848844512;-82,5529126837168;-85,4882244397136
EBA;Evapo;24;Spatially adjusted;0,818163265306122;-83,4623550904737;-84,9474003662842;-87,4491186966752
EBA;Evapo;24;Spatially adjusted;0,838367346938776;-85,1813392210322;-87,0998501429519;-89,1399552755827
EBA;Evapo;24;Spatially adjusted;0,858571428571429;-86,706081471232;-89,037155114376;-90,590740585109
EBA;Evapo;24;Spatially adjusted;0,878775510204082;-88,0608620761182;-90,786208381212;-91,8314810339264
EBA;Evapo;24;Spatially adjusted;0,898979591836735;-89,2699612707349;-92,373903044115;-92,8921830307072
EBA;Evapo;24;Spatially adjusted;0,919183673469388;-90,3576592901279;-93,8271322037406;-93,8028529841251
EBA;Evapo;24;Spatially adjusted;0,939387755102041;-91,3482363693413;-95,1727889607444;-94,593497302852
EBA;Evapo;24;Spatially adjusted;0,959591836734694;-92,2659727434204;-96,4377664157817;-95,2941223955611
EBA;Evapo;24;Spatially adjusted;0,979795918367347;-93,13514864741;-97,6489576695083;-95,9347346709244
EBA;Evapo;24;Spatially adjusted;1;-93,9800443163545;-98,8332558225791;-96,5453405376154
EBA;Evapo;24;Current landscape;0,0281490888446569;22,3467685485869;35,1270488938119;28,6453306778781
EBA;Evapo;24;Current landscape;0,0760516375303268;33,7790031627631;48,9848046798579;53,8790177888423
EBA;Evapo;24;Current landscape;0,12908536195755;50,3933439817677;67,3034503108734;63,9696704480107
EBA;Evapo;24;Current landscape;0,177346020936966;18,4347393611936;42,8252158758667;44,10078034751
EBA;Evapo;24;Current landscape;0,227525964379311;24,8654065060118;47,7415782217058;39,6021463449674
EBA;Evapo;24;Current landscape;0,274343907833099;0,604957620673531;20,1649096568538;12,6353547848207
EBA;Evapo;24;Current landscape;0,327899754047394;6,27127241476023;7,88644581969993;-0,871978185936541
EBA;Evapo;24;Current landscape;0,37248894572258;-8,31426825465633;-2,73860145664048;-14,8082389392778
EBA;Evapo;24;Current landscape;0,423288255929947;-30,163624391311;-9,70711957261551;-27,782587834939
EBA;Evapo;24;Current landscape;0,476566046476364;-28,9588910398527;-18,4783894915101;-20,3628492528983
EBA;Evapo;24;Current landscape;0,523071974515915;-74,6878109548511;-45,9865253529551;-50,337034025792
EBA;Evapo;24;Current landscape;0,572559475898743;-73,0078962739494;-53,0438599831634;-61,6082282486086
EBA;Evapo;24;Current landscape;0,62555143237114;-76,2839165821665;-49,6403536900345;-58,0002852079201
EBA;Evapo;24;Current landscape;0,672724902629852;-77,5064167085748;-51,4933788046378;-70,6618861987493
EBA;Evapo;24;Current landscape;0,726279735565186;-84,3081877190839;-59,4270686344241;-75,728519817081
EBA;Evapo;24;Current landscape;0,773716270923615;-89,7059299741507;-58,6808948687904;-66,4049392539932
EBA;Evapo;24;Current landscape;0,822613418102264;-78,5279330002436;-70,8294395796459;-81,3306682699429
EBA;Evapo;24;Current landscape;0,877533733844757;-92,6835837041604;-74,7471938643514;-74,3359261771009
EBA;Evapo;24;Current landscape;0,928869932889938;-116,583103871386;-68,1326915239495;-57,518005853861
EBA;Evapo;24;Current landscape;1;-130,312900103548;-105,846066379168;-97,925084684387
EBA;Evapo;25;Spatially adjusted;0,01;130,768344408349;136,893910341179;128,041535036831
EBA;Evapo;25;Spatially adjusted;0,0302040816326531;125,426534054618;131,87617058561;123,537883233254
EBA;Evapo;25;Spatially adjusted;0,0504081632653061;120,077654207926;126,845133580494;119,01758299367
EBA;Evapo;25;Spatially adjusted;0,0706122448979592;114,714635375308;121,787502076284;114,463985882071
EBA;Evapo;25;Spatially adjusted;0,0908163265306122;109,330408063804;116,689978823433;109,860443462451
EBA;Evapo;25;Spatially adjusted;0,111020408163265;103,91790278045;111,539266572391;105,190307298803
EBA;Evapo;25;Spatially adjusted;0,131224489795918;98,4700500322842;106,322068073614;100,436928955118
EBA;Evapo;25;Spatially adjusted;0,151428571428571;92,9797803263446;101,025086077553;95,5836599953898
EBA;Evapo;25;Spatially adjusted;0,171632653061224;87,4400241696687;95,6350233346611;90,6138519836118
EBA;Evapo;25;Spatially adjusted;0,191836734693878;81,8437120692938;90,138582595391;85,510856483776
EBA;Evapo;25;Spatially adjusted;0,212040816326531;76,1837745322582;84,5224666101954;80,2580250598756
EBA;Evapo;25;Spatially adjusted;0,232244897959184;70,453142065599;78,7733781295272;74,8387092759035
EBA;Evapo;25;Spatially adjusted;0,252448979591837;64,644745176354;72,878019903839;69,2362606958523
EBA;Evapo;25;Spatially adjusted;0,27265306122449;58,7515143715612;66,8230946835836;63,4340308837143
EBA;Evapo;25;Spatially adjusted;0,292857142857143;52,766380158258;60,5953052192137;57,4153714034833
EBA;Evapo;25;Spatially adjusted;0,313061224489796;46,6822730434815;54,1813542611822;51,1636338191513
EBA;Evapo;25;Spatially adjusted;0,333265306122449;40,4921235342704;47,5679445599417;44,662169694712
EBA;Evapo;25;Spatially adjusted;0,353469387755102;34,1941580545852;40,7506711695016;37,9046372918201
EBA;Evapo;25;Spatially adjusted;0,373673469387755;27,8077866960805;33,7606983581013;30,9259216627825
EBA;Evapo;25;Spatially adjusted;0,393877551020408;21,3577154673342;26,6380826975364;23,771214557569
EBA;Evapo;25;Spatially adjusted;0,414081632653061;14,8686503769243;19,4228807596026;16,4857077261483
EBA;Evapo;25;Spatially adjusted;0,434285714285714;8,36529743342885;12,155149116096;9,11459291849064
EBA;Evapo;25;Spatially adjusted;0,454489795918367;1,87236264542571;4,87494433881193;1,7030618845647
EBA;Evapo;25;Spatially adjusted;0,47469387755102;-4,58544797850732;-2,37767700045265;-5,70369362565975
EBA;Evapo;25;Spatially adjusted;0,494897959183674;-10,9834284297917;-9,56265832990312;-13,0604818622132
EBA;Evapo;25;Spatially adjusted;0,515102040816327;-17,2968726998502;-16,6399430777433;-20,3221110751265
EBA;Evapo;25;Spatially adjusted;0,53530612244898;-23,5010747801045;-23,5694746721765;-27,4433895144302
EBA;Evapo;25;Spatially adjusted;0,555510204081633;-29,5713286619769;-30,3111965414082;-34,3791254301548
EBA;Evapo;25;Spatially adjusted;0,575714285714286;-35,482928336889;-36,8250521136415;-41,0841270723313
EBA;Evapo;25;Spatially adjusted;0,595918367346939;-41,2111677962632;-43,0709848170811;-47,5132026909896
EBA;Evapo;25;Spatially adjusted;0,616122448979592;-46,7313410315212;-49,0089380799314;-53,6211605361605
EBA;Evapo;25;Spatially adjusted;0,636326530612245;-52,0187420340856;-54,5988553303957;-59,3628088578748
EBA;Evapo;25;Spatially adjusted;0,656530612244898;-57,0486647953778;-59,8006799966786;-64,692955906163
EBA;Evapo;25;Spatially adjusted;0,676734693877551;-61,7964033068206;-64,5743555069844;-69,5664099310554
EBA;Evapo;25;Spatially adjusted;0,696938775510204;-66,2445660014569;-68,8913785278139;-73,9507391073009
EBA;Evapo;25;Spatially adjusted;0,717142857142857;-70,4050190788173;-72,7694586788564;-77,8645513085164
EBA;Evapo;25;Spatially adjusted;0,73734693877551;-74,2969431800539;-76,2378588180973;-81,3392143330377
EBA;Evapo;25;Spatially adjusted;0,757551020408163;-77,9395189463171;-79,3258418035225;-84,4060959791998
EBA;Evapo;25;Spatially adjusted;0,777755102040816;-81,3519270187596;-82,0626704931181;-87,0965640453387
EBA;Evapo;25;Spatially adjusted;0,797959183673469;-84,5533480385338;-84,4776077448696;-89,4419863297892
EBA;Evapo;25;Spatially adjusted;0,818163265306122;-87,5629626467896;-86,5999164167629;-91,4737306308859
EBA;Evapo;25;Spatially adjusted;0,838367346938776;-90,3999514846805;-88,4588593667841;-93,2231647469653
EBA;Evapo;25;Spatially adjusted;0,858571428571429;-93,0834951933573;-90,0836994529184;-94,7216564763621
EBA;Evapo;25;Spatially adjusted;0,878775510204082;-95,6327744139719;-91,503699533152;-96,0005736174119
EBA;Evapo;25;Spatially adjusted;0,898979591836735;-98,0669697876763;-92,7481224654709;-97,0912839684497
EBA;Evapo;25;Spatially adjusted;0,919183673469388;-100,405261955622;-93,8462311078606;-98,0251553278113
EBA;Evapo;25;Spatially adjusted;0,939387755102041;-102,66683155896;-94,8272883183074;-98,8335554938312
EBA;Evapo;25;Spatially adjusted;0,959591836734694;-104,870859238844;-95,7205569547962;-99,5478522648455
EBA;Evapo;25;Spatially adjusted;0,979795918367347;-107,036525636424;-96,5552998753137;-100,199413439189
EBA;Evapo;25;Spatially adjusted;1;-109,183011392852;-97,3607799378453;-100,819606815197
EBA;Evapo;25;Current landscape;0,0246189348399639;7,10136543052454;19,4627125481161;11,1862961116085
EBA;Evapo;25;Current landscape;0,0750580504536629;54,8874057177059;75,5180052814535;63,3211053395789
EBA;Evapo;25;Current landscape;0,124253138899803;31,6061139349283;39,8046974116746;27,5851415963011
EBA;Evapo;25;Current landscape;0,169349044561386;9,8699606727846;24,9319494052529;18,7851200029611
EBA;Evapo;25;Current landscape;0,223737299442291;24,1798136180366;37,7478964644022;31,2297850727039
EBA;Evapo;25;Current landscape;0,27240152657032;24,2005333934119;29,275147059011;34,9606738320299
EBA;Evapo;25;Current landscape;0,326136469841004;12,3994068077336;10,2147941882799;-1,75778261889104
EBA;Evapo;25;Current landscape;0,376054108142853;-22,4583817553407;-8,61601240857135;-19,7591555915251
EBA;Evapo;25;Current landscape;0,423441410064697;-7,02643845823377;-0,507797607991961;-25,9221658470892
EBA;Evapo;25;Current landscape;0,474694430828094;-33,6006811906445;-27,3898087172815;-36,7336325538504
EBA;Evapo;25;Current landscape;0,522733509540558;-66,2770149119142;-47,8036467094551;-79,5921851461778
EBA;Evapo;25;Current landscape;0,574051886796952;-40,520804717873;-38,4643472319685;-54,3167237420068
EBA;Evapo;25;Current landscape;0,625425636768341;-68,252018751567;-66,752434833468;-75,0386497463092
EBA;Evapo;25;Current landscape;0,676067233085632;-78,6550298732236;-58,7390565653034;-74,0874897740318
EBA;Evapo;25;Current landscape;0,72438108921051;-104,57135277304;-75,8013831634421;-89,29680729238
EBA;Evapo;25;Current landscape;0,77241325378418;-74,6981002058669;-49,5271179640652;-62,9868681104272
EBA;Evapo;25;Current landscape;0,828065663576127;-69,6854882242126;-53,597555052487;-58,0607122175591
EBA;Evapo;25;Current landscape;0,878106653690338;-100,578794188821;-80,6539543224924;-85,5418165156189
EBA;Evapo;25;Current landscape;0,928590178489685;-117,6566873613;-73,4480332801788;-100,521075723136
EBA;Evapo;25;Current landscape;1;-131,193902366275;-88,8439510030455;-89,1974456103772
EBA;Evapo;26;Spatially adjusted;0,01;131,919809147051;133,983370760546;144,435423430654
EBA;Evapo;26;Spatially adjusted;0,0302040816326531;126,325844540437;129,018223788743;138,39419382546
EBA;Evapo;26;Spatially adjusted;0,0504081632653061;120,726663661239;124,04165385202;132,347675343975
EBA;Evapo;26;Spatially adjusted;0,0706122448979592;115,117050236869;119,042237985455;126,290579109907
EBA;Evapo;26;Spatially adjusted;0,0908163265306122;109,491787994744;114,008553224129;120,217616246965
EBA;Evapo;26;Spatially adjusted;0,111020408163265;103,845660662278;108,929176603121;114,123497878856
EBA;Evapo;26;Spatially adjusted;0,131224489795918;98,1734519668871;103,79268515751;108,002935129291
EBA;Evapo;26;Spatially adjusted;0,151428571428571;92,4699456359851;98,587655922375;101,850639121976
EBA;Evapo;26;Spatially adjusted;0,171632653061224;86,729925396987;93,3026659327968;95,6613209806214
EBA;Evapo;26;Spatially adjusted;0,191836734693878;80,9481749773076;87,9262922238536;89,4296918289347
EBA;Evapo;26;Spatially adjusted;0,212040816326531;75,1194781043621;82,4471118306258;83,150462790625
EBA;Evapo;26;Spatially adjusted;0,232244897959184;69,238618505565;76,8537017881922;76,8183449894
EBA;Evapo;26;Spatially adjusted;0,252448979591837;63,3003799083313;71,1346391316326;70,4280495489693
EBA;Evapo;26;Spatially adjusted;0,27265306122449;57,2995460400755;65,2785008960259;63,9742875930408
EBA;Evapo;26;Spatially adjusted;0,292857142857143;51,230900628213;59,2738641164519;57,4517702453229
EBA;Evapo;26;Spatially adjusted;0,313061224489796;45,0892274001585;53,1093058279905;50,8552086295247
EBA;Evapo;26;Spatially adjusted;0,333265306122449;38,869310083327;46,7734030657205;44,1793138693542
EBA;Evapo;26;Spatially adjusted;0,353469387755102;32,5705392967006;40,262416880855;37,4240789888236
EBA;Evapo;26;Spatially adjusted;0,373673469387755;26,2107332255348;33,6033443891404;30,6106246131562
EBA;Evapo;26;Spatially adjusted;0,393877551020408;19,8123169466521;26,8308667224565;23,7653532678808
EBA;Evapo;26;Spatially adjusted;0,414081632653061;13,397715536875;19,9796650126832;16,9146674785243
EBA;Evapo;26;Spatially adjusted;0,434285714285714;6,98935407302702;13,0844203917009;10,0849697706142
EBA;Evapo;26;Spatially adjusted;0,454489795918367;0,609657631929167;6,17981399138853;3,30266266967737
EBA;Evapo;26;Spatially adjusted;0,47469387755102;-5,71894870959432;-0,699473056372881;-3,40585129875763
EBA;Evapo;26;Spatially adjusted;0,494897959183674;-11,9740398747213;-7,51875961970472;-10,0141696091639
EBA;Evapo;26;Spatially adjusted;0,515102040816327;-18,133190786629;-14,2433645667261;-16,4958897360139
EBA;Evapo;26;Spatially adjusted;0,53530612244898;-24,1739763684948;-20,8386067655574;-22,8246091537801
EBA;Evapo;26;Spatially adjusted;0,555510204081633;-30,0739715434959;-27,2698050843189;-28,9739253369351
EBA;Evapo;26;Spatially adjusted;0,575714285714286;-35,8107512348095;-33,5022783911306;-34,9174357599513
EBA;Evapo;26;Spatially adjusted;0,595918367346939;-41,3618903656131;-39,5013455541125;-40,6287378973011
EBA;Evapo;26;Spatially adjusted;0,616122448979592;-46,7049638590838;-45,2323254413852;-46,0814292234572
EBA;Evapo;26;Spatially adjusted;0,636326530612245;-51,8175466383991;-50,6605369210679;-51,2491072128921
EBA;Evapo;26;Spatially adjusted;0,656530612244898;-56,6772136267364;-55,7512988612816;-56,1053693400784
EBA;Evapo;26;Spatially adjusted;0,676734693877551;-61,2615397472725;-60,4699301301462;-60,6238130794886
EBA;Evapo;26;Spatially adjusted;0,696938775510204;-65,5549391645789;-64,7917674073783;-64,7862302943631
EBA;Evapo;26;Spatially adjusted;0,717142857142857;-69,5691830088003;-68,7322186190834;-68,6071904030152
EBA;Evapo;26;Spatially adjusted;0,73734693877551;-73,3228816514761;-72,316709502963;-72,1094572125267
EBA;Evapo;26;Spatially adjusted;0,757551020408163;-76,8346454641458;-75,5706657967189;-75,3157945299793
EBA;Evapo;26;Spatially adjusted;0,777755102040816;-80,1230848183473;-78,5195132380529;-78,2489661624538
EBA;Evapo;26;Spatially adjusted;0,797959183673469;-83,2068100856202;-81,1886775646667;-80,9317359170323
EBA;Evapo;26;Spatially adjusted;0,818163265306122;-86,104431637503;-83,6035845142626;-83,3868676007955
EBA;Evapo;26;Spatially adjusted;0,838367346938776;-88,8345598455358;-85,7896598245423;-85,637125020826
EBA;Evapo;26;Spatially adjusted;0,858571428571429;-91,4158050812562;-87,7723292332069;-87,7052719842043
EBA;Evapo;26;Spatially adjusted;0,878775510204082;-93,8667777162036;-89,5770184779592;-89,6140722980124
EBA;Evapo;26;Spatially adjusted;0,898979591836735;-96,2060881219177;-91,2291532965005;-91,3862897693316
EBA;Evapo;26;Spatially adjusted;0,919183673469388;-98,4523466699366;-92,7541594265329;-93,0446882052431
EBA;Evapo;26;Spatially adjusted;0,939387755102041;-100,6241637318;-94,1774626057575;-94,6120314128289
EBA;Evapo;26;Spatially adjusted;0,959591836734694;-102,740149679046;-95,5244885718771;-96,1110831991703
EBA;Evapo;26;Spatially adjusted;0,979795918367347;-104,818914883214;-96,8206630625928;-97,5646073713485
EBA;Evapo;26;Spatially adjusted;1;-106,879069715843;-98,0914118156065;-98,9953677364458
EBA;Evapo;26;Current landscape;0,0273019205778837;-12,3230383917337;5,94496579295833;16,649216670897
EBA;Evapo;26;Current landscape;0,0735104456543922;42,0588312008433;56,3593053626191;53,5242922273426
EBA;Evapo;26;Current landscape;0,124267563223839;60,3972003061347;73,7947584732547;66,6720788783109
EBA;Evapo;26;Current landscape;0,177504971623421;24,2098346620996;33,2183757635417;30,5152193063386
EBA;Evapo;26;Current landscape;0,228131234645844;22,2046996639035;36,6715991016042;41,1192551652393
EBA;Evapo;26;Current landscape;0,275943577289582;21,0791040916761;33,3971420607415;17,1763953988984
EBA;Evapo;26;Current landscape;0,326133608818054;11,2404775500663;20,3179044897215;8,80939707153607
EBA;Evapo;26;Current landscape;0,375206470489502;9,75730583599056;17,5388131765831;2,09314582432648
EBA;Evapo;26;Current landscape;0,423726469278336;-25,9396186284914;-8,79466749067979;-31,9769631231063
EBA;Evapo;26;Current landscape;0,475737631320953;-48,3942569740611;-27,2626580219389;-49,4429659526725
EBA;Evapo;26;Current landscape;0,52296656370163;-55,1644475777082;-37,1686687499375;-56,582766428814
EBA;Evapo;26;Current landscape;0,574910759925843;-63,6245805345768;-48,8430219157306;-66,2809291165913
EBA;Evapo;26;Current landscape;0,624593675136566;-80,5418815326739;-63,7659434984532;-69,7732760948413
EBA;Evapo;26;Current landscape;0,675231218338013;-105,465357418054;-74,458252609518;-77,4475224472892
EBA;Evapo;26;Current landscape;0,725123763084412;-94,7027971912103;-69,0219284756706;-64,2949620362113
EBA;Evapo;26;Current landscape;0,774965584278107;-88,9650381551924;-76,8970313549683;-66,7624040470032
EBA;Evapo;26;Current landscape;0,826271921396256;-100,443171143322;-84,3512632109989;-80,9274990431379
EBA;Evapo;26;Current landscape;0,876433908939362;-104,977745594591;-92,5994017812172;-84,0005517775962
EBA;Evapo;26;Current landscape;0,929023087024689;-123,856603753997;-69,484464453388;-92,4593191331201
EBA;Evapo;26;Current landscape;1;-137,726139457951;-95,6876832615967;-104,444437722062
EBA;Evapo;27;Spatially adjusted;0,01;131,026705874074;140,291271827603;138,218528475366
EBA;Evapo;27;Spatially adjusted;0,0302040816326531;125,611793803569;134,983009264401;132,651556987254
EBA;Evapo;27;Spatially adjusted;0,0504081632653061;120,18773273485;129,664420376675;127,075228972217
EBA;Evapo;27;Spatially adjusted;0,0706122448979592;114,745373669701;124,325178839903;121,480187903331
EBA;Evapo;27;Spatially adjusted;0,0908163265306122;109,275567609908;118,954958329562;115,857077253672
EBA;Evapo;27;Spatially adjusted;0,111020408163265;103,769165557255;113,543432521127;110,196540496314
EBA;Evapo;27;Spatially adjusted;0,131224489795918;98,217018513529;108,080275090077;104,489221104335
EBA;Evapo;27;Spatially adjusted;0,151428571428571;92,6099774805139;102,555159711887;98,7257625508078
EBA;Evapo;27;Spatially adjusted;0,171632653061224;86,9388934599954;96,9577600620353;92,89680830881
EBA;Evapo;27;Spatially adjusted;0,191836734693878;81,1946174537584;91,2777498159978;86,9930018514165
EBA;Evapo;27;Spatially adjusted;0,212040816326531;75,3680004635885;85,5048026492518;81,0049866517027
EBA;Evapo;27;Spatially adjusted;0,232244897959184;69,4498934912706;79,6285922372738;74,9234061827438
EBA;Evapo;27;Spatially adjusted;0,252448979591837;63,43114753859;73,6387922555405;68,7389039176158
EBA;Evapo;27;Spatially adjusted;0,27265306122449;57,3026136073318;67,5250763795289;62,4421233293942
EBA;Evapo;27;Spatially adjusted;0,292857142857143;51,0551426992815;61,2771182847159;56,0237078911541
EBA;Evapo;27;Spatially adjusted;0,313061224489796;44,6795858162243;54,8845916465782;49,4743010759717
EBA;Evapo;27;Spatially adjusted;0,333265306122449;38,1667939599449;48,3371701405924;42,784546356922
EBA;Evapo;27;Spatially adjusted;0,353469387755102;31,5143266041735;41,6316752825239;35,9522023287661
EBA;Evapo;27;Spatially adjusted;0,373673469387755;24,7465771104162;34,7935199492895;29,0034880730068
EBA;Evapo;27;Spatially adjusted;0,393877551020408;17,894647312125;27,8552648580946;21,9717377928323
EBA;Evapo;27;Spatially adjusted;0,414081632653061;10,9896390427507;20,8494707261443;14,8902856914303
EBA;Evapo;27;Spatially adjusted;0,434285714285714;4,06265413574374;13,8086982706445;7,79246597198949
EBA;Evapo;27;Spatially adjusted;0,454489795918367;-2,85520557544351;6,7655082087997;0,711612837697885
EBA;Evapo;27;Spatially adjusted;0,47469387755102;-9,73283825736053;-0,247538742184588;-6,31893950825656
EBA;Evapo;27;Spatially adjusted;0,494897959183674;-16,5391420765561;-7,19788186510255;-13,2658568626853
EBA;Evapo;27;Spatially adjusted;0,515102040816327;-23,2430151995795;-14,0529604427493;-20,0958050224008
EBA;Evapo;27;Spatially adjusted;0,53530612244898;-29,8133557929789;-20,7802137579195;-26,7754497842141
EBA;Evapo;27;Spatially adjusted;0,555510204081633;-36,2190620233037;-27,347081093408;-33,2714569449379
EBA;Evapo;27;Spatially adjusted;0,575714285714286;-42,4290320571022;-33,7210017320092;-39,5504923013832
EBA;Evapo;27;Spatially adjusted;0,595918367346939;-48,4121640609237;-39,8694149565185;-45,5792216503626
EBA;Evapo;27;Spatially adjusted;0,616122448979592;-54,1373562013166;-45,7597600497295;-51,3243107886874
EBA;Evapo;27;Spatially adjusted;0,636326530612245;-59,5735066448303;-51,3594762944379;-56,7524255131698
EBA;Evapo;27;Spatially adjusted;0,656530612244898;-64,6895135580135;-56,6360029734378;-61,8302316206214
EBA;Evapo;27;Spatially adjusted;0,676734693877551;-69,4542751074146;-61,5567793695241;-66,5243949078545
EBA;Evapo;27;Spatially adjusted;0,696938775510204;-73,8458558817959;-66,0987164579437;-70,8114803828719
EBA;Evapo;27;Spatially adjusted;0,717142857142857;-77,8789861587713;-70,276611983752;-74,7076498984454
EBA;Evapo;27;Spatially adjusted;0,73734693877551;-81,5775626381681;-74,1147353844563;-78,2389645185378
EBA;Evapo;27;Spatially adjusted;0,757551020408163;-84,9654820198132;-77,637356097564;-81,4314853071121
EBA;Evapo;27;Spatially adjusted;0,777755102040816;-88,0666410035335;-80,8687435605823;-84,3112733281314
EBA;Evapo;27;Spatially adjusted;0,797959183673469;-90,9049362891562;-83,8331672110194;-86,904389645558
EBA;Evapo;27;Spatially adjusted;0,818163265306122;-93,5042645765084;-86,5548964863815;-89,2368953233554
EBA;Evapo;27;Spatially adjusted;0,838367346938776;-95,8885225654169;-89,0582008241772;-91,334851425486
EBA;Evapo;27;Spatially adjusted;0,858571428571429;-98,081606955709;-91,3673496619135;-93,2243190159133
EBA;Evapo;27;Spatially adjusted;0,878775510204082;-100,107414447212;-93,5066124370976;-94,9313591586001
EBA;Evapo;27;Spatially adjusted;0,898979591836735;-101,989841739752;-95,5002585872371;-96,4820329175093
EBA;Evapo;27;Spatially adjusted;0,919183673469388;-103,752785533158;-97,3725575498397;-97,9024013566038
EBA;Evapo;27;Spatially adjusted;0,939387755102041;-105,420142527254;-99,1477787624124;-99,2185255398467
EBA;Evapo;27;Spatially adjusted;0,959591836734694;-107,01580942187;-100,850191662463;-100,456466531201
EBA;Evapo;27;Spatially adjusted;0,979795918367347;-108,563682916832;-102,504065687499;-101,642285394629
EBA;Evapo;27;Spatially adjusted;1;-110,087659711966;-104,133670275027;-102,802043194094
EBA;Evapo;27;Current landscape;0,0288624651730061;27,0450751078013;37,1857792965445;30,4450428176783
EBA;Evapo;27;Current landscape;0,0788287818431854;47,2686463253201;70,6660457513378;56,9010325292543
EBA;Evapo;27;Current landscape;0,126535296440125;45,3623616716855;53,524459919033;47,3967664411439
EBA;Evapo;27;Current landscape;0,175268024206162;20,0918945836447;39,528913902117;24,0721507991457
EBA;Evapo;27;Current landscape;0,225568056106567;18,4229379996352;34,5423060182441;18,4189073157113
EBA;Evapo;27;Current landscape;0,273210555315018;-1,93619569170255;11,1197099949263;5,3453211645076
EBA;Evapo;27;Current landscape;0,326568275690079;8,0750705438395;25,9124757600694;14,1411883639551
EBA;Evapo;27;Current landscape;0,376517415046692;-13,0515036955464;4,46726619466153;-10,7138557625744
EBA;Evapo;27;Current landscape;0,42348849773407;-15,4169785020254;3,01058822956134;-13,0488517586696
EBA;Evapo;27;Current landscape;0,475384041666985;-52,4349800780835;-32,0438510453109;-51,4296358179483
EBA;Evapo;27;Current landscape;0,525438725948334;-72,2188390713163;-42,9323120306785;-49,5785980084559
EBA;Evapo;27;Current landscape;0,571798324584961;-68,3803338751595;-50,4377478358063;-72,7885027941006
EBA;Evapo;27;Current landscape;0,625512301921845;-83,5338217744295;-60,0483779042138;-80,0013272834076
EBA;Evapo;27;Current landscape;0,674652099609375;-68,0903119362624;-64,6866359947364;-71,7788186537168
EBA;Evapo;27;Current landscape;0,72099107503891;-83,8737059673952;-61,9147837641849;-66,536773378009
EBA;Evapo;27;Current landscape;0,777444064617157;-85,3835160858025;-85,3626341599379;-77,5334360458364
EBA;Evapo;27;Current landscape;0,823673665523529;-85,2149742998245;-63,035801669176;-62,0725587673865
EBA;Evapo;27;Current landscape;0,875562369823456;-89,3979912428183;-77,2270375994369;-67,6203896948568
EBA;Evapo;27;Current landscape;0,92440789937973;-105,424697972011;-81,5139253299599;-109,406689212659
EBA;Evapo;27;Current landscape;1;-122,523345924754;-87,478274267701;-95,3441775460919
EBA;Evapo;28;Spatially adjusted;0,01;128,920930134472;134,789334317697;135,679815364212
EBA;Evapo;28;Spatially adjusted;0,0302040816326531;123,119318089728;129,764988446085;130,167281921773
EBA;Evapo;28;Spatially adjusted;0,0504081632653061;117,314739781823;124,731094791231;124,646788605314
EBA;Evapo;28;Spatially adjusted;0,0706122448979592;111,504228947596;119,678105569893;119,110375540813
EBA;Evapo;28;Spatially adjusted;0,0908163265306122;105,684819323889;114,59647299883;113,550082854249
EBA;Evapo;28;Spatially adjusted;0,111020408163265;99,8535446475394;109,476649294799;107,957950671603
EBA;Evapo;28;Spatially adjusted;0,131224489795918;94,0074386553874;104,30908667456;102,326019118853
EBA;Evapo;28;Spatially adjusted;0,151428571428571;88,1435350842724;99,0842373548692;96,6463283219782
EBA;Evapo;28;Spatially adjusted;0,171632653061224;82,2588676710338;93,7925535524866;90,9109184069582
EBA;Evapo;28;Spatially adjusted;0,191836734693878;76,3504701525114;88,4244874841693;85,1118294997721
EBA;Evapo;28;Spatially adjusted;0,212040816326531;70,4153762655444;82,9704913666762;79,2411017263989
EBA;Evapo;28;Spatially adjusted;0,232244897959184;64,4506197469725;77,4210174167649;73,2907752128183
EBA;Evapo;28;Spatially adjusted;0,252448979591837;58,4532343336352;71,7665178511938;67,2528900850091
EBA;Evapo;28;Spatially adjusted;0,27265306122449;52,4202537623721;65,9974448867215;61,1194864689508
EBA;Evapo;28;Spatially adjusted;0,292857142857143;46,3487117700224;60,1042507401055;54,8826044906225
EBA;Evapo;28;Spatially adjusted;0,313061224489796;40,2356420934254;54,0773876281046;48,5342842760035
EBA;Evapo;28;Spatially adjusted;0,333265306122449;34,0780784694216;47,9073077674766;42,0665659510733
EBA;Evapo;28;Spatially adjusted;0,353469387755102;27,8767809017681;41,5909615250541;35,4780266201922
EBA;Evapo;28;Spatially adjusted;0,373673469387755;21,6474144618976;35,1512918679673;28,7933913012469
EBA;Evapo;28;Spatially adjusted;0,393877551020408;15,4093704881607;28,6177399134199;22,0439219905063
EBA;Evapo;28;Spatially adjusted;0,414081632653061;9,18204031890741;22,0197467786159;15,2608806842384
EBA;Evapo;28;Spatially adjusted;0,434285714285714;2,9848152924892;15,3867535807599;8,47552937871114
EBA;Evapo;28;Spatially adjusted;0,454489795918367;-3,16291325274347;8,74820143705574;1,71913007019339
EBA;Evapo;28;Spatially adjusted;0,47469387755102;-9,24175397843942;2,1335314647074;-4,97705524504659
EBA;Evapo;28;Spatially adjusted;0,494897959183674;-15,2323155462489;-4,42781521908069;-11,5817645707409
EBA;Evapo;28;Spatially adjusted;0,515102040816327;-21,1152066178206;-10,9063974971043;-18,0637359106208
EBA;Evapo;28;Spatially adjusted;0,53530612244898;-26,8710358548044;-17,2727742521602;-24,3917072684187
EBA;Evapo;28;Spatially adjusted;0,555510204081633;-32,4804119188484;-23,4975043670431;-30,5344166478653
EBA;Evapo;28;Spatially adjusted;0,575714285714286;-37,9239434716033;-29,5511467245494;-36,4606020526931
EBA;Evapo;28;Spatially adjusted;0,595918367346939;-43,1822391747171;-35,4042602074751;-42,1390014866331
EBA;Evapo;28;Spatially adjusted;0,616122448979592;-48,2359076898401;-41,0274036986161;-47,5383529534174
EBA;Evapo;28;Spatially adjusted;0,636326530612245;-53,0655576786212;-46,3911360807676;-52,6273944567779
EBA;Evapo;28;Spatially adjusted;0,656530612244898;-57,6517978027098;-51,4660162367268;-57,374864000446
EBA;Evapo;28;Spatially adjusted;0,676734693877551;-61,9752367237552;-56,2226030492884;-61,7494995881537
EBA;Evapo;28;Spatially adjusted;0,696938775510204;-66,0226544987713;-60,6399844880805;-65,7294588891791
EBA;Evapo;28;Spatially adjusted;0,717142857142857;-69,8055167662303;-64,7313648700592;-69,3305782349898
EBA;Evapo;28;Spatially adjusted;0,73734693877551;-73,3414605599701;-68,5184775990117;-72,5781136226005
EBA;Evapo;28;Spatially adjusted;0,757551020408163;-76,6481229138267;-72,0230560787254;-75,4973210490252
EBA;Evapo;28;Spatially adjusted;0,777755102040816;-79,7431408616387;-75,2668337129881;-78,113456511278
EBA;Evapo;28;Spatially adjusted;0,797959183673469;-82,6441514372418;-78,2715439055878;-80,4517760063736
EBA;Evapo;28;Spatially adjusted;0,818163265306122;-85,3687916744737;-81,0589200603113;-82,5375355313258
EBA;Evapo;28;Spatially adjusted;0,838367346938776;-87,9346986071717;-83,6506955809466;-84,3959910831495
EBA;Evapo;28;Spatially adjusted;0,858571428571429;-90,3595092691726;-86,0686038712813;-86,0523986588587
EBA;Evapo;28;Spatially adjusted;0,878775510204082;-92,6608606943132;-88,3343783351027;-87,5320142554674
EBA;Evapo;28;Spatially adjusted;0,898979591836735;-94,8563899164317;-90,469752376199;-88,8600938699906
EBA;Evapo;28;Spatially adjusted;0,919183673469388;-96,9637339693647;-92,4964593983573;-90,061893499442
EBA;Evapo;28;Spatially adjusted;0,939387755102041;-99,0005298869492;-94,4362328053651;-91,1626691408367
EBA;Evapo;28;Spatially adjusted;0,959591836734694;-100,984414703022;-96,3108060010104;-92,1876767911881
EBA;Evapo;28;Spatially adjusted;0,979795918367347;-102,93302545142;-98,1419123890803;-93,1621724475106
EBA;Evapo;28;Spatially adjusted;1;-104,863999165982;-99,9512853733627;-94,1114121068192
EBA;Evapo;28;Current landscape;0,0289883557707071;78,2253063020232;82,5809993997405;75,4019795297099
EBA;Evapo;28;Current landscape;0,0735254734754562;48,6397768154131;72,374981278263;61,8619491474381
EBA;Evapo;28;Current landscape;0,126769945025444;44,6047313828162;62,446330873966;62,8095208348282
EBA;Evapo;28;Current landscape;0,175885513424873;29,6148032932779;47,5331759607443;39,1272393990867
EBA;Evapo;28;Current landscape;0,22306826710701;28,5839257570358;45,2905157785144;15,9089629206117
EBA;Evapo;28;Current landscape;0,275807112455368;17,9192242733889;30,2738282882792;19,5031724465969
EBA;Evapo;28;Current landscape;0,326561272144318;7,0620676165895;22,0118311440681;11,2393500682749
EBA;Evapo;28;Current landscape;0,37260901927948;3,28003353189183;3,23108814454417;9,79948856703027
EBA;Evapo;28;Current landscape;0,424003094434738;-23,2137759395721;-10,3586680174847;-20,9837836547802
EBA;Evapo;28;Current landscape;0,475904732942581;-49,4001033012032;-30,1129421593644;-44,2965919377007
EBA;Evapo;28;Current landscape;0,522477030754089;-57,3923207443245;-42,0699428602752;-52,3767264554817
EBA;Evapo;28;Current landscape;0,576435685157776;-66,5308197423979;-53,9869609413634;-68,3245126183788
EBA;Evapo;28;Current landscape;0,624853014945984;-80,165699607272;-51,2567234305204;-84,4307153051554
EBA;Evapo;28;Current landscape;0,675384104251862;-81,3766189196952;-70,8594744761838;-93,8918400983066
EBA;Evapo;28;Current landscape;0,727210223674774;-80,8411927459945;-73,2797471539523;-72,934758165502
EBA;Evapo;28;Current landscape;0,772011578083038;-76,6323545547948;-71,4375140753841;-67,3517589502803
EBA;Evapo;28;Current landscape;0,822765737771988;-79,8845874265269;-53,5149313849452;-61,5633339124961
EBA;Evapo;28;Current landscape;0,874758303165436;-82,1702476845046;-64,8252411603837;-62,3763655985288
EBA;Evapo;28;Current landscape;0,927751839160919;-102,481776156585;-57,4664210025305;-91,7860465364875
EBA;Evapo;28;Current landscape;1;-134,857297862126;-98,3285371197976;-86,382313558009
EBA;Evapo;29;Spatially adjusted;0,01;138,317848767371;148,448555840068;139,225018849944
EBA;Evapo;29;Spatially adjusted;0,0302040816326531;132,197918066356;142,510012554147;133,361810951655
EBA;Evapo;29;Spatially adjusted;0,0504081632653061;126,073988254723;136,56331039395;127,492514201506
EBA;Evapo;29;Spatially adjusted;0,0706122448979592;119,942060221853;130,600290485205;121,611039747635
EBA;Evapo;29;Spatially adjusted;0,0908163265306122;113,79813485713;124,612793953636;115,711298738182
EBA;Evapo;29;Spatially adjusted;0,111020408163265;107,638213049934;118,592661924968;109,787202321287
EBA;Evapo;29;Spatially adjusted;0,131224489795918;101,458295689647;112,531735524928;103,832661645088
EBA;Evapo;29;Spatially adjusted;0,151428571428571;95,2543836656532;106,42185587924;97,8415878577253
EBA;Evapo;29;Spatially adjusted;0,171632653061224;89,0224778673328;100,254864113631;91,8078921073372
EBA;Evapo;29;Spatially adjusted;0,191836734693878;82,7585791840679;94,0226013538249;85,7254855420636
EBA;Evapo;29;Spatially adjusted;0,212040816326531;76,4586885052404;87,7169087255477;79,5882793100439
EBA;Evapo;29;Spatially adjusted;0,232244897959184;70,1188067202329;81,3296273545248;73,3901845594171
EBA;Evapo;29;Spatially adjusted;0,252448979591837;63,7349347184265;74,8525983664818;67,1251124383232
EBA;Evapo;29;Spatially adjusted;0,27265306122449;57,3030733892038;68,2776628871441;60,7869740949004
EBA;Evapo;29;Spatially adjusted;0,292857142857143;50,8192236219466;61,5966620422366;54,3696806772887
EBA;Evapo;29;Spatially adjusted;0,313061224489796;44,2793863060365;54,8014369574855;47,8671433336274
EBA;Evapo;29;Spatially adjusted;0,333265306122449;37,6795623308558;47,8838287586157;41,2732732120558
EBA;Evapo;29;Spatially adjusted;0,353469387755102;31,0200590960462;40,8422979373322;34,5874747941539
EBA;Evapo;29;Spatially adjusted;0,373673469387755;24,318410042288;33,7017824492566;27,8311258952658
EBA;Evapo;29;Spatially adjusted;0,393877551020408;17,5964551205202;26,4938396159887;21,0310976641765
EBA;Evapo;29;Spatially adjusted;0,414081632653061;10,8760342816834;19,2500267591297;14,2142612496709
EBA;Evapo;29;Spatially adjusted;0,434285714285714;4,17898747671711;12,0019012002801;7,407487800534
EBA;Evapo;29;Spatially adjusted;0,454489795918367;-2,47284534343862;4,78102026104057;0,637648465550456
EBA;Evapo;29;Spatially adjusted;0,47469387755102;-9,05762422784392;-2,38105873698851;-6,06838560649476
EBA;Evapo;29;Spatially adjusted;0,494897959183674;-15,5535092255595;-9,45277847220609;-12,6837432668165
EBA;Evapo;29;Spatially adjusted;0,515102040816327;-21,9386603856453;-16,4025816230117;-19,1815533666299
EBA;Evapo;29;Spatially adjusted;0,53530612244898;-28,1912377571612;-23,1989108678051;-25,53494475715
EBA;Evapo;29;Spatially adjusted;0,555510204081633;-34,2894013891673;-29,8102088849853;-31,717046289592
EBA;Evapo;29;Spatially adjusted;0,575714285714286;-40,2113113307244;-36,2049183529518;-37,7009868151711
EBA;Evapo;29;Spatially adjusted;0,595918367346939;-45,9351276308923;-42,3514819501038;-43,4598951851021
EBA;Evapo;29;Spatially adjusted;0,616122448979592;-51,4390103387314;-48,2183423548413;-48,9669002505998
EBA;Evapo;29;Spatially adjusted;0,636326530612245;-56,7011195033012;-53,7739422455629;-54,1951308628802
EBA;Evapo;29;Spatially adjusted;0,656530612244898;-61,6996151736628;-58,9867243006684;-59,1177158731575
EBA;Evapo;29;Spatially adjusted;0,676734693877551;-66,4126573988758;-63,8251311985569;-63,707784132647
EBA;Evapo;29;Spatially adjusted;0,696938775510204;-70,8252471926994;-68,2670936345492;-67,9466866413156
EBA;Evapo;29;Spatially adjusted;0,717142857142857;-74,9497494276907;-72,3284943716501;-71,8486629941347
EBA;Evapo;29;Spatially adjusted;0,73734693877551;-78,8053699411046;-76,034704189786;-75,4361749348282
EBA;Evapo;29;Spatially adjusted;0,757551020408163;-82,411314570197;-79,4110938688825;-78,7316842071186
EBA;Evapo;29;Spatially adjusted;0,777755102040816;-85,7867891522228;-82,483034188866;-81,7576525547297
EBA;Evapo;29;Spatially adjusted;0,797959183673469;-88,9509995244384;-85,275895929663;-84,5365417213846
EBA;Evapo;29;Spatially adjusted;0,818163265306122;-91,9231515240983;-87,8150498711984;-87,0908134508063
EBA;Evapo;29;Spatially adjusted;0,838367346938776;-94,7224509884586;-90,1258667933994;-89,4429294867186
EBA;Evapo;29;Spatially adjusted;0,858571428571429;-97,3681037547751;-92,2337174761915;-91,6153515728447
EBA;Evapo;29;Spatially adjusted;0,878775510204082;-99,8793156603026;-94,1639726995011;-93,6305414529077
EBA;Evapo;29;Spatially adjusted;0,898979591836735;-102,275292542297;-95,942003243254;-95,5109608706309
EBA;Evapo;29;Spatially adjusted;0,919183673469388;-104,575240238014;-97,5931798873771;-97,2790715697379
EBA;Evapo;29;Spatially adjusted;0,939387755102041;-106,798364584709;-99,1428734117949;-98,9573352939512
EBA;Evapo;29;Spatially adjusted;0,959591836734694;-108,963871419637;-100,616454596435;-100,568213786995
EBA;Evapo;29;Spatially adjusted;0,979795918367347;-111,090966580055;-102,039294221223;-102,134168792593
EBA;Evapo;29;Spatially adjusted;1;-113,198855903217;-103,436763066085;-103,677662054467
EBA;Evapo;29;Current landscape;0,0268309433013201;16,1921297799083;39,2078457202751;18,7463096224978
EBA;Evapo;29;Current landscape;0,0746332332491875;46,7354551046137;73,3586148847187;62,0716196612282
EBA;Evapo;29;Current landscape;0,126535296440125;36,7484489344438;56,1324402437003;44,4157061237029
EBA;Evapo;29;Current landscape;0,173545762896538;0,564518291226705;27,2777865586713;15,6888387034842
EBA;Evapo;29;Current landscape;0,226105473935604;11,6836787064535;26,6800525977922;14,7672354197719
EBA;Evapo;29;Current landscape;0,276410102844238;-3,12868051131181;-0,25638003070685;-1,55079373622925
EBA;Evapo;29;Current landscape;0,326917141675949;13,5944291471974;28,3259428805561;8,12103482506609
EBA;Evapo;29;Current landscape;0,376086056232452;-6,78090060496288;-1,71984908321838;-16,5486095080621
EBA;Evapo;29;Current landscape;0,425971657037735;-16,9259071687782;-15,5741350014312;-29,1176430728224
EBA;Evapo;29;Current landscape;0,476951360702515;-49,3914025441281;-21,6555859289213;-46,8391793685707
EBA;Evapo;29;Current landscape;0,526739895343781;-45,877410160226;-39,0610362949631;-43,6860072916236
EBA;Evapo;29;Current landscape;0,574103236198425;-52,9934392770538;-55,1649373350224;-68,6221602860703
EBA;Evapo;29;Current landscape;0,623792588710785;-83,4940883641159;-73,5289622963048;-84,7493513792156
EBA;Evapo;29;Current landscape;0,676587045192719;-86,0195422731015;-66,0767058690431;-91,865301291534
EBA;Evapo;29;Current landscape;0,723619490861893;-79,8051197961429;-64,2585620514758;-67,4082442136385
EBA;Evapo;29;Current landscape;0,775668025016785;-84,497423070771;-63,7359772228997;-68,7811036631597
EBA;Evapo;29;Current landscape;0,824258744716644;-94,9687322665566;-72,753082827528;-89,1631432643469
EBA;Evapo;29;Current landscape;0,874228119850159;-86,4805293773929;-76,1949446537321;-78,3866181463982
EBA;Evapo;29;Current landscape;0,928413391113281;-106,204614504018;-62,2212545748319;-63,9034137944677
EBA;Evapo;29;Current landscape;1;-148,706009735572;-97,4866778397588;-79,0817231543831
EBA;Evapo;30;Spatially adjusted;0,01;128,583621732921;139,256846725009;144,393376736831
EBA;Evapo;30;Spatially adjusted;0,0302040816326531;123,62050666096;134,380966443721;138,527097688602
EBA;Evapo;30;Spatially adjusted;0,0504081632653061;118,644601862934;129,490503405901;132,651647375199
EBA;Evapo;30;Spatially adjusted;0,0706122448979592;113,64311761278;124,570874855015;126,757854531447
EBA;Evapo;30;Spatially adjusted;0,0908163265306122;108,603264184434;119,607498034532;120,836547892172
EBA;Evapo;30;Spatially adjusted;0,111020408163265;103,51225185183;114,585790187917;114,8785561922
EBA;Evapo;30;Spatially adjusted;0,131224489795918;98,3572908889046;109,49116855864;108,874708166355
EBA;Evapo;30;Spatially adjusted;0,151428571428571;93,1255915695938;104,309050390167;102,815832549464
EBA;Evapo;30;Spatially adjusted;0,171632653061224;87,8043641678332;99,0248529259648;96,6927580763522
EBA;Evapo;30;Spatially adjusted;0,191836734693878;82,3808189575584;93,6239934095015;90,4963134818452
EBA;Evapo;30;Spatially adjusted;0,212040816326531;76,8421662127053;88,0918890842445;84,2173275007681
EBA;Evapo;30;Spatially adjusted;0,232244897959184;71,1756162072095;82,4139571936612;77,8466288679476
EBA;Evapo;30;Spatially adjusted;0,252448979591837;65,3683792150062;76,5756149812187;71,3750463182078
EBA;Evapo;30;Spatially adjusted;0,27265306122449;59,4076655100321;70,5622796903842;64,7934085863756
EBA;Evapo;30;Spatially adjusted;0,292857142857143;53,2806853662225;64,3593685646251;58,0925444072761
EBA;Evapo;30;Spatially adjusted;0,313061224489796;46,974649057513;57,9522988474093;51,2632825157348
EBA;Evapo;30;Spatially adjusted;0,333265306122449;40,47676685784;51,3264877822035;44,2964516465775
EBA;Evapo;30;Spatially adjusted;0,353469387755102;33,7830936033643;44,4766385229116;37,1901839431616
EBA;Evapo;30;Spatially adjusted;0,373673469387755;26,9250623791529;37,4345978651807;29,9718251829727
EBA;Evapo;30;Spatially adjusted;0,393877551020408;19,9429508324981;30,2414985150958;22,6760245520279
EBA;Evapo;30;Spatially adjusted;0,414081632653061;12,8770366106933;22,93847317874;15,3374312363453
EBA;Evapo;30;Spatially adjusted;0,434285714285714;5,76759736103008;15,5666545621978;7,99069442194173
EBA;Evapo;30;Spatially adjusted;0,454489795918367;-1,34508926919875;8,16717537155273;0,670463294834917
EBA;Evapo;30;Spatially adjusted;0,47469387755102;-8,42074563270057;0,781168312888894;-6,58861295895849
EBA;Evapo;30;Spatially adjusted;0,494897959183674;-15,4190940821823;-6,55023390770953;-13,7518851534194
EBA;Evapo;30;Spatially adjusted;0,515102040816327;-22,299856970352;-13,7858985841588;-20,7847041025318
EBA;Evapo;30;Spatially adjusted;0,53530612244898;-29,0227566499173;-20,884693010375;-27,6524206202782
EBA;Evapo;30;Spatially adjusted;0,555510204081633;-35,547515473585;-27,8054844802746;-34,3203855206405
EBA;Evapo;30;Spatially adjusted;0,575714285714286;-41,8338557940629;-34,5071402877727;-40,7539496176016
EBA;Evapo;30;Spatially adjusted;0,595918367346939;-47,8414999640586;-40,9485277267861;-46,918463725144
EBA;Evapo;30;Spatially adjusted;0,616122448979592;-53,5301703362789;-47,0885140912305;-52,7792786572504
EBA;Evapo;30;Spatially adjusted;0,636326530612245;-58,8595892634316;-52,885966675022;-58,3017452279032
EBA;Evapo;30;Spatially adjusted;0,656530612244898;-63,7894790982246;-58,299752772077;-63,4512142510853
EBA;Evapo;30;Spatially adjusted;0,676734693877551;-68,2795621933647;-63,2887396763113;-68,1930365407789
EBA;Evapo;30;Spatially adjusted;0,696938775510204;-72,3012747218061;-67,8235035899352;-72,5029450244645
EBA;Evapo;30;Spatially adjusted;0,717142857142857;-75,8729081374854;-71,9214563483356;-76,398201083613
EBA;Evapo;30;Spatially adjusted;0,73734693877551;-79,0244677145881;-75,6117186951949;-79,9064482131944
EBA;Evapo;30;Spatially adjusted;0,757551020408163;-81,7859587272983;-78,9234113741941;-83,0553299081771
EBA;Evapo;30;Spatially adjusted;0,777755102040816;-84,1873864497991;-81,8856551290144;-85,8724896635306
EBA;Evapo;30;Spatially adjusted;0,797959183673469;-86,258756156275;-84,5275707033382;-88,3855709742238
EBA;Evapo;30;Spatially adjusted;0,818163265306122;-88,0300731209102;-86,8782788408464;-90,622217335226
EBA;Evapo;30;Spatially adjusted;0,838367346938776;-89,5313426178889;-88,9669002852209;-92,6100722415063
EBA;Evapo;30;Spatially adjusted;0,858571428571429;-90,7925699213947;-90,8225557801429;-94,3767791880334
EBA;Evapo;30;Spatially adjusted;0,878775510204082;-91,8437603056118;-92,4743660692941;-95,9499816697767
EBA;Evapo;30;Spatially adjusted;0,898979591836735;-92,7149190447249;-93,951451896356;-97,3573231817056
EBA;Evapo;30;Spatially adjusted;0,919183673469388;-93,4360514129173;-95,2829340050105;-98,6264472187888
EBA;Evapo;30;Spatially adjusted;0,939387755102041;-94,0371626843735;-96,4979331389388;-99,7849972759955
EBA;Evapo;30;Spatially adjusted;0,959591836734694;-94,5482581332776;-97,6255700418221;-100,860616848295
EBA;Evapo;30;Spatially adjusted;0,979795918367347;-94,9993430338136;-98,6949654573427;-101,880949430656
EBA;Evapo;30;Spatially adjusted;1;-95,4204226601653;-99,7352401291817;-102,873638518048
EBA;Evapo;30;Current landscape;0,0287020392715931;56,9725515961416;78,303436404894;80,5920330145261
EBA;Evapo;30;Current landscape;0,0724900141358376;33,6973572932759;60,6462513246368;62,7679746002959
EBA;Evapo;30;Current landscape;0,129212126135826;52,5878639138473;68,4233603854025;68,4984051191323
EBA;Evapo;30;Current landscape;0,172338142991066;27,3521381316248;44,4287430102934;35,9100605242954
EBA;Evapo;30;Current landscape;0,222476676106453;34,5216411077042;45,0148670232318;34,22198288088
EBA;Evapo;30;Current landscape;0,276500791311264;7,27715503199056;18,8620061704644;8,14153379871345
EBA;Evapo;30;Current landscape;0,325800195336342;-4,41525088363073;7,32678212590054;-11,609063772305
EBA;Evapo;30;Current landscape;0,376194089651108;-6,11341746686458;8,64271809865886;-8,27212077721265
EBA;Evapo;30;Current landscape;0,423886746168137;-18,1873096473237;-1,48959692545282;-19,0247997416666
EBA;Evapo;30;Current landscape;0,476010918617249;-41,4846504860279;-30,3054367290708;-42,4967431768248
EBA;Evapo;30;Current landscape;0,525221526622772;-58,4925723134602;-49,8970961034993;-56,5240338950735
EBA;Evapo;30;Current landscape;0,574221670627594;-73,7015598993432;-52,1778128692515;-78,2279314935984
EBA;Evapo;30;Current landscape;0,622056305408478;-66,6599625694348;-48,9755780496253;-55,5810471336183
EBA;Evapo;30;Current landscape;0,674440801143646;-63,8635040075615;-58,1808582859374;-71,30979468957
EBA;Evapo;30;Current landscape;0,726371765136719;-70,2351468659072;-64,6076106436835;-85,6351807146471
EBA;Evapo;30;Current landscape;0,774724781513214;-92,0648362861502;-78,3685700878777;-96,754161718482
EBA;Evapo;30;Current landscape;0,822441875934601;-84,4638427801151;-68,2921829808017;-83,712157376372
EBA;Evapo;30;Current landscape;0,875688254833221;-94,2376621821541;-80,6315866342343;-88,9580520161815
EBA;Evapo;30;Current landscape;0,922482013702393;-110,314341483441;-90,8809380558892;-105,297216254306
EBA;Evapo;30;Current landscape;1;-141,920022193634;-105,998616351944;-120,879520170477
