region;response;run;contrast_type;frac_area;PF_minus_SF_early;PF_minus_SF_intermediate;PF_minus_SF_advanced
CBA;Evapo;1;Spatially adjusted;0,01;39,8273925940405;32,5679282964231;26,4768445676118
CBA;Evapo;1;Spatially adjusted;0,0302040816326531;39,2670926922442;32,1744007445275;25,5558535555658
CBA;Evapo;1;Spatially adjusted;0,0504081632653061;38,6903982770027;31,767731300343;24,6250277059537
CBA;Evapo;1;Spatially adjusted;0,0706122448979592;38,080914834871;31,3347780715812;23,6745321812102
CBA;Evapo;1;Spatially adjusted;0,0908163265306122;37,4222478524036;30,8623991659526;22,694532143769
CBA;Evapo;1;Spatially adjusted;0,111020408163265;36,6980028161556;30,3374526911691;21,6751927560645
CBA;Evapo;1;Spatially adjusted;0,131224489795918;35,8917852126817;29,7467967549412;20,6066791805308
CBA;Evapo;1;Spatially adjusted;0,151428571428571;34,9872005285367;29,0772894649806;19,479156579602
CBA;Evapo;1;Spatially adjusted;0,171632653061224;33,9678542502754;28,315788928998;18,2827901157123
CBA;Evapo;1;Spatially adjusted;0,191836734693878;32,8173518644528;27,4491532547052;17,007744951296
CBA;Evapo;1;Spatially adjusted;0,212040816326531;31,5192988576237;26,4642405498128;15,6441862487868
CBA;Evapo;1;Spatially adjusted;0,232244897959184;30,0573007163423;25,3479089220323;14,1822791706195
CBA;Evapo;1;Spatially adjusted;0,252448979591837;28,4149629271644;24,0870164790749;12,6121888792277
CBA;Evapo;1;Spatially adjusted;0,27265306122449;26,5758909766444;22,6684213286514;10,9240805370459
CBA;Evapo;1;Spatially adjusted;0,292857142857143;24,5236903513367;21,0789815784738;9,10811930650812
CBA;Evapo;1;Spatially adjusted;0,313061224489796;22,2419665377968;19,3055553362524;7,15447035004854
CBA;Evapo;1;Spatially adjusted;0,333265306122449;19,7143250225793;17,3350007096988;5,05329883010154
CBA;Evapo;1;Spatially adjusted;0,353469387755102;16,9320359559329;15,1607672433374;2,80073888131551
CBA;Evapo;1;Spatially adjusted;0,373673469387755;13,9170281428812;12,8026702289455;0,41680052719812
CBA;Evapo;1;Spatially adjusted;0,393877551020408;10,6988950521438;10,2871163951138;-2,07253723652821
CBA;Evapo;1;Spatially adjusted;0,414081632653061;7,3072301524378;7,64051247043312;-4,64129541414127
CBA;Evapo;1;Spatially adjusted;0,434285714285714;3,77162691248145;4,88926518349399;-7,2634950099191
CBA;Evapo;1;Spatially adjusted;0,454489795918367;0,121678800993095;2,0597812628871;-9,91315702813972
CBA;Evapo;1;Spatially adjusted;0,47469387755102;-3,61302071330874;-0,821532562796847;-12,5643024730803
CBA;Evapo;1;Spatially adjusted;0,494897959183674;-7,40287816170667;-3,7282695649676;-15,1909523490192
CBA;Evapo;1;Spatially adjusted;0,515102040816327;-11,2183000754817;-6,63402301503379;-17,7671276602337
CBA;Evapo;1;Spatially adjusted;0,53530612244898;-15,0296929859162;-9,51238618440539;-20,2668494110021
CBA;Evapo;1;Spatially adjusted;0,555510204081633;-18,8074634242917;-12,3369523444915;-22,6641386056017
CBA;Evapo;1;Spatially adjusted;0,575714285714286;-22,5220179218904;-15,0813147667016;-24,9330162483111
CBA;Evapo;1;Spatially adjusted;0,595918367346939;-26,1437630099936;-17,7190667224445;-27,0475033434072
CBA;Evapo;1;Spatially adjusted;0,616122448979592;-29,6431052198836;-20,2238014831303;-28,9816208951681
CBA;Evapo;1;Spatially adjusted;0,636326530612245;-32,9904510828421;-22,569112320168;-30,709389907872
CBA;Evapo;1;Spatially adjusted;0,656530612244898;-36,1562071301507;-24,7285925049669;-32,2048313857963
CBA;Evapo;1;Spatially adjusted;0,676734693877551;-39,1107798930916;-26,6758353089363;-33,4419663332189
CBA;Evapo;1;Spatially adjusted;0,696938775510204;-41,8320162389105;-28,3913210010571;-34,4021068946026
CBA;Evapo;1;Spatially adjusted;0,717142857142857;-44,3275243787114;-29,8830778405968;-35,0957297751515
CBA;Evapo;1;Spatially adjusted;0,73734693877551;-46,612352859562;-31,1660210843936;-35,5406028202547
CBA;Evapo;1;Spatially adjusted;0,757551020408163;-48,7015502285299;-32,2550659892868;-35,7544938753006
CBA;Evapo;1;Spatially adjusted;0,777755102040816;-50,6101650326837;-33,1651278121153;-35,755170785679
CBA;Evapo;1;Spatially adjusted;0,797959183673469;-52,3532458190905;-33,9111218097171;-35,5604013967782
CBA;Evapo;1;Spatially adjusted;0,818163265306122;-53,9458411348185;-34,5079632389313;-35,1879535539874
CBA;Evapo;1;Spatially adjusted;0,838367346938776;-55,4029995269357;-34,970567356597;-34,6555951026958
CBA;Evapo;1;Spatially adjusted;0,858571428571429;-56,73976954251;-35,3138494195525;-33,9810938882922
CBA;Evapo;1;Spatially adjusted;0,878775510204082;-57,9711997286086;-35,5527246846368;-33,1822177561655
CBA;Evapo;1;Spatially adjusted;0,898979591836735;-59,1123386323004;-35,7021084086884;-32,276734551705
CBA;Evapo;1;Spatially adjusted;0,919183673469388;-60,178234800653;-35,7769158485464;-31,2824121202996
CBA;Evapo;1;Spatially adjusted;0,939387755102041;-61,1839367807336;-35,7920622610493;-30,2170183073383
CBA;Evapo;1;Spatially adjusted;0,959591836734694;-62,1444931196109;-35,7624629030358;-29,0983209582098
CBA;Evapo;1;Spatially adjusted;0,979795918367347;-63,0749523643522;-35,7030330313451;-27,9440879183032
CBA;Evapo;1;Spatially adjusted;1;-63,9903630620258;-35,6286879028155;-26,7720870330079
CBA;Evapo;1;Current landscape;0,0304357632994652;-120,892704212554;-100,612093799663;-83,8929302891038
CBA;Evapo;1;Current landscape;0,0729946121573448;-87,5751006868577;-66,9219587016357;-54,0912090319075
CBA;Evapo;1;Current landscape;0,12485908716917;-66,4627612279514;-49,4048507509685;-29,0582765073509
CBA;Evapo;1;Current landscape;0,173878684639931;7,95982075988059;6,80208047949486;29,8841474004046
CBA;Evapo;1;Current landscape;0,229346692562103;-33,4362690822784;-21,900391786608;-7,9342411291525
CBA;Evapo;1;Current landscape;0,274657130241394;-26,2235974346411;-9,11934804118141;-4,61398441096458
CBA;Evapo;1;Current landscape;0,322626173496246;-34,4097019849839;-23,8180758188053;-8,84493380898925
CBA;Evapo;1;Current landscape;0,379913628101349;-21,6036912207783;-13,9478703074392;10,6289207148016
CBA;Evapo;1;Current landscape;0,427888184785843;-10,3069204678468;-4,78461629055187;15,7434391981026
CBA;Evapo;1;Current landscape;0,472653448581696;-11,0436725074803;-22,0714427511268;15,5741706733388
CBA;Evapo;1;Current landscape;0,52579265832901;-27,6499070451298;-31,6091727009978;-4,00984866386966
CBA;Evapo;1;Current landscape;0,576654195785522;-41,9325012465745;-21,7933052850356;2,05339179540374
CBA;Evapo;1;Current landscape;0,624217212200165;-36,4011344995945;-12,7194651859786;0,623935774587835
CBA;Evapo;1;Current landscape;0,67583829164505;-10,3591901222208;-6,35124522750834;6,87310555194608
CBA;Evapo;1;Current landscape;0,727669298648834;-26,4806388562192;-42,5690703613354;-5,11140846763738
CBA;Evapo;1;Current landscape;0,778245151042938;-49,0289586568506;-31,3213789143636;-3,34229165409442
CBA;Evapo;1;Current landscape;0,828168392181396;-39,4876439195557;-10,0909301116069;-0,331100997306066
CBA;Evapo;1;Current landscape;0,877693116664886;-22,1781301098808;-10,5958202495522;14,7910981807549
CBA;Evapo;1;Current landscape;0,927282512187958;-35,9318154398309;-14,2749168430453;15,5239262639032
CBA;Evapo;1;Current landscape;1;-29,8457252802082;13,3924588789143;39,633689820565
CBA;Evapo;2;Spatially adjusted;0,01;41,4044613107367;43,3885818821857;37,1199902720841
CBA;Evapo;2;Spatially adjusted;0,0302040816326531;41,2086588221603;42,5869025594145;35,8342681518611
CBA;Evapo;2;Spatially adjusted;0,0504081632653061;40,9917277387387;41,771815096555;34,5379790571833
CBA;Evapo;2;Spatially adjusted;0,0706122448979592;40,7325394656266;40,9299113535194;33,2205560135967
CBA;Evapo;2;Spatially adjusted;0,0908163265306122;40,4099654079787;40,0477831902197;31,8714320466465
CBA;Evapo;2;Spatially adjusted;0,111020408163265;40,0028769709502;39,1120224665676;30,4800401818782
CBA;Evapo;2;Spatially adjusted;0,131224489795918;39,4901455596953;38,1092210424754;29,0358134448368
CBA;Evapo;2;Spatially adjusted;0,151428571428571;38,8506425793687;37,0259707778546;27,5281848610687
CBA;Evapo;2;Spatially adjusted;0,171632653061224;38,063239435126;35,8488635326175;25,9465874561186
CBA;Evapo;2;Spatially adjusted;0,191836734693878;37,1068075321214;34,5644911666757;24,2804542555325
CBA;Evapo;2;Spatially adjusted;0,212040816326531;35,9602182755093;33,1594455399413;22,5192182848555
CBA;Evapo;2;Spatially adjusted;0,232244897959184;34,6023430704454;31,6203185123263;20,6523125696331
CBA;Evapo;2;Spatially adjusted;0,252448979591837;33,0120533220838;29,9337019437426;18,6691701354109
CBA;Evapo;2;Spatially adjusted;0,27265306122449;31,1682204355793;28,0861876941021;16,5592240077342
CBA;Evapo;2;Spatially adjusted;0,292857142857143;29,0497158160867;26,0643676233167;14,3119072121488
CBA;Evapo;2;Spatially adjusted;0,313061224489796;26,635410868761;23,8548335912983;11,9166527742
CBA;Evapo;2;Spatially adjusted;0,333265306122449;23,9041769987568;21,4441774579589;9,36289371943303
CBA;Evapo;2;Spatially adjusted;0,353469387755102;20,8446966000913;18,8257469153905;6,64640212817949
CBA;Evapo;2;Spatially adjusted;0,373673469387755;17,4848960222307;16,0199129844043;3,7883062999133
CBA;Evapo;2;Spatially adjusted;0,393877551020408;13,8625126035026;13,0538025179917;0,816073588894597
CBA;Evapo;2;Spatially adjusted;0,414081632653061;10,0152836822363;9,95454236914384;-2,2428286506165
CBA;Evapo;2;Spatially adjusted;0,434285714285714;5,98094659675985;6,7492593908521;-5,36093306436032
CBA;Evapo;2;Spatially adjusted;0,454489795918367;1,79723868540145;3,46508043610834;-8,51077229807629
CBA;Evapo;2;Spatially adjusted;0,47469387755102;-2,49810271351043;0,129132357903018;-11,6648789975052
CBA;Evapo;2;Spatially adjusted;0,494897959183674;-6,86734026164731;-3,23145799077201;-14,7957858083864
CBA;Evapo;2;Spatially adjusted;0,515102040816327;-11,2727366206807;-6,58956375692515;-17,8760253764604
CBA;Evapo;2;Spatially adjusted;0,53530612244898;-15,6765544522823;-9,9180580875659;-20,8781303474666
CBA;Evapo;2;Spatially adjusted;0,555510204081633;-20,0410564181238;-13,1898141297022;-23,774633367145
CBA;Evapo;2;Spatially adjusted;0,575714285714286;-24,3285051798773;-16,3777050303434;-26,5380670812365
CBA;Evapo;2;Spatially adjusted;0,595918367346939;-28,5011633992133;-19,4546039364973;-29,1409641354803
CBA;Evapo;2;Spatially adjusted;0,616122448979592;-32,5212937378044;-22,3933839951733;-31,5558571756169
CBA;Evapo;2;Spatially adjusted;0,636326530612245;-36,3511588573219;-25,16691835338;-33,7552788473856
CBA;Evapo;2;Spatially adjusted;0,656530612244898;-39,9530214194374;-27,7480801581255;-35,7117617965271
CBA;Evapo;2;Spatially adjusted;0,676734693877551;-43,2891440858225;-30,1097425564194;-37,3978386687813
CBA;Evapo;2;Spatially adjusted;0,696938775510204;-46,3312402957251;-32,2318688609707;-38,7937228505055
CBA;Evapo;2;Spatially adjusted;0,717142857142857;-49,0888265986973;-34,1227830472938;-39,910350690529
CBA;Evapo;2;Spatially adjusted;0,73734693877551;-51,5808703218684;-35,7978992566038;-40,7663392782983
CBA;Evapo;2;Spatially adjusted;0,757551020408163;-53,8263387923669;-37,2726316301162;-41,3803057032608
CBA;Evapo;2;Spatially adjusted;0,777755102040816;-55,844199337321;-38,5623943090459;-41,7708670548625
CBA;Evapo;2;Spatially adjusted;0,797959183673469;-57,6534192838597;-39,6826014346082;-41,95664042255
CBA;Evapo;2;Spatially adjusted;0,818163265306122;-59,2729659591116;-40,6486671480184;-41,9562428957706
CBA;Evapo;2;Spatially adjusted;0,838367346938776;-60,7218066902055;-41,4760055904917;-41,7882915639707
CBA;Evapo;2;Spatially adjusted;0,858571428571429;-62,0189088042703;-42,1800309032433;-41,4714035165969
CBA;Evapo;2;Spatially adjusted;0,878775510204082;-63,1832396284342;-42,7761572274883;-41,0241958430963
CBA;Evapo;2;Spatially adjusted;0,898979591836735;-64,2337664898259;-43,2797987044421;-40,4652856329155
CBA;Evapo;2;Spatially adjusted;0,919183673469388;-65,1894567155748;-43,7063694753201;-39,813289975501
CBA;Evapo;2;Spatially adjusted;0,939387755102041;-66,0692776328085;-44,0712836813368;-39,0868259602996
CBA;Evapo;2;Spatially adjusted;0,959591836734694;-66,8921965686566;-44,389955463708;-38,3045106767581
CBA;Evapo;2;Spatially adjusted;0,979795918367347;-67,6771808502467;-44,6777989636487;-37,484961214323
CBA;Evapo;2;Spatially adjusted;1;-68,4431978047087;-44,9502283223744;-36,6467946624414
CBA;Evapo;2;Current landscape;0,0274800900369883;-86,3299338607656;-67,0440916747048;-78,0011697565988
CBA;Evapo;2;Current landscape;0,071176141500473;-77,7173697550056;-63,0088209734058;-39,9957689175783
CBA;Evapo;2;Current landscape;0,126180574297905;-12,8433857989974;-2,42205468736188;9,4070637377547
CBA;Evapo;2;Current landscape;0,175939276814461;-21,6214131111217;-17,449987590511;1,2484419068353
CBA;Evapo;2;Current landscape;0,225960776209831;-21,8374673186631;-23,5923724778809;-2,72436321639884
CBA;Evapo;2;Current landscape;0,275270164012909;-4,91322292241443;-16,7171501984499;3,10824074351876
CBA;Evapo;2;Current landscape;0,322711020708084;-10,0190879715774;-8,65512674373576;16,6477727246222
CBA;Evapo;2;Current landscape;0,374027520418167;-51,6828343324019;-47,1081117428919;-16,7068115153591
CBA;Evapo;2;Current landscape;0,426768496632576;-17,0248683272082;-15,7836819147799;-4,47249949536331
CBA;Evapo;2;Current landscape;0,475178569555283;-35,2588894078351;-33,4687580836551;-18,4768245167388
CBA;Evapo;2;Current landscape;0,525863170623779;-32,3499434100472;-25,2050724127309;-8,98559882043969
CBA;Evapo;2;Current landscape;0,574788391590118;-34,3744600992814;-19,5872489360224;2,78639319457147
CBA;Evapo;2;Current landscape;0,623486518859863;-38,035372043671;-22,6744553986318;-5,69855307444004
CBA;Evapo;2;Current landscape;0,67158043384552;-19,6558768058312;-25,8029760275463;-7,42964061156363
CBA;Evapo;2;Current landscape;0,72643905878067;-23,3121416773893;-36,5848510733281;-2,72957194671699
CBA;Evapo;2;Current landscape;0,775257050991058;-51,3541320778466;-34,1180325019882;-10,6854499044314
CBA;Evapo;2;Current landscape;0,823879480361938;-38,7934245944948;-9,44733282966877;0,307975074809974
CBA;Evapo;2;Current landscape;0,875840097665787;-20,9413652650635;-9,76042477312126;15,2334857327585
CBA;Evapo;2;Current landscape;0,925166368484497;-36,7932854961346;-16,7589198796045;13,3147410026957
CBA;Evapo;2;Current landscape;1;-30,9448125697688;9,2610265962378;36,1382226676383
CBA;Evapo;3;Spatially adjusted;0,01;42,7270720211657;39,956200753599;33,0638762249907
CBA;Evapo;3;Spatially adjusted;0,0302040816326531;41,6831218466518;38,8106066128159;31,6758796062252
CBA;Evapo;3;Spatially adjusted;0,0504081632653061;40,6276015121537;37,6575761256993;30,2812632877246
CBA;Evapo;3;Spatially adjusted;0,0706122448979592;39,5489408576889;36,4896729459153;28,8734075697548
CBA;Evapo;3;Spatially adjusted;0,0908163265306122;38,4355697232729;35,2994607271303;27,445692752581
CBA;Evapo;3;Spatially adjusted;0,111020408163265;37,2759179489226;34,0795031230105;25,9914991364681
CBA;Evapo;3;Spatially adjusted;0,131224489795918;36,0584153746547;32,8223637872225;24,5042070216816
CBA;Evapo;3;Spatially adjusted;0,151428571428571;34,7714918404843;31,520606373432;22,9771967084869
CBA;Evapo;3;Spatially adjusted;0,171632653061224;33,4035771864292;30,1667945353063;21,4038484971493
CBA;Evapo;3;Spatially adjusted;0,191836734693878;31,9431012525054;28,7534919265108;19,7775426879339
CBA;Evapo;3;Spatially adjusted;0,212040816326531;30,3784938787285;27,2732622007125;18,0916595811059
CBA;Evapo;3;Spatially adjusted;0,232244897959184;28,698184905116;25,7186690115773;16,3395794769308
CBA;Evapo;3;Spatially adjusted;0,252448979591837;26,8906041716834;24,0822760127717;14,5146826756741
CBA;Evapo;3;Spatially adjusted;0,27265306122449;24,944181518448;22,356646857962;12,6103494776005
CBA;Evapo;3;Spatially adjusted;0,292857142857143;22,8473467854253;20,5343452008146;10,6199601829758
CBA;Evapo;3;Spatially adjusted;0,313061224489796;20,588529812632;18,6079346949957;8,53689509206515
CBA;Evapo;3;Spatially adjusted;0,333265306122449;18,1561604400847;16,5699789941716;6,35453450513364
CBA;Evapo;3;Spatially adjusted;0,353469387755102;15,5436382058051;14,4167842064526;4,07053239694915
CBA;Evapo;3;Spatially adjusted;0,373673469387755;12,7642414398401;12,1596262577252;1,69963744028951
CBA;Evapo;3;Spatially adjusted;0,393877551020408;9,83621817023982;9,81352352831914;-0,739128017565463
CBA;Evapo;3;Spatially adjusted;0,414081632653061;6,77781642505693;7,39349439856483;-3,22674162933504
CBA;Evapo;3;Spatially adjusted;0,434285714285714;3,60728423234264;4,91455724879256;-5,74418104773918
CBA;Evapo;3;Spatially adjusted;0,454489795918367;0,342869620148576;2,39173045933217;-8,27242392549783
CBA;Evapo;3;Spatially adjusted;0,47469387755102;-2,99717938347362;-0,159967589485859;-10,792447915331
CBA;Evapo;3;Spatially adjusted;0,494897959183674;-6,39461475047256;-2,72551851733147;-13,2852306699579
CBA;Evapo;3;Spatially adjusted;0,515102040816327;-9,83118845279614;-5,28990394387461;-15,7317498420987
CBA;Evapo;3;Spatially adjusted;0,53530612244898;-13,2886524623932;-7,83810548878478;-18,1129830844732
CBA;Evapo;3;Spatially adjusted;0,555510204081633;-16,7487587512121;-10,3551047717322;-20,4099080498013
CBA;Evapo;3;Spatially adjusted;0,575714285714286;-20,193259291201;-12,8258834123865;-22,6035023908025
CBA;Evapo;3;Spatially adjusted;0,595918367346939;-23,6039060543087;-15,2354230304177;-24,6747437601969
CBA;Evapo;3;Spatially adjusted;0,616122448979592;-26,9624510124827;-17,568705245495;-26,6046098107042
CBA;Evapo;3;Spatially adjusted;0,636326530612245;-30,2506461376729;-19,8107116772892;-28,3740781950442
CBA;Evapo;3;Spatially adjusted;0,656530612244898;-33,4502434018264;-21,9464239454692;-29,9641265659363
CBA;Evapo;3;Spatially adjusted;0,676734693877551;-36,5429947768921;-23,9608236697052;-31,355732576101
CBA;Evapo;3;Spatially adjusted;0,696938775510204;-39,5149966344636;-25,8428156468503;-32,5353095268461
CBA;Evapo;3;Spatially adjusted;0,717142857142857;-42,3697229447171;-27,5969973824879;-33,5110133138339
CBA;Evapo;3;Spatially adjusted;0,73734693877551;-45,1149920774733;-29,231889559386;-34,2964354813148
CBA;Evapo;3;Spatially adjusted;0,757551020408163;-47,7586224025542;-30,7560128603113;-34,9051675735391
CBA;Evapo;3;Spatially adjusted;0,777755102040816;-50,3084322897801;-32,1778879680307;-35,3508011347578
CBA;Evapo;3;Spatially adjusted;0,797959183673469;-52,7722401089729;-33,5060355653118;-35,6469277092208
CBA;Evapo;3;Spatially adjusted;0,818163265306122;-55,157864229953;-34,7489763349217;-35,8071388411788
CBA;Evapo;3;Spatially adjusted;0,838367346938776;-57,4731230225427;-35,9152309596273;-35,8450260748823
CBA;Evapo;3;Spatially adjusted;0,858571428571429;-59,7258348565622;-37,0133201221956;-35,7741809545821
CBA;Evapo;3;Spatially adjusted;0,878775510204082;-61,9238181018334;-38,0517645053942;-35,6081950245284
CBA;Evapo;3;Spatially adjusted;0,898979591836735;-64,0748911281774;-39,03908479199;-35,3606598289716
CBA;Evapo;3;Spatially adjusted;0,919183673469388;-66,1868723054151;-39,98380166475;-35,0451669121624
CBA;Evapo;3;Spatially adjusted;0,939387755102041;-68,267580003368;-40,8944358064414;-34,6753078183513
CBA;Evapo;3;Spatially adjusted;0,959591836734694;-70,3248325918576;-41,7795078998315;-34,2646740917885
CBA;Evapo;3;Spatially adjusted;0,979795918367347;-72,3664484407045;-42,6475386276877;-33,8268572767247
CBA;Evapo;3;Spatially adjusted;1;-74,4002459197302;-43,5070486727761;-33,3754489174105
CBA;Evapo;3;Current landscape;0,0273247081786394;-68,2197056061275;-63,3335720171692;-63,4670920563883
CBA;Evapo;3;Current landscape;0,0733367204666138;-48,2578556893532;-42,0231319037007;-30,8555573038898
CBA;Evapo;3;Current landscape;0,127398103475571;-64,6457172913779;-52,3411931729056;-38,4564790168388
CBA;Evapo;3;Current landscape;0,175079748034477;-53,7012825759571;-49,3927344052725;-26,2003991281101
CBA;Evapo;3;Current landscape;0,228035137057304;-39,5495839624621;-37,1737122498967;-13,1431079693195
CBA;Evapo;3;Current landscape;0,275228291749954;-22,658127381917;-17,577199678462;-8,37681312552149
CBA;Evapo;3;Current landscape;0,323506474494934;-14,2285928400963;-23,7439017597512;-18,7987032632136
CBA;Evapo;3;Current landscape;0,374047964811325;-7,28613910753916;-8,43842783354648;7,99673915235121
CBA;Evapo;3;Current landscape;0,427222698926926;-3,88528121346189;-15,3914642940549;1,09208447294577
CBA;Evapo;3;Current landscape;0,474190831184387;-14,7820284236052;-33,7880369298564;-9,73263281534832
CBA;Evapo;3;Current landscape;0,525906324386597;-2,93655914195506;-12,5143546525064;-8,40235269532104
CBA;Evapo;3;Current landscape;0,574341952800751;-42,8209049751743;-39,2867019895909;-16,2231161479172
CBA;Evapo;3;Current landscape;0,624746859073639;-41,2915534111305;-17,8971119737057;-2,53033751645967
CBA;Evapo;3;Current landscape;0,675415307283402;-15,7382990486553;-20,4903908754734;6,9678233037298
CBA;Evapo;3;Current landscape;0,724583446979523;-24,2188990803822;-41,2632400804048;1,40732396788849
CBA;Evapo;3;Current landscape;0,775083422660828;-44,184919632241;-25,1177588856224;-3,57350127788186
CBA;Evapo;3;Current landscape;0,825177133083344;-33,5520921540842;-3,40193254580572;6,9659559318643
CBA;Evapo;3;Current landscape;0,874467015266418;-23,5568753997668;-10,1969332910194;15,6263064893099
CBA;Evapo;3;Current landscape;0,930311471223832;-44,2200251483346;-20,6936733686428;10,1160432716008
CBA;Evapo;3;Current landscape;1;-34,7164118416463;12,2854025040808;40,5448211142034
CBA;Evapo;4;Spatially adjusted;0,01;38,1180950495038;36,8166690677906;29,9824049296508
CBA;Evapo;4;Spatially adjusted;0,0302040816326531;37,3276967790898;36,0258739324072;28,8693920836327
CBA;Evapo;4;Spatially adjusted;0,0504081632653061;36,5256993376122;35,2255672693736;27,748627804735
CBA;Evapo;4;Spatially adjusted;0,0706122448979592;35,7005035540058;34,4062375510391;26,6123606600779
CBA;Evapo;4;Spatially adjusted;0,0908163265306122;34,840510257206;33,5583732497539;25,4528392167822
CBA;Evapo;4;Spatially adjusted;0,111020408163265;33,9341202761491;32,6724628378672;24,262312041968
CBA;Evapo;4;Spatially adjusted;0,131224489795918;32,9697344397709;31,7389947877289;23,0330277027558
CBA;Evapo;4;Spatially adjusted;0,151428571428571;31,9357535770068;30,7484575716887;21,7572347662658
CBA;Evapo;4;Spatially adjusted;0,171632653061224;30,8205785167925;29,6913396620962;20,4271817996187
CBA;Evapo;4;Spatially adjusted;0,191836734693878;29,6126100880638;28,5581295313011;19,0351173699346
CBA;Evapo;4;Spatially adjusted;0,212040816326531;28,3002491197567;27,3393156516531;17,573290044334
CBA;Evapo;4;Spatially adjusted;0,232244897959184;26,871896440806;26,0253864955021;16,0339483899372
CBA;Evapo;4;Spatially adjusted;0,252448979591837;25,3159528801486;24,6068305351971;14,409340973865
CBA;Evapo;4;Spatially adjusted;0,27265306122449;23,6208192667191;23,0741362430888;12,6917163632372
CBA;Evapo;4;Spatially adjusted;0,292857142857143;21,7748964294537;21,4177920915258;10,8733231251747
CBA;Evapo;4;Spatially adjusted;0,313061224489796;19,7665851972881;19,6282865528585;8,94640982679766
CBA;Evapo;4;Spatially adjusted;0,333265306122449;17,5842863991579;17,6961080994363;6,90322503522634
CBA;Evapo;4;Spatially adjusted;0,353469387755102;15,2211028689517;15,6163055120196;4,74068798617168
CBA;Evapo;4;Spatially adjusted;0,373673469387755;12,6889454603695;13,4021688050116;2,4744005897071
CBA;Evapo;4;Spatially adjusted;0,393877551020408;10,0044270320634;11,0715483012264;0,124635424495864
CBA;Evapo;4;Spatially adjusted;0,414081632653061;7,18416044268702;8,64229432347725;-2,28833493079833
CBA;Evapo;4;Spatially adjusted;0,434285714285714;4,24475855089213;6,13225719457887;-4,74423789751177
CBA;Evapo;4;Spatially adjusted;0,454489795918367;1,20283421533213;3,55928723734473;-7,22280089698097
CBA;Evapo;4;Spatially adjusted;0,47469387755102;-1,92499970534027;0,941234774588793;-9,70375135054223
CBA;Evapo;4;Spatially adjusted;0,494897959183674;-5,12213035247328;-1,70404987087522;-12,1668166795321
CBA;Evapo;4;Spatially adjusted;0,515102040816327;-8,37194486741328;-4,35871637623313;-14,5917243052868
CBA;Evapo;4;Spatially adjusted;0,53530612244898;-11,657830391508;-7,00491441867143;-16,9582016491431
CBA;Evapo;4;Spatially adjusted;0,555510204081633;-14,9631740661043;-9,62479367537594;-19,2459761324367
CBA;Evapo;4;Spatially adjusted;0,575714285714286;-18,2713630325507;-12,2005038235327;-21,4347751765047
CBA;Evapo;4;Spatially adjusted;0,595918367346939;-21,5657844321927;-14,714194540328;-23,5043262026829
CBA;Evapo;4;Spatially adjusted;0,616122448979592;-24,8298254063791;-17,1480155029481;-25,4343566323082
CBA;Evapo;4;Spatially adjusted;0,636326530612245;-28,0468730964565;-19,4841163885785;-27,2045938867168
CBA;Evapo;4;Spatially adjusted;0,656530612244898;-31,2003146437723;-21,7046468744061;-28,794765387245
CBA;Evapo;4;Spatially adjusted;0,676734693877551;-34,2735371896738;-23,7917566376166;-30,1845985552291
CBA;Evapo;4;Spatially adjusted;0,696938775510204;-37,253705350493;-25,732146149255;-31,3594976054415
CBA;Evapo;4;Spatially adjusted;0,717142857142857;-40,1430936424993;-27,5307190558017;-32,3275739263968
CBA;Evapo;4;Spatially adjusted;0,73734693877551;-42,9477540569469;-29,1969297975963;-33,1026157000456
CBA;Evapo;4;Spatially adjusted;0,757551020408163;-45,6737385850904;-30,7402328149783;-33,6984111083382
CBA;Evapo;4;Spatially adjusted;0,777755102040816;-48,3270992181838;-32,1700825482874;-34,1287483332251
CBA;Evapo;4;Spatially adjusted;0,797959183673469;-50,9138879474811;-33,4959334378623;-34,4074155566568
CBA;Evapo;4;Spatially adjusted;0,818163265306122;-53,4401567642362;-34,7272399240433;-34,5482009605837
CBA;Evapo;4;Spatially adjusted;0,838367346938776;-55,9119576597041;-35,8734564471692;-34,5648927269565
CBA;Evapo;4;Spatially adjusted;0,858571428571429;-58,3353426251383;-36,9440374475792;-34,4712790377255
CBA;Evapo;4;Spatially adjusted;0,878775510204082;-60,716363651793;-37,9484373656135;-34,2811480748412
CBA;Evapo;4;Spatially adjusted;0,898979591836735;-63,0610727309231;-38,8961106416114;-34,008288020254
CBA;Evapo;4;Spatially adjusted;0,919183673469388;-65,375521853782;-39,7965117159117;-33,6664870559148
CBA;Evapo;4;Spatially adjusted;0,939387755102041;-67,6657630116245;-40,6590950288544;-33,2695333637732
CBA;Evapo;4;Spatially adjusted;0,959591836734694;-69,9378481957042;-41,4933150207789;-32,8312151257805
CBA;Evapo;4;Spatially adjusted;0,979795918367347;-72,1978293972754;-42,3086261320245;-32,3653205238868
CBA;Evapo;4;Spatially adjusted;1;-74,4517586075924;-43,1144828029308;-31,8856377400425
CBA;Evapo;4;Current landscape;0,0250788722187281;-72,7250273183176;-60,3536313131076;-59,8539552575735
CBA;Evapo;4;Current landscape;0,0719001293182373;-83,4934720964027;-71,7442226876085;-44,4728976474341
CBA;Evapo;4;Current landscape;0,127660721540451;-82,0897480174865;-62,8755091423795;-31,3783104791296
CBA;Evapo;4;Current landscape;0,176975414156914;-48,1724218365516;-29,7797341324495;-12,6564901426902
CBA;Evapo;4;Current landscape;0,226439520716667;-36,4825449736431;-22,2349615880057;-0,927089093666837
CBA;Evapo;4;Current landscape;0,275914877653122;-16,087933181886;1,10058864599409;19,4405038236471
CBA;Evapo;4;Current landscape;0,32539376616478;-17,8422636910182;-17,0523689147494;-3,42615387816181
CBA;Evapo;4;Current landscape;0,377178460359573;-17,4303471333556;-27,7494797051627;-5,80175503745636
CBA;Evapo;4;Current landscape;0,423649311065674;-4,36379064585185;-13,0473196199912;5,39666425995119
CBA;Evapo;4;Current landscape;0,4758680164814;-4,89139952656137;-29,3961164946993;-6,03100078773537
CBA;Evapo;4;Current landscape;0,525580704212189;-8,1292120612286;-9,53096360221502;2,13997174926726
CBA;Evapo;4;Current landscape;0,573454439640045;-52,6409940311176;-35,2931772223781;-19,7248701436101
CBA;Evapo;4;Current landscape;0,625528037548065;-39,845738429583;-22,7347105387905;-5,5720382645693
CBA;Evapo;4;Current landscape;0,676218926906586;-11,2822443783653;-9,76045428959878;4,87282403190511
CBA;Evapo;4;Current landscape;0,723935067653656;-27,90146788078;-38,2866550473932;-13,839794764714
CBA;Evapo;4;Current landscape;0,776791006326676;-47,0852791371035;-30,9042701414412;-15,0810211523763
CBA;Evapo;4;Current landscape;0,826407611370087;-45,5805973586744;-17,3247240530613;-5,15432698276004
CBA;Evapo;4;Current landscape;0,876346349716187;-27,4518074903251;-15,2849071880387;12,3374385044983
CBA;Evapo;4;Current landscape;0,92902535200119;-48,303893118813;-25,1178324352081;7,33820549153825
CBA;Evapo;4;Current landscape;1;-39,6181893869871;6,75267548109855;36,4245107562156
CBA;Evapo;5;Spatially adjusted;0,01;39,0167766162786;27,7162712772374;23,74170767992
CBA;Evapo;5;Spatially adjusted;0,0302040816326531;38,2575175136415;27,781343439844;23,1574041803015
CBA;Evapo;5;Spatially adjusted;0,0504081632653061;37,4849294851856;27,8310763581922;22,561951005318
CBA;Evapo;5;Spatially adjusted;0,0706122448979592;36,6856836050929;27,8501307880229;21,9441984796054
CBA;Evapo;5;Spatially adjusted;0,0908163265306122;35,846450947545;27,8231674850774;21,2929969277986
CBA;Evapo;5;Spatially adjusted;0,111020408163265;34,9539025867227;27,7348472050974;20,5971966745331
CBA;Evapo;5;Spatially adjusted;0,131224489795918;33,9947095968087;27,5698307038242;19,8456480444438
CBA;Evapo;5;Spatially adjusted;0,151428571428571;32,9555430519833;27,312778736999;19,0272013621668
CBA;Evapo;5;Spatially adjusted;0,171632653061224;31,8230740264289;26,9483520603633;18,1307069523371
CBA;Evapo;5;Spatially adjusted;0,191836734693878;30,5839735943266;26,4612114296583;17,1450151395898
CBA;Evapo;5;Spatially adjusted;0,212040816326531;29,2249128298579;25,8360176006254;16,0589762485602
CBA;Evapo;5;Spatially adjusted;0,232244897959184;27,7325628072049;25,0574313290056;14,8614406038839
CBA;Evapo;5;Spatially adjusted;0,252448979591837;26,0935946005482;24,1101133705408;13,541258530196
CBA;Evapo;5;Spatially adjusted;0,27265306122449;24,2946792840698;22,9787244809722;12,0872803521318
CBA;Evapo;5;Spatially adjusted;0,292857142857143;22,3224879319512;21,6479254160408;10,4883563943267
CBA;Evapo;5;Spatially adjusted;0,313061224489796;20,1636916183741;20,1023769314884;8,73333698141619
CBA;Evapo;5;Spatially adjusted;0,333265306122449;17,80496141752;18,3267397830559;6,81107243803535
CBA;Evapo;5;Spatially adjusted;0,353469387755102;15,238864814195;16,3129844139812;4,71669015119551
CBA;Evapo;5;Spatially adjusted;0,373673469387755;12,4815549357081;14,0823200174852;2,47042575741216
CBA;Evapo;5;Spatially adjusted;0,393877551020408;9,55508131999136;11,6632654742857;0,0987919555764165
CBA;Evapo;5;Spatially adjusted;0,414081632653061;6,48149350497874;9,08433966510006;-2,37169855541993
CBA;Evapo;5;Spatially adjusted;0,434285714285714;3,28284102860221;6,37406147064553;-4,91453307668576
CBA;Evapo;5;Spatially adjusted;0,454489795918367;-0,0188265712044995;3,56094977164003;-7,50319890932997
CBA;Evapo;5;Spatially adjusted;0,47469387755102;-3,4014597565083;0,673523448800779;-10,1111833544605
CBA;Evapo;5;Spatially adjusted;0,494897959183674;-6,84300898937636;-2,25969861715475;-12,7119737131866
CBA;Evapo;5;Spatially adjusted;0,515102040816327;-10,3214247318754;-5,21019754550912;-15,2790572866163
CBA;Evapo;5;Spatially adjusted;0,53530612244898;-13,8146574460725;-8,14945445554508;-17,7859213758588
CBA;Evapo;5;Spatially adjusted;0,555510204081633;-17,3006575940344;-11,0489504665447;-20,2060532820226
CBA;Evapo;5;Spatially adjusted;0,575714285714286;-20,7573756378281;-13,8801666977909;-22,512940306216
CBA;Evapo;5;Spatially adjusted;0,595918367346939;-24,1627620395209;-16,6145842685662;-24,6800697495478
CBA;Evapo;5;Spatially adjusted;0,616122448979592;-27,4947672611788;-19,2236842981526;-26,680928913127
CBA;Evapo;5;Spatially adjusted;0,636326530612245;-30,7313417648697;-21,6789479058332;-28,4890050980616
CBA;Evapo;5;Spatially adjusted;0,656530612244898;-33,8504360126606;-23,9518562108904;-30,0777856054604
CBA;Evapo;5;Spatially adjusted;0,676734693877551;-36,8300004666171;-26,0138903326069;-31,4207577364323
CBA;Evapo;5;Spatially adjusted;0,696938775510204;-39,6533436298357;-27,8437782148017;-32,4986642531017
CBA;Evapo;5;Spatially adjusted;0,717142857142857;-42,3252061695232;-29,4492350994417;-33,3212697616605
CBA;Evapo;5;Spatially adjusted;0,73734693877551;-44,8556867939149;-30,8452230530309;-33,9055943293156
CBA;Evapo;5;Spatially adjusted;0,757551020408163;-47,2548842112462;-32,0467041420727;-34,2686580232744
CBA;Evapo;5;Spatially adjusted;0,777755102040816;-49,5328971297527;-33,0686404330704;-34,4274809107444
CBA;Evapo;5;Spatially adjusted;0,797959183673469;-51,6998242576694;-33,9259939925282;-34,3990830589328
CBA;Evapo;5;Spatially adjusted;0,818163265306122;-53,7657643032324;-34,6337268869495;-34,2004845350473
CBA;Evapo;5;Spatially adjusted;0,838367346938776;-55,7408159746763;-35,206801182838;-33,8487054062953
CBA;Evapo;5;Spatially adjusted;0,858571428571429;-57,6350779802374;-35,6601789466974;-33,3607657398838
CBA;Evapo;5;Spatially adjusted;0,878775510204082;-59,4586490281499;-36,0088222450311;-32,7536856030204
CBA;Evapo;5;Spatially adjusted;0,898979591836735;-61,2216278266506;-36,267693144343;-32,0444850629128
CBA;Evapo;5;Spatially adjusted;0,919183673469388;-62,9341130839741;-36,4517537111365;-31,2501841867681
CBA;Evapo;5;Spatially adjusted;0,939387755102041;-64,606203508356;-36,5759660119156;-30,3878030417936
CBA;Evapo;5;Spatially adjusted;0,959591836734694;-66,2479978080312;-36,6552921131838;-29,4743616951971
CBA;Evapo;5;Spatially adjusted;0,979795918367347;-67,8695946912362;-36,7046940814446;-28,5268802141857
CBA;Evapo;5;Spatially adjusted;1;-69,4810928662055;-36,739133983202;-27,5623786659669
CBA;Evapo;5;Current landscape;0,0271781980991364;-131,846421150633;-117,972183926465;-127,545400106098
CBA;Evapo;5;Current landscape;0,0727758817374707;-38,4430767763274;-31,0656121966424;-10,5588970504227
CBA;Evapo;5;Current landscape;0,127911478281021;-43,3614339214826;-29,0427711716577;-10,6795186644795
CBA;Evapo;5;Current landscape;0,176750153303146;-13,3545164654263;-6,43338932794609;11,2590118432379
CBA;Evapo;5;Current landscape;0,228697180747986;-7,79328611420669;-9,15219681510462;0,213355993556206
CBA;Evapo;5;Current landscape;0,276861369609833;-18,450086033338;-8,87263842548555;9,970486752954
CBA;Evapo;5;Current landscape;0,324683457612991;-20,5326591353778;-14,5352821726376;-3,86871380103321
CBA;Evapo;5;Current landscape;0,375480204820633;-27,3283228344023;-21,7665761058088;0,656484514507156
CBA;Evapo;5;Current landscape;0,425573647022247;-11,8433958686933;-12,8267198183582;10,7915231441716
CBA;Evapo;5;Current landscape;0,475648134946823;-21,1107898680871;-28,1044148305555;0,456055095004103
CBA;Evapo;5;Current landscape;0,526178956031799;-8,36608222918585;-25,2431416680602;-14,0055455004285
CBA;Evapo;5;Current landscape;0,575601875782013;-39,4639601405911;-37,5380453937573;-17,2835979863992
CBA;Evapo;5;Current landscape;0,626260280609131;-33,4419014266205;-17,8536975857646;-0,1621405072583
CBA;Evapo;5;Current landscape;0,678170323371887;-19,2624475181015;-19,624480268589;-6,7436349743175
CBA;Evapo;5;Current landscape;0,728225231170654;-25,4386487586633;-46,0607340692968;-2,44416820485912
CBA;Evapo;5;Current landscape;0,774654746055603;-45,8891314595803;-30,222339148894;-11,7105986750487
CBA;Evapo;5;Current landscape;0,823659420013428;-41,666082120166;-12,7366780502277;-1,69916868697305
CBA;Evapo;5;Current landscape;0,875132739543915;-24,9702930019482;-12,8178232196829;13,5459326343507
CBA;Evapo;5;Current landscape;0,923499047756195;-36,3231630216683;-12,9144595627258;17,7907243933198
CBA;Evapo;5;Current landscape;1;-32,6893531297319;13,4115137259275;40,5766936706962
CBA;Evapo;6;Spatially adjusted;0,01;26,8466025397333;23,3194154612545;20,3141607267748
CBA;Evapo;6;Spatially adjusted;0,0302040816326531;27,0944367073182;23,4751709616733;19,8245454646351
CBA;Evapo;6;Spatially adjusted;0,0504081632653061;27,3238382289487;23,6164376681302;19,3235847577314
CBA;Evapo;6;Spatially adjusted;0,0706122448979592;27,5163744586712;23,7287267866634;18,7999331613003
CBA;Evapo;6;Spatially adjusted;0,0908163265306122;27,6536127505306;23,7975495233111;18,2422452305784
CBA;Evapo;6;Spatially adjusted;0,111020408163265;27,7171204585729;23,8084170841112;17,6391755208015
CBA;Evapo;6;Spatially adjusted;0,131224489795918;27,6884649368442;23,7468406751023;16,9793785872062
CBA;Evapo;6;Spatially adjusted;0,151428571428571;27,5492135393899;23,598331502322;16,251508985029
CBA;Evapo;6;Spatially adjusted;0,171632653061224;27,2809336202558;23,3484007718091;15,4442212695058
CBA;Evapo;6;Spatially adjusted;0,191836734693878;26,8651925334877;22,9825596896014;14,546169995873
CBA;Evapo;6;Spatially adjusted;0,212040816326531;26,2835576331318;22,4863194617369;13,546009719367
CBA;Evapo;6;Spatially adjusted;0,232244897959184;25,5175962732328;21,8451912942539;12,4323949952243
CBA;Evapo;6;Spatially adjusted;0,252448979591837;24,5488758078379;21,0446863931907;11,1939803786809
CBA;Evapo;6;Spatially adjusted;0,27265306122449;23,3589635909914;20,0703159645852;9,81942042497326
CBA;Evapo;6;Spatially adjusted;0,292857142857143;21,9294269767397;18,9075912144758;8,29736968933776
CBA;Evapo;6;Spatially adjusted;0,313061224489796;20,2418333191288;17,5420233489003;6,61648272701063
CBA;Evapo;6;Spatially adjusted;0,333265306122449;18,2777499722042;15,9591235738972;4,76541409322795
CBA;Evapo;6;Spatially adjusted;0,353469387755102;16,0269205705324;14,1515288475648;2,73958041009701
CBA;Evapo;6;Spatially adjusted;0,373673469387755;13,5117938707645;12,1403791362432;0,561446567206303
CBA;Evapo;6;Spatially adjusted;0,393877551020408;10,7629949100715;9,9539401583329;-1,73976047898464
CBA;Evapo;6;Spatially adjusted;0,414081632653061;7,81114872562557;7,62047763223382;-4,13481377201651
CBA;Evapo;6;Spatially adjusted;0,434285714285714;4,68688035459809;5,16825727634637;-6,59448635543004
CBA;Evapo;6;Spatially adjusted;0,454489795918367;1,42081483415996;2,62554480907147;-9,08955127276613
CBA;Evapo;6;Spatially adjusted;0,47469387755102;-1,95642279851609;0,0206059488086794;-11,5907815675648
CBA;Evapo;6;Spatially adjusted;0,494897959183674;-5,41420750625935;-2,61829358604109;-14,0689502833668
CBA;Evapo;6;Spatially adjusted;0,515102040816327;-8,92191425189799;-5,26288807707783;-16,4948304637135
CBA;Evapo;6;Spatially adjusted;0,53530612244898;-12,4489179982602;-7,88491180590108;-18,8391951521446
CBA;Evapo;6;Spatially adjusted;0,555510204081633;-15,964593708175;-10,4560990541106;-21,0728173922014
CBA;Evapo;6;Spatially adjusted;0,575714285714286;-19,4383163444704;-12,9481841033057;-23,1664702274243
CBA;Evapo;6;Spatially adjusted;0,595918367346939;-22,8394608699744;-15,3329012350864;-25,090926701354
CBA;Evapo;6;Spatially adjusted;0,616122448979592;-26,1374022475161;-17,5819847310524;-26,8169598575309
CBA;Evapo;6;Spatially adjusted;0,636326530612245;-29,3015154399238;-19,6671688728031;-28,3153427394961
CBA;Evapo;6;Spatially adjusted;0,656530612244898;-32,301175410026;-21,5601879419385;-29,55684839079
CBA;Evapo;6;Spatially adjusted;0,676734693877551;-35,1057571206507;-23,2327762200578;-30,5122498549533
CBA;Evapo;6;Spatially adjusted;0,696938775510204;-37,6920907834956;-24,6639695304671;-31,1604760343487
CBA;Evapo;6;Spatially adjusted;0,717142857142857;-40,066827605732;-25,8620098632991;-31,5130792666287
CBA;Evapo;6;Spatially adjusted;0,73734693877551;-42,2440740434008;-26,8424407503917;-31,5897677482674
CBA;Evapo;6;Spatially adjusted;0,757551020408163;-44,2379365525424;-27,6208057235835;-31,4102496757391
CBA;Evapo;6;Spatially adjusted;0,777755102040816;-46,0625215891973;-28,2126483147135;-30,9942332455185
CBA;Evapo;6;Spatially adjusted;0,797959183673469;-47,7319356094063;-28,6335120556198;-30,3614266540797
CBA;Evapo;6;Spatially adjusted;0,818163265306122;-49,2602850692099;-28,898940478141;-29,5315380978971
CBA;Evapo;6;Spatially adjusted;0,838367346938776;-50,6616764246485;-29,0244771141154;-28,5242757734452
CBA;Evapo;6;Spatially adjusted;0,858571428571429;-51,9502161317623;-29,0256654953816;-27,3593478771982
CBA;Evapo;6;Spatially adjusted;0,878775510204082;-53,1400106465926;-28,9180491537784;-26,0564626056307
CBA;Evapo;6;Spatially adjusted;0,898979591836735;-54,2451664251796;-28,7171716211442;-24,6353281552169
CBA;Evapo;6;Spatially adjusted;0,919183673469388;-55,2797899235636;-28,4385764293172;-23,1156527224314
CBA;Evapo;6;Spatially adjusted;0,939387755102041;-56,257987597786;-28,0978071101365;-21,5171445037481
CBA;Evapo;6;Spatially adjusted;0,959591836734694;-57,1938659038863;-27,7104071954398;-19,8595116956417
CBA;Evapo;6;Spatially adjusted;0,979795918367347;-58,1015312979055;-27,2919202170663;-18,1624624945866
CBA;Evapo;6;Spatially adjusted;1;-58,9950902358842;-26,8578897068542;-16,4457050970573
CBA;Evapo;6;Current landscape;0,0271400585770607;-106,019252111694;-95,9909037952796;-97,9488876049945
CBA;Evapo;6;Current landscape;0,0718143060803413;-81,1990220654773;-62,2069934050621;-35,2351344488309
CBA;Evapo;6;Current landscape;0,127039536833763;-62,774653531819;-55,8816981692874;-43,1337578581849
CBA;Evapo;6;Current landscape;0,172129362821579;-56,7443667109715;-47,1972303742784;-28,1868653624601
CBA;Evapo;6;Current landscape;0,229677423834801;-55,4385981953531;-57,0566683778156;-42,8546521236192
CBA;Evapo;6;Current landscape;0,273328065872192;-18,0280143771956;-19,7408771951777;3,0565927296866
CBA;Evapo;6;Current landscape;0,324103444814682;-17,4586426654698;-22,7250526581781;-10,6720953804568
CBA;Evapo;6;Current landscape;0,375601798295975;-20,7405081481513;-21,0135845304717;2,91702109665289
CBA;Evapo;6;Current landscape;0,427329838275909;-2,62184403126616;-6,72404715357197;6,96120647128601
CBA;Evapo;6;Current landscape;0,474190831184387;-6,11873918341735;-25,1985324551742;-11,277123737756
CBA;Evapo;6;Current landscape;0,526054739952087;-0,714320230583098;-21,0421661381567;-17,7448100442198
CBA;Evapo;6;Current landscape;0,576178133487701;-41,8115808529421;-27,762456112202;-8,16998550756694
CBA;Evapo;6;Current landscape;0,624941349029541;-37,0789195635623;-22,4401270699116;-5,87918906546452
CBA;Evapo;6;Current landscape;0,674869447946549;-3,53408774523177;-1,2944522457492;5,55229882861386
CBA;Evapo;6;Current landscape;0,725342571735382;-14,8380912786763;-24,8667536724515;7,35598446429503
CBA;Evapo;6;Current landscape;0,774843275547028;-46,948960618673;-25,0227888990514;-1,68662695012972
CBA;Evapo;6;Current landscape;0,821718454360962;-50,7576373570573;-21,5811147193731;-12,5975398583232
CBA;Evapo;6;Current landscape;0,876234292984009;-21,1831348850437;-9,12647213472951;15,9626005318544
CBA;Evapo;6;Current landscape;0,92736279964447;-26,8901414128998;-3,80195339148349;25,7548469761966
CBA;Evapo;6;Current landscape;1;-33,2370313105159;13,1141322728247;39,5480038726846
CBA;Evapo;7;Spatially adjusted;0,01;40,0726453780346;32,0017824010115;32,8510395417172
CBA;Evapo;7;Spatially adjusted;0,0302040816326531;39,5781896269514;31,8889394017106;31,845002845972
CBA;Evapo;7;Spatially adjusted;0,0504081632653061;39,0664402923153;31,7604840013053;30,8278755756282
CBA;Evapo;7;Spatially adjusted;0,0706122448979592;38,5201037905736;31,6008037986912;29,7885671560873
CBA;Evapo;7;Spatially adjusted;0,0908163265306122;37,9218865381733;31,3942863927641;28,7159870127507
CBA;Evapo;7;Spatially adjusted;0,111020408163265;37,2544949515618;31,1253193824198;27,5990445710197
CBA;Evapo;7;Spatially adjusted;0,131224489795918;36,5006354471864;30,7782903665536;26,4266492562958
CBA;Evapo;7;Spatially adjusted;0,151428571428571;35,6430144414937;30,3375869440613;25,1877104939804
CBA;Evapo;7;Spatially adjusted;0,171632653061224;34,6643383509318;29,7875967138389;23,8711377094746
CBA;Evapo;7;Spatially adjusted;0,191836734693878;33,5473135919469;29,1127072747815;22,4658403281803
CBA;Evapo;7;Spatially adjusted;0,212040816326531;32,2746465809871;28,297306225785;20,960727775499
CBA;Evapo;7;Spatially adjusted;0,232244897959184;30,829043734499;27,3257811657452;19,3447094768319
CBA;Evapo;7;Spatially adjusted;0,252448979591837;29,1932114689303;26,1825196935574;17,6066948575801
CBA;Evapo;7;Spatially adjusted;0,27265306122449;27,3498562007273;24,8519094081175;15,7355933431454
CBA;Evapo;7;Spatially adjusted;0,292857142857143;25,2816843463381;23,3183379083212;13,720314358929
CBA;Evapo;7;Spatially adjusted;0,313061224489796;22,9714023222095;21,5661927930644;11,5497673303325
CBA;Evapo;7;Spatially adjusted;0,333265306122449;20,4017165447885;19,5798616612421;9,21286168275719
CBA;Evapo;7;Spatially adjusted;0,353469387755102;17,5632636010698;17,3512904547551;6,70503071165285
CBA;Evapo;7;Spatially adjusted;0,373673469387755;14,478400760237;14,9026584875235;4,04780319266092
CBA;Evapo;7;Spatially adjusted;0,393877551020408;11,1774154620205;12,2637034164711;1,2692317714716
CBA;Evapo;7;Spatially adjusted;0,414081632653061;7,69059514615128;9,46416289852323;-1,60263090622539
CBA;Evapo;7;Spatially adjusted;0,434285714285714;4,04822725236045;6,53377459060425;-4,53973219474005
CBA;Evapo;7;Spatially adjusted;0,454489795918367;0,280599220378463;3,50227614963865;-7,51401944838199
CBA;Evapo;7;Spatially adjusted;0,47469387755102;-3,58200151006417;0,399405232550862;-10,4974400214619
CBA;Evapo;7;Spatially adjusted;0,494897959183674;-7,50928749923605;-2,74510050373419;-13,4619412682898
CBA;Evapo;7;Spatially adjusted;0,515102040816327;-11,4709713074069;-5,90150340229206;-16,3794705431756
CBA;Evapo;7;Spatially adjusted;0,53530612244898;-15,4367654948455;-9,0400658061983;-19,2219752004291
CBA;Evapo;7;Spatially adjusted;0,555510204081633;-19,3763826218217;-12,131050058528;-21,9614025943608
CBA;Evapo;7;Spatially adjusted;0,575714285714286;-23,2595352486042;-15,1447185023569;-24,5697000792804
CBA;Evapo;7;Spatially adjusted;0,595918367346939;-27,055935935462;-18,0513334807602;-27,0188150094982
CBA;Evapo;7;Spatially adjusted;0,616122448979592;-30,7352972426652;-20,8211573368133;-29,2806947393244
CBA;Evapo;7;Spatially adjusted;0,636326530612245;-34,2673317304821;-23,424452413592;-31,3272866230689
CBA;Evapo;7;Spatially adjusted;0,656530612244898;-37,6217519591826;-25,8314810541713;-33,1305380150413
CBA;Evapo;7;Spatially adjusted;0,676734693877551;-40,7682704890356;-28,0125056016266;-34,6623962695526
CBA;Evapo;7;Spatially adjusted;0,696938775510204;-43,6841289237925;-29,9454086517508;-35,9026034087685
CBA;Evapo;7;Spatially adjusted;0,717142857142857;-46,3766850411321;-31,6385538112045;-36,8620801262796
CBA;Evapo;7;Spatially adjusted;0,73734693877551;-48,8608256622158;-33,1079249393658;-37,5595417835332
CBA;Evapo;7;Spatially adjusted;0,757551020408163;-51,151437608205;-34,3695058956128;-38,0137037419763
CBA;Evapo;7;Spatially adjusted;0,777755102040816;-53,2634077002599;-35,4392805393234;-38,2432813630558
CBA;Evapo;7;Spatially adjusted;0,797959183673469;-55,2116227595427;-36,3332327298758;-38,2669900082185
CBA;Evapo;7;Spatially adjusted;0,818163265306122;-57,0109696072141;-37,067346326648;-38,1035450389115
CBA;Evapo;7;Spatially adjusted;0,838367346938776;-58,6763350644351;-37,6576051890177;-37,7716618165816
CBA;Evapo;7;Spatially adjusted;0,858571428571429;-60,2226059523669;-38,1199931763633;-37,2900557026765
CBA;Evapo;7;Spatially adjusted;0,878775510204082;-61,6646690921709;-38,4704941480627;-36,6774420586421
CBA;Evapo;7;Spatially adjusted;0,898979591836735;-63,017411305008;-38,7250919634939;-35,9525362459262
CBA;Evapo;7;Spatially adjusted;0,919183673469388;-64,2957194120395;-38,8997704820351;-35,1340536259752
CBA;Evapo;7;Spatially adjusted;0,939387755102041;-65,5144802344262;-39,0105135630643;-34,2407095602362
CBA;Evapo;7;Spatially adjusted;0,959591836734694;-66,6885805933296;-39,0733050659592;-33,2912194101568
CBA;Evapo;7;Spatially adjusted;0,979795918367347;-67,8329073099108;-39,1041288500981;-32,3042985371831
CBA;Evapo;7;Spatially adjusted;1;-68,9623472053309;-39,118968774859;-31,2986623027628
CBA;Evapo;7;Current landscape;0,029187873005867;-78,7126456896151;-69,5955138574661;-57,2713294650196
CBA;Evapo;7;Current landscape;0,0732454136013985;-64,9389771773354;-59,7993348485197;-35,1402880727251
CBA;Evapo;7;Current landscape;0,1266168653965;-44,8226930173937;-38,1533412110848;-23,5120176429148
CBA;Evapo;7;Current landscape;0,175481617450714;-53,0236454425331;-38,0311767379512;-25,1797587394547
CBA;Evapo;7;Current landscape;0,225841179490089;-35,6644835181344;-34,9570490577996;-10,7922696503108
CBA;Evapo;7;Current landscape;0,274956196546555;-25,2917315667423;-30,0017655389854;-8,67142920781976
CBA;Evapo;7;Current landscape;0,324000254273415;-3,26107595182907;-7,5747156361665;-0,220890602820646
CBA;Evapo;7;Current landscape;0,374030739068985;-22,0479755686424;-20,5362299271378;5,44162979304838
CBA;Evapo;7;Current landscape;0,423919126391411;-23,1741699582817;-21,1204075513328;-5,15640211298546
CBA;Evapo;7;Current landscape;0,473137930035591;-27,6928431506428;-37,2127628563644;-29,672384873503
CBA;Evapo;7;Current landscape;0,527565062046051;4,62826138770947;-20,6154182440339;-6,06285104752942
CBA;Evapo;7;Current landscape;0,576824247837067;-43,9843264173146;-35,8030844098578;0,101031401118689
CBA;Evapo;7;Current landscape;0,626331388950348;-39,8297437184322;-28,2980868578625;-14,5344974226655
CBA;Evapo;7;Current landscape;0,676745295524597;-12,6709811512519;-16,6628228235722;-7,88050004072875
CBA;Evapo;7;Current landscape;0,725941896438599;-26,3560731070011;-41,6561500097216;-18,7370817877659
CBA;Evapo;7;Current landscape;0,776085913181305;-44,3620706810591;-28,5518697331731;-6,24374692334573
CBA;Evapo;7;Current landscape;0,827112674713135;-37,2186230972286;-6,98256716817173;2,46020737565436
CBA;Evapo;7;Current landscape;0,876552224159241;-29,6245634126224;-16,9240641614169;7,78768081646103
CBA;Evapo;7;Current landscape;0,929583489894867;-27,3604962776076;-4,56979894612618;24,9371010889456
CBA;Evapo;7;Current landscape;1;-30,6766530926129;14,1135449385333;40,1981023181518
CBA;Evapo;8;Spatially adjusted;0,01;36,329540098289;32,6631346294892;31,5400319580008
CBA;Evapo;8;Spatially adjusted;0,0302040816326531;35,8285643136733;32,5406320511775;30,747206172452
CBA;Evapo;8;Spatially adjusted;0,0504081632653061;35,3123932493652;32,4025946291542;29,9407434309546
CBA;Evapo;8;Spatially adjusted;0,0706122448979592;34,7658316256716;32,2334875197073;29,1070067775602
CBA;Evapo;8;Spatially adjusted;0,0908163265306122;34,1736841629001;32,0177758791249;28,2323592563198
CBA;Evapo;8;Spatially adjusted;0,111020408163265;33,5207555813581;31,7399248636955;27,3031639112849
CBA;Evapo;8;Spatially adjusted;0,131224489795918;32,791850601353;31,3843996297071;26,3057837865072
CBA;Evapo;8;Spatially adjusted;0,151428571428571;31,9717739431919;30,935665333448;25,2265819260379
CBA;Evapo;8;Spatially adjusted;0,171632653061224;31,0453303271825;30,3781871312062;24,0519213739281
CBA;Evapo;8;Spatially adjusted;0,191836734693878;29,9973244736318;29,6964301792702;22,7681651742298
CBA;Evapo;8;Spatially adjusted;0,212040816326531;28,8125611028479;28,8748596339283;21,3616763709942
CBA;Evapo;8;Spatially adjusted;0,232244897959184;27,4758449351371;27,8979406514682;19,8188180082725
CBA;Evapo;8;Spatially adjusted;0,252448979591837;25,9719806908076;26,7501383881786;18,1259531301162
CBA;Evapo;8;Spatially adjusted;0,27265306122449;24,2857730901665;25,4159180003474;16,2694447805768
CBA;Evapo;8;Spatially adjusted;0,292857142857143;22,402026853521;23,8797446442629;14,2356560037056
CBA;Evapo;8;Spatially adjusted;0,313061224489796;20,3055467011786;22,1260834762134;12,0109498435538
CBA;Evapo;8;Spatially adjusted;0,333265306122449;17,9811373534469;20,1393996524869;9,58168934417313
CBA;Evapo;8;Spatially adjusted;0,353469387755102;15,4201184064646;17,9116510416363;6,94214090404785
CBA;Evapo;8;Spatially adjusted;0,373673469387755;12,639868959697;15,4647663612716;4,11818433939447
CBA;Evapo;8;Spatially adjusted;0,393877551020408;9,6642829884413;12,8281670412675;1,14360282086182
CBA;Evapo;8;Spatially adjusted;0,414081632653061;6,51725446799492;10,0312745114986;-1,94782048090019
CBA;Evapo;8;Spatially adjusted;0,434285714285714;3,22267737365473;7,10351020183953;-5,12230239524274
CBA;Evapo;8;Spatially adjusted;0,454489795918367;-0,195554319282337;4,07429554216469;-8,34605975151658
CBA;Evapo;8;Spatially adjusted;0,47469387755102;-3,71354663551915;0,973051962349018;-11,5853093790722
CBA;Evapo;8;Spatially adjusted;0,494897959183674;-7,3074055997588;-2,1707991077335;-14,8062681072602
CBA;Evapo;8;Spatially adjusted;0,515102040816327;-10,9532372367041;-5,32783623820751;-17,9751527654314
CBA;Evapo;8;Spatially adjusted;0,53530612244898;-14,6271475710578;-8,46863799919902;-21,0581801829367
CBA;Evapo;8;Spatially adjusted;0,555510204081633;-18,3052426275228;-11,5637829608329;-24,0215671891262
CBA;Evapo;8;Spatially adjusted;0,575714285714286;-21,9636284308024;-14,5838496932349;-26,8315306133516
CBA;Evapo;8;Spatially adjusted;0,595918367346939;-25,5784110055993;-17,4994167665304;-29,4542872849627
CBA;Evapo;8;Spatially adjusted;0,616122448979592;-29,1256963766161;-20,2810627508447;-31,8560540333106
CBA;Evapo;8;Spatially adjusted;0,636326530612245;-32,5815905685565;-22,8993662163034;-34,003047687746
CBA;Evapo;8;Spatially adjusted;0,656530612244898;-35,9221996061231;-25,3249057330315;-35,8614850776196
CBA;Evapo;8;Spatially adjusted;0,676734693877551;-39,1236295140186;-27,5282598711547;-37,397583032282
CBA;Evapo;8;Spatially adjusted;0,696938775510204;-42,1676673243387;-29,4875316766991;-38,5868985200032
CBA;Evapo;8;Spatially adjusted;0,717142857142857;-45,0588240987513;-31,2109220992941;-39,4423490647303
CBA;Evapo;8;Spatially adjusted;0,73734693877551;-47,807291906317;-32,714156564469;-39,9861923293295
CBA;Evapo;8;Spatially adjusted;0,757551020408163;-50,4232628160964;-34,0129604977547;-40,240685976667
CBA;Evapo;8;Spatially adjusted;0,777755102040816;-52,9169288971496;-35,1230593246808;-40,2280876696093
CBA;Evapo;8;Spatially adjusted;0,797959183673469;-55,2984822185372;-36,0601784707767;-39,9706550710225
CBA;Evapo;8;Spatially adjusted;0,818163265306122;-57,5781148493197;-36,8400433615734;-39,4906458437729
CBA;Evapo;8;Spatially adjusted;0,838367346938776;-59,7660188585578;-37,4783794226;-38,8103176507268
CBA;Evapo;8;Spatially adjusted;0,858571428571429;-61,8723863153118;-37,9909120793868;-37,9519281547505
CBA;Evapo;8;Spatially adjusted;0,878775510204082;-63,9074092886426;-38,3933667574638;-36,9377350187106
CBA;Evapo;8;Spatially adjusted;0,898979591836735;-65,8812798476101;-38,7014688823613;-35,7899959054726
CBA;Evapo;8;Spatially adjusted;0,919183673469388;-67,804190061275;-38,9309438796086;-34,5309684779033
CBA;Evapo;8;Spatially adjusted;0,939387755102041;-69,6863319986981;-39,0975171747364;-33,1829103988689
CBA;Evapo;8;Spatially adjusted;0,959591836734694;-71,5378977289397;-39,2169141932739;-31,7680793312359
CBA;Evapo;8;Spatially adjusted;0,979795918367347;-73,3690793210601;-39,3048603607515;-30,30873293787
CBA;Evapo;8;Spatially adjusted;1;-75,1900688441206;-39,3770811026991;-28,8271288816381
CBA;Evapo;8;Current landscape;0,0297170151025057;-92,0025489799002;-76,3860349430927;-66,8559487986843
CBA;Evapo;8;Current landscape;0,073498047888279;-99,3966577393328;-79,045823534228;-33,4111810428231
CBA;Evapo;8;Current landscape;0,127443954348564;-49,3652066545481;-26,8823251798056;-3,25340463258362
CBA;Evapo;8;Current landscape;0,173821017146111;-57,2937659318047;-34,1269385874903;-11,8903357226707
CBA;Evapo;8;Current landscape;0,229234114289284;-32,3905912125483;-32,8094694613335;-11,637230160756
CBA;Evapo;8;Current landscape;0,274007469415665;-24,4752527705878;-19,8183310506151;-10,1831969569046
CBA;Evapo;8;Current landscape;0,324072659015656;-22,828879912955;-24,7407492596894;-19,3973833818488
CBA;Evapo;8;Current landscape;0,377084523439407;-27,8962567853723;-14,9429975187682;2,22260862733401
CBA;Evapo;8;Current landscape;0,427050620317459;-18,8722908059976;-13,152183302303;2,09324422921077
CBA;Evapo;8;Current landscape;0,473921179771423;-7,520437908958;-16,2400710539168;-13,6091694834736
CBA;Evapo;8;Current landscape;0,524960815906525;-28,0328798230946;-37,9104761332721;-22,0448512888584
CBA;Evapo;8;Current landscape;0,574390649795532;-35,8405988604256;-28,7092335658199;-12,9704140988563
CBA;Evapo;8;Current landscape;0,625732183456421;-24,8970622474067;-6,26954714013345;4,45524153781253
CBA;Evapo;8;Current landscape;0,675437092781067;-9,31795604235094;-8,84431891647205;0,725339523804678
CBA;Evapo;8;Current landscape;0,724918067455292;-21,2691021608173;-32,9997981150846;8,3521325294721
CBA;Evapo;8;Current landscape;0,775824695825577;-41,3123766425504;-20,7881416551511;1,10629999079811
CBA;Evapo;8;Current landscape;0,819787800312042;-52,8908577673738;-21,1878410424047;-13,2646143868619
CBA;Evapo;8;Current landscape;0,873206734657288;-23,3585433544151;-8,55739701791708;15,7375039387489
CBA;Evapo;8;Current landscape;0,928118526935577;-33,456255451734;-7,75237474116989;21,6559147244941
CBA;Evapo;8;Current landscape;1;-41,4711411598987;7,68970023648899;34,6908083377814
CBA;Evapo;9;Spatially adjusted;0,01;38,3695539164974;32,6137553428528;27,8513285227937
CBA;Evapo;9;Spatially adjusted;0,0302040816326531;37,581546238471;32,3771874721053;27,0452526074018
CBA;Evapo;9;Spatially adjusted;0,0504081632653061;36,7796891351582;32,1267912313683;26,2274728030884
CBA;Evapo;9;Spatially adjusted;0,0706122448979592;35,9501331812737;31,8487382506523;25,3862852209325
CBA;Evapo;9;Spatially adjusted;0,0908163265306122;35,0790289515314;31,529200159968;24,5099859720119
CBA;Evapo;9;Spatially adjusted;0,111020408163265;34,1525270206448;31,1543485893262;23,5868711674059
CBA;Evapo;9;Spatially adjusted;0,131224489795918;33,1567779633283;30,7103551687367;22,6052369181928
CBA;Evapo;9;Spatially adjusted;0,151428571428571;32,0779323542959;30,1833915282105;21,5533793354512
CBA;Evapo;9;Spatially adjusted;0,171632653061224;30,9021407682617;29,559629297758;20,4195945302597
CBA;Evapo;9;Spatially adjusted;0,191836734693878;29,6155537799396;28,8252401073901;19,192178613697
CBA;Evapo;9;Spatially adjusted;0,212040816326531;28,2043219640434;27,9663955871167;17,8594276968415
CBA;Evapo;9;Spatially adjusted;0,232244897959184;26,6545958952877;26,9692673669485;16,4096378907718
CBA;Evapo;9;Spatially adjusted;0,252448979591837;24,9525261483859;25,8200270768969;14,8311053065668
CBA;Evapo;9;Spatially adjusted;0,27265306122449;23,0842632980518;24,5048463469711;13,1121260553048
CBA;Evapo;9;Spatially adjusted;0,292857142857143;21,0359579190006;23,0098968071827;11,2409962480642
CBA;Evapo;9;Spatially adjusted;0,313061224489796;18,7937605859449;21,3213500875418;9,20601199592397
CBA;Evapo;9;Spatially adjusted;0,333265306122449;16,3438218735998;19,4253778180589;6,99546940996243
CBA;Evapo;9;Spatially adjusted;0,353469387755102;13,6786395767717;17,3147868566346;4,60459798065631
CBA;Evapo;9;Spatially adjusted;0,373673469387755;10,8161003706384;15,0089249727296;2,05636071607432
CBA;Evapo;9;Spatially adjusted;0,393877551020408;7,78043815047067;12,5337751636944;-0,619345996316724
CBA;Evapo;9;Spatially adjusted;0,414081632653061;4,59588681153923;9,91532042687982;-3,39262576905117
CBA;Evapo;9;Spatially adjusted;0,434285714285714;1,28668024911485;7,17954375963609;-6,23358221466106
CBA;Evapo;9;Spatially adjusted;0,454489795918367;-2,12294764153171;4,35242815931429;-9,11231894568073
CBA;Evapo;9;Spatially adjusted;0,47469387755102;-5,60876296512947;1,45995662326482;-11,9989395746429
CBA;Evapo;9;Spatially adjusted;0,494897959183674;-9,14653182640882;-1,47188785116168;-14,8635477140813
CBA;Evapo;9;Spatially adjusted;0,515102040816327;-12,7120203300974;-4,41712226661502;-17,6762469765292
CBA;Evapo;9;Spatially adjusted;0,53530612244898;-16,2809945809254;-7,34976362574344;-20,40714097452
CBA;Evapo;9;Spatially adjusted;0,555510204081633;-19,8292206836225;-10,2438289311976;-23,0263333205871
CBA;Evapo;9;Spatially adjusted;0,575714285714286;-23,3324647429172;-13,0733351856263;-25,5039276272637
CBA;Evapo;9;Spatially adjusted;0,595918367346939;-26,7664928635395;-15,8122993916786;-27,8100275070835
CBA;Evapo;9;Spatially adjusted;0,616122448979592;-30,1070711502175;-18,4347385520043;-29,9147365725794
CBA;Evapo;9;Spatially adjusted;0,636326530612245;-33,3299657076818;-20,9146696692528;-31,7881584362849
CBA;Evapo;9;Spatially adjusted;0,656530612244898;-36,410942640661;-23,2261097460732;-33,4003967107335
CBA;Evapo;9;Spatially adjusted;0,676734693877551;-39,3257680538845;-25,3430757851152;-34,7215550084586
CBA;Evapo;9;Spatially adjusted;0,696938775510204;-42,0562302160333;-27,2462117160358;-35,7300631770315
CBA;Evapo;9;Spatially adjusted;0,717142857142857;-44,6082060515951;-28,9426691765225;-36,437656004176
CBA;Evapo;9;Spatially adjusted;0,73734693877551;-46,9935946490084;-30,4462267312713;-36,8643945126544
CBA;Evapo;9;Spatially adjusted;0,757551020408163;-49,2242950967125;-31,7706629449776;-37,0303397252278
CBA;Evapo;9;Spatially adjusted;0,777755102040816;-51,3122064831473;-32,9297563823372;-36,9555526646589
CBA;Evapo;9;Spatially adjusted;0,797959183673469;-53,2692278967513;-33,9372856080454;-36,6600943537089
CBA;Evapo;9;Spatially adjusted;0,818163265306122;-55,1072584259637;-34,807029186798;-36,1640258151401
CBA;Evapo;9;Spatially adjusted;0,838367346938776;-56,8381971592239;-35,5527656832903;-35,4874080717143
CBA;Evapo;9;Spatially adjusted;0,858571428571429;-58,4739431849705;-36,1882736622179;-34,6503021461936
CBA;Evapo;9;Spatially adjusted;0,878775510204082;-60,0263955916435;-36,7273316882765;-33,6727690613393
CBA;Evapo;9;Spatially adjusted;0,898979591836735;-61,5074534676815;-37,1837183261619;-32,5748698399141
CBA;Evapo;9;Spatially adjusted;0,919183673469388;-62,9290159015236;-37,5712121405693;-31,3766655046791
CBA;Evapo;9;Spatially adjusted;0,939387755102041;-64,302981981609;-37,9035916961946;-30,0982170783966
CBA;Evapo;9;Spatially adjusted;0,959591836734694;-65,6412507963771;-38,1946355577329;-28,7595855838285
CBA;Evapo;9;Spatially adjusted;0,979795918367347;-66,9557214342672;-38,4581222898798;-27,3808320437368
CBA;Evapo;9;Spatially adjusted;1;-68,2582929837176;-38,7078304573315;-25,9820174808831
CBA;Evapo;9;Current landscape;0,0253032501786947;-133,180523591308;-120,91346270274;-111,507984338058
CBA;Evapo;9;Current landscape;0,0756316632032394;-72,246728613422;-49,0900523262915;-39,0871523792785
CBA;Evapo;9;Current landscape;0,127215012907982;-8,10720380434555;6,68593380942752;16,5430367826189
CBA;Evapo;9;Current landscape;0,173456490039825;-20,0979253904959;-2,47743346596121;1,16276788212508
CBA;Evapo;9;Current landscape;0,229265064001083;-14,9877962691303;-10,4944266264727;1,86488280278468
CBA;Evapo;9;Current landscape;0,278628319501877;-13,4359408319299;-15,1920588009773;4,95462034841148
CBA;Evapo;9;Current landscape;0,324725151062012;-4,16802518332474;-19,491697780777;3,84316955311351
CBA;Evapo;9;Current landscape;0,374938413500785;-34,0703094880823;-10,1523617599073;19,5860993746403
CBA;Evapo;9;Current landscape;0,425502255558968;-16,351822734252;-17,5167807821902;-1,47368651894294
CBA;Evapo;9;Current landscape;0,474190831184387;-12,5742336999519;-24,1389761013149;-7,32558822087071
CBA;Evapo;9;Current landscape;0,526637643575669;-33,1195843658381;-22,3358689522693;0,532216711531873
CBA;Evapo;9;Current landscape;0,57433095574379;-37,714438176035;-21,4745782048644;-5,75025790889617
CBA;Evapo;9;Current landscape;0,622177541255951;-55,0940506487127;-35,636711621572;-23,0498809028959
CBA;Evapo;9;Current landscape;0,6771360039711;-24,0147906639465;-18,7436108428017;-13,6601529740119
CBA;Evapo;9;Current landscape;0,724426954984665;-28,0022087811417;-33,6513057197469;-7,21000686794287
CBA;Evapo;9;Current landscape;0,775833189487457;-46,674561718984;-27,2724010813299;-18,4267824987733
CBA;Evapo;9;Current landscape;0,825316548347473;-43,5697985822258;-14,0357494646335;-3,98596091615946
CBA;Evapo;9;Current landscape;0,873542428016663;-28,9964100745592;-16,9568892190584;9,39996339364893
CBA;Evapo;9;Current landscape;0,926464259624481;-33,6541140667978;-11,803052729447;20,1582961286667
CBA;Evapo;9;Current landscape;1;-30,7289118698141;12,9364709325264;42,7937064997798
CBA;Evapo;10;Spatially adjusted;0,01;37,4424774431025;30,9306075063189;30,084518605071
CBA;Evapo;10;Spatially adjusted;0,0302040816326531;36,6645807631746;30,5826707238177;28,9855972913026
CBA;Evapo;10;Spatially adjusted;0,0504081632653061;35,8751222418971;30,2219845928289;27,8775610967496
CBA;Evapo;10;Spatially adjusted;0,0706122448979592;35,0625400379206;29,8357997648645;26,7512951406275
CBA;Evapo;10;Spatially adjusted;0,0908163265306122;34,215272309895;29,4113668914372;25,5976845421517
CBA;Evapo;10;Spatially adjusted;0,111020408163265;33,3217572164715;28,935936624059;24,4076144205374
CBA;Evapo;10;Spatially adjusted;0,131224489795918;32,3704329162993;28,3967596142425;23,1719698950003
CBA;Evapo;10;Spatially adjusted;0,151428571428571;31,3497375680302;27,7810865134995;21,8816360847554
CBA;Evapo;10;Spatially adjusted;0,171632653061224;30,2481093303136;27,076167973343;20,5274981090188
CBA;Evapo;10;Spatially adjusted;0,191836734693878;29,0539863618001;26,2692546452845;19,1004410870053
CBA;Evapo;10;Spatially adjusted;0,212040816326531;27,7558068211406;25,3475971808375;17,5913501379305
CBA;Evapo;10;Spatially adjusted;0,232244897959184;26,3420088669848;24,298446231513;15,99111038101
CBA;Evapo;10;Spatially adjusted;0,252448979591837;24,8010306579836;23,1090524488238;14,290606935459
CBA;Evapo;10;Spatially adjusted;0,27265306122449;23,1213103527871;21,7666664842827;12,4807249204928
CBA;Evapo;10;Spatially adjusted;0,292857142857143;21,291286110046;20,2585389894011;10,5523494553267
CBA;Evapo;10;Spatially adjusted;0,313061224489796;19,2993960884107;18,5719206156921;8,49636565917717
CBA;Evapo;10;Spatially adjusted;0,333265306122449;17,1340784465313;16,6940620146675;6,30365865125827
CBA;Evapo;10;Spatially adjusted;0,353469387755102;14,788378662488;14,618425980284;3,97078612752694
CBA;Evapo;10;Spatially adjusted;0,373673469387755;12,27377149208;12,3633238762739;1,51699609090269
CBA;Evapo;10;Spatially adjusted;0,393877551020408;9,6063390105362;9,95327920881414;-1,03279087895453
CBA;Evapo;10;Spatially adjusted;0,414081632653061;6,80216329308564;7,41281548408074;-3,65365420238413
CBA;Evapo;10;Spatially adjusted;0,434285714285714;3,877326414957;4,76645620825116;-6,32067329972597
CBA;Evapo;10;Spatially adjusted;0,454489795918367;0,847910451378994;2,0387248875013;-9,00892759131989
CBA;Evapo;10;Spatially adjusted;0,47469387755102;-2,27000252241942;-0,745854971991548;-11,6934964975051
CBA;Evapo;10;Spatially adjusted;0,494897959183674;-5,46033043120906;-3,56275986405103;-14,3494594386218
CBA;Evapo;10;Spatially adjusted;0,515102040816327;-8,70699119976121;-6,38746628250055;-16,9518958350093
CBA;Evapo;10;Spatially adjusted;0,53530612244898;-11,9939027528471;-9,19545072116398;-19,4758851070076
CBA;Evapo;10;Spatially adjusted;0,555510204081633;-15,3049830152384;-11,9621896738638;-21,8965066749563
CBA;Evapo;10;Spatially adjusted;0,575714285714286;-18,6241499117052;-14,6631596344239;-24,1888399591951
CBA;Evapo;10;Spatially adjusted;0,595918367346939;-21,9353213670197;-17,2738370966674;-26,3279643800638
CBA;Evapo;10;Spatially adjusted;0,616122448979592;-25,2224153059519;-19,7696985544178;-28,2889593579018
CBA;Evapo;10;Spatially adjusted;0,636326530612245;-28,4693496532732;-22,1262205014984;-30,0469043130493
CBA;Evapo;10;Spatially adjusted;0,656530612244898;-31,6600423337554;-24,3188794317325;-31,5768786658452
CBA;Evapo;10;Spatially adjusted;0,676734693877551;-34,7784112721697;-26,3231518389439;-32,8539618366301
CBA;Evapo;10;Spatially adjusted;0,696938775510204;-37,811975633088;-28,120819280789;-33,8602805482042
CBA;Evapo;10;Spatially adjusted;0,717142857142857;-40,7626595402901;-29,7188835702596;-34,6061507332108
CBA;Evapo;10;Spatially adjusted;0,73734693877551;-43,6359883573571;-31,1306515841802;-35,1089356267548
CBA;Evapo;10;Spatially adjusted;0,757551020408163;-46,4374874478704;-32,3694301993762;-35,3859984639405
CBA;Evapo;10;Spatially adjusted;0,777755102040816;-49,1726821754105;-33,4485262926726;-35,4547024798726
CBA;Evapo;10;Spatially adjusted;0,797959183673469;-51,8470979035592;-34,3812467408943;-35,3324109096552
CBA;Evapo;10;Spatially adjusted;0,818163265306122;-54,4662599958965;-35,1808984208658;-35,0364869883931
CBA;Evapo;10;Spatially adjusted;0,838367346938776;-57,0356938160044;-35,8607882094129;-34,5842939511906
CBA;Evapo;10;Spatially adjusted;0,858571428571429;-59,560924727464;-36,4342229833599;-33,9931950331522
CBA;Evapo;10;Spatially adjusted;0,878775510204082;-62,0474780938557;-36,9145096195323;-33,2805534693825
CBA;Evapo;10;Spatially adjusted;0,898979591836735;-64,5008792787612;-37,3149549947548;-32,4637324949861
CBA;Evapo;10;Spatially adjusted;0,919183673469388;-66,926653645761;-37,6488659858521;-31,5600953450673
CBA;Evapo;10;Spatially adjusted;0,939387755102041;-69,3303265584368;-37,9295494696498;-30,5870052547302
CBA;Evapo;10;Spatially adjusted;0,959591836734694;-71,7174233803692;-38,1703123229725;-29,56182545908
CBA;Evapo;10;Spatially adjusted;0,979795918367347;-74,0934694751397;-38,384461422645;-28,5019191932208
CBA;Evapo;10;Spatially adjusted;1;-76,4639902063288;-38,5853036454928;-27,4246496922569
CBA;Evapo;10;Current landscape;0,0313411075621843;-73,2740617301179;-66,155353401613;-65,2312378457077
CBA;Evapo;10;Current landscape;0,0681740641593933;-111,321941593267;-94,3532424288765;-70,2873389400325
CBA;Evapo;10;Current landscape;0,132860630750656;-45,4092538965967;-35,7370065999526;-26,6172549404566
CBA;Evapo;10;Current landscape;0,173836275935173;-17,1970042878857;-11,5698631449015;12,0455501180766
CBA;Evapo;10;Current landscape;0,227512016892433;-28,0526934845782;-38,7005631251857;-14,0256352057179
CBA;Evapo;10;Current landscape;0,273471236228943;-17,9851946023089;-28,306849941984;-8,48777032972589
CBA;Evapo;10;Current landscape;0,325191855430603;-15,0456217325857;-38,9780907243444;-8,43985353087351
CBA;Evapo;10;Current landscape;0,375651121139526;-32,6692426829677;-25,2776500791892;0,687684320698509
CBA;Evapo;10;Current landscape;0,426580160856247;-17,1415923833231;-21,3783646190925;-14,3336199741434
CBA;Evapo;10;Current landscape;0,474511355161667;-31,671165686791;-35,732435728399;-18,9228650416642
CBA;Evapo;10;Current landscape;0,526247978210449;-4,25521140005708;-15,7612313311508;-6,05092844823435
CBA;Evapo;10;Current landscape;0,574650645256042;-43,7206366605305;-32,9402368526348;-2,56358196900737
CBA;Evapo;10;Current landscape;0,626271784305573;-30,9479664023318;-18,3530388967836;-14,2546010869864
CBA;Evapo;10;Current landscape;0,674027621746063;-16,4658556320865;-15,7259027704426;-10,0876590268865
CBA;Evapo;10;Current landscape;0,723985433578491;-19,0094261735899;-30,146574925413;4,70879718005449
CBA;Evapo;10;Current landscape;0,77006733417511;-44,9794936155772;-31,0443950187523;-14,8870201541549
CBA;Evapo;10;Current landscape;0,826823770999908;-40,3615934656154;-9,3563275673539;1,07265780885746
CBA;Evapo;10;Current landscape;0,87567675113678;-30,2779928662492;-15,7914425472643;10,7055551686376
CBA;Evapo;10;Current landscape;0,925476551055908;-41,0765412060373;-14,7542408172092;16,1555125272369
CBA;Evapo;10;Current landscape;1;-38,8246003405989;12,8063804019716;40,7941503476754
CBA;Evapo;11;Spatially adjusted;0,01;45,7709857310874;44,1836478276332;30,0931096679851
CBA;Evapo;11;Spatially adjusted;0,0302040816326531;44,7983455795104;43,0944783737671;29,2937899325382
CBA;Evapo;11;Spatially adjusted;0,0504081632653061;43,8123620827278;41,9950340880509;28,4823729997886
CBA;Evapo;11;Spatially adjusted;0,0706122448979592;42,7996918955337;40,8750401386344;27,6467616724335
CBA;Evapo;11;Spatially adjusted;0,0908163265306122;41,7469916727225;39,7242216936675;26,7748587531701
CBA;Evapo;11;Spatially adjusted;0,111020408163265;40,6409180690882;38,5323039212999;25,8545670446958
CBA;Evapo;11;Spatially adjusted;0,131224489795918;39,4681277394259;37,2890119896811;24,873789349708
CBA;Evapo;11;Spatially adjusted;0,151428571428571;38,215277338529;35,9840710669616;23,8204284709038
CBA;Evapo;11;Spatially adjusted;0,171632653061224;36,8690235211921;34,6072063212912;22,6823872109803
CBA;Evapo;11;Spatially adjusted;0,191836734693878;35,4160229422093;33,1481429208193;21,4475683726348
CBA;Evapo;11;Spatially adjusted;0,212040816326531;33,8429322563754;31,5966060336959;20,1038747585651
CBA;Evapo;11;Spatially adjusted;0,232244897959184;32,1364081184845;29,9423208280709;18,6392091714679
CBA;Evapo;11;Spatially adjusted;0,252448979591837;30,2831071833305;28,1750124720943;17,0414744140405
CBA;Evapo;11;Spatially adjusted;0,27265306122449;28,2696861057082;26,2844061339156;15,2985732889804
CBA;Evapo;11;Spatially adjusted;0,292857142857143;26,0828015404115;24,2602269816846;13,3984085989846
CBA;Evapo;11;Spatially adjusted;0,313061224489796;23,709110142235;22,0922001835515;11,3288831467507
CBA;Evapo;11;Spatially adjusted;0,333265306122449;21,1352685659729;19,7700509076658;9,07789973497574
CBA;Evapo;11;Spatially adjusted;0,353469387755102;18,3537096271923;17,2886314184768;6,64003485780495
CBA;Evapo;11;Spatially adjusted;0,373673469387755;15,3799707845524;14,6633023656302;4,03655977517542
CBA;Evapo;11;Spatially adjusted;0,393877551020408;12,2353656574842;11,9145514950706;1,2954194384713
CBA;Evapo;11;Spatially adjusted;0,414081632653061;8,94120786542135;9,06286655274266;-1,55544120092213
CBA;Evapo;11;Spatially adjusted;0,434285714285714;5,51881102779362;6,12873528459159;-4,48807719162051
CBA;Evapo;11;Spatially adjusted;0,454489795918367;1,98948876403415;3,13264543656214;-7,47454358223854
CBA;Evapo;11;Spatially adjusted;0,47469387755102;-1,62544530642526;0,0950847545993838;-10,4868954213919
CBA;Evapo;11;Spatially adjusted;0,494897959183674;-5,30467756415305;-2,96345901535256;-13,4971877576959
CBA;Evapo;11;Spatially adjusted;0,515102040816327;-9,02689438971765;-6,02249812734817;-16,4774756397658
CBA;Evapo;11;Spatially adjusted;0,53530612244898;-12,7707821636864;-9,06154483544287;-19,3998141162163
CBA;Evapo;11;Spatially adjusted;0,555510204081633;-16,5150272666283;-12,0601113936918;-22,2362582356632
CBA;Evapo;11;Spatially adjusted;0,575714285714286;-20,2383160791105;-14,9977100561503;-24,9588630467215
CBA;Evapo;11;Spatially adjusted;0,595918367346939;-23,9193349817019;-17,8538530768731;-27,5396835980068
CBA;Evapo;11;Spatially adjusted;0,616122448979592;-27,5367703549703;-20,6080527099157;-29,9507749381339
CBA;Evapo;11;Spatially adjusted;0,636326530612245;-31,0693085794837;-23,2398212093331;-32,1641921157184
CBA;Evapo;11;Spatially adjusted;0,656530612244898;-34,4956360358108;-25,7286708291806;-34,1519901793752
CBA;Evapo;11;Spatially adjusted;0,676734693877551;-37,7944391045194;-28,0541138235133;-35,8862241777201
CBA;Evapo;11;Spatially adjusted;0,696938775510204;-40,9495068319898;-30,2009926370797;-37,3465390368558
CBA;Evapo;11;Spatially adjusted;0,717142857142857;-43,9650389278502;-32,1754704774028;-38,5429391928381
CBA;Evapo;11;Spatially adjusted;0,73734693877551;-46,8503377675418;-33,9890407426988;-39,4930189592105
CBA;Evapo;11;Spatially adjusted;0,757551020408163;-49,6147057265046;-35,6531968311836;-40,2143726495167
CBA;Evapo;11;Spatially adjusted;0,777755102040816;-52,2674451801802;-37,1794321410739;-40,7245945773
CBA;Evapo;11;Spatially adjusted;0,797959183673469;-54,8178585040084;-38,5792400705857;-41,0412790561043
CBA;Evapo;11;Spatially adjusted;0,818163265306122;-57,27524807343;-39,8641140179352;-41,1820203994728
CBA;Evapo;11;Spatially adjusted;0,838367346938776;-59,6489162638857;-41,0455473813386;-41,1644129209492
CBA;Evapo;11;Spatially adjusted;0,858571428571429;-61,9481654508165;-42,1350335590123;-41,0060509340772
CBA;Evapo;11;Spatially adjusted;0,878775510204082;-64,1822980096624;-43,144065949172;-40,7245287524004
CBA;Evapo;11;Spatially adjusted;0,898979591836735;-66,3606163158647;-44,0841379500348;-40,3374406894623
CBA;Evapo;11;Spatially adjusted;0,919183673469388;-68,4924227448639;-44,9667429598162;-39,862381058806
CBA;Evapo;11;Spatially adjusted;0,939387755102041;-70,5870196721003;-45,8033743767328;-39,3169441739756
CBA;Evapo;11;Spatially adjusted;0,959591836734694;-72,6537094730145;-46,6055255990007;-38,7187243485148
CBA;Evapo;11;Spatially adjusted;0,979795918367347;-74,701794523048;-47,3846900248361;-38,0853158959665
CBA;Evapo;11;Spatially adjusted;1;-76,7405771976405;-48,1523610524555;-37,4343131298747
CBA;Evapo;11;Current landscape;0,0257248412817717;-96,2430998008663;-79,9163830357079;-73,8749950019535
CBA;Evapo;11;Current landscape;0,0706580653786659;-74,2327111211382;-63,9078081415682;-43,0324647956263
CBA;Evapo;11;Current landscape;0,130574196577072;-33,834476075541;-33,598448907924;-8,67666204171701
CBA;Evapo;11;Current landscape;0,173249617218971;-44,936767533949;-35,0264651546252;-15,5126787473555
CBA;Evapo;11;Current landscape;0,228858530521393;-41,5211576401366;-35,3031142621153;-19,5008892114406
CBA;Evapo;11;Current landscape;0,27722242474556;-17,8953722630656;-10,4315052183558;3,85607306961401
CBA;Evapo;11;Current landscape;0,325097590684891;-28,615967823034;-24,9821207722134;-3,14474026610196
CBA;Evapo;11;Current landscape;0,372794896364212;-41,6960676810943;-31,5594400667942;-0,377315392167702
CBA;Evapo;11;Current landscape;0,426303297281265;-31,7177741141397;-25,4208087083832;-0,0515414291578509
CBA;Evapo;11;Current landscape;0,47611939907074;-16,6740343099129;-24,9369046588065;-7,79326149904955
CBA;Evapo;11;Current landscape;0,524997591972351;-9,46664767577658;-13,7737631497341;3,84585454049238
CBA;Evapo;11;Current landscape;0,576808035373688;-25,9062703290658;-23,4903194980204;10,9025995574334
CBA;Evapo;11;Current landscape;0,62377256155014;-32,3100171459048;-17,9983462065707;-7,78402742112257
CBA;Evapo;11;Current landscape;0,676820993423462;-20,5586628404733;-25,7416101370864;-19,3274505614775
CBA;Evapo;11;Current landscape;0,727290868759155;-23,5871370500499;-39,8225317535907;-13,0415627755324
CBA;Evapo;11;Current landscape;0,773840188980103;-44,1387294175515;-31,240066061732;-5,34006553415657
CBA;Evapo;11;Current landscape;0,823292672634125;-50,1712525117009;-20,3132050335234;-10,5045714779383
CBA;Evapo;11;Current landscape;0,875869274139404;-23,8108729956434;-11,4646518767454;13,9404326098456
CBA;Evapo;11;Current landscape;0,927847743034363;-29,6574249215018;-7,39063987619852;23,6136076631192
CBA;Evapo;11;Current landscape;1;-33,260037138893;10,5927205128696;38,5139264234138
CBA;Evapo;12;Spatially adjusted;0,01;38,9859906068095;41,8141281843889;32,1902887023514
CBA;Evapo;12;Spatially adjusted;0,0302040816326531;38,2292511941412;40,6757477766112;31,1774180726623
CBA;Evapo;12;Spatially adjusted;0,0504081632653061;37,4591003748756;39,5283623854548;30,1539288797903
CBA;Evapo;12;Spatially adjusted;0,0706122448979592;36,6621267424152;38,3629670275398;29,1092025605517
CBA;Evapo;12;Spatially adjusted;0,0908163265306122;35,8249188901634;37,1705567194877;28,0326205517645
CBA;Evapo;12;Spatially adjusted;0,111020408163265;34,9340654115229;35,9421264779189;26,9135642902447
CBA;Evapo;12;Spatially adjusted;0,131224489795918;33,9761548998956;34,6686713194547;25,7414152128094
CBA;Evapo;12;Spatially adjusted;0,151428571428571;32,9377759486847;33,3411862607156;24,5055547562761
CBA;Evapo;12;Spatially adjusted;0,171632653061224;31,8055171512931;31,9506663183229;23,1953643574609
CBA;Evapo;12;Spatially adjusted;0,191836734693878;30,5659671011238;30,4881065088971;21,8002254531814
CBA;Evapo;12;Spatially adjusted;0,212040816326531;29,2057143915788;28,9445018490596;20,3095194802543
CBA;Evapo;12;Spatially adjusted;0,232244897959184;27,7113476160614;27,3108473554305;18,7126278754963
CBA;Evapo;12;Spatially adjusted;0,252448979591837;26,0694553679741;25,5781380446313;16,9989320757247
CBA;Evapo;12;Spatially adjusted;0,27265306122449;24,2666262407199;23,7373689332828;15,1578135177565
CBA;Evapo;12;Spatially adjusted;0,292857142857143;22,2894488277013;21,7795350380059;13,1786536384082
CBA;Evapo;12;Spatially adjusted;0,313061224489796;20,1245117223214;19,695631375421;11,0508338744967
CBA;Evapo;12;Spatially adjusted;0,333265306122449;17,7584035179823;17,4766529621495;8,76373566283951
CBA;Evapo;12;Spatially adjusted;0,353469387755102;15,1834543900804;15,1182946286713;6,31288200177482
CBA;Evapo;12;Spatially adjusted;0,373673469387755;12,414960841985;12,6350504609018;3,71836213572828
CBA;Evapo;12;Spatially adjusted;0,393877551020408;9,47396095905901;10,046114358616;1,00640687064742
CBA;Evapo;12;Spatially adjusted;0,414081632653061;6,38149282666427;7,37068022158883;-1,79675298752045
CBA;Evapo;12;Spatially adjusted;0,434285714285714;3,15859453016378;4,62794194959497;-4,66488663282826
CBA;Evapo;12;Spatially adjusted;0,454489795918367;-0,173695845080147;1,83709344240879;-7,57176325932846
CBA;Evapo;12;Spatially adjusted;0,47469387755102;-3,59434021370475;-0,982671400194477;-10,4911520610735
CBA;Evapo;12;Spatially adjusted;0,494897959183674;-7,08230049034705;-3,8121586784398;-13,3968222321168
CBA;Evapo;12;Spatially adjusted;0,515102040816327;-10,6165385896456;-6,6321744925533;-16,2625429665104
CBA;Evapo;12;Spatially adjusted;0,53530612244898;-14,1760164262369;-9,42352494275929;-19,0620834583071
CBA;Evapo;12;Spatially adjusted;0,555510204081633;-17,7396959147584;-12,1670161292834;-21,7692129015595
CBA;Evapo;12;Spatially adjusted;0,575714285714286;-21,2865389698482;-14,8434541523511;-24,3577004903204
CBA;Evapo;12;Spatially adjusted;0,595918367346939;-24,7955075061432;-17,4336451121874;-26,8013154186428
CBA;Evapo;12;Spatially adjusted;0,616122448979592;-28,2455634382811;-19,9183951090172;-29,0738268805787
CBA;Evapo;12;Spatially adjusted;0,636326530612245;-31,6156686808988;-22,278510243066;-31,149004070181
CBA;Evapo;12;Spatially adjusted;0,656530612244898;-34,8847851486351;-24,4947966145592;-33,0006161815027
CBA;Evapo;12;Spatially adjusted;0,676734693877551;-38,0318747561262;-26,5480603237215;-34,6024324085963
CBA;Evapo;12;Spatially adjusted;0,696938775510204;-41,0408960254199;-28,4242045432632;-35,9354690245282
CBA;Evapo;12;Spatially adjusted;0,717142857142857;-43,9157939082068;-30,129520735831;-37,0097306184205
CBA;Evapo;12;Spatially adjusted;0,73734693877551;-46,6655099635873;-31,6753974365568;-37,8424688584094
CBA;Evapo;12;Spatially adjusted;0,757551020408163;-49,2989857506618;-33,0732231805719;-38,4509354126303
CBA;Evapo;12;Spatially adjusted;0,777755102040816;-51,8251628285307;-34,3343865030079;-38,85238194922
CBA;Evapo;12;Spatially adjusted;0,797959183673469;-54,2529827562944;-35,4702759389966;-39,0640601363139
CBA;Evapo;12;Spatially adjusted;0,818163265306122;-56,5913870930533;-36,4922800236695;-39,1032216420479
CBA;Evapo;12;Spatially adjusted;0,838367346938776;-58,8493173979084;-37,4117872921581;-38,9871181345586
CBA;Evapo;12;Spatially adjusted;0,858571428571429;-61,0357152299596;-38,2401862795939;-38,7330012819812
CBA;Evapo;12;Spatially adjusted;0,878775510204082;-63,1595221483076;-38,9888655211089;-38,3581227524521
CBA;Evapo;12;Spatially adjusted;0,898979591836735;-65,2296797120528;-39,6692135518342;-37,8797342141074
CBA;Evapo;12;Spatially adjusted;0,919183673469388;-67,2551294802956;-40,2926189069017;-37,3150873350828
CBA;Evapo;12;Spatially adjusted;0,939387755102041;-69,2448130121366;-40,8704701214429;-36,6814337835142
CBA;Evapo;12;Spatially adjusted;0,959591836734694;-71,2076718666758;-41,4141557305893;-35,9960252275375
CBA;Evapo;12;Spatially adjusted;0,979795918367347;-73,1526476030149;-41,9350642694724;-35,2761133352892
CBA;Evapo;12;Spatially adjusted;1;-75,0886817802527;-42,4445842732241;-34,538949774905
CBA;Evapo;12;Current landscape;0,0274768602102995;-84,1139701962463;-65,382292913677;-68,8817714308127
CBA;Evapo;12;Current landscape;0,0772376656532288;-74,0048517173661;-63,7349058960961;-46,7157623942653
CBA;Evapo;12;Current landscape;0,130574196577072;-48,3307998767664;-39,6143956182277;-15,1760019815833
CBA;Evapo;12;Current landscape;0,172178134322166;-38,1061051635365;-29,773403443515;-10,1603936266495
CBA;Evapo;12;Current landscape;0,226736962795258;0,98566957772573;1,86914882916153;14,4022730321378
CBA;Evapo;12;Current landscape;0,273849993944168;-21,4037543140191;-19,9770766907143;3,42336498866894
CBA;Evapo;12;Current landscape;0,321787059307098;-11,6272835733757;-2,61831148186502;-2,59039176330043
CBA;Evapo;12;Current landscape;0,373670071363449;-28,1953025116145;-23,2111285862241;5,8525510581253
CBA;Evapo;12;Current landscape;0,423118948936462;-23,2386111876594;-19,7441968289718;-1,170150248033
CBA;Evapo;12;Current landscape;0,472529500722885;-15,0322796225116;-10,9467847027845;3,31236092431391
CBA;Evapo;12;Current landscape;0,526223719120026;-14,4336819158011;-22,5128050660455;0,349931949476741
CBA;Evapo;12;Current landscape;0,574443101882935;-32,4967572647724;-34,4031284156558;-2,85492885534313
CBA;Evapo;12;Current landscape;0,62265819311142;-39,5184567767706;-21,5024421692856;-14,487811981217
CBA;Evapo;12;Current landscape;0,674511730670929;-18,2986337128591;-25,9046020808232;-12,5441878350373
CBA;Evapo;12;Current landscape;0,725630402565002;-23,5868633839568;-39,5461302327617;-6,637228433161
CBA;Evapo;12;Current landscape;0,774933755397797;-44,2411011212257;-28,5893004412981;-11,6501261774099
CBA;Evapo;12;Current landscape;0,826729357242584;-53,4422578065674;-22,6027870225976;-14,1255812705938
CBA;Evapo;12;Current landscape;0,875760674476624;-26,2115010892783;-11,6255841559635;12,3260941082413
CBA;Evapo;12;Current landscape;0,927827090024948;-34,4631993768899;-10,1072216609218;18,2749202106295
CBA;Evapo;12;Current landscape;1;-40,3011822474211;8,30760680961475;33,8541549937825
CBA;Evapo;13;Spatially adjusted;0,01;39,6104926812513;32,989611481541;31,3246341344627
CBA;Evapo;13;Spatially adjusted;0,0302040816326531;38,9018238996466;32,6810065027332;30,5906060121938
CBA;Evapo;13;Spatially adjusted;0,0504081632653061;38,177948214334;32,3580926816974;29,8424998700252
CBA;Evapo;13;Spatially adjusted;0,0706122448979592;37,423658721606;32,0065611762045;29,0662376880566
CBA;Evapo;13;Spatially adjusted;0,0908163265306122;36,6237485177539;31,6121031440271;28,2477414463881
CBA;Evapo;13;Spatially adjusted;0,111020408163265;35,7630106990703;31,1604097429363;27,3729331251202
CBA;Evapo;13;Spatially adjusted;0,131224489795918;34,8262383618471;30,6371721307044;26,4277347043526
CBA;Evapo;13;Spatially adjusted;0,151428571428571;33,7982246023769;30,0280814651023;25,3980681641854
CBA;Evapo;13;Spatially adjusted;0,171632653061224;32,663762516951;29,3188289039024;24,2698554847189
CBA;Evapo;13;Spatially adjusted;0,191836734693878;31,4076452018619;28,495105604876;23,0290186460532
CBA;Evapo;13;Spatially adjusted;0,212040816326531;30,0146657534019;27,5426027257952;21,6614796282879
CBA;Evapo;13;Spatially adjusted;0,232244897959184;28,4696172678625;26,4470114244311;20,1531604115239
CBA;Evapo;13;Spatially adjusted;0,252448979591837;26,7572928415366;25,1940228585561;18,4899829758604
CBA;Evapo;13;Spatially adjusted;0,27265306122449;24,862485570716;23,7693281859413;16,657869301398
CBA;Evapo;13;Spatially adjusted;0,292857142857143;22,7699885516927;22,1586185643589;14,6427413682368
CBA;Evapo;13;Spatially adjusted;0,313061224489796;20,4645948807586;20,3475851515802;12,4305211564767
CBA;Evapo;13;Spatially adjusted;0,333265306122449;17,9310976542063;18,3219191053772;10,0071306462178
CBA;Evapo;13;Spatially adjusted;0,353469387755102;15,1612949222979;16,0743776992065;7,36656346389077
CBA;Evapo;13;Spatially adjusted;0,373673469387755;12,1750045511797;13,625982669264;4,53509982124933
CBA;Evapo;13;Spatially adjusted;0,393877551020408;8,99904936096732;11,004821867431;1,54709157637762
CBA;Evapo;13;Spatially adjusted;0,414081632653061;5,66025217177776;8,23898314558846;-1,56310941264064
CBA;Evapo;13;Spatially adjusted;0,434285714285714;2,18543580372693;5,35655435561785;-4,76115128772108
CBA;Evapo;13;Spatially adjusted;0,454489795918367;-1,39857692306941;2,38562334939957;-8,01268219077929
CBA;Evapo;13;Spatially adjusted;0,47469387755102;-5,06496318849418;-0,645722021184838;-11,2833502637318
CBA;Evapo;13;Spatially adjusted;0,494897959183674;-8,78690017243139;-3,70939390425428;-14,5388036484942
CBA;Evapo;13;Spatially adjusted;0,515102040816327;-12,5375650547649;-6,77730444792769;-17,7446904869821
CBA;Evapo;13;Spatially adjusted;0,53530612244898;-16,2901350153788;-9,82136580032443;-20,8666589211116
CBA;Evapo;13;Spatially adjusted;0,555510204081633;-20,017787234156;-12,8134901095627;-23,8703570927989
CBA;Evapo;13;Spatially adjusted;0,575714285714286;-23,6936988909811;-15,725589523762;-26,7214331439593
CBA;Evapo;13;Spatially adjusted;0,595918367346939;-27,2910471657372;-18,5295761910411;-29,3855352165092
CBA;Evapo;13;Spatially adjusted;0,616122448979592;-30,7830092383081;-21,1973622595185;-31,8283114523642
CBA;Evapo;13;Spatially adjusted;0,636326530612245;-34,1427622885778;-23,7008598773141;-34,01540999344
CBA;Evapo;13;Spatially adjusted;0,656530612244898;-37,3434834964296;-26,0119811925456;-35,9124789816531
CBA;Evapo;13;Spatially adjusted;0,676734693877551;-40,3583500417478;-28,1026383533326;-37,4851665589188
CBA;Evapo;13;Spatially adjusted;0,696938775510204;-43,1672249648798;-29,9520138998405;-38,7085829817195
CBA;Evapo;13;Spatially adjusted;0,717142857142857;-45,776714748027;-31,5683719404176;-39,5956869648035
CBA;Evapo;13;Spatially adjusted;0,73734693877551;-48,2001117338555;-32,9672469754601;-40,1688993374851
CBA;Evapo;13;Spatially adjusted;0,757551020408163;-50,4507082650307;-34,1641735053627;-40,4506409290786
CBA;Evapo;13;Spatially adjusted;0,777755102040816;-52,5417966842181;-35,1746860305211;-40,4633325688988
CBA;Evapo;13;Spatially adjusted;0,797959183673469;-54,4866693340837;-36,0143190513309;-40,2293950862602
CBA;Evapo;13;Spatially adjusted;0,818163265306122;-56,2986185572929;-36,6986070681867;-39,7712493104762
CBA;Evapo;13;Spatially adjusted;0,838367346938776;-57,9909366965112;-37,2430845814847;-39,1113160708628
CBA;Evapo;13;Spatially adjusted;0,858571428571429;-59,5769160944053;-37,6632860916197;-38,2720161967334
CBA;Evapo;13;Spatially adjusted;0,878775510204082;-61,0698490936391;-37,9747460989872;-37,2757705174031
CBA;Evapo;13;Spatially adjusted;0,898979591836735;-62,4830280368794;-38,1929991039826;-36,1449998621858
CBA;Evapo;13;Spatially adjusted;0,919183673469388;-63,8297452667916;-38,3335796070014;-34,9021250603962
CBA;Evapo;13;Spatially adjusted;0,939387755102041;-65,1232931260411;-38,4120221084386;-33,569566941349
CBA;Evapo;13;Spatially adjusted;0,959591836734694;-66,3769639572938;-38,4438611086898;-32,1697463343583
CBA;Evapo;13;Spatially adjusted;0,979795918367347;-67,6040501032155;-38,4446311081504;-30,7250840687389
CBA;Evapo;13;Spatially adjusted;1;-68,8178439064711;-38,4298666072155;-29,2580009738047
CBA;Evapo;13;Current landscape;0,0271888859570026;-120,49371880592;-108,526797519118;-96,2332711898173
CBA;Evapo;13;Current landscape;0,070796936750412;-83,5451953386808;-71,3652233796395;-42,9532138943382
CBA;Evapo;13;Current landscape;0,122183099389076;-34,7216410366373;-22,1992901758433;-16,9049299743965
CBA;Evapo;13;Current landscape;0,175907418131828;-24,000859800931;-18,0463973548028;1,10874518849073
CBA;Evapo;13;Current landscape;0,22820121049881;-30,4445552879743;-34,8473782084466;3,86666615399213
CBA;Evapo;13;Current landscape;0,275730758905411;-30,7950380549873;-24,6129661244181;1,68244492721465
CBA;Evapo;13;Current landscape;0,326808169484139;-21,1039137198482;-27,6199912389386;-6,99221419633159
CBA;Evapo;13;Current landscape;0,373354196548462;-34,6607680528218;-19,0130136631924;-2,70982561992287
CBA;Evapo;13;Current landscape;0,42948904633522;-27,0747466899368;-18,1342473366883;2,1017077635056
CBA;Evapo;13;Current landscape;0,474830776453018;-24,3114397642394;-36,3918116535522;-24,9439189272796
CBA;Evapo;13;Current landscape;0,526470243930817;-18,9802864217641;-12,4673138660819;-2,21284177529947
CBA;Evapo;13;Current landscape;0,57400780916214;-36,7411688846503;-37,4633897619685;-17,1996290152163
CBA;Evapo;13;Current landscape;0,622005939483643;-43,4931982058167;-25,2109153196743;-15,4776043944355
CBA;Evapo;13;Current landscape;0,675508618354797;-18,8956776249672;-23,9367647180584;-16,2246722992109
CBA;Evapo;13;Current landscape;0,724944829940796;-23,5977010790282;-42,221630799706;-3,70297169839319
CBA;Evapo;13;Current landscape;0,773428976535797;-40,1688274441751;-27,6898538604776;-7,80450173737268
CBA;Evapo;13;Current landscape;0,824285268783569;-45,8107834670052;-16,2931690795672;-6,38352386638712
CBA;Evapo;13;Current landscape;0,874678671360016;-23,2068921081345;-10,4072822256371;15,2765612826904
CBA;Evapo;13;Current landscape;0,927230954170227;-29,1296140228424;-5,96506740656037;24,2234207521731
CBA;Evapo;13;Current landscape;1;-37,3091655114993;9,74255003348821;37,8790945533156
CBA;Evapo;14;Spatially adjusted;0,01;31,8207466905478;29,4874681956821;26,3727303796868
CBA;Evapo;14;Spatially adjusted;0,0302040816326531;31,8181146123463;29,4645054028997;25,5307391209112
CBA;Evapo;14;Spatially adjusted;0,0504081632653061;31,7967380018645;29,4262853133316;24,6777009879002
CBA;Evapo;14;Spatially adjusted;0,0706122448979592;31,7378723268207;29,3575506301922;23,8025691064181
CBA;Evapo;14;Spatially adjusted;0,0908163265306122;31,6227730549351;29,2430440566961;22,8942966022294
CBA;Evapo;14;Spatially adjusted;0,111020408163265;31,4326956539267;29,0675082960574;21,9418366010987
CBA;Evapo;14;Spatially adjusted;0,131224489795918;31,1488955915145;28,8156860514907;20,9341422287903
CBA;Evapo;14;Spatially adjusted;0,151428571428571;30,7526283354184;28,4723200262104;19,8601666110687
CBA;Evapo;14;Spatially adjusted;0,171632653061224;30,225149353357;28,0221529234307;18,7088628736985
CBA;Evapo;14;Spatially adjusted;0,191836734693878;29,5477141130505;27,4499274463662;17,469184142444
CBA;Evapo;14;Spatially adjusted;0,212040816326531;28,7015780822171;26,7403862982312;16,13008354307
CBA;Evapo;14;Spatially adjusted;0,232244897959184;27,6679967285768;25,8782721822399;14,6805142013407
CBA;Evapo;14;Spatially adjusted;0,252448979591837;26,4282255198489;24,848327801607;13,1094292430205
CBA;Evapo;14;Spatially adjusted;0,27265306122449;24,9635199237523;23,6352958595469;11,4057817938742
CBA;Evapo;14;Spatially adjusted;0,292857142857143;23,2551354080069;22,2239190592734;9,55852497966589
CBA;Evapo;14;Spatially adjusted;0,313061224489796;21,284327440331;20,5989401040017;7,55661192616049
CBA;Evapo;14;Spatially adjusted;0,333265306122449;19,0323514884451;18,7451016969455;5,38899575912205
CBA;Evapo;14;Spatially adjusted;0,353469387755102;16,4889815247395;16,6545775275647;3,05136181167359
CBA;Evapo;14;Spatially adjusted;0,373673469387755;13,6780655402945;14,349265230298;0,566324246371096
CBA;Evapo;14;Spatially adjusted;0,393877551020408;10,6319700308613;11,8584934258299;-2,03677056687116
CBA;Evapo;14;Spatially adjusted;0,414081632653061;7,38306149219193;9,21159073484387;-4,7285762581389
CBA;Evapo;14;Spatially adjusted;0,434285714285714;3,96370642003785;6,43788577802457;-7,4797464575181
CBA;Evapo;14;Spatially adjusted;0,454489795918367;0,406271310150714;3,5667071760563;-10,260934795094
CBA;Evapo;14;Spatially adjusted;0,47469387755102;-3,25687734171765;0,627383549622209;-13,0427949009527
CBA;Evapo;14;Spatially adjusted;0,494897959183674;-6,99337303981588;-2,35075648059296;-15,7959804051798
CBA;Evapo;14;Spatially adjusted;0,515102040816327;-10,7708492883926;-5,33838429390471;-18,4911449378608
CBA;Evapo;14;Spatially adjusted;0,53530612244898;-14,5569395916953;-8,30617126963011;-21,0989421290817
CBA;Evapo;14;Spatially adjusted;0,555510204081633;-18,3192774539727;-11,224788787084;-23,5900256089278
CBA;Evapo;14;Spatially adjusted;0,575714285714286;-22,0254963794737;-14,0649082255827;-25,9350490074855
CBA;Evapo;14;Spatially adjusted;0,595918367346939;-25,643229872446;-16,7972009644423;-28,1046659548399
CBA;Evapo;14;Spatially adjusted;0,616122448979592;-29,1401114371381;-19,3923383829786;-30,0695300810769
CBA;Evapo;14;Spatially adjusted;0,636326530612245;-32,4837745777982;-21,8209918605071;-31,8002950162825
CBA;Evapo;14;Spatially adjusted;0,656530612244898;-35,6418527986753;-24,0538327763441;-33,2676143905419
CBA;Evapo;14;Spatially adjusted;0,676734693877551;-38,5819796040169;-26,0615325098056;-34,4421418339412
CBA;Evapo;14;Spatially adjusted;0,696938775510204;-41,2797903922731;-27,8223012707699;-35,3027776455181
CBA;Evapo;14;Spatially adjusted;0,717142857142857;-43,7429281386978;-29,3445045913659;-35,8614088001186
CBA;Evapo;14;Spatially adjusted;0,73734693877551;-45,9870377127468;-30,6440468342842;-36,1381689415416
CBA;Evapo;14;Spatially adjusted;0,757551020408163;-48,0277639838751;-31,7368323622168;-36,1531917135853
CBA;Evapo;14;Spatially adjusted;0,777755102040816;-49,8807518215383;-32,6387655378544;-35,9266107600481
CBA;Evapo;14;Spatially adjusted;0,797959183673469;-51,5616460951922;-33,3657507238886;-35,4785597247283
CBA;Evapo;14;Spatially adjusted;0,818163265306122;-53,0860916742918;-33,93369228301;-34,8291722514246
CBA;Evapo;14;Spatially adjusted;0,838367346938776;-54,4697334282923;-34,358494577911;-33,9985819839351
CBA;Evapo;14;Spatially adjusted;0,858571428571429;-55,7282162266495;-34,6560619712816;-33,0069225660582
CBA;Evapo;14;Spatially adjusted;0,878775510204082;-56,877184938819;-34,8422988258137;-31,8743276415926
CBA;Evapo;14;Spatially adjusted;0,898979591836735;-57,9322844342557;-34,9331095041985;-30,6209308543366
CBA;Evapo;14;Spatially adjusted;0,919183673469388;-58,9091595824154;-34,9443983691269;-29,2668658480886
CBA;Evapo;14;Spatially adjusted;0,939387755102041;-59,8234552527531;-34,8920697832907;-27,8322662666469
CBA;Evapo;14;Spatially adjusted;0,959591836734694;-60,6908163147248;-34,7920281093805;-26,3372657538098
CBA;Evapo;14;Spatially adjusted;0,979795918367347;-61,5268876377859;-34,6601777100882;-24,801997953376
CBA;Evapo;14;Spatially adjusted;1;-62,3473140913914;-34,5124229481044;-23,246596509144
CBA;Evapo;14;Current landscape;0,02565898001194;-124,399290395377;-101,057989138084;-96,2596689508741
CBA;Evapo;14;Current landscape;0,0727415904402733;-72,1080653852571;-43,3034026122205;-14,2294097022623
CBA;Evapo;14;Current landscape;0,122239924967289;-35,5452639537764;-23,3053697400128;4,16335403701964
CBA;Evapo;14;Current landscape;0,172178134322166;-25,0860960253206;-14,572263128942;1,48158368498639
CBA;Evapo;14;Current landscape;0,22993329167366;-25,5665730990691;-22,4119192308842;-8,26865800721589
CBA;Evapo;14;Current landscape;0,277039229869843;-19,5093105025132;-13,6929076488232;3,52617457711108
CBA;Evapo;14;Current landscape;0,324838131666183;-18,9345998539623;-34,5484516760505;-11,9923885485878
CBA;Evapo;14;Current landscape;0,374163746833801;-37,6835973646053;-28,9674684248944;-17,2084227188523
CBA;Evapo;14;Current landscape;0,42758646607399;-6,45279192197586;-6,49884043329917;7,57415713593628
CBA;Evapo;14;Current landscape;0,474108994007111;-21,5613141994772;-32,7056008243758;-19,2304001525558
CBA;Evapo;14;Current landscape;0,52634546160698;-15,7992001931259;-21,8556911206385;-21,0682259310654
CBA;Evapo;14;Current landscape;0,575920403003693;-47,2068164183327;-42,2401910000676;-18,8249579014591
CBA;Evapo;14;Current landscape;0,623213589191437;-39,5209588483804;-21,913033899923;-17,0222849772722
CBA;Evapo;14;Current landscape;0,67476886510849;-17,3125407769176;-26,323585644423;-12,6139296009869
CBA;Evapo;14;Current landscape;0,723682463169098;-24,4820312322868;-32,0308587756754;-2,71860315286312
CBA;Evapo;14;Current landscape;0,773726761341095;-47,8791773257581;-34,6678062403285;-9,21306580992245
CBA;Evapo;14;Current landscape;0,825612217187882;-49,4741323889841;-21,1282306642677;-11,4691349689626
CBA;Evapo;14;Current landscape;0,875545263290405;-31,0825637671208;-20,7030612066535;5,07141390893457
CBA;Evapo;14;Current landscape;0,927963614463806;-34,2675114232532;-13,3642771393365;17,6883025972866
CBA;Evapo;14;Current landscape;1;-29,7546751446798;12,28218987433;40,5974167560542
CBA;Evapo;15;Spatially adjusted;0,01;37,2152368222799;32,9701133658602;29,0592293586026
CBA;Evapo;15;Spatially adjusted;0,0302040816326531;36,4946324049911;32,4844671347234;27,9998696927423
CBA;Evapo;15;Spatially adjusted;0,0504081632653061;35,7620310225896;31,9869773795906;26,9318742375829
CBA;Evapo;15;Spatially adjusted;0,0706122448979592;35,0054357099612;31,4658005764666;25,8466072038248
CBA;Evapo;15;Spatially adjusted;0,0908163265306122;34,2128495019933;30,9090932013553;24,7354328021693
CBA;Evapo;15;Spatially adjusted;0,111020408163265;33,3722754335722;30,3050117302607;23,5897152433163
CBA;Evapo;15;Spatially adjusted;0,131224489795918;32,4717165395848;29,6417126391875;22,4008187379673
CBA;Evapo;15;Spatially adjusted;0,151428571428571;31,4991758549179;28,9073524041396;21,1601074968225
CBA;Evapo;15;Spatially adjusted;0,171632653061224;30,4426564144583;28,0900875011214;19,8589457305832
CBA;Evapo;15;Spatially adjusted;0,191836734693878;29,2901612530927;27,1780744061371;18,4886976499495
CBA;Evapo;15;Spatially adjusted;0,212040816326531;28,0296934057074;26,1594695951908;17,0407274656229
CBA;Evapo;15;Spatially adjusted;0,232244897959184;26,6492559071899;25,0224295442868;15,5063993883034
CBA;Evapo;15;Spatially adjusted;0,252448979591837;25,1368517924263;23,7551107294296;13,877077628692
CBA;Evapo;15;Spatially adjusted;0,27265306122449;23,4804840963038;22,3456696266233;12,1441263974898
CBA;Evapo;15;Spatially adjusted;0,292857142857143;21,6681558537093;20,7822627118721;10,2989099053971
CBA;Evapo;15;Spatially adjusted;0,313061224489796;19,6878700995287;19,0530464611802;8,33279236311478
CBA;Evapo;15;Spatially adjusted;0,333265306122449;17,5276298686497;17,1461773505516;6,23713798134349
CBA;Evapo;15;Spatially adjusted;0,353469387755102;15,1802911263355;15,0556934879803;4,00860647197078
CBA;Evapo;15;Spatially adjusted;0,373673469387755;12,658121559361;12,7991595094175;1,66503955162989
CBA;Evapo;15;Spatially adjusted;0,393877551020408;9,97824178487622;10,4000216828038;-0,770425561859156
CBA;Evapo;15;Spatially adjusted;0,414081632653061;7,15777242003287;7,88172627607969;-3,27465165067611
CBA;Evapo;15;Spatially adjusted;0,434285714285714;4,21383408198199;5,26771955718596;-5,82450149700162
CBA;Evapo;15;Spatially adjusted;0,454489795918367;1,16354738787504;2,58144779406302;-8,39683788301477
CBA;Evapo;15;Spatially adjusted;0,47469387755102;-1,97596704513785;-0,153642745348179;-10,9685235908962
CBA;Evapo;15;Spatially adjusted;0,494897959183674;-5,18758859990453;-2,91410579310718;-13,5164214028255
CBA;Evapo;15;Spatially adjusted;0,515102040816327;-8,45419665927375;-5,67649508127329;-16,0173941009832
CBA;Evapo;15;Spatially adjusted;0,53530612244898;-11,7586706060952;-8,41736434190602;-18,4483044675487
CBA;Evapo;15;Spatially adjusted;0,555510204081633;-15,0838898232173;-11,1132673070647;-20,7860152847022
CBA;Evapo;15;Spatially adjusted;0,575714285714286;-18,4127336934885;-13,7407577088084;-23,0073893346239
CBA;Evapo;15;Spatially adjusted;0,595918367346939;-21,7280815997585;-16,2763892791968;-25,089289399494
CBA;Evapo;15;Spatially adjusted;0,616122448979592;-25,0128129248758;-18,6967157502891;-27,0085782614915
CBA;Evapo;15;Spatially adjusted;0,636326530612245;-28,2498070516888;-20,9782908541449;-28,7421187027971
CBA;Evapo;15;Spatially adjusted;0,656530612244898;-31,4219433630472;-23,0976683228232;-30,2667735055909
CBA;Evapo;15;Spatially adjusted;0,676734693877551;-34,5121012417992;-25,0314018883837;-31,5594054520529
CBA;Evapo;15;Spatially adjusted;0,696938775510204;-37,5070457887543;-26,7621310168245;-32,6033914447714
CBA;Evapo;15;Spatially adjusted;0,717142857142857;-40,4090849765616;-28,2968381098976;-33,4081648679728
CBA;Evapo;15;Spatially adjusted;0,73734693877551;-43,2244124958313;-29,6485913032946;-33,9896732262912
CBA;Evapo;15;Spatially adjusted;0,757551020408163;-45,9592220371733;-30,8304587327066;-34,363864024361
CBA;Evapo;15;Spatially adjusted;0,777755102040816;-48,6197072911973;-31,8555085338246;-34,5466847668167
CBA;Evapo;15;Spatially adjusted;0,797959183673469;-51,2120619485131;-32,7368088423398;-34,5540829582933
CBA;Evapo;15;Spatially adjusted;0,818163265306122;-53,7424796997305;-33,4874277939434;-34,4020061034246
CBA;Evapo;15;Spatially adjusted;0,838367346938776;-56,2171542354597;-34,1204335243265;-34,1064017068452
CBA;Evapo;15;Spatially adjusted;0,858571428571429;-58,6422792463097;-34,6488941691805;-33,6832172731899
CBA;Evapo;15;Spatially adjusted;0,878775510204082;-61,0240484228912;-35,0858778641964;-33,1484003070932
CBA;Evapo;15;Spatially adjusted;0,898979591836735;-63,3686554558137;-35,4444527450653;-32,5178983131896
CBA;Evapo;15;Spatially adjusted;0,919183673469388;-65,6822940356869;-35,7376869474781;-31,8076587961132
CBA;Evapo;15;Spatially adjusted;0,939387755102041;-67,9711578531212;-35,9786486071266;-31,0336292604991
CBA;Evapo;15;Spatially adjusted;0,959591836734694;-70,2414405987256;-36,1804058597015;-30,2117572109814
CBA;Evapo;15;Spatially adjusted;0,979795918367347;-72,4993359631103;-36,3560268408942;-29,3579901521946
CBA;Evapo;15;Spatially adjusted;1;-74,7510376368853;-36,5185796863957;-28,4882755887734
CBA;Evapo;15;Current landscape;0,0289115607738495;-85,5004738688808;-76,9738229463305;-60,0468446439522
CBA;Evapo;15;Current landscape;0,0725310295820236;-68,1988653556477;-65,7125028522471;-43,8748417311456
CBA;Evapo;15;Current landscape;0,126180574297905;-57,8784191912821;-39,2350648238764;-25,7765097035565
CBA;Evapo;15;Current landscape;0,177749022841454;-22,2418341505013;-21,1296067741841;2,78657523336847
CBA;Evapo;15;Current landscape;0,229855701327324;-20,4589367724711;-11,494758160565;7,46322338031678
CBA;Evapo;15;Current landscape;0,277201533317566;-20,5054055087426;-22,2961281032112;1,70124159300349
CBA;Evapo;15;Current landscape;0,32539376616478;-15,1438574396507;-26,5409153604408;-25,9580682439835
CBA;Evapo;15;Current landscape;0,376618415117264;-35,5965777761287;-32,2936653205643;-10,3088722676669
CBA;Evapo;15;Current landscape;0,423477306962013;-22,0143120579041;-36,0111623998153;-6,47069693759045
CBA;Evapo;15;Current landscape;0,473827362060547;-14,8977065804465;-26,6644452501489;-10,8045426941464
CBA;Evapo;15;Current landscape;0,528569579124451;-37,6019778533421;-34,9245277916232;-11,7865258789016
CBA;Evapo;15;Current landscape;0,575330913066864;-43,4198486759815;-46,8221329182288;-15,99283575748
CBA;Evapo;15;Current landscape;0,62400871515274;-35,6747693356745;-24,222687883786;-2,83117434533256
CBA;Evapo;15;Current landscape;0,674954652786255;-12,7892515103206;-19,8068240095279;-10,557597613368
CBA;Evapo;15;Current landscape;0,72324138879776;-20,3565889776003;-31,1034565964662;-6,84618299824001
CBA;Evapo;15;Current landscape;0,773428976535797;-53,5745973910446;-37,6331754946921;-11,3731465877318
CBA;Evapo;15;Current landscape;0,819437623023987;-41,9100837032436;-11,0256264839529;-1,77057916673562
CBA;Evapo;15;Current landscape;0,878627181053162;-41,0509554526154;-25,712308080412;-1,07776773918727
CBA;Evapo;15;Current landscape;0,93010425567627;-42,6612922003021;-15,4627330406945;13,6700279309594
CBA;Evapo;15;Current landscape;1;-34,7155091035158;16,4510987344352;41,8282723610653
CBA;Evapo;16;Spatially adjusted;0,01;37,4398653227513;37,0954098003861;31,6780975095664
CBA;Evapo;16;Spatially adjusted;0,0302040816326531;36,9064598334787;36,4810690085521;30,6821036440549
CBA;Evapo;16;Spatially adjusted;0,0504081632653061;36,3588019850015;35,8539910940581;29,6748669358419
CBA;Evapo;16;Spatially adjusted;0,0706122448979592;35,7826394181152;35,2014389342426;28,6451445422256
CBA;Evapo;16;Spatially adjusted;0,0908163265306122;35,1637197736152;34,5106754064454;27,581693620504
CBA;Evapo;16;Spatially adjusted;0,111020408163265;34,4877906922968;33,7689633880061;26,4732713279761
CBA;Evapo;16;Spatially adjusted;0,131224489795918;33,7405998149559;32,9635657562642;25,3086348219399
CBA;Evapo;16;Spatially adjusted;0,151428571428571;32,9078947823871;32,0817453885591;24,0765412596941
CBA;Evapo;16;Spatially adjusted;0,171632653061224;31,9754232353869;31,1107651622297;22,765747798536
CBA;Evapo;16;Spatially adjusted;0,191836734693878;30,9289328147499;30,0378879546165;21,3650115957653
CBA;Evapo;16;Spatially adjusted;0,212040816326531;29,7541711612719;28,8503766430581;19,8630898086794
CBA;Evapo;16;Spatially adjusted;0,232244897959184;28,436885915748;27,535494104894;18,2487395945773
CBA;Evapo;16;Spatially adjusted;0,252448979591837;26,9628247189742;26,0805032174642;16,5107181107567
CBA;Evapo;16;Spatially adjusted;0,27265306122449;25,3177352117455;24,4726668581079;14,6377825145164
CBA;Evapo;16;Spatially adjusted;0,292857142857143;23,4873650348573;22,6992479041644;12,6186899631548
CBA;Evapo;16;Spatially adjusted;0,313061224489796;21,4574618291051;20,7475092329732;10,4421976139699
CBA;Evapo;16;Spatially adjusted;0,333265306122449;19,2137732352846;18,6047137218736;8,09706262426016
CBA;Evapo;16;Spatially adjusted;0,353469387755102;16,7479258050009;16,2644644781146;5,57869375884366
CBA;Evapo;16;Spatially adjusted;0,373673469387755;14,0750617330998;13,7457255285804;2,90910621261583
CBA;Evapo;16;Spatially adjusted;0,393877551020408;11,2162021252354;11,0738011300641;0,116966787992169
CBA;Evapo;16;Spatially adjusted;0,414081632653061;8,19236808706319;8,2739955393597;-2,76905771261181
CBA;Evapo;16;Spatially adjusted;0,434285714285714;5,02458072423929;5,37161301326023;-5,72030048678153
CBA;Evapo;16;Spatially adjusted;0,454489795918367;1,73386114241725;2,39195780855926;-8,70809473210102
CBA;Evapo;16;Spatially adjusted;0,47469387755102;-1,65876955274643;-0,639665817949435;-11,7037736461555
CBA;Evapo;16;Spatially adjusted;0,494897959183674;-5,13229025559758;-3,69795360947273;-14,6786704265296
CBA;Evapo;16;Spatially adjusted;0,515102040816327;-8,66567986048017;-6,75760130921708;-17,6041182708077
CBA;Evapo;16;Spatially adjusted;0,53530612244898;-12,2379172617398;-9,79330466038869;-20,4514503765747
CBA;Evapo;16;Spatially adjusted;0,555510204081633;-15,827981353721;-12,7797594061947;-23,1919999414156
CBA;Evapo;16;Spatially adjusted;0,575714285714286;-19,4148510307684;-15,691661289841;-25,7971001629148
CBA;Evapo;16;Spatially adjusted;0,595918367346939;-22,9775051872273;-18,5037060545346;-28,2380842386572
CBA;Evapo;16;Spatially adjusted;0,616122448979592;-26,4949227174423;-21,1905894434819;-30,4862853662276
CBA;Evapo;16;Spatially adjusted;0,636326530612245;-29,9460825157582;-23,7270071998894;-32,5130367432103
CBA;Evapo;16;Spatially adjusted;0,656530612244898;-33,3099634765204;-26,0876550669639;-34,2896715671905
CBA;Evapo;16;Spatially adjusted;0,676734693877551;-36,5655444940726;-28,2472287879111;-35,7875230357531
CBA;Evapo;16;Spatially adjusted;0,696938775510204;-39,696655074629;-30,1869995904347;-36,9859047526952
CBA;Evapo;16;Spatially adjusted;0,717142857142857;-42,7065271718752;-31,9145406402204;-37,8960519466691
CBA;Evapo;16;Spatially adjusted;0,73734693877551;-45,6032433513647;-33,4440005874508;-38,5371802525385
CBA;Evapo;16;Spatially adjusted;0,757551020408163;-48,3948861786521;-34,7895280823084;-38,9285053051688
CBA;Evapo;16;Spatially adjusted;0,777755102040816;-51,0895382192912;-35,9652717749762;-39,089242739424
CBA;Evapo;16;Spatially adjusted;0,797959183673469;-53,6952820388356;-36,9853803156361;-39,038608190169
CBA;Evapo;16;Spatially adjusted;0,818163265306122;-56,22020020284;-37,864002354471;-38,7958172922683
CBA;Evapo;16;Spatially adjusted;0,838367346938776;-58,6723752768585;-38,6152865416634;-38,3800856805863
CBA;Evapo;16;Spatially adjusted;0,858571428571429;-61,0598898264441;-39,2533815273957;-37,8106289899874
CBA;Evapo;16;Spatially adjusted;0,878775510204082;-63,3908264171519;-39,7924359618503;-37,1066628553369
CBA;Evapo;16;Spatially adjusted;0,898979591836735;-65,6732676145355;-40,2465984952098;-36,2874029114987
CBA;Evapo;16;Spatially adjusted;0,919183673469388;-67,9152959841492;-40,6300177776568;-35,3720647933378
CBA;Evapo;16;Spatially adjusted;0,939387755102041;-70,1249940915464;-40,9568424593738;-34,3798641357187
CBA;Evapo;16;Spatially adjusted;0,959591836734694;-72,3104445022816;-41,2412211905432;-33,3300165735054
CBA;Evapo;16;Spatially adjusted;0,979795918367347;-74,4797297819087;-41,4973026213477;-32,2417377415632
CBA;Evapo;16;Spatially adjusted;1;-76,6409324959821;-41,7392354019696;-31,1342432747565
CBA;Evapo;16;Current landscape;0,0271789617836475;-92,567147193972;-82,8227641544233;-73,0314288954869
CBA;Evapo;16;Current landscape;0,071176141500473;-55,4985449689336;-43,5325273764433;-22,7633355828882
CBA;Evapo;16;Current landscape;0,127275019884109;-31,7072222363654;-21,4102017373036;7,16634062552612
CBA;Evapo;16;Current landscape;0,174245536327362;-50,4828124990884;-48,5425935299584;-27,3997971248853
CBA;Evapo;16;Current landscape;0,227294579148293;-17,428575663927;-15,8365378037681;-0,946208767578355
CBA;Evapo;16;Current landscape;0,27366316318512;-32,0094172196848;-13,1413904190499;3,72532242123111
CBA;Evapo;16;Current landscape;0,325223684310913;-24,7353186387636;-30,6448637981582;-6,8813477046449
CBA;Evapo;16;Current landscape;0,375277489423752;-23,9662475625653;-25,340147612673;-7,90020094422562
CBA;Evapo;16;Current landscape;0,428700745105743;-13,4863417959482;-16,9526095522824;-2,04453044927573
CBA;Evapo;16;Current landscape;0,473020702600479;-30,7590761900858;-36,1402919967009;-20,5151484858879
CBA;Evapo;16;Current landscape;0,522398144006729;-17,8788789123637;-17,2667103299712;-3,03428970764139
CBA;Evapo;16;Current landscape;0,574269771575928;-35,4645754646658;-20,1046941309321;3,8047949703473
CBA;Evapo;16;Current landscape;0,625113070011139;-35,4143511040777;-16,4124172166876;-10,4578723525374
CBA;Evapo;16;Current landscape;0,675049602985382;-15,336790200264;-19,2304849627285;-10,3768593627101
CBA;Evapo;16;Current landscape;0,726376801729202;-28,2755473124969;-55,8466394598688;-26,5090023007394
CBA;Evapo;16;Current landscape;0,774207949638367;-41,6224144124226;-30,0508634043845;-13,8765312325399
CBA;Evapo;16;Current landscape;0,824020326137543;-41,5193924151451;-10,5964330713566;-1,64124246641177
CBA;Evapo;16;Current landscape;0,872895002365112;-30,0957771186982;-16,0175846554562;9,01023989536566
CBA;Evapo;16;Current landscape;0,92852258682251;-28,8458089047608;-4,11448121003355;25,7944924802944
CBA;Evapo;16;Current landscape;1;-38,3482283080746;10,5453936862007;37,5914082212789
CBA;Evapo;17;Spatially adjusted;0,01;41,8774727359344;36,4720556890502;31,7289337241925
CBA;Evapo;17;Spatially adjusted;0,0302040816326531;40,9703437553128;35,8674497688112;30,816413217713
CBA;Evapo;17;Spatially adjusted;0,0504081632653061;40,0498114831571;35,2504802849171;29,8926025314147
CBA;Evapo;17;Spatially adjusted;0,0706122448979592;39,102472627932;34,6087836737129;28,9462114854789
CBA;Evapo;17;Spatially adjusted;0,0908163265306122;38,1149238981038;33,9299963715437;27,9659499000868
CBA;Evapo;17;Spatially adjusted;0,111020408163265;37,0737620021375;33,2017548147544;26,9405275954196
CBA;Evapo;17;Spatially adjusted;0,131224489795918;35,9655836484992;32,41169543969;25,8586543916581
CBA;Evapo;17;Spatially adjusted;0,151428571428571;34,776985545654;31,5474546826954;24,7090401089843
CBA;Evapo;17;Spatially adjusted;0,171632653061224;33,4945644020672;30,5966689801157;23,4803945675785
CBA;Evapo;17;Spatially adjusted;0,191836734693878;32,1049169262051;29,546974768296;22,1614275876227
CBA;Evapo;17;Spatially adjusted;0,212040816326531;30,5946398265328;28,386008483581;20,740848989298
CBA;Evapo;17;Spatially adjusted;0,232244897959184;28,9503298115158;27,1014065623156;19,2073685927855
CBA;Evapo;17;Spatially adjusted;0,252448979591837;27,158583589619;25,680805440845;17,549696218266
CBA;Evapo;17;Spatially adjusted;0,27265306122449;25,2059978693096;24,1118415555143;15,7565416859213
CBA;Evapo;17;Spatially adjusted;0,292857142857143;23,0791693590516;22,3821513426683;13,8166148159321
CBA;Evapo;17;Spatially adjusted;0,313061224489796;20,7646947673111;20,479371238652;11,7186254284802
CBA;Evapo;17;Spatially adjusted;0,333265306122449;18,2491708025541;18,3911376798103;9,45128334374635
CBA;Evapo;17;Spatially adjusted;0,353469387755102;15,525239089452;16,1112461117639;7,00973489274088
CBA;Evapo;17;Spatially adjusted;0,373673469387755;12,6097209175086;13,658128017235;4,4148724497893
CBA;Evapo;17;Spatially adjusted;0,393877551020408;9,52548249243137;11,056373888222;1,69402490004541
CBA;Evapo;17;Spatially adjusted;0,414081632653061;6,29539001993066;8,33057421672265;-1,1254788713361
CBA;Evapo;17;Spatially adjusted;0,434285714285714;2,94230970571516;5,50531949473498;-4,01630997920051
CBA;Evapo;17;Spatially adjusted;0,454489795918367;-0,510892244506067;2,60520021425737;-6,95113953839427
CBA;Evapo;17;Spatially adjusted;0,47469387755102;-4,04134962502326;-0,345193132712438;-9,90263866376267
CBA;Evapo;17;Spatially adjusted;0,494897959183674;-7,62619623012779;-3,32127005417647;-12,8434784701515
CBA;Evapo;17;Spatially adjusted;0,515102040816327;-11,2425658541101;-6,29844005813629;-15,7463300724062
CBA;Evapo;17;Spatially adjusted;0,53530612244898;-14,8675922912614;-9,25211265259441;-18,5838645853728
CBA;Evapo;17;Spatially adjusted;0,555510204081633;-18,4784093358719;-12,1576973455526;-21,3287531238968
CBA;Evapo;17;Spatially adjusted;0,575714285714286;-22,0521507822332;-14,9906036450125;-23,953666802824
CBA;Evapo;17;Spatially adjusted;0,595918367346939;-25,5659504246357;-17,7262410589765;-26,431276737
CBA;Evapo;17;Spatially adjusted;0,616122448979592;-28,9969420573702;-20,3400190954462;-28,7342540412706
CBA;Evapo;17;Spatially adjusted;0,636326530612245;-32,3222594747272;-22,8073472624239;-30,8352698304811
CBA;Evapo;17;Spatially adjusted;0,656530612244898;-35,5190364709979;-25,1036350679115;-32,7069952194779
CBA;Evapo;17;Spatially adjusted;0,676734693877551;-38,5644068404736;-27,2042920199108;-34,3221013231059
CBA;Evapo;17;Spatially adjusted;0,696938775510204;-41,4411307537339;-29,0911200141056;-35,6607718638466
CBA;Evapo;17;Spatially adjusted;0,717142857142857;-44,1544738865216;-30,7714904969073;-36,7332409947223
CBA;Evapo;17;Spatially adjusted;0,73734693877551;-46,7153282908673;-32,2591673024085;-37,5572554763903
CBA;Evapo;17;Spatially adjusted;0,757551020408163;-49,134586018803;-33,5679142647018;-38,1505620695091
CBA;Evapo;17;Spatially adjusted;0,777755102040816;-51,4231391223602;-34,7114952178806;-38,5309075347354
CBA;Evapo;17;Spatially adjusted;0,797959183673469;-53,5918796535702;-35,7036739960379;-38,7160386327275
CBA;Evapo;17;Spatially adjusted;0,818163265306122;-55,651699664465;-36,5582144332659;-38,7237021241429
CBA;Evapo;17;Spatially adjusted;0,838367346938776;-57,6134912070756;-37,2888803636583;-38,5716447696391
CBA;Evapo;17;Spatially adjusted;0,858571428571429;-59,4881463334341;-37,909435621307;-38,2776133298739
CBA;Evapo;17;Spatially adjusted;0,878775510204082;-61,2865570955714;-38,433644040306;-37,8593545655051
CBA;Evapo;17;Spatially adjusted;0,898979591836735;-63,0196155455196;-38,8752694547475;-37,3346152371905
CBA;Evapo;17;Spatially adjusted;0,919183673469388;-64,6982137353102;-39,2480756987245;-36,7211421055872
CBA;Evapo;17;Spatially adjusted;0,939387755102041;-66,333243716975;-39,5658266063299;-36,0366819313533
CBA;Evapo;17;Spatially adjusted;0,959591836734694;-67,9355975425444;-39,8422860116566;-35,2989814751466
CBA;Evapo;17;Spatially adjusted;0,979795918367347;-69,5161672640511;-40,0912177487978;-34,5257874976244
CBA;Evapo;17;Spatially adjusted;1;-71,0858449335262;-40,3263856518458;-33,7348467594443
CBA;Evapo;17;Current landscape;0,0223955977708101;-121,629692749718;-114,486916179314;-89,2389995865583
CBA;Evapo;17;Current landscape;0,0755491629242897;-98,1943334072964;-90,1678030440328;-59,9654990119716
CBA;Evapo;17;Current landscape;0,130574196577072;-31,8751858517931;-21,4242687883284;-2,95239654975921
CBA;Evapo;17;Current landscape;0,173821017146111;-34,2174897845555;-28,6579835867003;-13,1807238019373
CBA;Evapo;17;Current landscape;0,227816894650459;-26,2477538608885;-18,7796202781119;-5,87754538989111
CBA;Evapo;17;Current landscape;0,276134997606277;-26,4783705833713;-12,8440128280156;7,05726476817699
CBA;Evapo;17;Current landscape;0,323951572179794;-27,5621854160843;-17,3730032238866;-6,45643856452375
CBA;Evapo;17;Current landscape;0,374030739068985;-21,4184612406716;-18,7575835658511;0,695355043615564
CBA;Evapo;17;Current landscape;0,42502772808075;-26,2656503021494;-26,8076674414749;0,000648796902169124
CBA;Evapo;17;Current landscape;0,474342152476311;-31,4065405139538;-39,7410519363266;-19,8009410120728
CBA;Evapo;17;Current landscape;0,522099256515503;-17,9111565645608;-26,6578685632796;-9,78866141447088
CBA;Evapo;17;Current landscape;0,573743641376495;-39,7959993661327;-24,6228837039473;-1,77595362910142
CBA;Evapo;17;Current landscape;0,626721322536469;-37,4995455902349;-20,5302472142087;-13,2845170878968
CBA;Evapo;17;Current landscape;0,676133751869202;-13,3018960232228;-11,715633247698;-11,0358759628214
CBA;Evapo;17;Current landscape;0,725655078887939;-19,9686399140599;-37,688892072026;-10,9647412525387
CBA;Evapo;17;Current landscape;0,77310836315155;-42,1306419164166;-20,5624010262948;-1,44592769363908
CBA;Evapo;17;Current landscape;0,821256935596466;-56,794917979257;-27,0692300434105;-18,2092584127151
CBA;Evapo;17;Current landscape;0,877394676208496;-34,0294635834266;-21,2065740876853;2,87434735243801
CBA;Evapo;17;Current landscape;0,9295254945755;-30,8762932051889;-7,67792735165335;20,8712828824155
CBA;Evapo;17;Current landscape;1;-26,1591229488881;20,0498528590369;44,9887068602388
CBA;Evapo;18;Spatially adjusted;0,01;43,7670027688891;40,1461039310348;34,3145313747477
CBA;Evapo;18;Spatially adjusted;0,0302040816326531;42,7160130007937;39,4053031899948;33,1800956235099
CBA;Evapo;18;Spatially adjusted;0,0504081632653061;41,6524571784826;38,6524071889482;32,0354829901858
CBA;Evapo;18;Spatially adjusted;0,0706122448979592;40,563769247741;37,875320667888;30,8705165926886
CBA;Evapo;18;Spatially adjusted;0,0908163265306122;39,4373831543528;37,0619483668074;29,6750195489317
CBA;Evapo;18;Spatially adjusted;0,111020408163265;38,2607328441029;36,2001950257002;28,4388149768283
CBA;Evapo;18;Spatially adjusted;0,131224489795918;37,021252262776;35,2779653845589;27,1517259942923
CBA;Evapo;18;Spatially adjusted;0,151428571428571;35,7063753561561;34,2831641833768;25,8035757192372
CBA;Evapo;18;Spatially adjusted;0,171632653061224;34,3035360700283;33,2036961621477;24,3841872695759
CBA;Evapo;18;Spatially adjusted;0,191836734693878;32,8001683501768;32,0274660608648;22,8833837632221
CBA;Evapo;18;Spatially adjusted;0,212040816326531;31,1837061423867;30,7423786195207;21,2909883180896
CBA;Evapo;18;Spatially adjusted;0,232244897959184;29,4415833924418;29,336338578109;19,5968240520913
CBA;Evapo;18;Spatially adjusted;0,252448979591837;27,5612340461275;27,797250676623;17,790714083141
CBA;Evapo;18;Spatially adjusted;0,27265306122449;25,5300920492275;26,113019655056;15,8624815291521
CBA;Evapo;18;Spatially adjusted;0,292857142857143;23,335591347527;24,2715502534011;13,8019495080378
CBA;Evapo;18;Spatially adjusted;0,313061224489796;20,9651658868104;22,2607472116515;11,5989411377118
CBA;Evapo;18;Spatially adjusted;0,333265306122449;18,406249612862;20,0685152698009;9,24327953608758
CBA;Evapo;18;Spatially adjusted;0,353469387755102;15,6518225926131;17,6885953528333;6,73069079683569
CBA;Evapo;18;Spatially adjusted;0,373673469387755;12,7170493775839;15,1380731257011;4,08051291665493
CBA;Evapo;18;Spatially adjusted;0,393877551020408;9,62264064043916;12,4398704383473;1,31798686800221
CBA;Evapo;18;Spatially adjusted;0,414081632653061;6,38930705384541;9,61690914071505;-1,531646376666
CBA;Evapo;18;Spatially adjusted;0,434285714285714;3,03775929046878;6,69211108274794;-4,44314584489348
CBA;Evapo;18;Spatially adjusted;0,454489795918367;-0,411291977025257;3,68839811438897;-7,39127056422399
CBA;Evapo;18;Spatially adjusted;0,47469387755102;-3,93713607597033;0,628692085581179;-10,3507795622006
CBA;Evapo;18;Spatially adjusted;0,494897959183674;-7,51906233370028;-2,46408515373173;-13,2964318663678
CBA;Evapo;18;Spatially adjusted;0,515102040816327;-11,1363600775496;-5,56701175360649;-16,2029865042682
CBA;Evapo;18;Spatially adjusted;0,53530612244898;-14,7683186348522;-8,65716586410008;-19,045202503446
CBA;Evapo;18;Spatially adjusted;0,555510204081633;-18,3942273329417;-11,7116256352692;-21,7978388914448
CBA;Evapo;18;Spatially adjusted;0,575714285714286;-21,9933754991523;-14,7074692171705;-24,4356546958077
CBA;Evapo;18;Spatially adjusted;0,595918367346939;-25,5450524608182;-17,6217747598607;-26,9334089440788
CBA;Evapo;18;Spatially adjusted;0,616122448979592;-29,0285475452731;-20,4316204133966;-29,2658606638013
CBA;Evapo;18;Spatially adjusted;0,636326530612245;-32,4231500798512;-23,1140843278349;-31,4077688825194
CBA;Evapo;18;Spatially adjusted;0,656530612244898;-35,7081493918868;-25,6462446532323;-33,3338926277761
CBA;Evapo;18;Spatially adjusted;0,676734693877551;-38,8628348087132;-28,0051795396457;-35,0189909271151
CBA;Evapo;18;Spatially adjusted;0,696938775510204;-41,8715206090246;-30,1738306463819;-36,4448032453477
CBA;Evapo;18;Spatially adjusted;0,717142857142857;-44,7386208769535;-32,1585936697486;-37,6209907963544
CBA;Evapo;18;Spatially adjusted;0,73734693877551;-47,4735746479921;-33,9717278153039;-38,564195231284
CBA;Evapo;18;Spatially adjusted;0,757551020408163;-50,085820957632;-35,6254922886058;-39,2910582012848
CBA;Evapo;18;Spatially adjusted;0,777755102040816;-52,5847988413661;-37,1321462952121;-39,8182213575049
CBA;Evapo;18;Spatially adjusted;0,797959183673469;-54,9799473346866;-38,5039490406807;-40,1623263510933
CBA;Evapo;18;Spatially adjusted;0,818163265306122;-57,2807054730847;-39,7531597305697;-40,3400148331975
CBA;Evapo;18;Spatially adjusted;0,838367346938776;-59,4965122920537;-40,8920375704372;-40,3679284549664
CBA;Evapo;18;Spatially adjusted;0,858571428571429;-61,6368068270849;-41,932841765841;-40,2627088675483
CBA;Evapo;18;Spatially adjusted;0,878775510204082;-63,7110281136711;-42,887831522339;-40,0409977220916
CBA;Evapo;18;Spatially adjusted;0,898979591836735;-65,7286151873043;-43,7692660454891;-39,7194366697447
CBA;Evapo;18;Spatially adjusted;0,919183673469388;-67,6990070834766;-44,5894045408495;-39,3146673616557
CBA;Evapo;18;Spatially adjusted;0,939387755102041;-69,6316428376802;-45,3605062139782;-38,8433314489735
CBA;Evapo;18;Spatially adjusted;0,959591836734694;-71,5359614854074;-46,0948302704328;-38,322070582846
CBA;Evapo;18;Spatially adjusted;0,979795918367347;-73,42140206215;-46,8046359157718;-37,7675264144218
CBA;Evapo;18;Spatially adjusted;1;-75,2974036034004;-47,5021823555524;-37,1963405948491
CBA;Evapo;18;Current landscape;0,026704641059041;-106,174233401944;-102,966796859646;-99,9782171240613
CBA;Evapo;18;Current landscape;0,0723383501172066;-61,2015961942379;-43,4657559741718;-20,5839395087969
CBA;Evapo;18;Current landscape;0,128579154610634;-57,6110073168536;-43,3553105612614;-25,0348519539093
CBA;Evapo;18;Current landscape;0,174601688981056;-23,1821858769615;-14,8694131471725;-8,80063194680542
CBA;Evapo;18;Current landscape;0,229661926627159;-16,9064651738252;-15,4222972460855;-3,6072097241713
CBA;Evapo;18;Current landscape;0,275837630033493;-9,49977690626588;-11,8269337012175;1,22584529168057
CBA;Evapo;18;Current landscape;0,323029369115829;-21,4792973780952;-9,35232329078826;-9,35739393345125
CBA;Evapo;18;Current landscape;0,374837845563889;-37,6684688560572;-24,7472919439601;5,38130476765218
CBA;Evapo;18;Current landscape;0,42545360326767;-32,1793713663039;-20,6432857022719;-2,79690244700214
CBA;Evapo;18;Current landscape;0,473665952682495;-39,0967985141947;-37,9688683952959;-12,2242342138229
CBA;Evapo;18;Current landscape;0,52405846118927;-10,3735922590929;-23,5666918034019;-4,38236692028249
CBA;Evapo;18;Current landscape;0,574802875518799;-51,5365014719334;-35,47188320947;-10,6852281998526
CBA;Evapo;18;Current landscape;0,623373568058014;-24,2838083591548;-11,69009070688;3,55808940753445
CBA;Evapo;18;Current landscape;0,673638045787811;-11,5122159448249;-12,528553414377;-1,94132601029719
CBA;Evapo;18;Current landscape;0,727541744709015;-26,9749679182314;-49,0160103727269;-18,4060361241748
CBA;Evapo;18;Current landscape;0,774727404117584;-46,3291023537256;-29,4181091026555;-9,02073762764712
CBA;Evapo;18;Current landscape;0,822093218564987;-48,1550359476405;-19,4524915917498;-8,74911247928708
CBA;Evapo;18;Current landscape;0,873477518558502;-32,8408986833974;-21,6240025896304;4,75259702837116
CBA;Evapo;18;Current landscape;0,92522668838501;-29,9662921684085;-8,67939072330114;22,6445674692436
CBA;Evapo;18;Current landscape;1;-34,72438370648;8,8003225081975;37,2964656733775
CBA;Evapo;19;Spatially adjusted;0,01;40,1358774418711;34,5179384266016;24,925388447248
CBA;Evapo;19;Spatially adjusted;0,0302040816326531;38,9856970739149;34,0771922531255;24,550896215615
CBA;Evapo;19;Spatially adjusted;0,0504081632653061;37,8246872008194;33,6224461947381;24,1621150772392
CBA;Evapo;19;Spatially adjusted;0,0706122448979592;36,6420183174464;33,1397003665277;23,7447561253778
CBA;Evapo;19;Spatially adjusted;0,0908163265306122;35,4268609186559;32,6149548835824;23,2845304532875
CBA;Evapo;19;Spatially adjusted;0,111020408163265;34,16838549931;32,034209860991;22,7671491542258
CBA;Evapo;19;Spatially adjusted;0,131224489795918;32,855762554269;31,383465413842;22,1783233214496
CBA;Evapo;19;Spatially adjusted;0,151428571428571;31,4781625783935;30,6487216572236;21,5037640482165
CBA;Evapo;19;Spatially adjusted;0,171632653061224;30,0247560665455;29,8159787062245;20,7291824277831
CBA;Evapo;19;Spatially adjusted;0,191836734693878;28,4847135135858;28,8712366759332;19,8402895534066
CBA;Evapo;19;Spatially adjusted;0,212040816326531;26,8472054143749;27,8004956814377;18,8227965183444
CBA;Evapo;19;Spatially adjusted;0,232244897959184;25,1014022637742;26,5897558378272;17,6624144158534
CBA;Evapo;19;Spatially adjusted;0,252448979591837;23,236474556644;25,2250172601894;16,344854339191
CBA;Evapo;19;Spatially adjusted;0,27265306122449;21,2415927878465;23,6922800636132;14,8558273816138
CBA;Evapo;19;Spatially adjusted;0,292857142857143;19,105927452242;21,9775443631872;13,1810446363795
CBA;Evapo;19;Spatially adjusted;0,313061224489796;16,8186490446917;20,0668102739994;11,3062171967449
CBA;Evapo;19;Spatially adjusted;0,333265306122449;14,3689280600563;17,9460779111387;9,21705615596716
CBA;Evapo;19;Spatially adjusted;0,353469387755102;11,7508452289794;15,6084176025249;6,90707975816531
CBA;Evapo;19;Spatially adjusted;0,373673469387755;8,97812222523476;13,0751805274056;4,40103485090458
CBA;Evapo;19;Spatially adjusted;0,393877551020408;6,06939095837788;10,3747880778601;1,73147543261302
CBA;Evapo;19;Spatially adjusted;0,414081632653061;3,04328333796434;7,53566164596691;-1,06904449828289
CBA;Evapo;19;Spatially adjusted;0,434285714285714;-0,0815687264498592;4,58622262380595;-3,96797094335534
CBA;Evapo;19;Spatially adjusted;0,454489795918367;-3,28653332530917;1,55489240345582;-6,93274990417672
CBA;Evapo;19;Spatially adjusted;0,47469387755102;-6,55297854905757;-1,52990762300396;-9,93082738231988
CBA;Evapo;19;Spatially adjusted;0,494897959183674;-9,8622724881393;-4,63975606349459;-12,9296493793577
CBA;Evapo;19;Spatially adjusted;0,515102040816327;-13,1957832329986;-7,74623152593699;-15,8966618968625
CBA;Evapo;19;Spatially adjusted;0,53530612244898;-16,5348788740796;-10,8209126182517;-18,799310936407
CBA;Evapo;19;Spatially adjusted;0,555510204081633;-19,8609275018268;-13,83537794836;-21,6050424995642
CBA;Evapo;19;Spatially adjusted;0,575714285714286;-23,1552972066843;-16,7612061241823;-24,2813025879061
CBA;Evapo;19;Spatially adjusted;0,595918367346939;-26,3993560790962;-19,5699757536399;-26,7955372030058
CBA;Evapo;19;Spatially adjusted;0,616122448979592;-29,5744722095064;-22,2332654446532;-29,1151923464358
CBA;Evapo;19;Spatially adjusted;0,636326530612245;-32,6620136883596;-24,7226538051436;-31,2077140197684
CBA;Evapo;19;Spatially adjusted;0,656530612244898;-35,6433486060998;-27,0097194430318;-33,0405482245772
CBA;Evapo;19;Spatially adjusted;0,676734693877551;-38,4998450531716;-29,0660409662385;-34,5811409624337
CBA;Evapo;19;Spatially adjusted;0,696938775510204;-41,2174709214053;-30,8706335220597;-35,8057471874138
CBA;Evapo;19;Spatially adjusted;0,717142857142857;-43,8005933081784;-32,4322584152931;-36,7258576636004
CBA;Evapo;19;Spatially adjusted;0,73734693877551;-46,2581791122552;-33,7671134901111;-37,3617721075809
CBA;Evapo;19;Spatially adjusted;0,757551020408163;-48,5991952323998;-34,8913965906861;-37,7337902359407
CBA;Evapo;19;Spatially adjusted;0,777755102040816;-50,8326085673757;-35,8213055611907;-37,8622117652658
CBA;Evapo;19;Spatially adjusted;0,797959183673469;-52,9673860159476;-36,5730382457975;-37,7673364121433
CBA;Evapo;19;Spatially adjusted;0,818163265306122;-55,0124944768788;-37,1627924886789;-37,4694638931583
CBA;Evapo;19;Spatially adjusted;0,838367346938776;-56,9769008489338;-37,6067661340073;-36,9888939248979
CBA;Evapo;19;Spatially adjusted;0,858571428571429;-58,8695720308767;-37,9211570259558;-36,3459262239478
CBA;Evapo;19;Spatially adjusted;0,878775510204082;-60,6994749214709;-38,1221630086961;-35,5608605068944
CBA;Evapo;19;Spatially adjusted;0,898979591836735;-62,4755764194815;-38,2259819264016;-34,6539964903238
CBA;Evapo;19;Spatially adjusted;0,919183673469388;-64,2068434236721;-38,2488116232441;-33,6456338908222
CBA;Evapo;19;Spatially adjusted;0,939387755102041;-65,9022428328062;-38,206849943397;-32,5560724249758
CBA;Evapo;19;Spatially adjusted;0,959591836734694;-67,5707415456479;-38,1162947310318;-31,4056118093708
CBA;Evapo;19;Spatially adjusted;0,979795918367347;-69,2213064609621;-37,9933438303217;-30,2145517605936
CBA;Evapo;19;Spatially adjusted;1;-70,8629044775121;-37,8541950854392;-29,0031919952301
CBA;Evapo;19;Current landscape;0,0292090699076653;-95,2310837497264;-86,6263823590893;-87,4175653105463
CBA;Evapo;19;Current landscape;0,0749576464295387;-75,0146786731652;-62,4163988235018;-42,2663898961057
CBA;Evapo;19;Current landscape;0,125745579600334;-46,8807716134095;-42,0382701312892;-19,3906387839982
CBA;Evapo;19;Current landscape;0,174946531653404;-24,9177665925704;-23,4393325778347;-2,1421272015134
CBA;Evapo;19;Current landscape;0,225071638822556;-23,4866181047321;-10,6888259825885;7,75037717289411
CBA;Evapo;19;Current landscape;0,277386724948883;-10,4255925524606;-8,36702040614978;10,9810850830308
CBA;Evapo;19;Current landscape;0,326848030090332;-2,88947976009968;-12,6405403966053;-1,01095069630787
CBA;Evapo;19;Current landscape;0,375146269798279;-32,997637690665;-29,9267677610271;-9,68731293210408
CBA;Evapo;19;Current landscape;0,426267206668854;-11,5495893184686;-8,19554198019341;-1,48806112266198
CBA;Evapo;19;Current landscape;0,473657816648483;-14,1321948641223;-34,467631515093;-23,0842363169716
CBA;Evapo;19;Current landscape;0,526046931743622;-7,26923998900202;-29,8275072802367;-17,1305193863618
CBA;Evapo;19;Current landscape;0,576393604278564;-47,3234167850299;-28,0275846001985;-8,03828061269905
CBA;Evapo;19;Current landscape;0,624512255191803;-42,4509757953865;-30,2441637854768;-19,0317600721587
CBA;Evapo;19;Current landscape;0,674959927797318;-24,9934325749655;-31,4822887400601;-14,9021799090453
CBA;Evapo;19;Current landscape;0,725233733654022;-27,3468413859555;-44,4845463830527;-5,97878846991011
CBA;Evapo;19;Current landscape;0,773220241069794;-44,6454629185107;-32,7140449465264;-14,9913380744226
CBA;Evapo;19;Current landscape;0,823918968439102;-45,6896115754819;-16,8531692607812;-6,84800550847558
CBA;Evapo;19;Current landscape;0,877466797828674;-28,9761821616619;-17,2302684130066;8,25989138180853
CBA;Evapo;19;Current landscape;0,928592920303345;-42,3750226561269;-19,0164939062395;10,6104119727106
CBA;Evapo;19;Current landscape;1;-29,2414461496826;18,1681788821197;44,2490428669642
CBA;Evapo;20;Spatially adjusted;0,01;36,2065430644598;32,6349526195736;28,4118568933664
CBA;Evapo;20;Spatially adjusted;0,0302040816326531;35,6439671077239;32,1374552436507;27,6321748332578
CBA;Evapo;20;Spatially adjusted;0,0504081632653061;35,0660302616222;31,6279470867009;26,8405881848444
CBA;Evapo;20;Spatially adjusted;0,0706122448979592;34,4573716367888;31,0944173676974;26,0251923598212
CBA;Evapo;20;Spatially adjusted;0,0908163265306122;33,8026303438573;30,5248553056131;25,1740827698839
CBA;Evapo;20;Spatially adjusted;0,111020408163265;33,0864454934624;29,9072501194216;24,2753548267272
CBA;Evapo;20;Spatially adjusted;0,131224489795918;32,2934561962377;29,2295910280955;23,3171039420463
CBA;Evapo;20;Spatially adjusted;0,151428571428571;31,4083015628171;28,4798672506081;22,2874255275367
CBA;Evapo;20;Spatially adjusted;0,171632653061224;30,4156207038352;27,6460680059327;21,1744149948938
CBA;Evapo;20;Spatially adjusted;0,191836734693878;29,3000527299262;26,716182513042;19,9661677558122
CBA;Evapo;20;Spatially adjusted;0,212040816326531;28,0462367517234;25,6781999909097;18,6507792219875
CBA;Evapo;20;Spatially adjusted;0,232244897959184;26,6388118798611;24,5201096585081;17,2163448051144
CBA;Evapo;20;Spatially adjusted;0,252448979591837;25,0624172249743;23,2299007348113;15,6509599168887
CBA;Evapo;20;Spatially adjusted;0,27265306122449;23,301691897696;21,7955624387919;13,9427199690053
CBA;Evapo;20;Spatially adjusted;0,292857142857143;21,3412750086602;20,205083989423;12,0797203731595
CBA;Evapo;20;Spatially adjusted;0,313061224489796;19,1658056685017;18,4464546056777;10,0500565410464
CBA;Evapo;20;Spatially adjusted;0,333265306122449;16,7599229878547;16,5076635065293;7,84182388436125
CBA;Evapo;20;Spatially adjusted;0,353469387755102;14,1154311738444;14,3827764916759;5,45016727869256
CBA;Evapo;20;Spatially adjusted;0,373673469387755;11,2527948195645;12,0901656837166;2,89842945520263
CBA;Evapo;20;Spatially adjusted;0,393877551020408;8,19964361460166;9,65427978597518;0,217002608947041
CBA;Evapo;20;Spatially adjusted;0,414081632653061;4,98360724854092;7,09956750177594;-2,56372106501908
CBA;Evapo;20;Spatially adjusted;0,434285714285714;1,6323154109682;4,45047753444283;-5,41334937164038
CBA;Evapo;20;Spatially adjusted;0,454489795918367;-1,82660220853086;1,73145858730004;-8,30149011586036
CBA;Evapo;20;Spatially adjusted;0,47469387755102;-5,3655159203704;-1,03304063632868;-11,1977511026244
CBA;Evapo;20;Spatially adjusted;0,494897959183674;-8,95679603496456;-3,81857143311936;-14,0717401368763
CBA;Evapo;20;Spatially adjusted;0,515102040816327;-12,5728128627281;-6,60068509974735;-16,8930650235611
CBA;Evapo;20;Spatially adjusted;0,53530612244898;-16,1859367140751;-9,35493293288891;-19,6313335676234
CBA;Evapo;20;Spatially adjusted;0,555510204081633;-19,7685378994195;-12,0568662292203;-22,2561535740069
CBA;Evapo;20;Spatially adjusted;0,575714285714286;-23,2929867291759;-14,6820362854171;-24,7371328476568
CBA;Evapo;20;Spatially adjusted;0,595918367346939;-26,7316535137586;-17,2059943981556;-27,0438791935171
CBA;Evapo;20;Spatially adjusted;0,616122448979592;-30,0569085635818;-19,6042918641112;-29,1460004165326
CBA;Evapo;20;Spatially adjusted;0,636326530612245;-33,24112218906;-21,8524799799604;-31,0131043216477
CBA;Evapo;20;Spatially adjusted;0,656530612244898;-36,256664700607;-23,9261100423789;-32,6147987138068
CBA;Evapo;20;Spatially adjusted;0,676734693877551;-39,0759064086374;-25,8007333480425;-33,9206913979544
CBA;Evapo;20;Spatially adjusted;0,696938775510204;-41,6781551811328;-27,4583036385573;-34,9088533980348
CBA;Evapo;20;Spatially adjusted;0,717142857142857;-44,0704691163448;-28,9063844352481;-35,5912086139899
CBA;Evapo;20;Spatially adjusted;0,73734693877551;-46,2668438700921;-30,1589417043701;-35,988144164761
CBA;Evapo;20;Spatially adjusted;0,757551020408163;-48,2812750981937;-31,2299414121783;-36,1200471692905
CBA;Evapo;20;Spatially adjusted;0,777755102040816;-50,1277584564687;-32,1333495249271;-36,0073047465198
CBA;Evapo;20;Spatially adjusted;0,797959183673469;-51,8202896007358;-32,8831320088718;-35,6703040153902
CBA;Evapo;20;Spatially adjusted;0,818163265306122;-53,3728641868138;-33,4932548302675;-35,1294320948439
CBA;Evapo;20;Spatially adjusted;0,838367346938776;-54,7994778705218;-33,9776839553686;-34,4050761038225
CBA;Evapo;20;Spatially adjusted;0,858571428571429;-56,1141263076784;-34,3503853504303;-33,5176231612677
CBA;Evapo;20;Spatially adjusted;0,878775510204082;-57,3308051541028;-34,6253249817078;-32,4874603861208
CBA;Evapo;20;Spatially adjusted;0,898979591836735;-58,463510065614;-34,8164688154557;-31,3349748973237
CBA;Evapo;20;Spatially adjusted;0,919183673469388;-59,5262366980303;-34,9377828179288;-30,0805538138186
CBA;Evapo;20;Spatially adjusted;0,939387755102041;-60,5329807071714;-35,0032329553824;-28,7445842545467
CBA;Evapo;20;Spatially adjusted;0,959591836734694;-61,4977377488556;-35,0267851940712;-27,3474533384492
CBA;Evapo;20;Spatially adjusted;0,979795918367347;-62,4345034789021;-35,02240550025;-25,9095481844688
CBA;Evapo;20;Spatially adjusted;1;-63,3572735531298;-35,004059840174;-24,4512559115467
CBA;Evapo;20;Current landscape;0,025765361264348;-113,462370036669;-97,666885922406;-76,7867810074797
CBA;Evapo;20;Current landscape;0,0735819339752197;-44,9937202399528;-32,6400284455672;-31,0241340863406
CBA;Evapo;20;Current landscape;0,129306361079216;-43,5757234460866;-31,2802685372894;-16,861498707098
CBA;Evapo;20;Current landscape;0,17582131922245;-56,2709175556458;-50,0280284392829;-20,0611251507196
CBA;Evapo;20;Current landscape;0,224680975079536;-38,9503881376977;-42,5002458611486;-25,1392629924201
CBA;Evapo;20;Current landscape;0,275489389896393;-44,1309245973616;-26,3132530832725;-16,7707703155265
CBA;Evapo;20;Current landscape;0,326527073979378;-18,4441106688187;-20,7592004846083;-10,9529791555192
CBA;Evapo;20;Current landscape;0,37512144446373;-22,5364273597652;-30,7015909670531;3,93508688671432
CBA;Evapo;20;Current landscape;0,422609895467758;-8,84476154838399;-11,3700779973537;6,73736163883086
CBA;Evapo;20;Current landscape;0,472653448581696;-29,9677598178632;-25,3141224363844;-13,5362335025668
CBA;Evapo;20;Current landscape;0,524255573749542;-20,7912640681411;-18,6227138954635;-2,43337921396028
CBA;Evapo;20;Current landscape;0,574449777603149;-37,0394485219758;-16,7687703787392;10,1187009340581
CBA;Evapo;20;Current landscape;0,622835129499435;-29,3887439611667;-17,8174710398516;0,501324612713233
CBA;Evapo;20;Current landscape;0,676512241363525;-27,4146860770368;-35,2425131169766;-20,8407656951381
CBA;Evapo;20;Current landscape;0,725705444812775;-21,2107612743389;-29,5794857092933;-7,7212614172015
CBA;Evapo;20;Current landscape;0,776543408632278;-42,8119636514753;-29,1133317785786;-14,8970489444423
CBA;Evapo;20;Current landscape;0,825723767280579;-40,83043054922;-12,1861439248182;-2,27539499745853
CBA;Evapo;20;Current landscape;0,872219443321228;-19,6145526092271;-8,38701968881833;17,558184102154
CBA;Evapo;20;Current landscape;0,93082332611084;-30,2715282374145;-8,87219790173276;21,8270011829909
CBA;Evapo;20;Current landscape;1;-32,2156687374461;11,6508019863036;39,8577947233432
CBA;Evapo;21;Spatially adjusted;0,01;48,4592202458105;48,4036490233666;41,6720294940426
CBA;Evapo;21;Spatially adjusted;0,0302040816326531;47,1076425050326;46,6681768605063;39,7577226392723
CBA;Evapo;21;Spatially adjusted;0,0504081632653061;45,745393228709;44,9273176838733;37,8387865896596
CBA;Evapo;21;Spatially adjusted;0,0706122448979592;44,3618008812935;43,1756844796962;35,9105921503608
CBA;Evapo;21;Spatially adjusted;0,0908163265306122;42,9461939272401;41,4078902342017;33,9685101265334
CBA;Evapo;21;Spatially adjusted;0,111020408163265;41,4879008310031;39,6185479336179;32,0079113233346
CBA;Evapo;21;Spatially adjusted;0,131224489795918;39,9762500570369;37,8022705641727;30,0241665459214
CBA;Evapo;21;Spatially adjusted;0,151428571428571;38,4005700697949;35,9536711120932;28,0126465994508
CBA;Evapo;21;Spatially adjusted;0,171632653061224;36,7501893337314;34,0673625636075;25,9687222890802
CBA;Evapo;21;Spatially adjusted;0,191836734693878;35,0144363133009;32,1379579049433;23,8877644199663
CBA;Evapo;21;Spatially adjusted;0,212040816326531;33,1826394729569;30,1600701223281;21,765143797267
CBA;Evapo;21;Spatially adjusted;0,232244897959184;31,2441272771537;28,1283122019897;19,5962312261386
CBA;Evapo;21;Spatially adjusted;0,252448979591837;29,1882281903459;26,0372971301554;17,3763975117386
CBA;Evapo;21;Spatially adjusted;0,27265306122449;27,0042706769871;23,8816378930533;15,1010134592241
CBA;Evapo;21;Spatially adjusted;0,292857142857143;24,6815832015311;21,655947476911;12,765449873752
CBA;Evapo;21;Spatially adjusted;0,313061224489796;22,2094942284325;19,3548388679558;10,3650775604799
CBA;Evapo;21;Spatially adjusted;0,333265306122449;19,5773322221451;16,9729250524158;7,89526732456488
CBA;Evapo;21;Spatially adjusted;0,353469387755102;16,7790457706985;14,5077621716546;5,35475695895525
CBA;Evapo;21;Spatially adjusted;0,373673469387755;13,8270639564257;11,9686789875786;2,75575220776841
CBA;Evapo;21;Spatially adjusted;0,393877551020408;10,7384359852333;9,36794741723133;0,113825802912061
CBA;Evapo;21;Spatially adjusted;0,414081632653061;7,53021106302936;6,71783937765508;-2,55544952370428
CBA;Evapo;21;Spatially adjusted;0,434285714285714;4,21943839572214;4,03062678589299;-5,23650104017315
CBA;Evapo;21;Spatially adjusted;0,454489795918367;0,823167189218566;1,31858155898794;-7,91375601458549
CBA;Evapo;21;Spatially adjusted;0,47469387755102;-2,64155335057239;-1,40602438601718;-10,5716417150331
CBA;Evapo;21;Spatially adjusted;0,494897959183674;-6,15767401774451;-4,13091913208018;-13,194585409607
CBA;Evapo;21;Spatially adjusted;0,515102040816327;-9,70814560638951;-6,84383076215727;-15,7670143663993
CBA;Evapo;21;Spatially adjusted;0,53530612244898;-13,2759189105989;-9,53248735920624;-18,2733558535012
CBA;Evapo;21;Spatially adjusted;0,555510204081633;-16,8439447244666;-12,184617006184;-20,6980371390046
CBA;Evapo;21;Spatially adjusted;0,575714285714286;-20,3951738420831;-14,7879477860477;-23,0254854910006
CBA;Evapo;21;Spatially adjusted;0,595918367346939;-23,9125570575413;-17,3302077817548;-25,2401281775806
CBA;Evapo;21;Spatially adjusted;0,616122448979592;-27,3790451649336;-19,7991250762618;-27,3263924668363
CBA;Evapo;21;Spatially adjusted;0,636326530612245;-30,7775889583527;-22,1824277525268;-29,2687056268596
CBA;Evapo;21;Spatially adjusted;0,656530612244898;-34,0911392318903;-24,4678438935059;-31,0514949257415
CBA;Evapo;21;Spatially adjusted;0,676734693877551;-37,3026467796385;-26,6431015821572;-32,6591876315738
CBA;Evapo;21;Spatially adjusted;0,696938775510204;-40,3991444709632;-28,699249537292;-34,0807926065675
CBA;Evapo;21;Spatially adjusted;0,717142857142857;-43,3839934763219;-30,6406190211415;-35,3236450894131
CBA;Evapo;21;Spatially adjusted;0,73734693877551;-46,2646370414461;-32,4748619317911;-36,3996619129202
CBA;Evapo;21;Spatially adjusted;0,757551020408163;-49,0485184120664;-34,2096301673271;-37,3207599098987
CBA;Evapo;21;Spatially adjusted;0,777755102040816;-51,7430808339145;-35,8525756258343;-38,0988559131586
CBA;Evapo;21;Spatially adjusted;0,797959183673469;-54,3557675527204;-37,4113502053995;-38,74586675551
CBA;Evapo;21;Spatially adjusted;0,818163265306122;-56,8940218142161;-38,8936058041074;-39,2737092697623
CBA;Evapo;21;Spatially adjusted;0,838367346938776;-59,365286864132;-40,3069943200444;-39,6943002887256
CBA;Evapo;21;Spatially adjusted;0,858571428571429;-61,7770059482;-41,6591676512955;-40,0195566452098
CBA;Evapo;21;Spatially adjusted;0,878775510204082;-64,1366223121504;-42,9577776959468;-40,2613951720248
CBA;Evapo;21;Spatially adjusted;0,898979591836735;-66,4515792017144;-44,2104763520842;-40,4317327019808
CBA;Evapo;21;Spatially adjusted;0,919183673469388;-68,7293198626233;-45,4249155177931;-40,542486067887
CBA;Evapo;21;Spatially adjusted;0,939387755102041;-70,9772875406081;-46,6087470911591;-40,6055721025537
CBA;Evapo;21;Spatially adjusted;0,959591836734694;-73,2029254813995;-47,7696229702679;-40,632907638791
CBA;Evapo;21;Spatially adjusted;0,979795918367347;-75,4136769307288;-48,9151950532055;-40,6364095094082
CBA;Evapo;21;Spatially adjusted;1;-77,616985134327;-50,0531152380574;-40,6279945472159
CBA;Evapo;21;Current landscape;0,0271795094013214;-105,873385224668;-87,916650690031;-66,0417244958437
CBA;Evapo;21;Current landscape;0,0689861699938774;-66,4591783899327;-56,4132432871472;-34,2870261669107
CBA;Evapo;21;Current landscape;0,122691728174686;-21,5681942018623;-16,7828194068072;-7,99375421761874
CBA;Evapo;21;Current landscape;0,175944596529007;-63,4721048736071;-61,9603156205033;-35,9019011132204
CBA;Evapo;21;Current landscape;0,227621614933014;-12,5750665452424;-2,75672218695422;-1,57991203719348
CBA;Evapo;21;Current landscape;0,273492842912674;-17,636773887232;-13,934562345569;-11,8371089666512
CBA;Evapo;21;Current landscape;0,325175940990448;-23,9085366233358;-25,614893436906;-16,6000353902982
CBA;Evapo;21;Current landscape;0,37512144446373;-44,0466050299362;-25,5814528263061;-1,79818746383239
CBA;Evapo;21;Current landscape;0,425342962145805;-17,4029232115236;-14,5175922792371;3,44347633362759
CBA;Evapo;21;Current landscape;0,476335197687149;-7,84938712929443;-19,1076888755154;-6,29810051509139
CBA;Evapo;21;Current landscape;0,526028513908386;-13,6613085710837;-28,3501206809265;-0,273698142824287
CBA;Evapo;21;Current landscape;0,572963058948517;-47,528237894441;-35,769059848009;0,515693511539439
CBA;Evapo;21;Current landscape;0,625116288661957;-23,3858549899412;-15,4873289450541;6,74809750831605
CBA;Evapo;21;Current landscape;0,674980103969574;-9,89198463937214;-16,1331011890675;-7,87820119518983
CBA;Evapo;21;Current landscape;0,723926842212677;-18,2883434340031;-38,4670969612928;-4,55169114507817
CBA;Evapo;21;Current landscape;0,776917636394501;-38,9600934126001;-25,1237427167307;-7,09039518583177
CBA;Evapo;21;Current landscape;0,823221325874328;-42,5303487161993;-13,7369337821003;-2,80628858264117
CBA;Evapo;21;Current landscape;0,874056100845337;-46,7115920936149;-34,6618257338344;-8,58573195169515
CBA;Evapo;21;Current landscape;0,928057461977005;-40,928200791137;-19,1534039262817;12,270694726785
CBA;Evapo;21;Current landscape;1;-30,000672268224;12,8475359970678;40,6457161482674
CBA;Evapo;22;Spatially adjusted;0,01;36,3580260545132;30,6314593977902;25,8599763916143
CBA;Evapo;22;Spatially adjusted;0,0302040816326531;35,6053576231159;30,3839680051869;25,0709886748152
CBA;Evapo;22;Spatially adjusted;0,0504081632653061;34,8391520606745;30,1228472982059;24,2718939494605
CBA;Evapo;22;Spatially adjusted;0,0706122448979592;34,045872236145;29,8344679624693;23,4525852069949
CBA;Evapo;22;Spatially adjusted;0,0908163265306122;33,2119810184834;29,5052006835995;22,6029554388629
CBA;Evapo;22;Spatially adjusted;0,111020408163265;32,3239412766457;29,1214161472185;21,7128976365088
CBA;Evapo;22;Spatially adjusted;0,131224489795918;31,3682158795878;28,669485038949;20,7723047913771
CBA;Evapo;22;Spatially adjusted;0,151428571428571;30,3312676962653;28,1357780444125;19,7710698949127
CBA;Evapo;22;Spatially adjusted;0,171632653061224;29,1995595956346;27,5066658492319;18,6990859385594
CBA;Evapo;22;Spatially adjusted;0,191836734693878;27,9595544466513;26,7685191390292;17,5462459137623
CBA;Evapo;22;Spatially adjusted;0,212040816326531;26,5977151182717;25,9077085994268;16,3024428119657
CBA;Evapo;22;Spatially adjusted;0,232244897959184;25,1005044794515;24,9106049160464;14,9575696246138
CBA;Evapo;22;Spatially adjusted;0,252448979591837;23,4543853991468;23,7635787745105;13,5015193431518
CBA;Evapo;22;Spatially adjusted;0,27265306122449;21,6458207463131;22,4530008604418;11,9241849590235
CBA;Evapo;22;Spatially adjusted;0,292857142857143;19,6612733899071;20,9652418594621;10,2154594636738
CBA;Evapo;22;Spatially adjusted;0,313061224489796;17,4872061988842;19,2866724571938;8,36523584854695
CBA;Evapo;22;Spatially adjusted;0,333265306122449;15,1100820422005;17,4036633392591;6,36340710508762
CBA;Evapo;22;Spatially adjusted;0,353469387755102;12,5226637825483;15,3093488856998;4,20578233330889
CBA;Evapo;22;Spatially adjusted;0,373673469387755;9,74291425756451;13,023918254238;1,91183506749803
CBA;Evapo;22;Spatially adjusted;0,393877551020408;6,79509629862264;10,5743242970148;-0,493045049489183
CBA;Evapo;22;Spatially adjusted;0,414081632653061;3,70347273709581;7,98751986617231;-2,98346837479676
CBA;Evapo;22;Spatially adjusted;0,434285714285714;0,492306404357578;5,29045781385139;-5,53404526556869
CBA;Evapo;22;Spatially adjusted;0,454489795918367;-2,81413986821872;2,51009099219391;-8,11938607894945
CBA;Evapo;22;Spatially adjusted;0,47469387755102;-6,19160324925997;-0,32662774665846;-10,7141011720828
CBA;Evapo;22;Spatially adjusted;0,494897959183674;-9,61582090739307;-3,1927455505645;-13,292800902113
CBA;Evapo;22;Spatially adjusted;0,515102040816327;-13,0625300112436;-6,06130956738252;-15,8300956261844
CBA;Evapo;22;Spatially adjusted;0,53530612244898;-16,507467729439;-8,90536694497087;-18,3005957014404
CBA;Evapo;22;Spatially adjusted;0,555510204081633;-19,9263712306063;-11,6979648311885;-20,6789114850262
CBA;Evapo;22;Spatially adjusted;0,575714285714286;-23,2949776833714;-14,4121503738936;-22,9396533340853
CBA;Evapo;22;Spatially adjusted;0,595918367346939;-26,5890242563614;-17,0209707209447;-25,0574316057616
CBA;Evapo;22;Spatially adjusted;0,616122448979592;-29,7842481182029;-19,4974730202;-27,0068566571997
CBA;Evapo;22;Spatially adjusted;0,636326530612245;-32,8563864375224;-21,8147044195182;-28,7625388455433
CBA;Evapo;22;Spatially adjusted;0,656530612244898;-35,7811763829468;-23,9457120667578;-30,2990885279369
CBA;Evapo;22;Spatially adjusted;0,676734693877551;-38,5343551231022;-25,8635431097773;-31,5911160615242
CBA;Evapo;22;Spatially adjusted;0,696938775510204;-41,0977439863934;-27,5482381869624;-32,6202749917557
CBA;Evapo;22;Spatially adjusted;0,717142857142857;-43,4775009403322;-29,0078118988085;-33,3963916173038
CBA;Evapo;22;Spatially adjusted;0,73734693877551;-45,6858681122098;-30,257272336338;-33,9363354251477
CBA;Evapo;22;Spatially adjusted;0,757551020408163;-47,735087629316;-31,3116275905741;-34,2569759022667
CBA;Evapo;22;Spatially adjusted;0,777755102040816;-49,6374016189404;-32,1858857525385;-34,3751825356389
CBA;Evapo;22;Spatially adjusted;0,797959183673469;-51,4050522083737;-32,8950549132544;-34,3078248122436
CBA;Evapo;22;Spatially adjusted;0,818163265306122;-53,0502815249054;-33,4541431637442;-34,0717722190595
CBA;Evapo;22;Spatially adjusted;0,838367346938776;-54,5853316958267;-33,8781585950305;-33,6838942430657
CBA;Evapo;22;Spatially adjusted;0,858571428571429;-56,0224448484264;-34,1821092981361;-33,1610603712411
CBA;Evapo;22;Spatially adjusted;0,878775510204082;-57,3738631099952;-34,3810033640834;-32,5201400905642
CBA;Evapo;22;Spatially adjusted;0,898979591836735;-58,651828607824;-34,4898488838953;-31,7780028880138
CBA;Evapo;22;Spatially adjusted;0,919183673469388;-59,8685834692017;-34,5236539485938;-30,9515182505695
CBA;Evapo;22;Spatially adjusted;0,939387755102041;-61,0363698214189;-34,497426649202;-30,0575556652095
CBA;Evapo;22;Spatially adjusted;0,959591836734694;-62,1674297917659;-34,4261750767425;-29,1129846189131
CBA;Evapo;22;Spatially adjusted;0,979795918367347;-63,2740055075326;-34,3249073222378;-28,1346745986587
CBA;Evapo;22;Spatially adjusted;1;-64,3683390960091;-34,2086314767105;-27,1394950914255
CBA;Evapo;22;Current landscape;0,0301679763942957;-62,7748377499399;-45,4046575954653;-39,0124256422444
CBA;Evapo;22;Current landscape;0,0765604749321938;-81,1600687996206;-67,9498448049117;-44,559884579297
CBA;Evapo;22;Current landscape;0,127976417541504;-54,9540830784381;-46,1797074861925;-27,2795809885895
CBA;Evapo;22;Current landscape;0,175502061843872;-74,8669468297317;-69,6704985751362;-52,0161450690789
CBA;Evapo;22;Current landscape;0,22783836722374;-5,56136493658778;-12,9041216205512;-3,73740545447276
CBA;Evapo;22;Current landscape;0,276523530483246;-17,8233432877607;-19,8256340315213;-9,76341794399195
CBA;Evapo;22;Current landscape;0,321390673518181;-20,8014103685384;-26,2182752415465;1,97870544635157
CBA;Evapo;22;Current landscape;0,374857723712921;-43,7812324402696;-24,0766401264621;-2,90688892099456
CBA;Evapo;22;Current landscape;0,427268803119659;-32,2350058008162;-11,0249016513421;-3,07561644522684
CBA;Evapo;22;Current landscape;0,474611610174179;-32,851200844173;-32,6513185814549;-9,61799698357572
CBA;Evapo;22;Current landscape;0,524997591972351;-24,7943239594717;-25,3122333618503;-2,20580800653852
CBA;Evapo;22;Current landscape;0,574351251125336;-34,3365972550575;-24,6778432125893;7,43638941907284
CBA;Evapo;22;Current landscape;0,628464043140411;-36,3102100515412;-14,980081694921;4,24642193231307
CBA;Evapo;22;Current landscape;0,676035106182098;-11,8847144126651;-6,30646418969582;2,5546813736828
CBA;Evapo;22;Current landscape;0,725155651569366;-14,4770612243017;-30,6650354869914;6,83366179001405
CBA;Evapo;22;Current landscape;0,771948277950287;-36,2322623444827;-22,7307422785782;6,86065220148839
CBA;Evapo;22;Current landscape;0,824929535388947;-36,1408574190277;-7,61619958653614;2,85463862276765
CBA;Evapo;22;Current landscape;0,875081777572632;-30,0947341837614;-17,9915983590608;7,46395760495284
CBA;Evapo;22;Current landscape;0,92601090669632;-36,7339833389156;-14,1132386281181;15,1086783028732
CBA;Evapo;22;Current landscape;1;-27,916036949325;17,7417318322794;43,4378725597294
CBA;Evapo;23;Spatially adjusted;0,01;39,5548823368829;37,625973886752;35,9036730285516
CBA;Evapo;23;Spatially adjusted;0,0302040816326531;38,9901963850257;36,8894361846308;34,6538086532414
CBA;Evapo;23;Spatially adjusted;0,0504081632653061;38,4092713768337;36,1426778168152;33,3937112256908
CBA;Evapo;23;Spatially adjusted;0,0706122448979592;37,795868255972;35,3754781176101;32,1131476936598
CBA;Evapo;23;Spatially adjusted;0,0908163265306122;37,1337479661054;34,5776164213214;30,8018850049082
CBA;Evapo;23;Spatially adjusted;0,111020408163265;36,4066714508997;33,7388720622544;29,4496901071955
CBA;Evapo;23;Spatially adjusted;0,131224489795918;35,5983996540192;32,8490243747142;28,0463299482817
CBA;Evapo;23;Spatially adjusted;0,151428571428571;34,6926935191298;31,8978526930061;26,5815714759265
CBA;Evapo;23;Spatially adjusted;0,171632653061224;33,6733139898961;30,8751363514364;25,0451816378898
CBA;Evapo;23;Spatially adjusted;0,191836734693878;32,5240220099834;29,7706546843094;23,4269273819311
CBA;Evapo;23;Spatially adjusted;0,212040816326531;31,2285785230567;28,574187025931;21,7165756558102
CBA;Evapo;23;Spatially adjusted;0,232244897959184;29,7707444727816;27,2755127106068;19,9038934072871
CBA;Evapo;23;Spatially adjusted;0,252448979591837;28,1342808028226;25,8644110726418;17,9786475841215
CBA;Evapo;23;Spatially adjusted;0,27265306122449;26,3029484568451;24,3306614463415;15,9306051340729
CBA;Evapo;23;Spatially adjusted;0,292857142857143;24,2605083785143;22,6640431660114;13,7495330049014
CBA;Evapo;23;Spatially adjusted;0,313061224489796;21,9907215114954;20,8543355659572;11,4251981443667
CBA;Evapo;23;Spatially adjusted;0,333265306122449;19,4773487994528;18,8913179804833;8,94736750022844
CBA;Evapo;23;Spatially adjusted;0,353469387755102;16,7116267388365;16,7695387536212;6,31209791680271
CBA;Evapo;23;Spatially adjusted;0,373673469387755;13,7146940372281;14,5026222683005;3,54060582463194
CBA;Evapo;23;Spatially adjusted;0,393877551020408;10,5151649549944;12,108961917176;0,660397550813514
CBA;Evapo;23;Spatially adjusted;0,414081632653061;7,14165375250173;9,60695109290305;-2,3010205775538
CBA;Evapo;23;Spatially adjusted;0,434285714285714;3,62277469011701;7,01498318813674;-5,31614223337192
CBA;Evapo;23;Spatially adjusted;0,454489795918367;-0,0128579717943467;4,3514515955319;-8,35746108954277
CBA;Evapo;23;Spatially adjusted;0,47469387755102;-3,73662997286533;1,63474970774382;-11,3974708189678
CBA;Evapo;23;Spatially adjusted;0,494897959183674;-7,5199270527296;-1,11672908257242;-14,408665094549
CBA;Evapo;23;Spatially adjusted;0,515102040816327;-11,3341349510208;-3,88459138276198;-17,3635375891877
CBA;Evapo;23;Spatially adjusted;0,53530612244898;-15,1506394073726;-6,65044380017002;-20,2345819757861
CBA;Evapo;23;Spatially adjusted;0,555510204081633;-18,940826161419;-9,39589294214079;-22,994291927246
CBA;Evapo;23;Spatially adjusted;0,575714285714286;-22,6760809527928;-12,1025454160199;-25,6151611164692
CBA;Evapo;23;Spatially adjusted;0,595918367346939;-26,3277895211286;-14,7520078291518;-28,0696832163569
CBA;Evapo;23;Spatially adjusted;0,616122448979592;-29,867337606059;-17,3258867888819;-30,3303518998116
CBA;Evapo;23;Spatially adjusted;0,636326530612245;-33,2661109472188;-19,8057889025547;-32,3696608397345
CBA;Evapo;23;Spatially adjusted;0,656530612244898;-36,4954952842406;-22,1733207775155;-34,1601037090277
CBA;Evapo;23;Spatially adjusted;0,676734693877551;-39,5268763567583;-24,4100890211089;-35,6741741805929
CBA;Evapo;23;Spatially adjusted;0,696938775510204;-42,3387695470178;-26,5023195251231;-36,8921157185648
CBA;Evapo;23;Spatially adjusted;0,717142857142857;-44,9382088077109;-28,4547153191161;-37,8251709520123
CBA;Evapo;23;Spatially adjusted;0,73734693877551;-47,3393577341428;-30,2765987170901;-38,492332301237
CBA;Evapo;23;Spatially adjusted;0,757551020408163;-49,5563799216175;-31,9772920330456;-38,91259218654
CBA;Evapo;23;Spatially adjusted;0,777755102040816;-51,6034389654396;-33,5661175809846;-39,1049430282235
CBA;Evapo;23;Spatially adjusted;0,797959183673469;-53,4946984609126;-35,0523976749082;-39,0883772465886
CBA;Evapo;23;Spatially adjusted;0,818163265306122;-55,2443220033422;-36,4454546288182;-38,8818872619377
CBA;Evapo;23;Spatially adjusted;0,838367346938776;-56,8664731880319;-37,7546107567155;-38,5044654945716
CBA;Evapo;23;Spatially adjusted;0,858571428571429;-58,3753156102869;-38,9891883726016;-37,9751043647925
CBA;Evapo;23;Spatially adjusted;0,878775510204082;-59,7850128654104;-40,1585097904779;-37,312796292902
CBA;Evapo;23;Spatially adjusted;0,898979591836735;-61,1097285487081;-41,2718973243461;-36,5365336992018
CBA;Evapo;23;Spatially adjusted;0,919183673469388;-62,3636262554835;-42,3386732882072;-35,6653090039931
CBA;Evapo;23;Spatially adjusted;0,939387755102041;-63,5608695810415;-43,368159996063;-34,7181146275777
CBA;Evapo;23;Spatially adjusted;0,959591836734694;-64,7156221206865;-44,3696797619143;-33,7139429902579
CBA;Evapo;23;Spatially adjusted;0,979795918367347;-65,8420474697223;-45,3525548997629;-32,6717865123342
CBA;Evapo;23;Spatially adjusted;1;-66,9543092234535;-46,3261077236105;-31,6106376141092
CBA;Evapo;23;Current landscape;0,0257639773190022;-90,9662330082088;-79,6546529552172;-64,3621777399744
CBA;Evapo;23;Current landscape;0,0720016211271286;-90,9984624695076;-75,7189152548676;-63,8001119315049
CBA;Evapo;23;Current landscape;0,129977285861969;-48,1758248967203;-40,735821716856;-16,9417784087334
CBA;Evapo;23;Current landscape;0,173821017146111;-58,4044584544079;-52,7223612683106;-25,4419859650996
CBA;Evapo;23;Current landscape;0,229475051164627;-43,6822302303392;-34,2932137047867;-18,5903933535089
CBA;Evapo;23;Current landscape;0,275119960308075;-29,9532764517774;-29,8993807917937;7,8493035689628
CBA;Evapo;23;Current landscape;0,322636067867279;-35,5974615209154;-27,8222713515452;-6,44787781504215
CBA;Evapo;23;Current landscape;0,377065062522888;-17,5213167920999;-17,5874718720711;10,1268432982681
CBA;Evapo;23;Current landscape;0,425769597291946;-19,1132655155434;-25,1042348336719;0,296936312234038
CBA;Evapo;23;Current landscape;0,472321689128876;-21,2489295860444;-22,9131299114622;-6,82446770622119
CBA;Evapo;23;Current landscape;0,524922758340836;-16,0040091457299;-24,2140016577166;-19,6416376093716
CBA;Evapo;23;Current landscape;0,574734270572662;-40,9278631039563;-29,1243920760171;-10,3507024406442
CBA;Evapo;23;Current landscape;0,628876268863678;-48,266160230982;-22,6910662089908;-21,6876712513895
CBA;Evapo;23;Current landscape;0,675459146499634;-17,9369918240441;-13,8467956125221;-19,5068478851613
CBA;Evapo;23;Current landscape;0,727111577987671;-27,5080044368879;-38,1095146007751;-2,55030899770463
CBA;Evapo;23;Current landscape;0,776721775531769;-45,6642100799736;-31,7819616905908;-3,72485094469175
CBA;Evapo;23;Current landscape;0,824730634689331;-43,5070763503586;-16,0077266334476;-6,37613148686842
CBA;Evapo;23;Current landscape;0,877741694450378;-17,4641578648748;-8,49870235910316;17,8887628555817
CBA;Evapo;23;Current landscape;0,927251160144806;-32,2541405644072;-15,3722221722344;17,8634251750739
CBA;Evapo;23;Current landscape;1;-29,7230623146459;6,1805371027358;38,0444054138161
CBA;Evapo;24;Spatially adjusted;0,01;48,5960141415385;42,7468555914882;40,4668633452927
CBA;Evapo;24;Spatially adjusted;0,0302040816326531;47,1820435030315;41,8192162435892;38,9652516440137
CBA;Evapo;24;Spatially adjusted;0,0504081632653061;45,7564124053083;40,8795047647043;37,4541824173173
CBA;Evapo;24;Spatially adjusted;0,0706122448979592;44,3074603891523;39,9156490238481;35,9241981397859
CBA;Evapo;24;Spatially adjusted;0,0908163265306122;42,8235269953464;38,9155768900348;34,3658412860025
CBA;Evapo;24;Spatially adjusted;0,111020408163265;41,2929517646746;37,8672162322787;32,769654330549
CBA;Evapo;24;Spatially adjusted;0,131224489795918;39,7040742379204;36,7584949195941;31,1261797480086
CBA;Evapo;24;Spatially adjusted;0,151428571428571;38,0452339558676;35,5773408209952;29,4259600129635
CBA;Evapo;24;Spatially adjusted;0,171632653061224;36,3047704592989;34,3116818054966;27,6595375999964
CBA;Evapo;24;Spatially adjusted;0,191836734693878;34,4710232889984;32,9494457421124;25,8174549836899
CBA;Evapo;24;Spatially adjusted;0,212040816326531;32,5323319857496;31,4785604998569;23,8902546386264
CBA;Evapo;24;Spatially adjusted;0,232244897959184;30,477036090336;29,8869539477444;21,8684790393884
CBA;Evapo;24;Spatially adjusted;0,252448979591837;28,2934751435409;28,1625539547892;19,742670660559
CBA;Evapo;24;Spatially adjusted;0,27265306122449;25,9699886861479;26,2932883900055;17,5033719767202
CBA;Evapo;24;Spatially adjusted;0,292857142857143;23,4949162589408;24,2670851224077;15,141125462455
CBA;Evapo;24;Spatially adjusted;0,313061224489796;20,8565974027028;22,0718720210105;12,6464735923455
CBA;Evapo;24;Spatially adjusted;0,333265306122449;18,0433716582172;19,6955769548276;10,0099588409744
CBA;Evapo;24;Spatially adjusted;0,353469387755102;15,0491061549467;17,1323104539968;7,22805270470758
CBA;Evapo;24;Spatially adjusted;0,373673469387755;11,8897783770681;14,4009136931491;4,32094276704197
CBA;Evapo;24;Spatially adjusted;0,393877551020408;8,58689339743773;11,5264105080391;1,31474563325787
CBA;Evapo;24;Spatially adjusted;0,414081632653061;5,16195628891092;8,53382473442116;-1,76442209136485
CBA;Evapo;24;Spatially adjusted;0,434285714285714;1,63647212434375;5,44818020804951;-4,89044380154564
CBA;Evapo;24;Spatially adjusted;0,454489795918367;-1,96805402340783;2,29450076467879;-8,03720289200442
CBA;Evapo;24;Spatially adjusted;0,47469387755102;-5,63011708148815;-0,902189759937073;-11,1785827574611
CBA;Evapo;24;Spatially adjusted;0,494897959183674;-9,32821197704106;-4,11686753004324;-14,2884667926355
CBA;Evapo;24;Spatially adjusted;0,515102040816327;-13,0408336372113;-7,32450870988578;-17,3407383922474
CBA;Evapo;24;Spatially adjusted;0,53530612244898;-16,7464769891424;-10,5000894637096;-20,3092809510169
CBA;Evapo;24;Spatially adjusted;0,555510204081633;-20,4236369599785;-13,6185859557611;-23,1679778636631
CBA;Evapo;24;Spatially adjusted;0,575714285714286;-24,0508084768642;-16,6549743502858;-25,8907125249068
CBA;Evapo;24;Spatially adjusted;0,595918367346939;-27,6064864669434;-19,5842308115289;-28,4513683294672
CBA;Evapo;24;Spatially adjusted;0,616122448979592;-31,0691658573599;-22,3813315037357;-30,8238286720637
CBA;Evapo;24;Spatially adjusted;0,636326530612245;-34,4173415752582;-25,0212525911525;-32,9819769474173
CBA;Evapo;24;Spatially adjusted;0,656530612244898;-37,6295085477825;-27,4789702380249;-34,8996965502468
CBA;Evapo;24;Spatially adjusted;0,676734693877551;-40,6841617020768;-29,7294606085984;-36,5508708752725
CBA;Evapo;24;Spatially adjusted;0,696938775510204;-43,5652449242098;-31,7542897888279;-37,9167846460427
CBA;Evapo;24;Spatially adjusted;0,717142857142857;-46,2784979359501;-33,5613835515076;-39,008327901422
CBA;Evapo;24;Spatially adjusted;0,73734693877551;-48,8351094179905;-35,1652575911407;-39,8437920091026
CBA;Evapo;24;Spatially adjusted;0,757551020408163;-51,2462680510234;-36,5804276022302;-40,4414683367775
CBA;Evapo;24;Spatially adjusted;0,777755102040816;-53,5231625157421;-37,82140927928;-40,8196482521391
CBA;Evapo;24;Spatially adjusted;0,797959183673469;-55,6769814928389;-38,902718316793;-40,9966231228807
CBA;Evapo;24;Spatially adjusted;0,818163265306122;-57,7189136630075;-39,8388704092724;-40,9906843166946
CBA;Evapo;24;Spatially adjusted;0,838367346938776;-59,6601477069403;-40,6443812512221;-40,8201232012736
CBA;Evapo;24;Spatially adjusted;0,858571428571429;-61,5118723053299;-41,333766537145;-40,5032311443108
CBA;Evapo;24;Spatially adjusted;0,878775510204082;-63,2852761388695;-41,9215419615446;-40,0582995134985
CBA;Evapo;24;Spatially adjusted;0,898979591836735;-64,9915478882519;-42,4222232189243;-39,50361967653
CBA;Evapo;24;Spatially adjusted;0,919183673469388;-66,6418762341703;-42,8503260037869;-38,8574830010973
CBA;Evapo;24;Spatially adjusted;0,939387755102041;-68,2474498573167;-43,2203660106368;-38,138180854894
CBA;Evapo;24;Spatially adjusted;0,959591836734694;-69,8194574383847;-43,5468589339762;-37,3640046056121
CBA;Evapo;24;Spatially adjusted;0,979795918367347;-71,3690876580674;-43,8443204683092;-36,5532456209448
CBA;Evapo;24;Spatially adjusted;1;-72,9075291970569;-44,1272663081386;-35,7241952685849
CBA;Evapo;24;Current landscape;0,0270921029150486;-104,595354639957;-89,5454258578732;-82,4382556648825
CBA;Evapo;24;Current landscape;0,0694373175501823;-78,0299474187327;-78,6561388334426;-51,6442682197944
CBA;Evapo;24;Current landscape;0,129133321344853;-40,8103706917912;-28,4086334872104;-15,405652177396
CBA;Evapo;24;Current landscape;0,175143197178841;-11,0657607133055;-12,4939144964405;-0,423086143739056
CBA;Evapo;24;Current landscape;0,22886198759079;-15,296912788129;-5,95096966274491;7,39416207869294
CBA;Evapo;24;Current landscape;0,278516441583633;-30,8157768658766;-25,9066273752164;-5,01316145111969
CBA;Evapo;24;Current landscape;0,324704468250275;-6,23085085091202;-13,5133473325695;-5,01024778939063
CBA;Evapo;24;Current landscape;0,374914765357971;-32,9967986561069;-27,0303927857767;-5,01834143717747
CBA;Evapo;24;Current landscape;0,42321303486824;-22,4743893050986;-29,3425587231368;-5,52854986526609
CBA;Evapo;24;Current landscape;0,474855989217758;-31,3945053164403;-32,8177963420337;-12,0581339207138
CBA;Evapo;24;Current landscape;0,525615036487579;-34,7870686142101;-18,2566811570275;-4,5561804147253
CBA;Evapo;24;Current landscape;0,574769735336304;-38,8554863947145;-30,3845486832117;-2,34176478821701
CBA;Evapo;24;Current landscape;0,624695658683777;-46,4851064679335;-32,2070912820104;-12,1301335367202
CBA;Evapo;24;Current landscape;0,673696279525757;-16,0601158092384;-17,5761775532217;-4,82683209709194
CBA;Evapo;24;Current landscape;0,721777081489563;-30,1425309416263;-46,0536074093614;-10,2326681914913
CBA;Evapo;24;Current landscape;0,776098012924194;-47,6358398129094;-29,1705910701323;-0,756140892695839
CBA;Evapo;24;Current landscape;0,824653714895248;-37,9235989036661;-8,86882880163398;1,53856073093925
CBA;Evapo;24;Current landscape;0,870722740888595;-28,2281995212131;-16,142515165008;9,38064366572144
CBA;Evapo;24;Current landscape;0,928876519203186;-36,9245802784253;-14,6558398356501;15,8659697955698
CBA;Evapo;24;Current landscape;1;-30,6476547786251;13,7440890030227;40,8278096912784
CBA;Evapo;25;Spatially adjusted;0,01;41,7837650030772;37,4980083976318;38,9042805611962
CBA;Evapo;25;Spatially adjusted;0,0302040816326531;40,973470510751;37,0128081563535;37,6601050132956
CBA;Evapo;25;Spatially adjusted;0,0504081632653061;40,148441500643;36,5126103655775;36,4035704962664
CBA;Evapo;25;Spatially adjusted;0,0706122448979592;39,2939434549726;35,9824174758064;35,12231804098
CBA;Evapo;25;Spatially adjusted;0,0908163265306122;38,3952418559579;35,4072319375427;33,8039886783074
CBA;Evapo;25;Spatially adjusted;0,111020408163265;37,4376021858182;34,7720562012889;32,4362234391201
CBA;Evapo;25;Spatially adjusted;0,131224489795918;36,4062899267715;34,0618927175474;31,0066633542897
CBA;Evapo;25;Spatially adjusted;0,151428571428571;35,2865705610368;33,2617439368203;29,5029494546868
CBA;Evapo;25;Spatially adjusted;0,171632653061224;34,0637095708325;32,3566123096107;27,9127227711838
CBA;Evapo;25;Spatially adjusted;0,191836734693878;32,7229724383781;31,3315002864206;26,2236243346511
CBA;Evapo;25;Spatially adjusted;0,212040816326531;31,2496246458911;30,1714103177528;24,4232951759605
CBA;Evapo;25;Spatially adjusted;0,232244897959184;29,6289316755904;28,8613448541091;22,4993763259829
CBA;Evapo;25;Spatially adjusted;0,252448979591837;27,8461590096954;27,3863063459928;20,4395088155902
CBA;Evapo;25;Spatially adjusted;0,27265306122449;25,8865721304242;25,7312972439058;18,2313336756536
CBA;Evapo;25;Spatially adjusted;0,292857142857143;23,7354365199956;23,8813199983506;15,8624919370443
CBA;Evapo;25;Spatially adjusted;0,313061224489796;21,3780176606281;21,82137705983;13,3206246306333
CBA;Evapo;25;Spatially adjusted;0,333265306122449;18,7995810345403;19,5364708788461;10,5933727872923
CBA;Evapo;25;Spatially adjusted;0,353469387755102;15,9920412439487;17,0191486307704;7,67596063372116
CBA;Evapo;25;Spatially adjusted;0,373673469387755;12,9739093710609;14,2921363904518;4,59394517993246
CBA;Evapo;25;Spatially adjusted;0,393877551020408;9,7703456180825;11,3857049576075;1,38046663176715
CBA;Evapo;25;Spatially adjusted;0,414081632653061;6,40651018721837;8,3301251319549;-1,93133480493293
CBA;Evapo;25;Spatially adjusted;0,434285714285714;2,90756328067323;5,15566771321187;-5,30831892432752
CBA;Evapo;25;Spatially adjusted;0,454489795918367;-0,701334899347103;1,89260350109566;-8,71734552057455
CBA;Evapo;25;Spatially adjusted;0,47469387755102;-4,39502415063748;-1,42879670467596;-12,1252743878331
CBA;Evapo;25;Spatially adjusted;0,494897959183674;-8,14834427099231;-4,77826210438525;-15,4989653202624
CBA;Evapo;25;Spatially adjusted;0,515102040816327;-11,9361350582071;-8,12552189831513;-18,8052781120209
CBA;Evapo;25;Spatially adjusted;0,53530612244898;-15,7332363100763;-11,4403052867481;-22,0110725572674
CBA;Evapo;25;Spatially adjusted;0,555510204081633;-19,5144878243943;-14,6923414699663;-25,0832084501608
CBA;Evapo;25;Spatially adjusted;0,575714285714286;-23,254729398956;-17,8513596482519;-27,9885455848601
CBA;Evapo;25;Spatially adjusted;0,595918367346939;-26,9288008315566;-20,8870890218882;-30,6939437555238
CBA;Evapo;25;Spatially adjusted;0,616122448979592;-30,5115419199906;-23,769258791157;-33,1662627563112
CBA;Evapo;25;Spatially adjusted;0,636326530612245;-33,9777924620526;-26,467598156341;-35,3723623813803
CBA;Evapo;25;Spatially adjusted;0,656530612244898;-37,3023922555376;-28,9518363177226;-37,2791024248909
CBA;Evapo;25;Spatially adjusted;0,676734693877551;-40,4601810982399;-31,1917024755842;-38,8533426810009
CBA;Evapo;25;Spatially adjusted;0,696938775510204;-43,4321918544995;-33,1648318260282;-40,0712750614396
CBA;Evapo;25;Spatially adjusted;0,717142857142857;-46,2242296548329;-34,8804835484373;-40,9464199482145
CBA;Evapo;25;Spatially adjusted;0,73734693877551;-48,8482926963022;-36,3558228180136;-41,501629840903
CBA;Evapo;25;Spatially adjusted;0,757551020408163;-51,3163791759691;-37,6080148099595;-41,7597572390832
CBA;Evapo;25;Spatially adjusted;0,777755102040816;-53,6404872908954;-38,654224699477;-41,7436546423323
CBA;Evapo;25;Spatially adjusted;0,797959183673469;-55,8326152381426;-39,5116176617692;-41,4761745502278
CBA;Evapo;25;Spatially adjusted;0,818163265306122;-57,9047612147726;-40,1973588720375;-40,9801694623477
CBA;Evapo;25;Spatially adjusted;0,838367346938776;-59,8689234178471;-40,7286135054849;-40,2784918782693
CBA;Evapo;25;Spatially adjusted;0,858571428571429;-61,737100044428;-41,1225467373135;-39,3939942975703
CBA;Evapo;25;Spatially adjusted;0,878775510204082;-63,5212892915765;-41,3963237427261;-38,3495292198281
CBA;Evapo;25;Spatially adjusted;0,898979591836735;-65,233489356355;-41,5671096969243;-37,1679491446205
CBA;Evapo;25;Spatially adjusted;0,919183673469388;-66,8856984358242;-41,6520697751107;-35,8721065715249
CBA;Evapo;25;Spatially adjusted;0,939387755102041;-68,4899147270471;-41,6683691524877;-34,484854000119
CBA;Evapo;25;Spatially adjusted;0,959591836734694;-70,0581364270845;-41,6331730042582;-33,0290439299804
CBA;Evapo;25;Spatially adjusted;0,979795918367347;-71,6023617329986;-41,5636465056234;-31,5275288606865
CBA;Evapo;25;Spatially adjusted;1;-73,1345888418512;-41,4769548317868;-30,0031612918149
CBA;Evapo;25;Current landscape;0,0275552105158567;-133,419525009546;-121,108963584052;-111,996125711154
CBA;Evapo;25;Current landscape;0,0708082690834999;-90,5294200105204;-73,3793895134158;-47,2583885687891
CBA;Evapo;25;Current landscape;0,129977285861969;-68,7401669983606;-66,7884306808162;-40,2942308613256
CBA;Evapo;25;Current landscape;0,176832869648933;-44,600029702855;-32,0561174308416;-4,05383150711191
CBA;Evapo;25;Current landscape;0,22845359146595;-45,2088711842973;-30,3694545481847;-5,57538335857225
CBA;Evapo;25;Current landscape;0,274882465600967;-19,6593859252484;-7,38214246129633;16,3639889277661
CBA;Evapo;25;Current landscape;0,321866020560265;-10,1791394910035;-9,09237871212713;18,9850318412289
CBA;Evapo;25;Current landscape;0,37305611371994;-32,2990249212858;-25,3318174703804;-9,20117506445763
CBA;Evapo;25;Current landscape;0,425519406795502;-24,8079737775977;-23,8905110962064;-24,973316728506
CBA;Evapo;25;Current landscape;0,47753581404686;-21,8355502343693;-29,8116428957267;-8,7394028428489
CBA;Evapo;25;Current landscape;0,52304208278656;-33,5162132088608;-27,6337331115067;-2,84972240283378
CBA;Evapo;25;Current landscape;0,576348155736923;-43,033938231509;-26,4643184010806;-5,10965076911111
CBA;Evapo;25;Current landscape;0,626543283462524;-34,4690068664067;-20,0022636695308;-5,91658064739727
CBA;Evapo;25;Current landscape;0,674228131771088;-10,9028247769745;-10,8607290692612;-1,56498747564751
CBA;Evapo;25;Current landscape;0,724665462970734;-36,6321593725079;-46,8463921412865;-11,2965624761487
CBA;Evapo;25;Current landscape;0,775449693202972;-49,0210409045242;-30,0322951289638;-8,96874021126337
CBA;Evapo;25;Current landscape;0,82411652803421;-47,2627745665386;-17,9456010612259;-6,65435904670585
CBA;Evapo;25;Current landscape;0,871640563011169;-35,4010462030487;-23,1966685680361;3,96700792190586
CBA;Evapo;25;Current landscape;0,9248908162117;-34,0216075576188;-10,4923183146266;21,7244208158083
CBA;Evapo;25;Current landscape;1;-34,1719443789466;12,4661741165608;42,1373611081331
CBA;Evapo;26;Spatially adjusted;0,01;44,9167528864268;45,0714402570909;34,2423283161411
CBA;Evapo;26;Spatially adjusted;0,0302040816326531;43,7733816603734;43,6887839697472;33,2726861640654
CBA;Evapo;26;Spatially adjusted;0,0504081632653061;42,6187583548226;42,2983422715599;32,2919240023828
CBA;Evapo;26;Spatially adjusted;0,0706122448979592;41,4416308902757;40,8923297516851;31,2889218214859
CBA;Evapo;26;Spatially adjusted;0,0908163265306122;40,2307471872352;39,4629609992796;30,252559611768
CBA;Evapo;26;Spatially adjusted;0,111020408163265;38,9748551662037;38,0024506034997;29,1717173636225
CBA;Evapo;26;Spatially adjusted;0,131224489795918;37,6627027476829;36,5030131535016;28,0352750674415
CBA;Evapo;26;Spatially adjusted;0,151428571428571;36,2830378521755;34,9568632384414;26,8321127136182
CBA;Evapo;26;Spatially adjusted;0,171632653061224;34,8246084001833;33,3562154474757;25,5511102925464
CBA;Evapo;26;Spatially adjusted;0,191836734693878;33,2761623122083;31,6932843697612;24,181147794618
CBA;Evapo;26;Spatially adjusted;0,212040816326531;31,6264475087535;29,9602845944535;22,7111052102266
CBA;Evapo;26;Spatially adjusted;0,232244897959184;29,8642119103201;28,1494307107098;21,1298625297652
CBA;Evapo;26;Spatially adjusted;0,252448979591837;27,9782034374109;26,2529373076859;19,4262997436265
CBA;Evapo;26;Spatially adjusted;0,27265306122449;25,9571700105278;24,2630189745385;17,5892968422038
CBA;Evapo;26;Spatially adjusted;0,292857142857143;23,7898595501731;22,1718903004235;15,6077338158896
CBA;Evapo;26;Spatially adjusted;0,313061224489796;21,4650199768491;19,9717658744978;13,4704906550774
CBA;Evapo;26;Spatially adjusted;0,333265306122449;18,9713992110576;17,6548602859173;11,1664473501598
CBA;Evapo;26;Spatially adjusted;0,353469387755102;16,3024717552;15,2175391261619;8,6908056416496
CBA;Evapo;26;Spatially adjusted;0,373673469387755;13,4706184392714;12,6727719960031;6,06405427053846
CBA;Evapo;26;Spatially adjusted;0,393877551020408;10,4929466751657;10,0376794985366;3,31300372793658
CBA;Evapo;26;Spatially adjusted;0,414081632653061;7,38656387477749;7,32938223685619;0,464464504955458
CBA;Evapo;26;Spatially adjusted;0,434285714285714;4,16857745000084;4,56500081405807;-2,45475290729405
CBA;Evapo;26;Spatially adjusted;0,454489795918367;0,856094812729225;1,76165583323655;-5,41783801770089
CBA;Evapo;26;Spatially adjusted;0,47469387755102;-2,53377662514254;-1,06353210251336;-8,39798033515444
CBA;Evapo;26;Spatially adjusted;0,494897959183674;-5,98392945172054;-3,8934423900962;-11,3683693685437
CBA;Evapo;26;Spatially adjusted;0,515102040816327;-9,47725625511089;-6,71095442641763;-14,3021946267572
CBA;Evapo;26;Spatially adjusted;0,53530612244898;-12,996649623419;-9,49894760838174;-17,1726456186848
CBA;Evapo;26;Spatially adjusted;0,555510204081633;-16,5250021447514;-12,2403013328947;-19,952911853215
CBA;Evapo;26;Spatially adjusted;0,575714285714286;-20,0452064072135;-14,9178949968605;-22,6161828392369
CBA;Evapo;26;Spatially adjusted;0,595918367346939;-23,5401549989113;-17,5146079971846;-25,1356480856398
CBA;Evapo;26;Spatially adjusted;0,616122448979592;-26,9927405079509;-20,0133197307719;-27,4844971013122
CBA;Evapo;26;Spatially adjusted;0,636326530612245;-30,3858555224376;-22,3969095945274;-29,6359193951439
CBA;Evapo;26;Spatially adjusted;0,656530612244898;-33,7023926304778;-24,6482569853563;-31,5631044760232
CBA;Evapo;26;Spatially adjusted;0,676734693877551;-36,9252444201777;-26,7502413001635;-33,23924185284
CBA;Evapo;26;Spatially adjusted;0,696938775510204;-40,0413088058979;-28,6903295746936;-34,6448838058673
CBA;Evapo;26;Spatially adjusted;0,717142857142857;-43,0535050070232;-30,4743394000516;-35,7900337009194
CBA;Evapo;26;Spatially adjusted;0,73734693877551;-45,9687575691933;-32,1126760061827;-36,6920576751941
CBA;Evapo;26;Spatially adjusted;0,757551020408163;-48,7939910380471;-33,6157446230313;-37,36832186589
CBA;Evapo;26;Spatially adjusted;0,777755102040816;-51,536129959225;-34,9939504805425;-37,8361924102055
CBA;Evapo;26;Spatially adjusted;0,797959183673469;-54,2020988783663;-36,2576988086607;-38,1130354453387
CBA;Evapo;26;Spatially adjusted;0,818163265306122;-56,798822341111;-37,4173948373314;-38,2162171084883
CBA;Evapo;26;Spatially adjusted;0,838367346938776;-59,3332248930988;-38,4834437964985;-38,1631035368528
CBA;Evapo;26;Spatially adjusted;0,858571428571429;-61,812231079969;-39,4662509161071;-37,9710608676301
CBA;Evapo;26;Spatially adjusted;0,878775510204082;-64,2427654473613;-40,3762214261023;-37,6574552380189
CBA;Evapo;26;Spatially adjusted;0,898979591836735;-66,6317525409156;-41,2237605564285;-37,2396527852172
CBA;Evapo;26;Spatially adjusted;0,919183673469388;-68,9861169062715;-42,019273537031;-36,735019646424
CBA;Evapo;26;Spatially adjusted;0,939387755102041;-71,312783089069;-42,7731655978544;-36,1609219588372
CBA;Evapo;26;Spatially adjusted;0,959591836734694;-73,6186756349471;-43,4958419688433;-35,5347258596553
CBA;Evapo;26;Spatially adjusted;0,979795918367347;-75,9107190895459;-44,1977078799423;-34,8737974860767
CBA;Evapo;26;Spatially adjusted;1;-78,1958379985051;-44,8891685610968;-34,1955029752996
CBA;Evapo;26;Current landscape;0,0264681708067656;-99,7691715794824;-88,0701645368417;-97,1834159847942
CBA;Evapo;26;Current landscape;0,0722086504101753;-87,7229845844784;-82,9945415492998;-63,8298183984578
CBA;Evapo;26;Current landscape;0,124080903828144;-42,3549090718184;-31,4611620055241;-11,8520324448286
CBA;Evapo;26;Current landscape;0,174601688981056;-20,2577976130217;-6,73419829770705;12,2534407469987
CBA;Evapo;26;Current landscape;0,228305399417877;-17,681560527496;-15,592376011585;7,54518537608715
CBA;Evapo;26;Current landscape;0,277136906981468;-26,3284837006233;-14,822570464368;-2,20560608420328
CBA;Evapo;26;Current landscape;0,323820769786835;-19,0593131684363;-29,8962207835718;-1,52489431071626
CBA;Evapo;26;Current landscape;0,374329954385757;-36,575753478905;-36,8742613105683;-2,79853243992397
CBA;Evapo;26;Current landscape;0,428067862987518;-27,2937807665717;-17,7015472456908;-1,18101505236996
CBA;Evapo;26;Current landscape;0,477761059999466;-27,7624243857808;-31,7810719001755;-10,7801697487716
CBA;Evapo;26;Current landscape;0,524579584598541;-33,9626007599234;-29,7809299783019;-6,76486981178823
CBA;Evapo;26;Current landscape;0,575877487659455;-37,5985059181653;-21,6348144394337;2,72800305151986
CBA;Evapo;26;Current landscape;0,6254603266716;-26,7632176382635;-8,72983058009936;5,31234638837145
CBA;Evapo;26;Current landscape;0,67469722032547;-6,81710493297805;-13,2270072337794;0,543357787010564
CBA;Evapo;26;Current landscape;0,726196050643921;-25,0280256073829;-35,0797712154506;-5,94200370794556
CBA;Evapo;26;Current landscape;0,774614095687866;-42,2354696342886;-23,3935919771302;-8,29327671920896
CBA;Evapo;26;Current landscape;0,825375616550446;-36,8729608974741;-6,23665305356576;4,29417088316995
CBA;Evapo;26;Current landscape;0,878362059593201;-39,0751917799191;-24,9016455224262;1,11684466191423
CBA;Evapo;26;Current landscape;0,929668128490448;-32,6157212283952;-7,6240516834655;23,4742186534909
CBA;Evapo;26;Current landscape;1;-38,333828222841;10,1641350735067;38,2740516359493
CBA;Evapo;27;Spatially adjusted;0,01;35,7954106485854;35,5958680615745;31,3923247252394
CBA;Evapo;27;Spatially adjusted;0,0302040816326531;35,3214576909006;34,8996432286901;30,1319390773747
CBA;Evapo;27;Spatially adjusted;0,0504081632653061;34,8312780045687;34,1928639916359;28,8647819987393
CBA;Evapo;27;Spatially adjusted;0,0706122448979592;34,3086448609417;33,4649759462418;27,5840820585638
CBA;Evapo;27;Spatially adjusted;0,0908163265306122;33,7373315313719;32,7054246883381;26,2830678260773
CBA;Evapo;27;Spatially adjusted;0,111020408163265;33,101111287212;31,9036558137545;24,9549678705096
CBA;Evapo;27;Spatially adjusted;0,131224489795918;32,3837573998144;31,0491149183217;23,5930107610905
CBA;Evapo;27;Spatially adjusted;0,151428571428571;31,5690431405317;30,1312475978691;22,19042506705
CBA;Evapo;27;Spatially adjusted;0,171632653061224;30,6407417807161;29,1394994482273;20,7404393576173
CBA;Evapo;27;Spatially adjusted;0,191836734693878;29,5826265917206;28,0633160652264;19,2362822020225
CBA;Evapo;27;Spatially adjusted;0,212040816326531;28,378470844897;26,892143044696;17,6711821694951
CBA;Evapo;27;Spatially adjusted;0,232244897959184;27,0120478115982;25,6154259824666;16,0383678292649
CBA;Evapo;27;Spatially adjusted;0,252448979591837;25,4671307631768;24,2226104743684;14,3310677505619
CBA;Evapo;27;Spatially adjusted;0,27265306122449;23,7274929709847;22,703142116231;12,5425105026154
CBA;Evapo;27;Spatially adjusted;0,292857142857143;21,7769077063749;21,0464665038849;10,6659246546553
CBA;Evapo;27;Spatially adjusted;0,313061224489796;19,5991482406996;19,2420292331601;8,6945387759115
CBA;Evapo;27;Spatially adjusted;0,333265306122449;17,1779878453112;17,2792758998867;6,62158143561328
CBA;Evapo;27;Spatially adjusted;0,353469387755102;14,5046627611041;15,1528675503246;4,44451867379917
CBA;Evapo;27;Spatially adjusted;0,373673469387755;11,6002611071372;12,8783270324554;2,17776641374212
CBA;Evapo;27;Spatially adjusted;0,393877551020408;8,49333397201121;10,4763926446894;-0,160021950476903
CBA;Evapo;27;Spatially adjusted;0,414081632653061;5,21243244432776;7,96780268543807;-2,55019302477695
CBA;Evapo;27;Spatially adjusted;0,434285714285714;1,78610761268715;5,37329545311241;-4,97409341507637
CBA;Evapo;27;Spatially adjusted;0,454489795918367;-1,75708943430959;2,7136092461235;-7,41306972729421
CBA;Evapo;27;Spatially adjusted;0,47469387755102;-5,38860760806142;0,00948236288218141;-9,8484685673493
CBA;Evapo;27;Spatially adjusted;0,494897959183674;-9,07989581996799;-2,71834689820025;-12,2616365411602
CBA;Evapo;27;Spatially adjusted;0,515102040816327;-12,802402981428;-5,4491402387132;-14,6339202546458
CBA;Evapo;27;Spatially adjusted;0,53530612244898;-16,5275780038405;-8,16215936024514;-16,946666313725
CBA;Evapo;27;Spatially adjusted;0,555510204081633;-20,2268697986049;-10,8366659643852;-19,1812213243165
CBA;Evapo;27;Spatially adjusted;0,575714285714286;-23,8717272771203;-13,4519217527222;-21,3189318923392
CBA;Evapo;27;Spatially adjusted;0,595918367346939;-27,4335993507857;-15,9871884268457;-23,3411446237117
CBA;Evapo;27;Spatially adjusted;0,616122448979592;-30,8839349309999;-18,4217276883439;-25,2292061243527
CBA;Evapo;27;Spatially adjusted;0,636326530612245;-34,1941829291627;-20,7348012388061;-26,964463000181
CBA;Evapo;27;Spatially adjusted;0,656530612244898;-37,3357922566727;-22,9056707798211;-28,5282618571157
CBA;Evapo;27;Spatially adjusted;0,676734693877551;-40,2802118249297;-24,9135980129781;-29,9019493010753
CBA;Evapo;27;Spatially adjusted;0,696938775510204;-43,0060005272637;-26,7432143625833;-31,0721554703991
CBA;Evapo;27;Spatially adjusted;0,717142857142857;-45,5201571847349;-28,400630143811;-32,0466446331077
CBA;Evapo;27;Spatially adjusted;0,73734693877551;-47,8367906003332;-29,897325394553;-32,8384645896424
CBA;Evapo;27;Spatially adjusted;0,757551020408163;-49,9700095770502;-31,2447801527014;-33,4606631404436
CBA;Evapo;27;Spatially adjusted;0,777755102040816;-51,9339229178759;-32,4544744561481;-33,9262880859526
CBA;Evapo;27;Spatially adjusted;0,797959183673469;-53,7426394258021;-33,5378883427848;-34,2483872266107
CBA;Evapo;27;Spatially adjusted;0,818163265306122;-55,4102679038197;-34,5065018505029;-34,4400083628584
CBA;Evapo;27;Spatially adjusted;0,838367346938776;-56,9509171549185;-35,3717950171952;-34,5141992951371
CBA;Evapo;27;Spatially adjusted;0,858571428571429;-58,3786959820907;-36,1452478807523;-34,4840078238879
CBA;Evapo;27;Spatially adjusted;0,878775510204082;-59,7077131883264;-36,8383404790668;-34,3624817495513
CBA;Evapo;27;Spatially adjusted;0,898979591836735;-60,9520775766166;-37,4625528500305;-34,1626688725687
CBA;Evapo;27;Spatially adjusted;0,919183673469388;-62,1258979499528;-38,0293650315352;-33,897616993381
CBA;Evapo;27;Spatially adjusted;0,939387755102041;-63,2432831113249;-38,5502570614724;-33,5803739124294
CBA;Evapo;27;Spatially adjusted;0,959591836734694;-64,3183418637245;-39,0367089777344;-33,2239874301547
CBA;Evapo;27;Spatially adjusted;0,979795918367347;-65,3651830101426;-39,5002008182123;-32,8415053469978
CBA;Evapo;27;Spatially adjusted;1;-66,3979153535695;-39,9522126207987;-32,4459754634001
CBA;Evapo;27;Current landscape;0,0286031514406204;-139,36435361439;-122,033483499785;-116,294254651506
CBA;Evapo;27;Current landscape;0,0725482106208801;-63,6716000967058;-43,6164096323353;-43,8498019432698
CBA;Evapo;27;Current landscape;0,122691728174686;-30,8665606001366;-30,2734871656712;-2,21270803515904
CBA;Evapo;27;Current landscape;0,177067518234253;-44,6140219817173;-23,8203143625676;3,70048379170498
CBA;Evapo;27;Current landscape;0,231231495738029;-25,4649827853007;-31,1982161378226;-9,06878009650245
CBA;Evapo;27;Current landscape;0,276624143123627;-21,7039068052954;-18,7973463838132;-16,2628683223832
CBA;Evapo;27;Current landscape;0,326035141944885;-27,4206745279721;-17,242432351597;-13,0961412810036
CBA;Evapo;27;Current landscape;0,377363532781601;-31,3590958370105;-37,3104167558988;-0,387091723840967
CBA;Evapo;27;Current landscape;0,427329838275909;-25,1401591056354;-38,0496382567651;-9,5771778378064
CBA;Evapo;27;Current landscape;0,474674463272095;-22,5950499588944;-28,298964686853;-6,10831144616191
CBA;Evapo;27;Current landscape;0,525062263011932;-33,6184474492147;-27,3814337126405;-7,45220421821273
CBA;Evapo;27;Current landscape;0,573574632406235;-49,3761115891091;-29,7655798816022;-10,8300547184558
CBA;Evapo;27;Current landscape;0,626175999641419;-34,3762951411475;-21,3475723117983;-7,94330059099207
CBA;Evapo;27;Current landscape;0,675088703632355;-20,6525350410204;-29,0134662362932;-8,95166608970726
CBA;Evapo;27;Current landscape;0,721522092819214;-29,0978963784626;-44,8158743458403;-4,2249488027594
CBA;Evapo;27;Current landscape;0,774316012859344;-49,7921858610043;-38,3049680782967;-31,4064887847653
CBA;Evapo;27;Current landscape;0,82230681180954;-49,8372105539261;-20,6895476907287;-11,1199649180951
CBA;Evapo;27;Current landscape;0,876415997743607;-28,3412584051962;-16,9808504863554;7,73759534146325
CBA;Evapo;27;Current landscape;0,925317108631134;-32,1510703331956;-11,3817964186035;17,6115402678265
CBA;Evapo;27;Current landscape;1;-27,3805621740266;14,6963336071506;40,0245277809088
CBA;Evapo;28;Spatially adjusted;0,01;47,6065191479529;43,1343744236974;41,9156400955562
CBA;Evapo;28;Spatially adjusted;0,0302040816326531;46,1444095742982;41,9529793581578;40,0615402802241
CBA;Evapo;28;Spatially adjusted;0,0504081632653061;44,6726197045011;40,7638736494923;38,2024133149835
CBA;Evapo;28;Spatially adjusted;0,0706122448979592;43,18146924242;39,5593466545747;36,3332320499262
CBA;Evapo;28;Spatially adjusted;0,0908163265306122;41,6612778919116;38,3316877302791;34,4489693351436
CBA;Evapo;28;Spatially adjusted;0,111020408163265;40,102365356835;37,0731862334796;32,5445980207278
CBA;Evapo;28;Spatially adjusted;0,131224489795918;38,4950513410467;35,7761315210503;30,6150909567698
CBA;Evapo;28;Spatially adjusted;0,151428571428571;36,8296555484055;34,4328129498649;28,6554209933618
CBA;Evapo;28;Spatially adjusted;0,171632653061224;35,0964976827686;33,0355198767977;26,6605609805949
CBA;Evapo;28;Spatially adjusted;0,191836734693878;33,2858974479937;31,5765416587226;24,6254837685613
CBA;Evapo;28;Spatially adjusted;0,212040816326531;31,3881745479393;30,0481676525137;22,5451622073522
CBA;Evapo;28;Spatially adjusted;0,232244897959184;29,393648686462;28,442687215045;20,414569147059
CBA;Evapo;28;Spatially adjusted;0,252448979591837;27,292639567421;26,7523897031904;18,228677437774
CBA;Evapo;28;Spatially adjusted;0,27265306122449;25,0754668946727;24,969564473824;15,9824599295885
CBA;Evapo;28;Spatially adjusted;0,292857142857143;22,7324503720756;23,0865008838198;13,6708894725939
CBA;Evapo;28;Spatially adjusted;0,313061224489796;20,2539097034876;21,0954882900517;11,288938916882
CBA;Evapo;28;Spatially adjusted;0,333265306122449;17,6301645927665;18,9888160493938;8,83158111254465
CBA;Evapo;28;Spatially adjusted;0,353469387755102;14,8557069157571;16,7623391731424;6,29728711558187
CBA;Evapo;28;Spatially adjusted;0,373673469387755;11,9417172362562;14,4261752902819;3,69852080562805
CBA;Evapo;28;Spatially adjusted;0,393877551020408;8,90354829004787;11,9940076842183;1,05124426822613
CBA;Evapo;28;Spatially adjusted;0,414081632653061;5,75655281291597;9,47951963835908;-1,62858041108052
CBA;Evapo;28;Spatially adjusted;0,434285714285714;2,5160835406441;6,89639443611031;-4,32499114674943
CBA;Evapo;28;Spatially adjusted;0,454489795918367;-0,802506790983216;4,2583153608789;-7,02202585323676
CBA;Evapo;28;Spatially adjusted;0,47469387755102;-4,18386544618238;1,57896569607101;-9,70372244499981
CBA;Evapo;28;Spatially adjusted;0,494897959183674;-7,6126396891691;-1,12797127490671;-12,3541188364959
CBA;Evapo;28;Spatially adjusted;0,515102040816327;-11,0734767841593;-3,84881226864741;-14,9572529421816
CBA;Evapo;28;Spatially adjusted;0,53530612244898;-14,5510239953694;-6,56987400174489;-17,4971626765141
CBA;Evapo;28;Spatially adjusted;0,555510204081633;-18,0299285870153;-9,27747319079208;-19,9578859539502
CBA;Evapo;28;Spatially adjusted;0,575714285714286;-21,4948378233132;-11,9579265523828;-22,3234606889469
CBA;Evapo;28;Spatially adjusted;0,595918367346939;-24,9303989684786;-14,5975508031106;-24,5779247959611
CBA;Evapo;28;Spatially adjusted;0,616122448979592;-28,3212592867276;-17,1826626595682;-26,7053161894498
CBA;Evapo;28;Spatially adjusted;0,636326530612245;-31,6520660422768;-19,6995788383497;-28,68967278387
CBA;Evapo;28;Spatially adjusted;0,656530612244898;-34,9074664993414;-22,1346160560483;-30,515032493679
CBA;Evapo;28;Spatially adjusted;0,676734693877551;-38,0721079221382;-24,4740910292574;-32,1654332333328
CBA;Evapo;28;Spatially adjusted;0,696938775510204;-41,1343016951182;-26,7077389960539;-33,6295620258768
CBA;Evapo;28;Spatially adjusted;0,717142857142857;-44,0970156836743;-28,8389692804476;-34,9147023287039
CBA;Evapo;28;Spatially adjusted;0,73734693877551;-46,9668818734349;-30,8746097279327;-36,0327867077958
CBA;Evapo;28;Spatially adjusted;0,757551020408163;-49,7505322500283;-32,821488184002;-36,9957477291334
CBA;Evapo;28;Spatially adjusted;0,777755102040816;-52,4545987990823;-34,6864324941491;-37,8155179586979
CBA;Evapo;28;Spatially adjusted;0,797959183673469;-55,0857135062252;-36,4762705038677;-38,50402996247
CBA;Evapo;28;Spatially adjusted;0,818163265306122;-57,650508357086;-38,1978300586513;-39,0732163064313
CBA;Evapo;28;Spatially adjusted;0,838367346938776;-60,1556153372924;-39,8579390039934;-39,5350095565625
CBA;Evapo;28;Spatially adjusted;0,858571428571429;-62,6076664324723;-41,4634251853877;-39,9013422788451
CBA;Evapo;28;Spatially adjusted;0,878775510204082;-65,0132936282555;-43,0211164483271;-40,1841470392599
CBA;Evapo;28;Spatially adjusted;0,898979591836735;-67,3791289102683;-44,5378406383056;-40,3953564037879
CBA;Evapo;28;Spatially adjusted;0,919183673469388;-69,7118042641396;-46,0204256008167;-40,5469029384105
CBA;Evapo;28;Spatially adjusted;0,939387755102041;-72,0179516754984;-47,4756991813538;-40,6507192091087
CBA;Evapo;28;Spatially adjusted;0,959591836734694;-74,3042031299722;-48,9104892254102;-40,7187377818639
CBA;Evapo;28;Spatially adjusted;0,979795918367347;-76,5771906131895;-50,3316235784798;-40,7628912226564
CBA;Evapo;28;Spatially adjusted;1;-78,8435461107786;-51,7459300860558;-40,7951120974683
CBA;Evapo;28;Current landscape;0,0278273522853851;-66,8345907135436;-58,9553252817236;-46,4955003973284
CBA;Evapo;28;Current landscape;0,0695168748497963;-54,9961794883175;-43,9005384607663;-31,4784973399071
CBA;Evapo;28;Current landscape;0,126180574297905;-82,0372602706573;-73,6964256503536;-46,4999608012677
CBA;Evapo;28;Current landscape;0,174652978777885;-25,0714410861344;-16,8860614637172;0,535301711766579
CBA;Evapo;28;Current landscape;0,229146271944046;-31,4400364369778;-22,2439928555509;-10,5027112462449
CBA;Evapo;28;Current landscape;0,274987667798996;-44,5267350239428;-30,3680207136097;-16,8781916767189
CBA;Evapo;28;Current landscape;0,326939254999161;-5,42719180163817;-15,7386729412717;-17,8144682932186
CBA;Evapo;28;Current landscape;0,376938432455063;-15,9994825346653;-19,6891179777604;-10,5152782722025
CBA;Evapo;28;Current landscape;0,424179062247277;-6,97644167048588;-10,3962428599136;4,69768455779877
CBA;Evapo;28;Current landscape;0,474190831184387;-13,0849702164419;-29,0703302258532;-6,8921193759063
CBA;Evapo;28;Current landscape;0,524627029895783;-19,53977994343;-16,7175246743489;-1,43003680370953
CBA;Evapo;28;Current landscape;0,575275123119354;-35,0177945641553;-27,1695879143781;-6,96658590940001
CBA;Evapo;28;Current landscape;0,624385237693787;-32,9508017884868;-15,1080761788287;-11,133497601495
CBA;Evapo;28;Current landscape;0,677540063858032;-12,3119529028077;-16,7319353990531;-3,99971734806923
CBA;Evapo;28;Current landscape;0,724506556987762;-16,932520980323;-39,9936698159704;-5,40485272267574
CBA;Evapo;28;Current landscape;0,775178551673889;-49,3563086654381;-34,6796628215416;-13,1415619599172
CBA;Evapo;28;Current landscape;0,824687719345093;-39,0147942188673;-9,15482901706832;0,454278397287453
CBA;Evapo;28;Current landscape;0,875994503498077;-36,8070499219487;-24,7587375151741;0,680539716789554
CBA;Evapo;28;Current landscape;0,926883518695831;-34,834161038146;-13,7336489092484;17,4026826824663
CBA;Evapo;28;Current landscape;1;-28,4372015819858;13,9036366451182;42,2538790666556
CBA;Evapo;29;Spatially adjusted;0,01;42,8173555317396;42,4211703982523;32,8761811719833
CBA;Evapo;29;Spatially adjusted;0,0302040816326531;42,0117224925605;41,3909071425962;31,8568856067031
CBA;Evapo;29;Spatially adjusted;0,0504081632653061;41,1926496940266;40,3500459708109;30,8271166685165
CBA;Evapo;29;Spatially adjusted;0,0706122448979592;40,3466973767831;39,2879889667672;29,7764009845166
CBA;Evapo;29;Spatially adjusted;0,0908163265306122;39,4604257814758;38,1941382143361;28,6942651817963
CBA;Evapo;29;Spatially adjusted;0,111020408163265;38,5203951487495;37,0578957973883;27,5702358874494
CBA;Evapo;29;Spatially adjusted;0,131224489795918;37,5131657192503;35,8686637997944;26,3938397285685
CBA;Evapo;29;Spatially adjusted;0,151428571428571;36,4252977336225;34,6158443054258;25,1546033322477
CBA;Evapo;29;Spatially adjusted;0,171632653061224;35,2433514325123;33,2888393981525;23,8420533255799
CBA;Evapo;29;Spatially adjusted;0,191836734693878;33,9538870565646;31,8770511618461;22,4457163356583
CBA;Evapo;29;Spatially adjusted;0,212040816326531;32,543464846425;30,3698816803774;20,955118989576
CBA;Evapo;29;Spatially adjusted;0,232244897959184;30,9986450427382;28,7567330376166;19,359787914427
CBA;Evapo;29;Spatially adjusted;0,252448979591837;29,3059878861504;27,0270073174349;17,649249737304
CBA;Evapo;29;Spatially adjusted;0,27265306122449;27,4520536173061;25,1701066037031;15,8130310853003
CBA;Evapo;29;Spatially adjusted;0,292857142857143;25,4234024768509;23,175432980292;13,8406585855096
CBA;Evapo;29;Spatially adjusted;0,313061224489796;23,2065947054305;21,0323885310727;11,7216588650247
CBA;Evapo;29;Spatially adjusted;0,333265306122449;20,7881905436898;18,7303753399156;9,44555855093927
CBA;Evapo;29;Spatially adjusted;0,353469387755102;18,1605073605472;16,2643406287339;7,00798811597429
CBA;Evapo;29;Spatially adjusted;0,373673469387755;15,3388910380136;13,6514121716093;4,42899341536213
CBA;Evapo;29;Spatially adjusted;0,393877551020408;12,3444445863727;10,9142628806655;1,7347241499624
CBA;Evapo;29;Spatially adjusted;0,414081632653061;9,19827101590749;8,07556566802668;-1,0486699793646
CBA;Evapo;29;Spatially adjusted;0,434285714285714;5,92147333690264;5,15799344581683;-3,89503927175861
CBA;Evapo;29;Spatially adjusted;0,454489795918367;2,53515455964157;2,18421912615895;-6,77823402635954
CBA;Evapo;29;Spatially adjusted;0,47469387755102;-0,939582305592012;-0,823084378821932;-9,67210454230758
CBA;Evapo;29;Spatially adjusted;0,494897959183674;-4,48163424851487;-3,84124415700285;-12,5505011187427
CBA;Evapo;29;Spatially adjusted;0,515102040816327;-8,06989825884261;-6,84758729625946;-15,3872740548045
CBA;Evapo;29;Spatially adjusted;0,53530612244898;-11,683271326292;-9,81944088446812;-18,156273649633
CBA;Evapo;29;Spatially adjusted;0,555510204081633;-15,3006504405791;-12,7341320095047;-20,8313502023684
CBA;Evapo;29;Spatially adjusted;0,575714285714286;-18,9009325914201;-15,5689877592456;-23,3863540121506
CBA;Evapo;29;Spatially adjusted;0,595918367346939;-22,4630147685314;-18,3013352215667;-25,7951353781191
CBA;Evapo;29;Spatially adjusted;0,616122448979592;-25,9657939616293;-20,9085014843445;-28,0315445994145
CBA;Evapo;29;Spatially adjusted;0,636326530612245;-29,3881671604302;-23,3678136354547;-30,069431975176
CBA;Evapo;29;Spatially adjusted;0,656530612244898;-32,7090313546503;-25,6565987627737;-31,8826478045442
CBA;Evapo;29;Spatially adjusted;0,676734693877551;-35,9072835340057;-27,7521839541776;-33,4450423866583
CBA;Evapo;29;Spatially adjusted;0,696938775510204;-38,9668348881057;-29,6379237917301;-34,7377094181784
CBA;Evapo;29;Spatially adjusted;0,717142857142857;-41,8916534061291;-31,321282834246;-35,7707161858421
CBA;Evapo;29;Spatially adjusted;0,73734693877551;-44,690721277148;-32,8157531347276;-36,561373373906
CBA;Evapo;29;Spatially adjusted;0,757551020408163;-47,3730206902335;-34,1348267461776;-37,1269916666276
CBA;Evapo;29;Spatially adjusted;0,777755102040816;-49,9475338344582;-35,2919957215984;-37,4848817482639
CBA;Evapo;29;Spatially adjusted;0,797959183673469;-52,4232428988935;-36,3007521139925;-37,6523543030721
CBA;Evapo;29;Spatially adjusted;0,818163265306122;-54,8091300726112;-37,1745879763621;-37,646720015309
CBA;Evapo;29;Spatially adjusted;0,838367346938776;-57,1141775446829;-37,9269953617097;-37,4852895692318
CBA;Evapo;29;Spatially adjusted;0,858571428571429;-59,3473675041803;-38,5714663230378;-37,1853736490982
CBA;Evapo;29;Spatially adjusted;0,878775510204082;-61,5176821401756;-39,1214929133489;-36,7642829391646
CBA;Evapo;29;Spatially adjusted;0,898979591836735;-63,63410364174;-39,5905671856451;-36,2393281236882
CBA;Evapo;29;Spatially adjusted;0,919183673469388;-65,705614197946;-39,9921811929294;-35,6278198869263
CBA;Evapo;29;Spatially adjusted;0,939387755102041;-67,7411959978647;-40,3398269882039;-34,947068913136
CBA;Evapo;29;Spatially adjusted;0,959591836734694;-69,7498312305681;-40,6469966244711;-34,2143858865745
CBA;Evapo;29;Spatially adjusted;0,979795918367347;-71,7405020851281;-40,9271821547331;-33,4470814914989
CBA;Evapo;29;Spatially adjusted;1;-73,7221907506164;-41,193875631993;-32,6624664121659
CBA;Evapo;29;Current landscape;0,024018295109272;-128,306686683343;-115,645333225687;-89,9768131812787
CBA;Evapo;29;Current landscape;0,0717844069004059;-60,0001164994535;-46,4392766926635;-32,3855213476677
CBA;Evapo;29;Current landscape;0,126930311322212;-29,3684665509015;-32,9363478343862;-15,5809057027377
CBA;Evapo;29;Current landscape;0,177124515175819;-50,0739097702881;-43,5616834879315;-27,0110797579237
CBA;Evapo;29;Current landscape;0,229677423834801;-25,0594855725376;-24,9425112835104;-18,6508733937644
CBA;Evapo;29;Current landscape;0,273368895053864;-25,4288312631736;-17,6753202411321;1,28696738358235
CBA;Evapo;29;Current landscape;0,327633559703827;-6,32347187075811;-11,895680276265;-2,42249088648305
CBA;Evapo;29;Current landscape;0,375481724739075;-30,609230176329;-29,279879575131;0,347606870813252
CBA;Evapo;29;Current landscape;0,42450425028801;-29,8026239123478;-21,3707055291995;0,855074950121662
CBA;Evapo;29;Current landscape;0,474075078964233;-28,6579053444248;-22,7704420839129;-7,04399903467606
CBA;Evapo;29;Current landscape;0,524797379970551;-22,2162141377044;-27,7341389368619;-5,39554083148028
CBA;Evapo;29;Current landscape;0,574926942586899;-28,1582206204232;-22,6603144917724;-5,66677175686277
CBA;Evapo;29;Current landscape;0,62177038192749;-35,1969973220816;-17,5267452513649;0,521812385442217
CBA;Evapo;29;Current landscape;0,675143599510193;-3,78551245204244;-14,2734864625609;11,0335363254121
CBA;Evapo;29;Current landscape;0,726880222558975;-23,6831294376902;-34,8945793368969;1,75695799204891
CBA;Evapo;29;Current landscape;0,77612030506134;-48,4615119291391;-30,1676118952346;-7,27349191630538
CBA;Evapo;29;Current landscape;0,826232254505157;-52,6492880089645;-23,345306239112;-12,725371214656
CBA;Evapo;29;Current landscape;0,878564298152924;-25,600502831725;-12,7265942537433;12,9577893160356
CBA;Evapo;29;Current landscape;0,927950441837311;-30,2245489103718;-5,84621689630944;24,4143539340601
CBA;Evapo;29;Current landscape;1;-32,5391758031815;15,316259140149;41,964724477333
CBA;Evapo;30;Spatially adjusted;0,01;40,6375979252466;36,1892444470529;26,2116422563417
CBA;Evapo;30;Spatially adjusted;0,0302040816326531;39,7007296241143;35,6209496708877;25,5655998050931
CBA;Evapo;30;Spatially adjusted;0,0504081632653061;38,7525887335526;35,0405610937441;24,9070177933274
CBA;Evapo;30;Spatially adjusted;0,0706122448979592;37,7819026641325;34,4359849146431;24,2233566605264
CBA;Evapo;30;Spatially adjusted;0,0908163265306122;36,7773988264253;33,7951273326059;23,5020768461734
CBA;Evapo;30;Spatially adjusted;0,111020408163265;35,7278046310014;33,1058945466546;22,7306387897509
CBA;Evapo;30;Spatially adjusted;0,131224489795918;34,6218474884317;32,3561927558101;21,896502930741
CBA;Evapo;30;Spatially adjusted;0,151428571428571;33,4482548092874;31,5339281590939;20,9871297086268
CBA;Evapo;30;Spatially adjusted;0,171632653061224;32,1957540041387;30,6270069555271;19,9899795628905
CBA;Evapo;30;Spatially adjusted;0,191836734693878;30,8530724835568;29,6233353441314;18,892512933015
CBA;Evapo;30;Spatially adjusted;0,212040816326531;29,4089376581128;28,5108195239282;17,6821902584829
CBA;Evapo;30;Spatially adjusted;0,232244897959184;27,8520769383772;27,2773656939387;16,3464719787762
CBA;Evapo;30;Spatially adjusted;0,252448979591837;26,1712177349209;25,9108800531842;14,8728185333782
CBA;Evapo;30;Spatially adjusted;0,27265306122449;24,355087458315;24,3992688006863;13,2486903617712
CBA;Evapo;30;Spatially adjusted;0,292857142857143;22,3924135191298;22,7304381354663;11,4615479034378
CBA;Evapo;30;Spatially adjusted;0,313061224489796;20,271923327937;20,8922942565453;9,49885159786072
CBA;Evapo;30;Spatially adjusted;0,333265306122449;17,982344295307;18,8727433629451;7,34806188452194
CBA;Evapo;30;Spatially adjusted;0,353469387755102;15,5170466782497;16,6655791569224;5,00381636480756
CBA;Evapo;30;Spatially adjusted;0,373673469387755;12,8879721195344;14,2881453536763;2,48946128771354
CBA;Evapo;30;Spatially adjusted;0,393877551020408;10,1117051083686;11,7636731716411;-0,164479935860527
CBA;Evapo;30;Spatially adjusted;0,414081632653061;7,20483013396029;9,11539382925139;-2,92748389501617
CBA;Evapo;30;Spatially adjusted;0,434285714285714;4,18393168551779;6,36653854494216;-5,76902717885378
CBA;Evapo;30;Spatially adjusted;0,454489795918367;1,06559425224873;3,54033853714736;-8,65858637647443
CBA;Evapo;30;Spatially adjusted;0,47469387755102;-2,13359767663883;0,660025024302058;-11,5656380769788
CBA;Evapo;30;Spatially adjusted;0,494897959183674;-5,39705961193658;-2,25117077515984;-14,4596588694678
CBA;Evapo;30;Spatially adjusted;0,515102040816327;-8,70820706443647;-5,17001764280303;-17,3101253430423
CBA;Evapo;30;Spatially adjusted;0,53530612244898;-12,0504555449309;-8,07328436019384;-20,0865140868032
CBA;Evapo;30;Spatially adjusted;0,555510204081633;-15,4072205642119;-10,937739708897;-22,7583016898514
CBA;Evapo;30;Spatially adjusted;0,575714285714286;-18,7619176330711;-13,7401524704783;-25,2949647412875
CBA;Evapo;30;Spatially adjusted;0,595918367346939;-22,0979622623008;-16,4572914265032;-27,6659798302126
CBA;Evapo;30;Spatially adjusted;0,616122448979592;-25,398769962693;-19,065925358537;-29,8408235457277
CBA;Evapo;30;Spatially adjusted;0,636326530612245;-28,6477562450393;-21,5428230481452;-31,7889724769332
CBA;Evapo;30;Spatially adjusted;0,656530612244898;-31,8283366201322;-23,8647532768937;-33,4799032129304
CBA;Evapo;30;Spatially adjusted;0,676734693877551;-34,9239265987633;-26,0084848263473;-34,8830923428197
CBA;Evapo;30;Spatially adjusted;0,696938775510204;-37,9217638449852;-27,9567565759121;-35,976418951446
CBA;Evapo;30;Spatially adjusted;0,717142857142857;-40,8243746358924;-29,7161877963563;-36,7713721066284
CBA;Evapo;30;Spatially adjusted;0,73734693877551;-43,6381074018382;-31,2993678562871;-37,28784337193
CBA;Evapo;30;Spatially adjusted;0,757551020408163;-46,3693105731775;-32,718886124313;-37,5457243109133
CBA;Evapo;30;Spatially adjusted;0,777755102040816;-49,0243325802646;-33,9873319690421;-37,5649064871418
CBA;Evapo;30;Spatially adjusted;0,797959183673469;-51,6095218534538;-35,1172947590826;-37,3652814641778
CBA;Evapo;30;Spatially adjusted;0,818163265306122;-54,1312268230997;-36,121363863042;-36,9667408055848
CBA;Evapo;30;Spatially adjusted;0,838367346938776;-56,5957959195564;-37,0121286495291;-36,3891760749257
CBA;Evapo;30;Spatially adjusted;0,858571428571429;-59,0095775731777;-37,8021784871514;-35,6524788357629
CBA;Evapo;30;Spatially adjusted;0,878775510204082;-61,3789202143194;-38,5041027445172;-34,7765406516594
CBA;Evapo;30;Spatially adjusted;0,898979591836735;-63,7101722733346;-39,1304907902347;-33,7812530861788
CBA;Evapo;30;Spatially adjusted;0,919183673469388;-66,009682180578;-39,6939319929118;-32,6865077028833
CBA;Evapo;30;Spatially adjusted;0,939387755102041;-68,2837983664042;-40,2070157211565;-31,5121960653362
CBA;Evapo;30;Spatially adjusted;0,959591836734694;-70,5388692611675;-40,6823313435773;-30,2782097371005
CBA;Evapo;30;Spatially adjusted;0,979795918367347;-72,7812432952217;-41,1324682287818;-29,0044402817387
CBA;Evapo;30;Spatially adjusted;1;-75,0172688989217;-41,5700157453782;-27,710779262814
CBA;Evapo;30;Current landscape;0,0266112051904202;-108,361544986609;-84,7846109880259;-70,5713688618625
CBA;Evapo;30;Current landscape;0,0706463903188705;-71,6224120491527;-48,5778435175116;-39,3860173612504
CBA;Evapo;30;Current landscape;0,12813326716423;-95,6378604676152;-85,5802586003997;-56,6558011404256
CBA;Evapo;30;Current landscape;0,175944596529007;-45,7492856930373;-32,4022529447479;-14,94400412961
CBA;Evapo;30;Current landscape;0,228305399417877;-13,1488273087948;-13,7998520281808;-1,25100379400396
CBA;Evapo;30;Current landscape;0,275923252105713;-4,81796153512414;4,63793223201901;25,5825173315318
CBA;Evapo;30;Current landscape;0,321613669395447;-28,9148907043532;-26,1601014996807;-7,78188761451816
CBA;Evapo;30;Current landscape;0,3741155564785;-34,084202256943;-27,7482813059587;2,12260979602388
CBA;Evapo;30;Current landscape;0,42682883143425;-15,326551236232;-22,7087111334981;-0,934486425391242
CBA;Evapo;30;Current landscape;0,474291950464249;-14,7785514008342;-43,9072318448614;-32,1123713881823
CBA;Evapo;30;Current landscape;0,522866606712341;-7,86184620145696;-26,4356271765935;-24,7301847569863
CBA;Evapo;30;Current landscape;0,575782179832458;-38,6989396252791;-38,1093726815691;-12,5404298953695
CBA;Evapo;30;Current landscape;0,624059677124023;-38,4037663090767;-22,4423310022037;-14,955715894276
CBA;Evapo;30;Current landscape;0,677086114883423;-7,06119364120582;-12,0646226032882;2,16831363920392
CBA;Evapo;30;Current landscape;0,723918318748474;-10,9635205433819;-32,5717332192337;-4,91972753939581
CBA;Evapo;30;Current landscape;0,775294065475464;-47,1199409951532;-35,3036981683847;-14,4118363434718
CBA;Evapo;30;Current landscape;0,82645371556282;-47,7102417015581;-18,476581066582;-7,97208809786821
CBA;Evapo;30;Current landscape;0,875010251998901;-40,4471600522832;-27,5547850768444;-0,758168834821163
CBA;Evapo;30;Current landscape;0,929485619068146;-33,3335333395232;-9,61858102755673;22,847275257612
CBA;Evapo;30;Current landscape;1;-40,8052981026531;5,99594095416956;36,2970508705243
