region,response,frac_area,Tipo,median,lower,upper
CBA,Prec,0.01,PF,2312.88150841471,2294.03931654556,2324.17089997349
CBA,Prec,0.0149748743718593,PF,2312.91082218326,2294.06919236519,2324.21387603505
CBA,Prec,0.0199497487437186,PF,2312.94014983084,2294.09907590823,2324.25685491661
CBA,Prec,0.0249246231155779,PF,2312.95273321604,2294.12897489806,2324.29983943814
CBA,Prec,0.0298994974874372,PF,2312.91305986443,2294.1588970581,2324.34283241963
CBA,Prec,0.0348743718592965,PF,2312.87354071378,2294.18885011175,2324.38583668109
CBA,Prec,0.0398492462311558,PF,2312.83421431434,2294.21884178241,2324.42885504249
CBA,Prec,0.0448241206030151,PF,2312.79511921636,2294.24887979348,2324.47189032382
CBA,Prec,0.0497989949748744,PF,2312.75629397007,2294.27897186835,2324.51494534507
CBA,Prec,0.0547738693467337,PF,2312.71777712572,2294.30912573045,2324.55802292623
CBA,Prec,0.059748743718593,PF,2312.67960723355,2294.33934910315,2324.6011258873
CBA,Prec,0.0647236180904523,PF,2312.64182284381,2294.36964970988,2324.64425704825
CBA,Prec,0.0696984924623116,PF,2312.60446250672,2294.40003527402,2324.68741922908
CBA,Prec,0.0746733668341709,PF,2312.58703628584,2294.43051351898,2324.73061524977
CBA,Prec,0.0796482412060302,PF,2312.57231111159,2294.46109216817,2324.77384793032
CBA,Prec,0.0846231155778894,PF,2312.55785889589,2294.49177894497,2324.81712009072
CBA,Prec,0.0895979899497487,PF,2312.54369913576,2294.52258157281,2324.86043455094
CBA,Prec,0.094572864321608,PF,2312.52985132826,2294.55350777507,2324.90379413099
CBA,Prec,0.0995477386934673,PF,2312.51633497041,2294.58456527516,2324.94720165085
CBA,Prec,0.104522613065327,PF,2312.50316955926,2294.61576179647,2324.99065993051
CBA,Prec,0.109497487437186,PF,2312.49037459185,2294.64710506242,2325.03417178996
CBA,Prec,0.114472361809045,PF,2312.47796956521,2294.67860279641,2325.07774004918
CBA,Prec,0.119447236180905,PF,2312.46597397639,2294.71026272183,2325.12136752817
CBA,Prec,0.124422110552764,PF,2312.45440732242,2294.74209256208,2325.16505704692
CBA,Prec,0.129396984924623,PF,2312.44328910035,2294.77410004058,2325.2088114254
CBA,Prec,0.134371859296482,PF,2312.4326388072,2294.80629288071,2325.25263348363
CBA,Prec,0.139346733668342,PF,2312.43352222951,2294.83867880589,2325.29652604157
CBA,Prec,0.144321608040201,PF,2312.45433695162,2294.87126553951,2325.34049191922
CBA,Prec,0.14929648241206,PF,2312.47535727235,2294.90406080498,2325.38453393657
CBA,Prec,0.15427135678392,PF,2312.49659080649,2294.93707232569,2325.42865491361
CBA,Prec,0.159246231155779,PF,2312.51804516879,2294.97030782505,2325.47285767033
CBA,Prec,0.164221105527638,PF,2312.53972797401,2295.00377502646,2325.51714502671
CBA,Prec,0.169195979899498,PF,2312.56164683692,2295.03748165333,2325.56151980274
CBA,Prec,0.174170854271357,PF,2312.58380937229,2295.07143542904,2325.60598481842
CBA,Prec,0.179145728643216,PF,2312.60622319488,2295.10564407702,2325.65054289373
CBA,Prec,0.184120603015075,PF,2312.62889591945,2295.14011532065,2325.69519684867
CBA,Prec,0.189095477386935,PF,2312.65183516077,2295.17485688333,2325.73994950321
CBA,Prec,0.194070351758794,PF,2312.6750485336,2295.20987648848,2325.78480367735
CBA,Prec,0.199045226130653,PF,2312.69854365271,2295.24518185949,2325.82976219108
CBA,Prec,0.204020100502513,PF,2312.72232813285,2295.28078071977,2325.87482786438
CBA,Prec,0.208994974874372,PF,2312.7464095888,2295.31668079271,2325.92000351725
CBA,Prec,0.213969849246231,PF,2312.77079563532,2295.35288980172,2325.96529196968
CBA,Prec,0.21894472361809,PF,2312.79549388718,2295.38941547019,2326.01069604165
CBA,Prec,0.22391959798995,PF,2312.82051195913,2295.42626552154,2326.05621855315
CBA,Prec,0.228894472361809,PF,2312.84585746594,2295.46344767916,2326.10186232417
CBA,Prec,0.233869346733668,PF,2312.87153802237,2295.50096966645,2326.14763017469
CBA,Prec,0.238844221105528,PF,2312.8975612432,2295.53883920682,2326.19352492472
CBA,Prec,0.243819095477387,PF,2312.91249091612,2295.57706402366,2326.23954939424
CBA,Prec,0.248793969849246,PF,2312.92725764163,2295.61565184039,2326.28570640323
CBA,Prec,0.253768844221106,PF,2312.9431801719,2295.65461038039,2326.33199877168
CBA,Prec,0.258743718592965,PF,2312.96028258621,2295.69394736708,2326.3784293196
CBA,Prec,0.263718592964824,PF,2312.97858896382,2295.73367052385,2326.42500086695
CBA,Prec,0.268693467336683,PF,2312.99812338399,2295.7737875741,2326.47171623373
CBA,Prec,0.273668341708543,PF,2313.018909926,2295.81430624125,2326.51857823994
CBA,Prec,0.278643216080402,PF,2313.0409726691,2295.85523424868,2326.56558970555
CBA,Prec,0.283618090452261,PF,2313.06433569256,2295.8965793198,2326.61275345056
CBA,Prec,0.288592964824121,PF,2313.08902307565,2295.93834917802,2326.66007229496
CBA,Prec,0.29356783919598,PF,2313.11505889763,2295.98055154673,2326.70754905874
CBA,Prec,0.298542713567839,PF,2313.14246723778,2296.02319414933,2326.75518656187
CBA,Prec,0.303517587939699,PF,2313.17127217535,2296.06628470923,2326.80298762437
CBA,Prec,0.308492462311558,PF,2313.20149778961,2296.10983094983,2326.8509550662
CBA,Prec,0.313467336683417,PF,2313.23316815983,2296.15384059454,2326.89909170737
CBA,Prec,0.318442211055276,PF,2313.26630736528,2296.19832136674,2326.94740036786
CBA,Prec,0.323417085427136,PF,2313.30093948521,2296.24328098985,2326.99588386765
CBA,Prec,0.328391959798995,PF,2313.33708859891,2296.28872718726,2327.04454502674
CBA,Prec,0.333366834170854,PF,2313.37477878562,2296.33466768238,2327.09338666512
CBA,Prec,0.338341708542714,PF,2313.41403412462,2296.38111019861,2327.14241160278
CBA,Prec,0.343316582914573,PF,2313.45486414297,2296.42805542381,2327.19161512143
CBA,Prec,0.348291457286432,PF,2313.49722015887,2296.47547590364,2327.24096234975
CBA,Prec,0.353266331658292,PF,2313.54103893832,2296.52333714822,2327.29041087812
CBA,Prec,0.358241206030151,PF,2313.58625724732,2296.57160466769,2327.33991829695
CBA,Prec,0.36321608040201,PF,2313.63281185188,2296.62024397215,2327.38944219663
CBA,Prec,0.368190954773869,PF,2313.68063951799,2296.66922057175,2327.43894016757
CBA,Prec,0.373165829145729,PF,2313.72967701166,2296.71849997659,2327.48836980015
CBA,Prec,0.378140703517588,PF,2313.77986109887,2296.76804769681,2327.53768868477
CBA,Prec,0.383115577889447,PF,2313.83104535122,2296.81782924252,2327.58685441184
CBA,Prec,0.388090452261307,PF,2313.8692252021,2296.86781012385,2327.63582457174
CBA,Prec,0.393065326633166,PF,2313.90761532482,2296.91795585093,2327.68455675488
CBA,Prec,0.398040201005025,PF,2313.9461864891,2296.96823193386,2327.73300855166
CBA,Prec,0.403015075376884,PF,2313.98490946468,2297.01860388279,2327.78113755246
CBA,Prec,0.407989949748744,PF,2314.0237550213,2297.06903720783,2327.82890134769
CBA,Prec,0.412964824120603,PF,2314.0626939287,2297.1194974191,2327.87625752775
CBA,Prec,0.417939698492462,PF,2314.10169695661,2297.16995002673,2327.92316368303
CBA,Prec,0.422914572864322,PF,2314.14073487479,2297.22036054084,2327.96957740392
CBA,Prec,0.427889447236181,PF,2314.17977845296,2297.27069447155,2328.01545628084
CBA,Prec,0.43286432160804,PF,2314.21879846086,2297.32091732899,2328.06075790416
CBA,Prec,0.437839195979899,PF,2314.24811990249,2297.37099462328,2328.1054398643
CBA,Prec,0.442814070351759,PF,2314.27285259105,2297.42089186455,2328.14945975164
CBA,Prec,0.447788944723618,PF,2314.29751491262,2297.47057456291,2328.19277515659
CBA,Prec,0.452763819095477,PF,2314.3220877202,2297.52000822849,2328.23534366954
CBA,Prec,0.457738693467337,PF,2314.34655186677,2297.56915837141,2328.27712288089
CBA,Prec,0.462713567839196,PF,2314.37088820535,2297.61799050179,2328.31807038103
CBA,Prec,0.467688442211055,PF,2314.39507758891,2297.66647012977,2328.35814376037
CBA,Prec,0.472663316582915,PF,2314.41910087046,2297.71456276546,2328.3973006093
CBA,Prec,0.477638190954774,PF,2314.44293890299,2297.76223391898,2328.43549851821
CBA,Prec,0.482613065326633,PF,2314.46657253949,2297.80944910046,2328.47269507751
CBA,Prec,0.487587939698492,PF,2314.48998263296,2297.85617382002,2328.5088478776
CBA,Prec,0.492562814070352,PF,2314.51315003639,2297.90237358779,2328.54391450886
CBA,Prec,0.497537688442211,PF,2314.53605560278,2297.94801391388,2328.57785256169
CBA,Prec,0.50251256281407,PF,2314.55868018513,2297.99306030843,2328.6106196265
CBA,Prec,0.50748743718593,PF,2314.58100463641,2298.03747828154,2328.64217329369
CBA,Prec,0.512462311557789,PF,2314.60300980964,2298.08123334336,2328.67247115364
CBA,Prec,0.517437185929648,PF,2314.62467655781,2298.12429100399,2328.70147079675
CBA,Prec,0.522412060301508,PF,2314.6459857339,2298.16661677357,2328.72912981342
CBA,Prec,0.527386934673367,PF,2314.7019379878,2298.20817616221,2328.75540579406
CBA,Prec,0.532361809045226,PF,2314.76363585847,2298.24893468005,2328.78025632905
CBA,Prec,0.537336683417085,PF,2314.82449935367,2298.28885783719,2328.8036390088
CBA,Prec,0.542311557788945,PF,2314.88444622117,2298.32791114377,2328.82551142369
CBA,Prec,0.547286432160804,PF,2314.94339420874,2298.36606010991,2328.84583116413
CBA,Prec,0.552261306532663,PF,2315.00126106414,2298.40327024573,2328.86455582052
CBA,Prec,0.557236180904523,PF,2315.05796453514,2298.43950706136,2328.88164298325
CBA,Prec,0.562211055276382,PF,2315.11342236951,2298.47473606691,2328.89705024272
CBA,Prec,0.567185929648241,PF,2315.16755231501,2298.50892277251,2328.91073518932
CBA,Prec,0.572160804020101,PF,2315.2202721194,2298.54203268829,2328.92265541346
CBA,Prec,0.57713567839196,PF,2315.27149953045,2298.57403132437,2328.93276850553
CBA,Prec,0.582110552763819,PF,2315.32115229593,2298.60488419086,2328.94103205593
CBA,Prec,0.587085427135679,PF,2315.36914816361,2298.6345567979,2328.94740365505
CBA,Prec,0.592060301507538,PF,2315.41540488124,2298.66301465561,2328.9518408933
CBA,Prec,0.597035175879397,PF,2315.4598401966,2298.69022327411,2328.98378251083
CBA,Prec,0.602010050251256,PF,2315.50237185745,2298.71614816352,2329.02689807974
CBA,Prec,0.606984924623116,PF,2315.54291761155,2298.74075483396,2329.06770254388
CBA,Prec,0.611959798994975,PF,2315.58139520667,2298.76400879557,2329.1061280759
CBA,Prec,0.616934673366834,PF,2315.61772239058,2298.78587555845,2329.14210684843
CBA,Prec,0.621909547738694,PF,2315.65181691105,2298.80632063274,2329.17557103411
CBA,Prec,0.626884422110553,PF,2315.68359651583,2298.82530952856,2329.2064528056
CBA,Prec,0.631859296482412,PF,2315.7129789527,2298.84280775604,2329.23468433553
CBA,Prec,0.636834170854271,PF,2315.73988196942,2298.85878082528,2329.26019779654
CBA,Prec,0.641809045226131,PF,2315.76422331375,2298.87319424643,2329.28292536129
CBA,Prec,0.64678391959799,PF,2315.78592073346,2298.88601352959,2329.3027992024
CBA,Prec,0.651758793969849,PF,2315.80489197632,2298.8972041849,2329.31975149253
CBA,Prec,0.656733668341709,PF,2315.82105479009,2298.90673172248,2329.33371440431
CBA,Prec,0.661708542713568,PF,2315.83432692254,2298.91456165245,2329.34462011038
CBA,Prec,0.666683417085427,PF,2315.84462612144,2298.92065948493,2329.3524007834
CBA,Prec,0.671658291457287,PF,2315.85187013454,2298.92499073004,2329.356988596
CBA,Prec,0.676633165829146,PF,2315.85599834115,2298.92753119441,2329.35833525945
CBA,Prec,0.681608040201005,PF,2315.85703664668,2298.92829787058,2329.35647063948
CBA,Prec,0.686582914572864,PF,2315.85503258805,2298.92731804761,2329.35144414046
CBA,Prec,0.691557788944724,PF,2315.85003370223,2298.92461901455,2329.34330516674
CBA,Prec,0.696532663316583,PF,2315.84208752613,2298.92022806044,2329.33210312269
CBA,Prec,0.701507537688442,PF,2315.83124159671,2298.91417247434,2329.31788741266
CBA,Prec,0.706482412060302,PF,2315.81754345091,2298.9064795453,2329.30070744102
CBA,Prec,0.711457286432161,PF,2315.80104062566,2298.89717656235,2329.28061261213
CBA,Prec,0.71643216080402,PF,2315.7817806579,2298.88629081456,2329.25765233034
CBA,Prec,0.721407035175879,PF,2315.75981108457,2298.87384959097,2329.23187600002
CBA,Prec,0.726381909547739,PF,2315.73517944262,2298.85988018063,2329.20333302553
CBA,Prec,0.731356783919598,PF,2315.70793326898,2298.84440987259,2329.17207281122
CBA,Prec,0.736331658291457,PF,2315.6781201006,2298.8274659559,2329.13814476147
CBA,Prec,0.741306532663317,PF,2315.6457874744,2298.80907571961,2329.10159828062
CBA,Prec,0.746281407035176,PF,2315.61098292734,2298.78926645277,2329.06248277304
CBA,Prec,0.751256281407035,PF,2315.57375399635,2298.76806544442,2329.02084764309
CBA,Prec,0.756231155778895,PF,2315.53414821837,2298.74549998361,2328.97674229512
CBA,Prec,0.761206030150754,PF,2315.49221313034,2298.7215973594,2328.93021613351
CBA,Prec,0.766180904522613,PF,2315.4479962692,2298.69638486084,2328.8813185626
CBA,Prec,0.771155778894472,PF,2315.4015451719,2298.66988977696,2328.83009898676
CBA,Prec,0.776130653266332,PF,2315.35290737536,2298.64213939683,2328.77660681036
CBA,Prec,0.781105527638191,PF,2315.30213041654,2298.61316100949,2328.72089143774
CBA,Prec,0.78608040201005,PF,2315.24926183236,2298.58298190399,2328.66300227327
CBA,Prec,0.79105527638191,PF,2315.19434915978,2298.55162936937,2328.60298872132
CBA,Prec,0.796030150753769,PF,2315.13743993572,2298.5191306947,2328.54090018623
CBA,Prec,0.801005025125628,PF,2315.07858169714,2298.48551316901,2328.47678607237
CBA,Prec,0.805979899497488,PF,2315.01782198096,2298.45080408136,2328.41069578411
CBA,Prec,0.810954773869347,PF,2314.95520832413,2298.41503072079,2328.34267872579
CBA,Prec,0.815929648241206,PF,2314.89078826359,2298.37822037636,2328.27278430179
CBA,Prec,0.820904522613065,PF,2314.82281270677,2298.34040033711,2328.20106191646
CBA,Prec,0.825879396984925,PF,2314.73276024973,2298.3015978921,2328.12756097416
CBA,Prec,0.830854271356784,PF,2314.64076602071,2298.26184033036,2328.05233087925
CBA,Prec,0.835829145728643,PF,2314.56314408029,2298.22115494096,2327.9754210361
CBA,Prec,0.840804020100503,PF,2314.51760222376,2298.17956901293,2327.89688084906
CBA,Prec,0.845778894472362,PF,2314.47134506135,2298.13710983534,2327.81675972249
CBA,Prec,0.850753768844221,PF,2314.42439494635,2298.09380469722,2327.73510706075
CBA,Prec,0.85572864321608,PF,2314.37677423208,2298.04968088763,2327.65197226821
CBA,Prec,0.86070351758794,PF,2314.32850527185,2298.00476569562,2327.56740474922
CBA,Prec,0.865678391959799,PF,2314.27961041897,2297.95908641023,2327.48145390814
CBA,Prec,0.870653266331658,PF,2314.23011202674,2297.91267032052,2327.39416914934
CBA,Prec,0.875628140703518,PF,2314.18003244848,2297.86554471553,2327.30559987717
CBA,Prec,0.880603015075377,PF,2314.12939403748,2297.81773688431,2327.215795496
CBA,Prec,0.885577889447236,PF,2314.07821914708,2297.76927411591,2327.12480541018
CBA,Prec,0.890552763819096,PF,2314.02653013056,2297.72018369939,2327.03267902407
CBA,Prec,0.895527638190955,PF,2313.97434934125,2297.67049292378,2326.93946574204
CBA,Prec,0.900502512562814,PF,2313.92169913244,2297.62022907814,2326.84521496845
CBA,Prec,0.905477386934673,PF,2313.86860185746,2297.56941945153,2326.74997610765
CBA,Prec,0.910452261306533,PF,2313.8150798696,2297.51809133297,2326.653798564
CBA,Prec,0.915427135678392,PF,2313.76115552218,2297.46627201154,2326.55673174188
CBA,Prec,0.920402010050251,PF,2313.68701522949,2297.41398877627,2326.45882504563
CBA,Prec,0.925376884422111,PF,2313.59700513237,2297.36126891621,2326.36012787961
CBA,Prec,0.93035175879397,PF,2313.50638891894,2297.30813972042,2326.26068964819
CBA,Prec,0.935326633165829,PF,2313.41520699695,2297.25462847794,2326.16055975573
CBA,Prec,0.940301507537689,PF,2313.32349977414,2297.20076247783,2326.05978760659
CBA,Prec,0.945276381909548,PF,2313.23130765829,2297.14656900912,2325.95842260512
CBA,Prec,0.950251256281407,PF,2313.12693514759,2297.09207536087,2325.85651415569
CBA,Prec,0.955226130653266,PF,2313.01916849681,2297.03730882214,2325.75411166266
CBA,Prec,0.960201005025126,PF,2312.91096935027,2296.98229668196,2325.65126453038
CBA,Prec,0.965175879396985,PF,2312.80238576304,2296.92706622939,2325.54802216323
CBA,Prec,0.970150753768844,PF,2312.71735667954,2296.87164475347,2325.44443396555
CBA,Prec,0.975125628140704,PF,2312.63412644129,2296.81605954326,2325.34054934171
CBA,Prec,0.980100502512563,PF,2312.55069472319,2296.7603378878,2325.23641769607
CBA,Prec,0.985075376884422,PF,2312.46710182121,2296.70450707615,2325.13208843299
CBA,Prec,0.990050251256281,PF,2312.38338803133,2296.64859439735,2325.02761095683
CBA,Prec,0.995025125628141,PF,2312.28946405039,2296.59262714045,2324.92303467194
CBA,Prec,1,PF,2312.14733175406,2296.53663259451,2324.8184089827
CBA,Prec,0.01,SF_early,2320.52052371287,2304.17611540913,2332.66971448793
CBA,Prec,0.0149748743718593,SF_early,2320.27106915693,2303.70973472066,2332.34524357946
CBA,Prec,0.0199497487437186,SF_early,2320.0217717396,2303.24359822952,2332.02092843131
CBA,Prec,0.0249246231155779,SF_early,2319.77278859946,2302.78178736471,2331.69692480381
CBA,Prec,0.0298994974874372,SF_early,2319.52427687512,2302.40332424083,2331.37338845729
CBA,Prec,0.0348743718592965,SF_early,2319.27639370518,2302.02570870625,2331.05047515207
CBA,Prec,0.0398492462311558,SF_early,2319.02929622824,2301.64915265829,2330.72834064846
CBA,Prec,0.0448241206030151,SF_early,2318.78314158289,2301.27386799427,2330.40714070681
CBA,Prec,0.0497989949748744,SF_early,2318.53808690775,2300.90006661151,2330.08703108743
CBA,Prec,0.0547738693467337,SF_early,2318.2942893414,2300.52796040736,2329.76816755065
CBA,Prec,0.059748743718593,SF_early,2318.05190602245,2300.15776127911,2329.45070585678
CBA,Prec,0.0647236180904523,SF_early,2317.81109408949,2299.78968112411,2329.13480176617
CBA,Prec,0.0696984924623116,SF_early,2317.57201068114,2299.42393183967,2328.82061103912
CBA,Prec,0.0746733668341709,SF_early,2317.22780754747,2299.06072532312,2328.50828943597
CBA,Prec,0.0796482412060302,SF_early,2316.8056912906,2298.70027347179,2328.19799271704
CBA,Prec,0.0846231155778894,SF_early,2316.406188806,2298.34278818299,2327.88987664266
CBA,Prec,0.0895979899497487,SF_early,2316.19247458116,2297.98848135405,2327.58409697314
CBA,Prec,0.094572864321608,SF_early,2315.84209955152,2297.63756488229,2327.28080946882
CBA,Prec,0.0995477386934673,SF_early,2315.49532087869,2297.29025066504,2326.98016989002
CBA,Prec,0.104522613065327,SF_early,2315.15235011308,2296.94675059963,2326.68233399706
CBA,Prec,0.109497487437186,SF_early,2314.81339880507,2296.60727658337,2326.38745755026
CBA,Prec,0.114472361809045,SF_early,2314.47867850507,2296.27204051359,2326.09569630996
CBA,Prec,0.119447236180905,SF_early,2314.14840076347,2295.94125428762,2325.80720603648
CBA,Prec,0.124422110552764,SF_early,2313.78383373922,2295.61512980278,2325.52214249014
CBA,Prec,0.129396984924623,SF_early,2313.38221300981,2295.29387895639,2325.24066143127
CBA,Prec,0.134371859296482,SF_early,2312.98664331043,2294.97771364578,2324.96291862018
CBA,Prec,0.139346733668342,SF_early,2312.59737676731,2294.66684576826,2324.68906981721
CBA,Prec,0.144321608040201,SF_early,2312.21466550672,2294.36148722118,2324.41927078268
CBA,Prec,0.14929648241206,SF_early,2311.8387616549,2294.06184990184,2324.15367727692
CBA,Prec,0.15427135678392,SF_early,2311.4699173381,2293.76814570757,2323.90547277234
CBA,Prec,0.159246231155779,SF_early,2311.10838468258,2293.4805865357,2323.71367249283
CBA,Prec,0.164221105527638,SF_early,2310.75441581458,2293.19938428355,2323.52643092758
CBA,Prec,0.169195979899498,SF_early,2310.40826286037,2292.92475084845,2323.34390003374
CBA,Prec,0.174170854271357,SF_early,2310.13436310951,2292.65689812772,2323.16623176844
CBA,Prec,0.179145728643216,SF_early,2310.03824484526,2292.39603801868,2322.99357808882
CBA,Prec,0.184120603015075,SF_early,2309.95300633563,2292.14238241866,2322.82609095204
CBA,Prec,0.189095477386935,SF_early,2309.8702263387,2291.89614322497,2322.66392231523
CBA,Prec,0.194070351758794,SF_early,2309.78997509769,2291.65753233496,2322.50722413553
CBA,Prec,0.199045226130653,SF_early,2309.71232285581,2291.42676164593,2322.35614837008
CBA,Prec,0.204020100502513,SF_early,2309.63733985629,2291.20404305522,2322.21084697604
CBA,Prec,0.208994974874372,SF_early,2309.55697664177,2290.98958846014,2322.07147191053
CBA,Prec,0.213969849246231,SF_early,2309.3846311322,2290.78360975803,2321.93817513071
CBA,Prec,0.21894472361809,SF_early,2309.21837325703,2290.5863188462,2321.81110859371
CBA,Prec,0.22391959798995,SF_early,2309.05835149517,2290.39792762198,2321.69042425667
CBA,Prec,0.228894472361809,SF_early,2308.9047143255,2290.21864798269,2321.57627407675
CBA,Prec,0.233869346733668,SF_early,2308.75761022691,2290.04869182566,2321.46881001107
CBA,Prec,0.238844221105528,SF_early,2308.61718767829,2289.88827104822,2321.36818401679
CBA,Prec,0.243819095477387,SF_early,2308.48359515852,2289.73759754768,2321.27454805103
CBA,Prec,0.248793969849246,SF_early,2308.3569811465,2289.59688322137,2321.18805407096
CBA,Prec,0.253768844221106,SF_early,2308.23749412111,2289.46633996661,2321.1088540337
CBA,Prec,0.258743718592965,SF_early,2308.12528256124,2289.34617968073,2321.0370998964
CBA,Prec,0.263718592964824,SF_early,2308.05074075857,2289.23661426105,2320.97294361621
CBA,Prec,0.268693467336683,SF_early,2308.03563027186,2289.1378556049,2320.91653715026
CBA,Prec,0.273668341708543,SF_early,2308.02503202219,2289.05011560959,2320.86803245569
CBA,Prec,0.278643216080402,SF_early,2308.01903278335,2288.97360617247,2320.82758148966
CBA,Prec,0.283618090452261,SF_early,2307.93507570394,2288.90853919084,2320.79533620929
CBA,Prec,0.288592964824121,SF_early,2307.85338555374,2288.85512656203,2320.77144857174
CBA,Prec,0.29356783919598,SF_early,2307.78052556035,2288.81358018337,2320.75607053414
CBA,Prec,0.298542713567839,SF_early,2307.71665340517,2288.78411195217,2320.74935405364
CBA,Prec,0.303517587939699,SF_early,2307.66192676956,2288.76693376577,2320.75145108737
CBA,Prec,0.308492462311558,SF_early,2307.61650333488,2288.76225752149,2320.76251359249
CBA,Prec,0.313467336683417,SF_early,2307.58054078253,2288.77029511666,2320.78269352613
CBA,Prec,0.318442211055276,SF_early,2307.55419679386,2288.79125844859,2320.81214284543
CBA,Prec,0.323417085427136,SF_early,2307.53762905024,2288.8253594146,2320.85101350754
CBA,Prec,0.328391959798995,SF_early,2307.53099523306,2288.87280991204,2320.8994574696
CBA,Prec,0.333366834170854,SF_early,2307.57325808139,2288.93382183821,2320.95762668875
CBA,Prec,0.338341708542714,SF_early,2307.62320649239,2289.00860709044,2321.02567312213
CBA,Prec,0.343316582914573,SF_early,2307.6791602138,2289.09725173508,2321.10365621102
CBA,Prec,0.348291457286432,SF_early,2307.74089085248,2289.19933851453,2321.19126533327
CBA,Prec,0.353266331658292,SF_early,2307.80810594456,2289.31432434022,2321.28809735085
CBA,Prec,0.358241206030151,SF_early,2307.8805130262,2289.44166612358,2321.39374912573
CBA,Prec,0.36321608040201,SF_early,2307.94009830478,2289.58082077603,2321.5078175199
CBA,Prec,0.368190954773869,SF_early,2307.99037080233,2289.731245209,2321.62989939532
CBA,Prec,0.373165829145729,SF_early,2308.08965929853,2289.89239633392,2321.75959161399
CBA,Prec,0.378140703517588,SF_early,2308.26348432664,2290.06373106222,2321.89649103787
CBA,Prec,0.383115577889447,SF_early,2308.445150225,2290.24470630532,2322.04019452894
CBA,Prec,0.388090452261307,SF_early,2308.6342211447,2290.43477897464,2322.19029894918
CBA,Prec,0.393065326633166,SF_early,2308.83026123689,2290.63340598163,2322.34640116056
CBA,Prec,0.398040201005025,SF_early,2309.03283465269,2290.84004423769,2322.50809802507
CBA,Prec,0.403015075376884,SF_early,2309.18029727452,2291.05415065427,2322.67498640468
CBA,Prec,0.407989949748744,SF_early,2309.19708967105,2291.27518214278,2322.84666316137
CBA,Prec,0.412964824120603,SF_early,2309.21350716564,2291.50259561465,2323.02272515711
CBA,Prec,0.417939698492462,SF_early,2309.22945581497,2291.73584798132,2323.20276925388
CBA,Prec,0.422914572864322,SF_early,2309.24484167574,2291.9743961542,2323.38639231367
CBA,Prec,0.427889447236181,SF_early,2309.25957080463,2292.21769704473,2323.57319119843
CBA,Prec,0.43286432160804,SF_early,2309.27354925832,2292.46520756433,2323.76276277017
CBA,Prec,0.437839195979899,SF_early,2309.28668309349,2292.71638462442,2323.95470389084
CBA,Prec,0.442814070351759,SF_early,2309.29887836684,2292.97068513644,2324.14861142243
CBA,Prec,0.447788944723618,SF_early,2309.31004113505,2293.22756601182,2324.34408222691
CBA,Prec,0.452763819095477,SF_early,2309.3200774548,2293.48648416197,2324.54071316626
CBA,Prec,0.457738693467337,SF_early,2309.32889338278,2293.74689649833,2324.73810110247
CBA,Prec,0.462713567839196,SF_early,2309.33639497567,2294.00825993232,2324.9358428975
CBA,Prec,0.467688442211055,SF_early,2309.35213266424,2294.27003137537,2325.13353541333
CBA,Prec,0.472663316582915,SF_early,2309.45084155273,2294.53166773891,2325.33077551195
CBA,Prec,0.477638190954774,SF_early,2309.51047120755,2294.79262593436,2325.52716005532
CBA,Prec,0.482613065326633,SF_early,2309.5699729526,2295.05236287315,2325.72228590542
CBA,Prec,0.487587939698492,SF_early,2309.6307783999,2295.31033546671,2325.91574992424
CBA,Prec,0.492562814070352,SF_early,2309.69268912101,2295.56600062646,2326.10714897374
CBA,Prec,0.497537688442211,SF_early,2309.75550668751,2295.81881526384,2326.29607991591
CBA,Prec,0.50251256281407,SF_early,2309.82204624555,2296.06823629026,2326.49283870028
CBA,Prec,0.50748743718593,SF_early,2309.97167855453,2296.31372061716,2326.704936818
CBA,Prec,0.512462311557789,SF_early,2310.12072323462,2296.55472515596,2326.91267453853
CBA,Prec,0.517437185929648,SF_early,2310.26884583322,2296.79070681809,2327.11561040464
CBA,Prec,0.522412060301508,SF_early,2310.36668920089,2297.02112251498,2327.31330295907
CBA,Prec,0.527386934673367,SF_early,2310.4511501714,2297.24542915805,2327.5053107446
CBA,Prec,0.532361809045226,SF_early,2310.45709019954,2297.46308365872,2327.69119230397
CBA,Prec,0.537336683417085,SF_early,2310.46075140643,2297.67354292844,2327.87050617993
CBA,Prec,0.542311557788945,SF_early,2310.57983439277,2297.87626387862,2328.04281091526
CBA,Prec,0.547286432160804,SF_early,2310.70319287908,2298.07070342069,2328.20766505271
CBA,Prec,0.552261306532663,SF_early,2310.84012221946,2298.25631846608,2328.36462713503
CBA,Prec,0.557236180904523,SF_early,2310.98065558134,2298.43256592621,2328.51325570498
CBA,Prec,0.562211055276382,SF_early,2311.10599391258,2298.59890271251,2328.65310930531
CBA,Prec,0.567185929648241,SF_early,2311.22416341063,2298.75478573642,2328.78374647879
CBA,Prec,0.572160804020101,SF_early,2311.33475680661,2298.89967190934,2328.90472576818
CBA,Prec,0.57713567839196,SF_early,2311.43736683164,2299.03301814272,2329.01560571622
CBA,Prec,0.582110552763819,SF_early,2311.53377278466,2299.15428134798,2329.11594486568
CBA,Prec,0.587085427135679,SF_early,2311.63414335793,2299.26291843655,2329.20530175931
CBA,Prec,0.592060301507538,SF_early,2311.72706488909,2299.35838631985,2329.28323493987
CBA,Prec,0.597035175879397,SF_early,2311.81214791942,2299.36065748202,2329.34930295012
CBA,Prec,0.602010050251256,SF_early,2311.88900299021,2299.32233126144,2329.40306433282
CBA,Prec,0.606984924623116,SF_early,2311.95724064274,2299.28021692853,2329.44407763071
CBA,Prec,0.611959798994975,SF_early,2312.01647141828,2299.23418206626,2329.47190138657
CBA,Prec,0.616934673366834,SF_early,2312.06630585813,2299.1840942576,2329.5121302895
CBA,Prec,0.621909547738694,SF_early,2312.10635450356,2299.12982108554,2329.61701894762
CBA,Prec,0.626884422110553,SF_early,2312.13622789586,2299.07123013305,2329.70229078456
CBA,Prec,0.631859296482412,SF_early,2312.1555365763,2299.0081889831,2329.76728770205
CBA,Prec,0.636834170854271,SF_early,2312.16389108617,2298.94056521868,2329.81135160182
CBA,Prec,0.641809045226131,SF_early,2312.16090196674,2298.86822642275,2329.83382438561
CBA,Prec,0.64678391959799,SF_early,2312.14617975931,2298.7910401783,2329.83404795515
CBA,Prec,0.651758793969849,SF_early,2312.11933500516,2298.70887406831,2329.81136421219
CBA,Prec,0.656733668341709,SF_early,2312.07997824556,2298.62159567574,2329.76511505845
CBA,Prec,0.661708542713568,SF_early,2312.02772002179,2298.52907258357,2329.69464239566
CBA,Prec,0.666683417085427,SF_early,2311.96217087514,2298.43117237479,2329.59928812557
CBA,Prec,0.671658291457287,SF_early,2311.8829413469,2298.32776263236,2329.47839414991
CBA,Prec,0.676633165829146,SF_early,2311.78974241802,2298.21874725612,2329.33147820953
CBA,Prec,0.681608040201005,SF_early,2311.68118551071,2298.10417541332,2329.15876140174
CBA,Prec,0.686582914572864,SF_early,2311.53476405655,2297.95179058761,2328.96064066295
CBA,Prec,0.691557788944724,SF_early,2311.37590400217,2297.67526790058,2328.73751292959
CBA,Prec,0.696532663316583,SF_early,2311.20480278567,2297.37770118201,2328.48977513808
CBA,Prec,0.701507537688442,SF_early,2311.02165784515,2297.05942985174,2328.21782422485
CBA,Prec,0.706482412060302,SF_early,2310.82666661871,2296.72079332965,2327.92205712631
CBA,Prec,0.711457286432161,SF_early,2310.60816394401,2296.36213103559,2327.60287077889
CBA,Prec,0.71643216080402,SF_early,2310.34075883403,2295.98378238944,2327.260662119
CBA,Prec,0.721407035175879,SF_early,2310.05736144135,2295.58608681105,2326.89582808308
CBA,Prec,0.726381909547739,SF_early,2309.75825233234,2295.16938372029,2326.50876560753
CBA,Prec,0.731356783919598,SF_early,2309.44371207334,2294.73401253702,2326.09987162879
CBA,Prec,0.736331658291457,SF_early,2309.11402123073,2294.28031268111,2325.66954308327
CBA,Prec,0.741306532663317,SF_early,2308.76946037087,2293.80862357242,2325.21817690741
CBA,Prec,0.746281407035176,SF_early,2308.52759038701,2293.36168345011,2324.74617003761
CBA,Prec,0.751256281407035,SF_early,2308.28705329238,2292.94613849167,2324.2539194103
CBA,Prec,0.756231155778895,SF_early,2308.0378302965,2292.51420046468,2323.7418219619
CBA,Prec,0.761206030150754,SF_early,2307.79211539382,2292.0661972305,2323.21027462884
CBA,Prec,0.766180904522613,SF_early,2307.49352871712,2291.60245665051,2322.65967434753
CBA,Prec,0.771155778894472,SF_early,2307.07622847425,2291.12330658608,2322.0904180544
CBA,Prec,0.776130653266332,SF_early,2306.74404348242,2290.62907489857,2321.51725569884
CBA,Prec,0.781105527638191,SF_early,2306.4480539722,2290.12008944937,2321.05178609217
CBA,Prec,0.78608040201005,SF_early,2306.14613323854,2289.59667809983,2320.57499576806
CBA,Prec,0.79105527638191,SF_early,2305.838416082,2289.05916871134,2320.08714201555
CBA,Prec,0.796030150753769,SF_early,2305.52503730308,2288.50788914526,2319.58848212367
CBA,Prec,0.801005025125628,SF_early,2305.20613170234,2287.94316726297,2319.07927338144
CBA,Prec,0.805979899497488,SF_early,2304.88183408029,2287.36533092583,2318.55977307791
CBA,Prec,0.810954773869347,SF_early,2304.60227094242,2286.77470799522,2318.03023850211
CBA,Prec,0.815929648241206,SF_early,2304.3521546318,2286.17162633251,2317.49092694306
CBA,Prec,0.820904522613065,SF_early,2304.09663601721,2285.55641379907,2316.9420956898
CBA,Prec,0.825879396984925,SF_early,2303.83586110688,2284.92939825627,2316.38400203136
CBA,Prec,0.830854271356784,SF_early,2303.56997590902,2284.29090756547,2315.81690325679
CBA,Prec,0.835829145728643,SF_early,2303.29912643185,2283.64126958806,2315.2410566551
CBA,Prec,0.840804020100503,SF_early,2303.02345868357,2282.98081218541,2314.65671951533
CBA,Prec,0.845778894472362,SF_early,2302.74311867242,2282.30986321888,2314.06414912651
CBA,Prec,0.850753768844221,SF_early,2302.45825240659,2281.62875054984,2313.46360277768
CBA,Prec,0.85572864321608,SF_early,2302.16900589431,2280.93780203967,2312.85533775787
CBA,Prec,0.86070351758794,SF_early,2301.59754892447,2280.23734554974,2312.23961135612
CBA,Prec,0.865678391959799,SF_early,2300.94222816135,2279.52770894142,2311.61668086145
CBA,Prec,0.870653266331658,SF_early,2300.66591717906,2278.80922007608,2310.98680356289
CBA,Prec,0.875628140703518,SF_early,2300.38666187736,2278.08220681509,2310.35023674949
CBA,Prec,0.880603015075377,SF_early,2300.10457549931,2277.34699701982,2309.70723771026
CBA,Prec,0.885577889447236,SF_early,2299.76219391968,2276.60391855165,2309.39227446714
CBA,Prec,0.890552763819096,SF_early,2299.21105976907,2275.85329927194,2309.1240951755
CBA,Prec,0.895527638190955,SF_early,2298.51787693852,2275.09546704206,2308.85371182098
CBA,Prec,0.900502512562814,SF_early,2298.00052978308,2274.33074972339,2308.58122458825
CBA,Prec,0.905477386934673,SF_early,2297.61338665672,2273.5594751773,2308.30673366198
CBA,Prec,0.910452261306533,SF_early,2297.18901150443,2272.78197126516,2308.03033922686
CBA,Prec,0.915427135678392,SF_early,2296.75205258876,2271.99856584834,2307.75214146757
CBA,Prec,0.920402010050251,SF_early,2296.31252990993,2271.20958678821,2307.47224056877
CBA,Prec,0.925376884422111,SF_early,2295.63883361289,2270.41536194614,2307.19073671514
CBA,Prec,0.93035175879397,SF_early,2294.90058791683,2269.61621918351,2306.90773009137
CBA,Prec,0.935326633165829,SF_early,2294.15856360037,2268.81248636168,2306.62332088212
CBA,Prec,0.940301507537689,SF_early,2293.59498391498,2268.00449134203,2306.33760927207
CBA,Prec,0.945276381909548,SF_early,2293.11821810503,2267.19256198592,2306.05069544591
CBA,Prec,0.950251256281407,SF_early,2292.77224710437,2266.37702615473,2305.76267958831
CBA,Prec,0.955226130653266,SF_early,2292.44103263463,2265.55821170983,2305.47366188394
CBA,Prec,0.960201005025126,SF_early,2292.10801619858,2264.73644651259,2304.86465055038
CBA,Prec,0.965175879396985,SF_early,2291.64078873492,2263.91205842438,2304.23609228077
CBA,Prec,0.970150753768844,SF_early,2290.97417504338,2263.08537530657,2303.60596801744
CBA,Prec,0.975125628140704,SF_early,2290.46034738552,2262.25672502054,2302.97450147377
CBA,Prec,0.980100502512563,SF_early,2289.9971751216,2261.42643542765,2302.84609157744
CBA,Prec,0.985075376884422,SF_early,2289.60661873164,2260.59483438928,2302.74317668822
CBA,Prec,0.990050251256281,SF_early,2289.2156682045,2259.76224976679,2302.64021840924
CBA,Prec,0.995025125628141,SF_early,2288.68076604967,2258.92900942156,2302.53723120375
CBA,Prec,1,SF_early,2288.10614549926,2258.09544121496,2302.434229535
CBA,Prec,0.01,SF_intermediate,2315.14553085276,2297.63965921743,2331.98924606331
CBA,Prec,0.0149748743718593,SF_intermediate,2315.08424996409,2297.67364023875,2331.89815618412
CBA,Prec,0.0199497487437186,SF_intermediate,2315.08589521594,2297.70760876823,2331.8071093893
CBA,Prec,0.0249246231155779,SF_intermediate,2315.14492543805,2297.74155231405,2331.71614876318
CBA,Prec,0.0298994974874372,SF_intermediate,2315.20466238067,2297.77545838438,2331.62531739013
CBA,Prec,0.0348743718592965,SF_intermediate,2315.26423925139,2297.80931448738,2331.57789211717
CBA,Prec,0.0398492462311558,SF_intermediate,2315.32361603224,2297.84310813121,2331.59559043594
CBA,Prec,0.0448241206030151,SF_intermediate,2315.38275270524,2297.87682682406,2331.61306286054
CBA,Prec,0.0497989949748744,SF_intermediate,2315.35293137682,2297.91045807408,2331.63027174196
CBA,Prec,0.0547738693467337,SF_intermediate,2315.26667154348,2297.94398938944,2331.64717943115
CBA,Prec,0.059748743718593,SF_intermediate,2315.18070960147,2297.97740827832,2331.66374827909
CBA,Prec,0.0647236180904523,SF_intermediate,2315.09891697082,2298.01070224887,2331.67994063676
CBA,Prec,0.0696984924623116,SF_intermediate,2315.10000956427,2298.04385880928,2331.69571885513
CBA,Prec,0.0746733668341709,SF_intermediate,2315.10100012847,2298.0768654677,2331.71104528517
CBA,Prec,0.0796482412060302,SF_intermediate,2315.101880161,2298.1097097323,2331.72588227785
CBA,Prec,0.0846231155778894,SF_intermediate,2315.13250429254,2298.14237911125,2331.74019218415
CBA,Prec,0.0895979899497487,SF_intermediate,2315.32161236439,2298.17486111273,2331.75393735504
CBA,Prec,0.094572864321608,SF_intermediate,2315.50919207627,2298.20714324489,2331.76708014149
CBA,Prec,0.0995477386934673,SF_intermediate,2315.69514790569,2298.2392130159,2331.77958289447
CBA,Prec,0.104522613065327,SF_intermediate,2315.79735703874,2298.27105793394,2331.79140796495
CBA,Prec,0.109497487437186,SF_intermediate,2315.86760144519,2298.30266550717,2331.80251770392
CBA,Prec,0.114472361809045,SF_intermediate,2315.93689104715,2298.33402324376,2331.81287446234
CBA,Prec,0.119447236180905,SF_intermediate,2316.00517810441,2298.36511865188,2331.82244059118
CBA,Prec,0.124422110552764,SF_intermediate,2316.07241487673,2298.39593923969,2331.83117844141
CBA,Prec,0.129396984924623,SF_intermediate,2316.09193325694,2298.42647251537,2331.83905036402
CBA,Prec,0.134371859296482,SF_intermediate,2316.03534465349,2298.45670598708,2331.84601870997
CBA,Prec,0.139346733668342,SF_intermediate,2315.97932730238,2298.48662716298,2331.85204583023
CBA,Prec,0.144321608040201,SF_intermediate,2315.9239040537,2298.51622355126,2331.85709407577
CBA,Prec,0.14929648241206,SF_intermediate,2315.86909775753,2298.54548266007,2331.86112579758
CBA,Prec,0.15427135678392,SF_intermediate,2315.81493126397,2298.57439199758,2331.86410334662
CBA,Prec,0.159246231155779,SF_intermediate,2315.76142742312,2298.60293907196,2331.86598907386
CBA,Prec,0.164221105527638,SF_intermediate,2315.70860908507,2298.63111139138,2331.86674533028
CBA,Prec,0.169195979899498,SF_intermediate,2315.6564990999,2298.65889646401,2331.86633446685
CBA,Prec,0.174170854271357,SF_intermediate,2315.60512031772,2298.68628179802,2331.86471883454
CBA,Prec,0.179145728643216,SF_intermediate,2315.55449558862,2298.71325490156,2331.86186078432
CBA,Prec,0.184120603015075,SF_intermediate,2315.50464776269,2298.73980328282,2331.85772266717
CBA,Prec,0.189095477386935,SF_intermediate,2315.45559969002,2298.76591444996,2331.85226683406
CBA,Prec,0.194070351758794,SF_intermediate,2315.34593926545,2298.79157591114,2331.84545563596
CBA,Prec,0.199045226130653,SF_intermediate,2315.25931392262,2298.81677517454,2331.83725142385
CBA,Prec,0.204020100502513,SF_intermediate,2315.17524586282,2298.84149974832,2331.82761654869
CBA,Prec,0.208994974874372,SF_intermediate,2315.09380238296,2298.86573714065,2331.81651336147
CBA,Prec,0.213969849246231,SF_intermediate,2315.01505077998,2298.8894748597,2331.80390421314
CBA,Prec,0.21894472361809,SF_intermediate,2314.93905835079,2298.91270041364,2331.78975145469
CBA,Prec,0.22391959798995,SF_intermediate,2314.86589239231,2298.93540131063,2331.77401743709
CBA,Prec,0.228894472361809,SF_intermediate,2314.79562020147,2298.95756505885,2331.75666451131
CBA,Prec,0.233869346733668,SF_intermediate,2314.72830907519,2298.97917916645,2331.73765502832
CBA,Prec,0.238844221105528,SF_intermediate,2314.66402631039,2299.00023114161,2331.71695133909
CBA,Prec,0.243819095477387,SF_intermediate,2314.6397115207,2299.02070849251,2331.69451579461
CBA,Prec,0.248793969849246,SF_intermediate,2314.66414165893,2299.04059872729,2331.67031074583
CBA,Prec,0.253768844221106,SF_intermediate,2314.69454122288,2299.05988935414,2331.64429854374
CBA,Prec,0.258743718592965,SF_intermediate,2314.80501375389,2299.07856788121,2331.6164415393
CBA,Prec,0.263718592964824,SF_intermediate,2314.9127000965,2299.09662181669,2331.58670208349
CBA,Prec,0.268693467336683,SF_intermediate,2315.01754452695,2299.11403866873,2331.55504252728
CBA,Prec,0.273668341708543,SF_intermediate,2315.11949132146,2299.13080594551,2331.52142522164
CBA,Prec,0.278643216080402,SF_intermediate,2315.21848475628,2299.14691115519,2331.48581251755
CBA,Prec,0.283618090452261,SF_intermediate,2315.31446910762,2299.16234180593,2331.52694237909
CBA,Prec,0.288592964824121,SF_intermediate,2315.40738865173,2299.17708540592,2331.56866052213
CBA,Prec,0.29356783919598,SF_intermediate,2315.49718766484,2299.19112946331,2331.60747508637
CBA,Prec,0.298542713567839,SF_intermediate,2315.58381042317,2299.20446148628,2331.64333422217
CBA,Prec,0.303517587939699,SF_intermediate,2315.66720120296,2299.21706898299,2331.67618607992
CBA,Prec,0.308492462311558,SF_intermediate,2315.74730428044,2299.22893946161,2331.70597880999
CBA,Prec,0.313467336683417,SF_intermediate,2315.82406393185,2299.24006043031,2331.73266056276
CBA,Prec,0.318442211055276,SF_intermediate,2315.88202882473,2299.25041939725,2331.75617948862
CBA,Prec,0.323417085427136,SF_intermediate,2315.90168397544,2299.26000387061,2331.77648373794
CBA,Prec,0.328391959798995,SF_intermediate,2315.92153965614,2299.26880135855,2331.7935214611
CBA,Prec,0.333366834170854,SF_intermediate,2315.94159904984,2299.27679936924,2331.80724080847
CBA,Prec,0.338341708542714,SF_intermediate,2315.96186533956,2299.28398541084,2331.81758993044
CBA,Prec,0.343316582914573,SF_intermediate,2315.98234123923,2299.29035646046,2331.82454468396
CBA,Prec,0.348291457286432,SF_intermediate,2316.00302758651,2299.29594737086,2331.82819175229
CBA,Prec,0.353266331658292,SF_intermediate,2316.02392474999,2299.30080246375,2331.82864552527
CBA,Prec,0.358241206030151,SF_intermediate,2316.04503309824,2299.30496606083,2331.82602039275
CBA,Prec,0.36321608040201,SF_intermediate,2316.06635299985,2299.3084824838,2331.82043074455
CBA,Prec,0.368190954773869,SF_intermediate,2316.08788482339,2299.31139605436,2331.81199097053
CBA,Prec,0.373165829145729,SF_intermediate,2316.10962893746,2299.31375109421,2331.80081546051
CBA,Prec,0.378140703517588,SF_intermediate,2316.13158571062,2299.31559192506,2331.78701860434
CBA,Prec,0.383115577889447,SF_intermediate,2316.15375551147,2299.3169628686,2331.77071479186
CBA,Prec,0.388090452261307,SF_intermediate,2316.17613870858,2299.31790824654,2331.7520184129
CBA,Prec,0.393065326633166,SF_intermediate,2316.19873567054,2299.31847238058,2331.73104385731
CBA,Prec,0.398040201005025,SF_intermediate,2316.22154676592,2299.31869959241,2331.70790551492
CBA,Prec,0.403015075376884,SF_intermediate,2316.24457236331,2299.31863420374,2331.68271777557
CBA,Prec,0.407989949748744,SF_intermediate,2316.2678128313,2299.31832053628,2331.6555950291
CBA,Prec,0.412964824120603,SF_intermediate,2316.29126853845,2299.31780291171,2331.62665166536
CBA,Prec,0.417939698492462,SF_intermediate,2316.31493985335,2299.31712565175,2331.59600207417
CBA,Prec,0.422914572864322,SF_intermediate,2316.33882714459,2299.31633307809,2331.56376064539
CBA,Prec,0.427889447236181,SF_intermediate,2316.36293078075,2299.31546951243,2331.53004176884
CBA,Prec,0.43286432160804,SF_intermediate,2316.3872511304,2299.31457927649,2331.49495983437
CBA,Prec,0.437839195979899,SF_intermediate,2316.41178856213,2299.31370669194,2331.45862923182
CBA,Prec,0.442814070351759,SF_intermediate,2316.43654344452,2299.31289608051,2331.42116435102
CBA,Prec,0.447788944723618,SF_intermediate,2316.46151614615,2299.31219176389,2331.38267958182
CBA,Prec,0.452763819095477,SF_intermediate,2316.4867070356,2299.31163806378,2331.34328931405
CBA,Prec,0.457738693467337,SF_intermediate,2316.51211648146,2299.31127930187,2331.30310793755
CBA,Prec,0.462713567839196,SF_intermediate,2316.5377448523,2299.31115979989,2331.26224984217
CBA,Prec,0.467688442211055,SF_intermediate,2316.56359251672,2299.31132387951,2331.22082941773
CBA,Prec,0.472663316582915,SF_intermediate,2316.58965984328,2299.31181586245,2331.17896105409
CBA,Prec,0.477638190954774,SF_intermediate,2316.58449387966,2299.31268007041,2331.13675914108
CBA,Prec,0.482613065326633,SF_intermediate,2316.54673919827,2299.31396082508,2331.09433806853
CBA,Prec,0.487587939698492,SF_intermediate,2316.52508380858,2299.31570244817,2331.05181222629
CBA,Prec,0.492562814070352,SF_intermediate,2316.54382273346,2299.31794926139,2331.0092960042
CBA,Prec,0.497537688442211,SF_intermediate,2316.51132218624,2299.32074558642,2330.96690379209
CBA,Prec,0.50251256281407,SF_intermediate,2316.43615330186,2299.32413574497,2330.92474997981
CBA,Prec,0.50748743718593,SF_intermediate,2316.36262249713,2299.32816405875,2330.88294895719
CBA,Prec,0.512462311557789,SF_intermediate,2316.31698853807,2299.33287484945,2330.84161511407
CBA,Prec,0.517437185929648,SF_intermediate,2316.27943346638,2299.33831243878,2330.80086284029
CBA,Prec,0.522412060301508,SF_intermediate,2316.32166211047,2299.34452114843,2330.7608065257
CBA,Prec,0.527386934673367,SF_intermediate,2316.3964475426,2299.35154530011,2330.72156056013
CBA,Prec,0.532361809045226,SF_intermediate,2316.47216539583,2299.35942921552,2330.68323933341
CBA,Prec,0.537336683417085,SF_intermediate,2316.54874071899,2299.36821721635,2330.64595723539
CBA,Prec,0.542311557788945,SF_intermediate,2316.6260985609,2299.37795362432,2330.60982865591
CBA,Prec,0.547286432160804,SF_intermediate,2316.63820852327,2299.38868276112,2330.57496798481
CBA,Prec,0.552261306532663,SF_intermediate,2316.5731075028,2299.40044894845,2330.54148961192
CBA,Prec,0.557236180904523,SF_intermediate,2316.51097049652,2299.41329650802,2330.50950792709
CBA,Prec,0.562211055276382,SF_intermediate,2316.45198527016,2299.42726976152,2330.47913732015
CBA,Prec,0.567185929648241,SF_intermediate,2316.39633958948,2299.44241303066,2330.45049218094
CBA,Prec,0.572160804020101,SF_intermediate,2316.34422122023,2299.45877063714,2330.4236868993
CBA,Prec,0.57713567839196,SF_intermediate,2316.29581792815,2299.47638690265,2330.4810837415
CBA,Prec,0.582110552763819,SF_intermediate,2316.30756414051,2299.49530614891,2330.55999837263
CBA,Prec,0.587085427135679,SF_intermediate,2316.36240903732,2299.5155726976,2330.63918447497
CBA,Prec,0.592060301507538,SF_intermediate,2316.41785918287,2299.53723087044,2330.71858955677
CBA,Prec,0.597035175879397,SF_intermediate,2316.47392634595,2299.56032498912,2330.79816112626
CBA,Prec,0.602010050251256,SF_intermediate,2316.53062229537,2299.58489937534,2330.87784669168
CBA,Prec,0.606984924623116,SF_intermediate,2316.58795879991,2299.61099835081,2330.95759376127
CBA,Prec,0.611959798994975,SF_intermediate,2316.64594762839,2299.63866623722,2331.03734984328
CBA,Prec,0.616934673366834,SF_intermediate,2316.7046005496,2299.66794735629,2331.11706244594
CBA,Prec,0.621909547738694,SF_intermediate,2316.76392933234,2299.6988860297,2331.19667907748
CBA,Prec,0.626884422110553,SF_intermediate,2316.82394574541,2299.73152657916,2331.27614724616
CBA,Prec,0.631859296482412,SF_intermediate,2316.88466155761,2299.76591332637,2331.35541446021
CBA,Prec,0.636834170854271,SF_intermediate,2316.94608853773,2299.80209059304,2331.43442822786
CBA,Prec,0.641809045226131,SF_intermediate,2317.00823845457,2299.84010270086,2331.51313605736
CBA,Prec,0.64678391959799,SF_intermediate,2317.07112307694,2299.87999397153,2331.59148545695
CBA,Prec,0.651758793969849,SF_intermediate,2317.13475417363,2299.92180872675,2331.66942393486
CBA,Prec,0.656733668341709,SF_intermediate,2317.19914351344,2299.96559128824,2331.74689899934
CBA,Prec,0.661708542713568,SF_intermediate,2317.26430286518,2300.01138597768,2331.82385815863
CBA,Prec,0.666683417085427,SF_intermediate,2317.33024399763,2300.05923711678,2331.90024892096
CBA,Prec,0.671658291457287,SF_intermediate,2317.39697867959,2300.10918902724,2331.97601879457
CBA,Prec,0.676633165829146,SF_intermediate,2317.46451468478,2300.16127322691,2332.05112573679
CBA,Prec,0.681608040201005,SF_intermediate,2317.53284380649,2300.21547001823,2332.12556950126
CBA,Prec,0.686582914572864,SF_intermediate,2317.60195384293,2300.27174689979,2332.19936029073
CBA,Prec,0.691557788944724,SF_intermediate,2317.67183259231,2300.33007137018,2332.27250830792
CBA,Prec,0.696532663316583,SF_intermediate,2317.74246785283,2300.39041092799,2332.34502375558
CBA,Prec,0.701507537688442,SF_intermediate,2317.81384742271,2300.45273307181,2332.41691683643
CBA,Prec,0.706482412060302,SF_intermediate,2317.88595910015,2300.51700530024,2332.48819775321
CBA,Prec,0.711457286432161,SF_intermediate,2317.95879068335,2300.58319511185,2332.55887670865
CBA,Prec,0.71643216080402,SF_intermediate,2318.03232997053,2300.65127000525,2332.62896390549
CBA,Prec,0.721407035175879,SF_intermediate,2318.1065647599,2300.72119747902,2332.69846954647
CBA,Prec,0.726381909547739,SF_intermediate,2318.22331148014,2300.79294503174,2332.76740383431
CBA,Prec,0.731356783919598,SF_intermediate,2318.38202435062,2300.86648016202,2332.83577697176
CBA,Prec,0.736331658291457,SF_intermediate,2318.51322081292,2300.94177036844,2332.90359916154
CBA,Prec,0.741306532663317,SF_intermediate,2318.64712058948,2301.01878314959,2332.9708806064
CBA,Prec,0.746281407035176,SF_intermediate,2318.78574469693,2301.09748600406,2333.03763150906
CBA,Prec,0.751256281407035,SF_intermediate,2318.92900228277,2301.17784643045,2333.10386207226
CBA,Prec,0.756231155778895,SF_intermediate,2319.07680249448,2301.25983192733,2333.16958249874
CBA,Prec,0.761206030150754,SF_intermediate,2319.22905447953,2301.3434099933,2333.23480299123
CBA,Prec,0.766180904522613,SF_intermediate,2319.38566738542,2301.42854812695,2333.29953375246
CBA,Prec,0.771155778894472,SF_intermediate,2319.52486998924,2301.51521382688,2333.36378498516
CBA,Prec,0.776130653266332,SF_intermediate,2319.58009486234,2301.60337459166,2333.42756689208
CBA,Prec,0.781105527638191,SF_intermediate,2319.63486373024,2301.6929979199,2333.49088967595
CBA,Prec,0.78608040201005,SF_intermediate,2319.71547563986,2301.78405131018,2333.5537635395
CBA,Prec,0.79105527638191,SF_intermediate,2319.91584732016,2301.87650226108,2333.61619868547
CBA,Prec,0.796030150753769,SF_intermediate,2320.11972370063,2301.97031827121,2333.67820531659
CBA,Prec,0.801005025125628,SF_intermediate,2320.32702133603,2302.06546683915,2333.73979363559
CBA,Prec,0.805979899497488,SF_intermediate,2320.53765678111,2302.16191546349,2333.80097384522
CBA,Prec,0.810954773869347,SF_intermediate,2320.75154659063,2302.38417174372,2333.86175614819
CBA,Prec,0.815929648241206,SF_intermediate,2320.96860731935,2302.61467435602,2333.92215074726
CBA,Prec,0.820904522613065,SF_intermediate,2321.18875552203,2302.8479225847,2333.98216784515
CBA,Prec,0.825879396984925,SF_intermediate,2321.35648094049,2303.0838422239,2334.0418176446
CBA,Prec,0.830854271356784,SF_intermediate,2321.50025436781,2303.32235906778,2334.10111034834
CBA,Prec,0.835829145728643,SF_intermediate,2321.56219802929,2303.56339891048,2334.16005615911
CBA,Prec,0.840804020100503,SF_intermediate,2321.61090454715,2303.80688754617,2334.21866527963
CBA,Prec,0.845778894472362,SF_intermediate,2321.65857118882,2304.052750769,2334.27694791266
CBA,Prec,0.850753768844221,SF_intermediate,2321.74856473803,2304.3009143731,2334.33491426092
CBA,Prec,0.85572864321608,SF_intermediate,2321.8788333396,2304.55130415265,2334.39257452714
CBA,Prec,0.86070351758794,SF_intermediate,2322.00991710652,2304.80384590178,2334.44993891405
CBA,Prec,0.865678391959799,SF_intermediate,2322.14178792963,2305.05846541466,2334.50701762441
CBA,Prec,0.870653266331658,SF_intermediate,2322.27441769979,2305.31508848543,2334.60910541738
CBA,Prec,0.875628140703518,SF_intermediate,2322.40777830784,2305.57364090825,2334.85487175631
CBA,Prec,0.880603015075377,SF_intermediate,2322.53841406106,2305.83404847726,2335.10249082179
CBA,Prec,0.885577889447236,SF_intermediate,2322.63221423325,2306.09623698663,2335.35188850478
CBA,Prec,0.890552763819096,SF_intermediate,2322.72700918014,2306.36013223049,2335.6029906962
CBA,Prec,0.895527638190955,SF_intermediate,2322.82197782512,2306.62566000301,2335.85572328701
CBA,Prec,0.900502512562814,SF_intermediate,2322.91711227282,2306.89274609834,2336.11001216812
CBA,Prec,0.905477386934673,SF_intermediate,2323.01240462787,2307.16131631063,2336.36578323048
CBA,Prec,0.910452261306533,SF_intermediate,2323.10784699491,2307.43129643402,2336.62296236503
CBA,Prec,0.915427135678392,SF_intermediate,2323.20343147857,2307.70261226268,2336.88147546271
CBA,Prec,0.920402010050251,SF_intermediate,2323.21043507509,2307.97518959075,2337.14124841445
CBA,Prec,0.925376884422111,SF_intermediate,2323.16137163451,2308.24895421239,2337.5855892718
CBA,Prec,0.93035175879397,SF_intermediate,2323.11156039737,2308.52383192175,2338.05129347633
CBA,Prec,0.935326633165829,SF_intermediate,2323.06105121677,2308.79974851298,2338.51955621874
CBA,Prec,0.940301507537689,SF_intermediate,2323.0098939458,2309.07662978023,2338.99019474631
CBA,Prec,0.945276381909548,SF_intermediate,2322.95813843759,2309.35440151766,2339.46302630634
CBA,Prec,0.950251256281407,SF_intermediate,2322.90583454523,2309.63298951941,2339.93786814613
CBA,Prec,0.955226130653266,SF_intermediate,2322.85303212182,2309.91231957965,2340.41453751298
CBA,Prec,0.960201005025126,SF_intermediate,2322.79978102047,2310.19231749251,2340.89285165417
CBA,Prec,0.965175879396985,SF_intermediate,2322.74613109429,2310.47290905216,2341.37262781701
CBA,Prec,0.970150753768844,SF_intermediate,2322.74106467285,2310.75402005274,2341.85368324878
CBA,Prec,0.975125628140704,SF_intermediate,2322.90763236789,2311.03557628841,2342.33583519679
CBA,Prec,0.980100502512563,SF_intermediate,2323.07442367941,2311.31750355332,2342.81890090832
CBA,Prec,0.985075376884422,SF_intermediate,2323.24139388411,2311.59972764162,2343.30269763067
CBA,Prec,0.990050251256281,SF_intermediate,2323.4084982587,2311.88217434747,2343.78704261114
CBA,Prec,0.995025125628141,SF_intermediate,2323.57569207987,2312.16476946501,2344.27175309702
CBA,Prec,1,SF_intermediate,2323.74293062434,2312.4474387884,2344.7566463356
CBA,Prec,0.01,SF_advanced,2328.55184984455,2304.2458409585,2348.39197317421
CBA,Prec,0.0149748743718593,SF_advanced,2328.21537265301,2304.14740665298,2347.65521575306
CBA,Prec,0.0199497487437186,SF_advanced,2327.87898444125,2304.04899400637,2346.91873326821
CBA,Prec,0.0249246231155779,SF_advanced,2327.54277418906,2303.95062467759,2346.18280065599
CBA,Prec,0.0298994974874372,SF_advanced,2327.20746612114,2303.85232032554,2345.4476928527
CBA,Prec,0.0348743718592965,SF_advanced,2326.89878967586,2303.75410260914,2344.71368479465
CBA,Prec,0.0398492462311558,SF_advanced,2326.7980651986,2303.6559931873,2343.98105141815
CBA,Prec,0.0448241206030151,SF_advanced,2326.54122483567,2303.55801371894,2343.25006765952
CBA,Prec,0.0497989949748744,SF_advanced,2326.28471211385,2303.46018586296,2342.52100845506
CBA,Prec,0.0547738693467337,SF_advanced,2326.02857383901,2303.36253127828,2341.79414874109
CBA,Prec,0.059748743718593,SF_advanced,2325.77285681703,2303.26507162381,2341.06976345391
CBA,Prec,0.0647236180904523,SF_advanced,2325.41327523649,2303.16782855846,2340.36647489405
CBA,Prec,0.0696984924623116,SF_advanced,2324.8903849306,2303.07082374114,2339.84153950139
CBA,Prec,0.0746733668341709,SF_advanced,2324.36939675861,2302.97407883077,2339.31836150329
CBA,Prec,0.0796482412060302,SF_advanced,2323.85046923168,2302.87761548626,2338.79708734929
CBA,Prec,0.0846231155778894,SF_advanced,2323.33376086097,2302.78145536652,2338.27786348896
CBA,Prec,0.0895979899497487,SF_advanced,2322.81943015764,2302.68562013047,2337.76083637183
CBA,Prec,0.094572864321608,SF_advanced,2322.30763563285,2302.59013143701,2337.24615244746
CBA,Prec,0.0995477386934673,SF_advanced,2321.79853579776,2302.49501094505,2336.73395816538
CBA,Prec,0.104522613065327,SF_advanced,2321.30696428086,2302.40028031352,2336.22439997515
CBA,Prec,0.109497487437186,SF_advanced,2320.8939672101,2302.30596120132,2335.71762432631
CBA,Prec,0.114472361809045,SF_advanced,2320.48374616575,2302.21207526737,2335.21377766841
CBA,Prec,0.119447236180905,SF_advanced,2320.07643994914,2302.11864417057,2334.713006451
CBA,Prec,0.124422110552764,SF_advanced,2319.67218736157,2302.02568956983,2334.21545712363
CBA,Prec,0.129396984924623,SF_advanced,2319.32825529851,2301.93323312408,2333.72127613583
CBA,Prec,0.134371859296482,SF_advanced,2318.98794868574,2301.84129649223,2333.23060993716
CBA,Prec,0.139346733668342,SF_advanced,2318.64990847932,2301.74990133317,2332.74360497717
CBA,Prec,0.144321608040201,SF_advanced,2318.31422533552,2301.65906930584,2332.26040770539
CBA,Prec,0.14929648241206,SF_advanced,2317.98098991058,2301.56882206914,2331.78116457139
CBA,Prec,0.15427135678392,SF_advanced,2317.65029286075,2301.47918128197,2331.3060220247
CBA,Prec,0.159246231155779,SF_advanced,2317.3222248423,2301.39016860326,2330.83512651488
CBA,Prec,0.164221105527638,SF_advanced,2316.99687651147,2301.30180569192,2330.5006530403
CBA,Prec,0.169195979899498,SF_advanced,2316.67433852452,2301.21411420686,2330.38518007227
CBA,Prec,0.174170854271357,SF_advanced,2316.39769216877,2301.12711580699,2330.26929624
CBA,Prec,0.179145728643216,SF_advanced,2316.1389995719,2301.04083215122,2330.15298870399
CBA,Prec,0.184120603015075,SF_advanced,2315.8835745358,2300.95528489846,2330.03624462474
CBA,Prec,0.189095477386935,SF_advanced,2315.63151316521,2300.87426401643,2329.91905116273
CBA,Prec,0.194070351758794,SF_advanced,2315.38291156485,2300.81379754623,2329.80139547846
CBA,Prec,0.199045226130653,SF_advanced,2315.13786583945,2300.64058318861,2329.68326473241
CBA,Prec,0.204020100502513,SF_advanced,2314.89647209374,2300.49061808933,2329.56464608509
CBA,Prec,0.208994974874372,SF_advanced,2314.66589198196,2300.34316956387,2329.44552669699
CBA,Prec,0.213969849246231,SF_advanced,2314.43972953115,2300.19830213977,2329.32589372859
CBA,Prec,0.21894472361809,SF_advanced,2314.21582443271,2300.05608034457,2329.2057343404
CBA,Prec,0.22391959798995,SF_advanced,2313.91111997769,2299.9165687058,2329.08503569289
CBA,Prec,0.228894472361809,SF_advanced,2313.53026419488,2299.77983175099,2328.96378494658
CBA,Prec,0.233869346733668,SF_advanced,2313.1575270616,2299.64593400767,2328.84196926194
CBA,Prec,0.238844221105528,SF_advanced,2312.79309309263,2299.51494000339,2328.71957579948
CBA,Prec,0.243819095477387,SF_advanced,2312.43714680271,2299.38691426567,2328.59659171967
CBA,Prec,0.248793969849246,SF_advanced,2312.08987270662,2299.26192132206,2328.47300418303
CBA,Prec,0.253768844221106,SF_advanced,2311.83836206506,2299.14002570007,2328.34880035003
CBA,Prec,0.258743718592965,SF_advanced,2311.66514323798,2299.02129192726,2328.22396738118
CBA,Prec,0.263718592964824,SF_advanced,2311.54427628014,2298.90578453114,2328.09849243696
CBA,Prec,0.268693467336683,SF_advanced,2311.35144134613,2298.79356803926,2327.97236267788
CBA,Prec,0.273668341708543,SF_advanced,2311.08841130723,2298.68470697916,2327.84556526441
CBA,Prec,0.278643216080402,SF_advanced,2310.8344314879,2298.57926587835,2327.71808735705
CBA,Prec,0.283618090452261,SF_advanced,2310.58967264698,2298.47730926438,2327.5899161163
CBA,Prec,0.288592964824121,SF_advanced,2310.35430554335,2298.37890166478,2327.46103870265
CBA,Prec,0.29356783919598,SF_advanced,2310.066850258,2298.28410760709,2327.33144227659
CBA,Prec,0.298542713567839,SF_advanced,2309.79484599807,2298.19299161884,2327.20111399861
CBA,Prec,0.303517587939699,SF_advanced,2309.54425393417,2298.07150185211,2327.07004102921
CBA,Prec,0.308492462311558,SF_advanced,2309.30346278701,2297.93536152996,2326.93821052888
CBA,Prec,0.313467336683417,SF_advanced,2309.08379694684,2297.79817414008,2326.80560965812
CBA,Prec,0.318442211055276,SF_advanced,2308.87204350855,2297.65992223133,2326.6722255774
CBA,Prec,0.323417085427136,SF_advanced,2308.66833218362,2297.52058835258,2326.53804544724
CBA,Prec,0.328391959798995,SF_advanced,2308.47279268358,2297.38015505271,2326.40305642811
CBA,Prec,0.333366834170854,SF_advanced,2308.28555471992,2297.23860488059,2326.26724568052
CBA,Prec,0.338341708542714,SF_advanced,2308.10674800415,2297.09592038509,2326.13060036495
CBA,Prec,0.343316582914573,SF_advanced,2307.9364589086,2296.95210545933,2325.99312679499
CBA,Prec,0.348291457286432,SF_advanced,2307.77460044887,2296.80724937346,2325.85490789654
CBA,Prec,0.353266331658292,SF_advanced,2307.62104230138,2296.66146274188,2325.71604574861
CBA,Prec,0.358241206030151,SF_advanced,2307.47565414254,2296.51485617898,2325.5766424302
CBA,Prec,0.36321608040201,SF_advanced,2307.33830564878,2296.36754029916,2325.4368000203
CBA,Prec,0.368190954773869,SF_advanced,2307.20886649651,2296.21962571683,2325.29662059791
CBA,Prec,0.373165829145729,SF_advanced,2307.08183447958,2296.07122304639,2325.15620624204
CBA,Prec,0.378140703517588,SF_advanced,2306.94690738265,2295.92244290222,2325.01565903167
CBA,Prec,0.383115577889447,SF_advanced,2306.82022895262,2295.77339589874,2324.87508104582
CBA,Prec,0.388090452261307,SF_advanced,2306.70165809688,2295.62419265033,2324.73457436348
CBA,Prec,0.393065326633166,SF_advanced,2306.59105372283,2295.4749437714,2324.59424106364
CBA,Prec,0.398040201005025,SF_advanced,2306.48827473786,2295.32575987635,2324.45418322531
CBA,Prec,0.403015075376884,SF_advanced,2306.47492676261,2295.17675157958,2324.31450292749
CBA,Prec,0.407989949748744,SF_advanced,2306.44245074249,2295.02802949548,2324.17530224918
CBA,Prec,0.412964824120603,SF_advanced,2306.37833110254,2294.87970423845,2324.03668326937
CBA,Prec,0.417939698492462,SF_advanced,2306.32081756829,2294.73188642289,2323.89874806706
CBA,Prec,0.422914572864322,SF_advanced,2306.26977981614,2294.58468666321,2323.76159872125
CBA,Prec,0.427889447236181,SF_advanced,2306.22508752251,2294.43821557379,2323.62533731095
CBA,Prec,0.43286432160804,SF_advanced,2306.18661036384,2294.29258376905,2323.49006591514
CBA,Prec,0.437839195979899,SF_advanced,2306.15421801653,2294.14790186337,2323.35588661284
CBA,Prec,0.442814070351759,SF_advanced,2306.127780157,2294.00428047116,2323.22290148303
CBA,Prec,0.447788944723618,SF_advanced,2306.10716646168,2293.86183020682,2323.09121260472
CBA,Prec,0.452763819095477,SF_advanced,2306.09224660698,2293.72066168474,2322.96092205691
CBA,Prec,0.457738693467337,SF_advanced,2306.08289026932,2293.58088551932,2322.83213191859
CBA,Prec,0.462713567839196,SF_advanced,2306.11857328199,2293.44261232496,2322.70494426877
CBA,Prec,0.467688442211055,SF_advanced,2306.18445726802,2293.30595271607,2322.57946118644
CBA,Prec,0.472663316582915,SF_advanced,2306.25593468855,2293.17101730703,2322.4557847506
CBA,Prec,0.477638190954774,SF_advanced,2306.33278489796,2293.03791671225,2322.33401704026
CBA,Prec,0.482613065326633,SF_advanced,2306.37951337156,2292.90676154613,2322.2142601344
CBA,Prec,0.487587939698492,SF_advanced,2306.34773365025,2292.77766242307,2322.09661611204
CBA,Prec,0.492562814070352,SF_advanced,2306.31847215989,2292.65072995746,2321.98118705216
CBA,Prec,0.497537688442211,SF_advanced,2306.29172516266,2292.52607476371,2321.86807503377
CBA,Prec,0.50251256281407,SF_advanced,2306.26748892072,2292.40380745621,2321.75738213587
CBA,Prec,0.50748743718593,SF_advanced,2306.24575969623,2292.28403864936,2321.64921043745
CBA,Prec,0.512462311557789,SF_advanced,2306.22653375136,2292.16687895756,2321.54366201752
CBA,Prec,0.517437185929648,SF_advanced,2306.20980734828,2292.05243899521,2321.44083895507
CBA,Prec,0.522412060301508,SF_advanced,2306.19557674916,2291.94082937671,2321.3408433291
CBA,Prec,0.527386934673367,SF_advanced,2306.18383821616,2291.83216071646,2321.24377721862
CBA,Prec,0.532361809045226,SF_advanced,2306.05985332783,2291.79432624787,2321.14974270261
CBA,Prec,0.537336683417085,SF_advanced,2305.92446872668,2291.77529590335,2321.05884186009
CBA,Prec,0.542311557788945,SF_advanced,2305.79317430966,2291.75957123696,2320.97117677004
CBA,Prec,0.547286432160804,SF_advanced,2305.6661104887,2291.74714793973,2320.88684951147
CBA,Prec,0.552261306532663,SF_advanced,2305.54341767573,2291.73802170269,2320.80596216338
CBA,Prec,0.557236180904523,SF_advanced,2305.48667420512,2291.73218821689,2320.83517483224
CBA,Prec,0.562211055276382,SF_advanced,2305.47269175782,2291.72964317336,2320.92945740678
CBA,Prec,0.567185929648241,SF_advanced,2305.46135895118,2291.73038226314,2321.02422826651
CBA,Prec,0.572160804020101,SF_advanced,2305.45261596675,2291.73440117726,2321.11930552088
CBA,Prec,0.57713567839196,SF_advanced,2305.44640298605,2291.74169560677,2321.21450727931
CBA,Prec,0.582110552763819,SF_advanced,2305.44266019063,2291.75226124269,2321.30965165126
CBA,Prec,0.587085427135679,SF_advanced,2305.44132776202,2291.76609377607,2321.40455674616
CBA,Prec,0.592060301507538,SF_advanced,2305.44234588176,2291.78318889795,2321.49904067346
CBA,Prec,0.597035175879397,SF_advanced,2305.44565473138,2291.80354229935,2321.59292154259
CBA,Prec,0.602010050251256,SF_advanced,2305.45874910063,2291.82714967132,2321.68601746299
CBA,Prec,0.606984924623116,SF_advanced,2305.51728327006,2291.8540067049,2321.77814654412
CBA,Prec,0.611959798994975,SF_advanced,2305.57640941452,2291.88410909111,2321.86912689539
CBA,Prec,0.616934673366834,SF_advanced,2305.6360138878,2291.91745252101,2321.95877662627
CBA,Prec,0.621909547738694,SF_advanced,2305.69598304373,2291.95403268562,2322.04691384618
CBA,Prec,0.626884422110553,SF_advanced,2305.78937144109,2291.99384527597,2322.13335666456
CBA,Prec,0.631859296482412,SF_advanced,2305.89835039613,2292.03688598312,2322.21792319087
CBA,Prec,0.636834170854271,SF_advanced,2306.00505331866,2292.0831504981,2322.30043153454
CBA,Prec,0.641809045226131,SF_advanced,2306.10925961755,2292.13263451193,2322.380699805
CBA,Prec,0.64678391959799,SF_advanced,2306.21074870167,2292.18533371567,2322.4585461117
CBA,Prec,0.651758793969849,SF_advanced,2306.3092999799,2292.24124380034,2322.56074994783
CBA,Prec,0.656733668341709,SF_advanced,2306.4046928611,2292.30036045699,2322.71905308227
CBA,Prec,0.661708542713568,SF_advanced,2306.49670675414,2292.36267937664,2322.86833083145
CBA,Prec,0.666683417085427,SF_advanced,2306.58512106791,2292.42819625035,2323.00815864564
CBA,Prec,0.671658291457287,SF_advanced,2306.66971521127,2292.49690676914,2323.13811197515
CBA,Prec,0.676633165829146,SF_advanced,2306.75031556223,2292.56879928833,2323.25786303618
CBA,Prec,0.681608040201005,SF_advanced,2306.82693637531,2292.64383282036,2323.36747110879
CBA,Prec,0.686582914572864,SF_advanced,2306.89963887418,2292.72195904197,2323.46709223893
CBA,Prec,0.691557788944724,SF_advanced,2306.96848428249,2292.80312962988,2323.5568824726
CBA,Prec,0.696532663316583,SF_advanced,2307.03353382391,2292.88729626081,2323.63699785575
CBA,Prec,0.701507537688442,SF_advanced,2307.09484872209,2292.97441061148,2323.70759443437
CBA,Prec,0.706482412060302,SF_advanced,2307.15249020069,2293.06442435864,2323.76882825444
CBA,Prec,0.711457286432161,SF_advanced,2307.20651948338,2293.15728917899,2323.82085536193
CBA,Prec,0.71643216080402,SF_advanced,2307.2569977938,2293.25295674926,2323.86383180282
CBA,Prec,0.721407035175879,SF_advanced,2307.30398635563,2293.35137874619,2323.89791362308
CBA,Prec,0.726381909547739,SF_advanced,2307.34754639253,2293.45250684649,2323.92325686868
CBA,Prec,0.731356783919598,SF_advanced,2307.42318018596,2293.55629272689,2323.94001758561
CBA,Prec,0.736331658291457,SF_advanced,2307.52660790881,2293.66268806412,2323.94835181985
CBA,Prec,0.741306532663317,SF_advanced,2307.62876093745,2293.7716445349,2323.94841561735
CBA,Prec,0.746281407035176,SF_advanced,2307.72966332271,2293.88311381595,2323.94036502411
CBA,Prec,0.751256281407035,SF_advanced,2307.82933911544,2293.99704758401,2323.9243560861
CBA,Prec,0.756231155778895,SF_advanced,2307.92781236646,2294.1133975158,2323.90054484929
CBA,Prec,0.761206030150754,SF_advanced,2308.0251071266,2294.23211528804,2323.86908735966
CBA,Prec,0.766180904522613,SF_advanced,2308.12124744671,2294.35315257746,2323.83013966319
CBA,Prec,0.771155778894472,SF_advanced,2308.21625737762,2294.47646106079,2323.78385780585
CBA,Prec,0.776130653266332,SF_advanced,2308.31016097015,2294.60199241474,2323.73039783362
CBA,Prec,0.781105527638191,SF_advanced,2308.40298227515,2294.72969831606,2323.66991579247
CBA,Prec,0.78608040201005,SF_advanced,2308.49474534345,2294.85953044145,2323.60256772838
CBA,Prec,0.79105527638191,SF_advanced,2308.58547422588,2294.99144046764,2323.52850968732
CBA,Prec,0.796030150753769,SF_advanced,2308.67519297328,2295.12538007137,2323.44789771528
CBA,Prec,0.801005025125628,SF_advanced,2308.76392563648,2295.26130092936,2323.40178329419
CBA,Prec,0.805979899497488,SF_advanced,2308.85169626631,2295.39915471833,2323.43927082158
CBA,Prec,0.810954773869347,SF_advanced,2308.93852891362,2295.538893115,2323.47435184137
CBA,Prec,0.815929648241206,SF_advanced,2309.03355230053,2295.68046779611,2323.5070880589
CBA,Prec,0.820904522613065,SF_advanced,2309.16519019048,2295.82383043838,2323.53754117948
CBA,Prec,0.825879396984925,SF_advanced,2309.2976833428,2295.96893271854,2323.68384408767
CBA,Prec,0.830854271356784,SF_advanced,2309.43100800021,2296.1157263133,2323.86281655394
CBA,Prec,0.835829145728643,SF_advanced,2309.56514040541,2296.2641628994,2324.04487574909
CBA,Prec,0.840804020100503,SF_advanced,2309.70005680113,2296.41419415356,2324.22993088696
CBA,Prec,0.845778894472362,SF_advanced,2309.83573343007,2296.5657717525,2324.41789118141
CBA,Prec,0.850753768844221,SF_advanced,2309.97214653493,2296.71884737296,2324.6086658463
CBA,Prec,0.85572864321608,SF_advanced,2310.12378128539,2296.87337269165,2324.80216409549
CBA,Prec,0.86070351758794,SF_advanced,2310.29141320421,2297.0292993853,2324.99829514283
CBA,Prec,0.865678391959799,SF_advanced,2310.46042378001,2297.18657913065,2325.19696820218
CBA,Prec,0.870653266331658,SF_advanced,2310.63076377503,2297.3451636044,2325.3980924874
CBA,Prec,0.875628140703518,SF_advanced,2310.82508487434,2297.5050044833,2325.60157721234
CBA,Prec,0.880603015075377,SF_advanced,2311.04021272497,2297.66605344406,2325.80733159086
CBA,Prec,0.885577889447236,SF_advanced,2311.21338852916,2297.8282621634,2326.01526483682
CBA,Prec,0.890552763819096,SF_advanced,2311.39762692174,2297.99158231807,2326.22528616407
CBA,Prec,0.895527638190955,SF_advanced,2311.60696354458,2298.15596558477,2326.43730478647
CBA,Prec,0.900502512562814,SF_advanced,2311.81801002177,2298.32136364024,2326.65122991788
CBA,Prec,0.905477386934673,SF_advanced,2312.03068493166,2298.4877281612,2326.86697077215
CBA,Prec,0.910452261306533,SF_advanced,2312.24490685263,2298.65501082438,2327.08443656315
CBA,Prec,0.915427135678392,SF_advanced,2312.46059436303,2298.8231633065,2327.30353650472
CBA,Prec,0.920402010050251,SF_advanced,2312.67766604124,2298.99213728429,2327.52417981073
CBA,Prec,0.925376884422111,SF_advanced,2312.89604046561,2299.16188443447,2327.74627569503
CBA,Prec,0.93035175879397,SF_advanced,2313.1156362145,2299.33235643377,2327.96973337147
CBA,Prec,0.935326633165829,SF_advanced,2313.3363718663,2299.50350495891,2328.19446205392
CBA,Prec,0.940301507537689,SF_advanced,2313.55816599935,2299.67528168662,2328.42037095624
CBA,Prec,0.945276381909548,SF_advanced,2313.65327857131,2299.84763829363,2328.64736929227
CBA,Prec,0.950251256281407,SF_advanced,2313.62590339716,2300.02052645665,2328.87536627587
CBA,Prec,0.955226130653266,SF_advanced,2313.69152998192,2300.19389785243,2329.10427112091
CBA,Prec,0.960201005025126,SF_advanced,2313.91816107316,2300.36770415767,2329.33399304124
CBA,Prec,0.965175879396985,SF_advanced,2314.14904792651,2300.54189704911,2329.56444125071
CBA,Prec,0.970150753768844,SF_advanced,2314.38361651509,2300.71642820347,2329.79552496319
CBA,Prec,0.975125628140704,SF_advanced,2314.61860981438,2300.89124929748,2330.02715339252
CBA,Prec,0.980100502512563,SF_advanced,2314.85395703926,2301.06631200786,2330.25923575257
CBA,Prec,0.985075376884422,SF_advanced,2315.08958740462,2301.24156801134,2330.34505109673
CBA,Prec,0.990050251256281,SF_advanced,2315.32543012533,2301.41696898465,2330.34529095416
CBA,Prec,0.995025125628141,SF_advanced,2315.56141441628,2301.5924666045,2330.34547727646
CBA,Prec,1,SF_advanced,2315.79746949234,2301.76801254763,2330.34563683119
EBA,Prec,0.01,PF,2217.36436286828,2180.43293258155,2238.81028094926
EBA,Prec,0.0149748743718593,PF,2217.31204667934,2180.5099643581,2238.76694825468
EBA,Prec,0.0199497487437186,PF,2217.25975369748,2180.61098481515,2238.72361129436
EBA,Prec,0.0249246231155779,PF,2217.20750712977,2180.71191404434,2238.68026580255
EBA,Prec,0.0298994974874372,PF,2217.15533018329,2180.81270643175,2238.63690751351
EBA,Prec,0.0348743718592965,PF,2217.10324606513,2180.91331636344,2238.59353216148
EBA,Prec,0.0398492462311558,PF,2217.05127798235,2181.01369822549,2238.55013548073
EBA,Prec,0.0448241206030151,PF,2216.99944914203,2181.11380640397,2238.5067132055
EBA,Prec,0.0497989949748744,PF,2216.94778275125,2181.21359528495,2238.46326107006
EBA,Prec,0.0547738693467337,PF,2216.8963020171,2181.3130192545,2238.41977480866
EBA,Prec,0.059748743718593,PF,2216.84503014663,2181.41203269869,2238.37625015555
EBA,Prec,0.0647236180904523,PF,2216.79399034694,2181.51059000359,2238.33268284499
EBA,Prec,0.0696984924623116,PF,2216.7432058251,2181.60864555528,2238.28906861123
EBA,Prec,0.0746733668341709,PF,2216.69269978819,2181.70615373983,2238.24540318853
EBA,Prec,0.0796482412060302,PF,2216.64249544328,2181.8030689433,2238.20168231114
EBA,Prec,0.0846231155778894,PF,2216.59261599745,2181.89934555177,2238.15790171331
EBA,Prec,0.0895979899497487,PF,2216.54308465779,2181.99493795132,2238.11405712931
EBA,Prec,0.094572864321608,PF,2216.49392463135,2182.089800528,2238.07014429339
EBA,Prec,0.0995477386934673,PF,2216.44515912523,2182.1838876679,2238.02615893979
EBA,Prec,0.104522613065327,PF,2216.3968113465,2182.27715375708,2237.98209680278
EBA,Prec,0.109497487437186,PF,2216.34890450224,2182.36955318162,2237.93795361662
EBA,Prec,0.114472361809045,PF,2216.30146179952,2182.46104032759,2237.89372511554
EBA,Prec,0.119447236180905,PF,2216.25450644543,2182.55156958105,2237.84940703382
EBA,Prec,0.124422110552764,PF,2216.20806164704,2182.64109532809,2237.8049951057
EBA,Prec,0.129396984924623,PF,2216.16215061142,2182.72957195476,2237.76048506545
EBA,Prec,0.134371859296482,PF,2216.11679654565,2182.81695384715,2237.7158726473
EBA,Prec,0.139346733668342,PF,2216.07202265682,2182.90319539132,2237.67115358553
EBA,Prec,0.144321608040201,PF,2216.027852152,2182.98825097335,2237.62632361438
EBA,Prec,0.14929648241206,PF,2215.98430823826,2183.07207497931,2237.58137846811
EBA,Prec,0.15427135678392,PF,2215.94141412268,2183.15462179526,2237.53631388097
EBA,Prec,0.159246231155779,PF,2215.89919301234,2183.23584580729,2237.49112558722
EBA,Prec,0.164221105527638,PF,2215.85766811433,2183.31570140145,2237.44580932111
EBA,Prec,0.169195979899498,PF,2215.8168626357,2183.39414296383,2237.4003608169
EBA,Prec,0.174170854271357,PF,2215.77679978355,2183.40803419353,2237.35477580885
EBA,Prec,0.179145728643216,PF,2215.73750276495,2183.35230235169,2237.3090500312
EBA,Prec,0.184120603015075,PF,2215.69899478697,2183.29780529345,2237.26317921821
EBA,Prec,0.189095477386935,PF,2215.6612990567,2183.24457933598,2237.21715910414
EBA,Prec,0.194070351758794,PF,2215.62443878121,2183.19266079643,2237.17098542325
EBA,Prec,0.199045226130653,PF,2215.58843716758,2183.14208599198,2237.12465390978
EBA,Prec,0.204020100502513,PF,2215.55331742288,2183.09289123978,2237.07816029799
EBA,Prec,0.208994974874372,PF,2215.51910275419,2183.04511285701,2237.03150032213
EBA,Prec,0.213969849246231,PF,2215.4858163686,2182.99878716083,2236.98466971647
EBA,Prec,0.21894472361809,PF,2215.45348147317,2182.9539504684,2236.93766421525
EBA,Prec,0.22391959798995,PF,2215.42212127499,2182.91063909689,2236.89047955273
EBA,Prec,0.228894472361809,PF,2215.39175898113,2182.86888936346,2236.84311146317
EBA,Prec,0.233869346733668,PF,2215.36241779866,2182.82873758528,2236.79555568082
EBA,Prec,0.238844221105528,PF,2215.33412093468,2182.79022007951,2236.74780793993
EBA,Prec,0.243819095477387,PF,2215.30689159624,2182.75337316332,2236.68440595385
EBA,Prec,0.248793969849246,PF,2215.28075299044,2182.71823315387,2236.60943856483
EBA,Prec,0.253768844221106,PF,2215.25572832435,2182.68483636832,2236.53554402193
EBA,Prec,0.258743718592965,PF,2215.23184080504,2182.65321912385,2236.46274467612
EBA,Prec,0.263718592964824,PF,2215.20911363959,2182.62341773761,2236.39106287836
EBA,Prec,0.268693467336683,PF,2215.18757003508,2182.59546852677,2236.3205209796
EBA,Prec,0.273668341708543,PF,2215.16723319859,2182.56940780849,2236.25114133081
EBA,Prec,0.278643216080402,PF,2215.1481263372,2182.54527189994,2236.18294628295
EBA,Prec,0.283618090452261,PF,2215.13027265797,2182.52309711829,2236.11595818698
EBA,Prec,0.288592964824121,PF,2215.113695368,2182.5029197807,2236.05019939386
EBA,Prec,0.29356783919598,PF,2215.09841767435,2182.48477620433,2235.98569225456
EBA,Prec,0.298542713567839,PF,2215.0844627841,2182.46870270635,2235.92245912002
EBA,Prec,0.303517587939699,PF,2215.07185390433,2182.45473560392,2235.86052234123
EBA,Prec,0.308492462311558,PF,2215.06061424212,2182.44291121421,2235.79990426912
EBA,Prec,0.313467336683417,PF,2215.05076700455,2182.43326585438,2235.74062725468
EBA,Prec,0.318442211055276,PF,2215.04233539869,2182.4258358416,2235.68271364885
EBA,Prec,0.323417085427136,PF,2215.03534263162,2182.42065749303,2235.6261858026
EBA,Prec,0.328391959798995,PF,2215.02981191041,2182.41776712584,2235.57106606688
EBA,Prec,0.333366834170854,PF,2215.02576644215,2182.41720105719,2235.51737679267
EBA,Prec,0.338341708542714,PF,2215.02322943391,2182.41899560424,2235.46514033092
EBA,Prec,0.343316582914573,PF,2215.02221149814,2182.42316750977,2235.41437132397
EBA,Prec,0.348291457286432,PF,2215.04168873832,2182.42965521892,2235.36505357965
EBA,Prec,0.353266331658292,PF,2215.09039640686,2182.43837760248,2235.31716319718
EBA,Prec,0.358241206030151,PF,2215.14088594819,2182.44925353118,2235.27067627577
EBA,Prec,0.36321608040201,PF,2215.19306408556,2182.46220187581,2235.22556891463
EBA,Prec,0.368190954773869,PF,2215.24683754226,2182.47714150711,2235.18181721298
EBA,Prec,0.373165829145729,PF,2215.30211304154,2182.49399129585,2235.13939727004
EBA,Prec,0.378140703517588,PF,2215.35879730669,2182.5126701128,2235.1050714556
EBA,Prec,0.383115577889447,PF,2215.41679706095,2182.53309682871,2235.09352485026
EBA,Prec,0.388090452261307,PF,2215.47601902761,2182.55519031435,2235.08099788096
EBA,Prec,0.393065326633166,PF,2215.53636992992,2182.57886944047,2235.06753741919
EBA,Prec,0.398040201005025,PF,2215.59775649116,2182.60405307785,2235.05319033645
EBA,Prec,0.403015075376884,PF,2215.6600854346,2182.63066009723,2235.03800350424
EBA,Prec,0.407989949748744,PF,2215.7232634835,2182.65860936939,2235.02202379405
EBA,Prec,0.412964824120603,PF,2215.78719736113,2182.68781976508,2235.0035361737
EBA,Prec,0.417939698492462,PF,2215.85179379077,2182.71821015507,2234.95569861384
EBA,Prec,0.422914572864322,PF,2215.91695949566,2182.74969941012,2234.90742445081
EBA,Prec,0.427889447236181,PF,2215.9826011991,2182.78220640099,2234.85877220663
EBA,Prec,0.43286432160804,PF,2216.04862562433,2182.81564999843,2234.80980040335
EBA,Prec,0.437839195979899,PF,2216.11493949463,2182.84994907323,2234.7908685121
EBA,Prec,0.442814070351759,PF,2216.18144953328,2182.88502249612,2234.78243899247
EBA,Prec,0.447788944723618,PF,2216.24806246353,2182.92078913788,2234.77481532846
EBA,Prec,0.452763819095477,PF,2216.31468500865,2182.95716786927,2234.76796649952
EBA,Prec,0.457738693467337,PF,2216.38122389191,2182.99407756105,2234.76186148508
EBA,Prec,0.462713567839196,PF,2216.44758583659,2183.03143708399,2234.75646926459
EBA,Prec,0.467688442211055,PF,2216.51367756594,2183.06916530883,2234.75175881749
EBA,Prec,0.472663316582915,PF,2216.57940580323,2183.10718110635,2234.74769912321
EBA,Prec,0.477638190954774,PF,2216.64467727174,2183.14540334731,2234.7442591612
EBA,Prec,0.482613065326633,PF,2216.70939869473,2183.18375090246,2234.7414079109
EBA,Prec,0.487587939698492,PF,2216.77347679547,2183.22214264258,2234.73911435175
EBA,Prec,0.492562814070352,PF,2216.83681829723,2183.26049743841,2234.73734746318
EBA,Prec,0.497537688442211,PF,2216.89932992327,2183.29873416074,2234.73607622465
EBA,Prec,0.50251256281407,PF,2216.96091839686,2183.3367716803,2234.73526961559
EBA,Prec,0.50748743718593,PF,2217.02149044128,2183.37452886787,2234.73489661544
EBA,Prec,0.512462311557789,PF,2217.08095277978,2183.41192459422,2234.73492620365
EBA,Prec,0.517437185929648,PF,2217.13921213564,2183.44887773009,2234.73532735964
EBA,Prec,0.522412060301508,PF,2217.19617523212,2183.4716640964,2234.73606906287
EBA,Prec,0.527386934673367,PF,2217.25174879249,2183.4083357842,2234.73712029278
EBA,Prec,0.532361809045226,PF,2217.30583954002,2183.34458226543,2234.73845002879
EBA,Prec,0.537336683417085,PF,2217.35835419799,2183.28047157463,2234.74002725037
EBA,Prec,0.542311557788945,PF,2217.40919948964,2183.21607174635,2234.74182093694
EBA,Prec,0.547286432160804,PF,2217.45828213826,2183.15145081514,2234.74380006795
EBA,Prec,0.552261306532663,PF,2217.50550886711,2183.08667681555,2234.74593362283
EBA,Prec,0.557236180904523,PF,2217.55078639946,2183.02181778211,2234.74819058103
EBA,Prec,0.562211055276382,PF,2217.59402145858,2182.95694174937,2234.75053992199
EBA,Prec,0.567185929648241,PF,2217.63512076773,2182.89211675188,2234.75295062515
EBA,Prec,0.572160804020101,PF,2217.67399105018,2182.82741082419,2234.75539166995
EBA,Prec,0.57713567839196,PF,2217.69970598624,2182.76289200083,2234.75783203583
EBA,Prec,0.582110552763819,PF,2217.71333564081,2182.69862831636,2234.76024070224
EBA,Prec,0.587085427135679,PF,2217.7256467134,2182.63468780531,2234.7625866486
EBA,Prec,0.592060301507538,PF,2217.73659342592,2182.57113850224,2234.76483885436
EBA,Prec,0.597035175879397,PF,2217.74613000032,2182.50804844169,2234.76696629897
EBA,Prec,0.602010050251256,PF,2217.75421065852,2182.44548565821,2234.76893796187
EBA,Prec,0.606984924623116,PF,2217.76078962246,2182.38351818633,2234.77072282248
EBA,Prec,0.611959798994975,PF,2217.76582111406,2182.32221406062,2234.77228986027
EBA,Prec,0.616934673366834,PF,2217.76925935527,2182.2616413156,2234.77360805465
EBA,Prec,0.621909547738694,PF,2217.771058568,2182.20186798582,2234.77464638509
EBA,Prec,0.626884422110553,PF,2217.74942457269,2182.15098783923,2234.77537383101
EBA,Prec,0.631859296482412,PF,2217.72413042754,2182.12860914413,2234.77575937186
EBA,Prec,0.636834170854271,PF,2217.69839822897,2182.10526498047,2234.77577198707
EBA,Prec,0.641809045226131,PF,2217.67222621904,2182.08094559985,2234.7753806561
EBA,Prec,0.64678391959799,PF,2217.64561263982,2182.05564125386,2234.77455435837
EBA,Prec,0.651758793969849,PF,2217.61855573337,2182.0293421941,2234.77326207334
EBA,Prec,0.656733668341709,PF,2217.59105374178,2182.00203867216,2234.77147278043
EBA,Prec,0.661708542713568,PF,2217.56310490712,2181.97372093965,2234.7691554591
EBA,Prec,0.666683417085427,PF,2217.53470747144,2181.94437924815,2234.76627908878
EBA,Prec,0.671658291457287,PF,2217.50585967683,2181.91400384927,2234.76281264891
EBA,Prec,0.676633165829146,PF,2217.47656120006,2181.88258925433,2234.75873185744
EBA,Prec,0.681608040201005,PF,2217.44681745667,2181.85014701353,2234.75403938631
EBA,Prec,0.686582914572864,PF,2217.41663529694,2181.81669293682,2234.74874464599
EBA,Prec,0.691557788944724,PF,2217.3860215711,2181.78224283413,2234.74285704694
EBA,Prec,0.696532663316583,PF,2217.35498312942,2181.74681251539,2234.7363859996
EBA,Prec,0.701507537688442,PF,2217.32352682216,2181.71041779055,2234.72934091443
EBA,Prec,0.706482412060302,PF,2217.29165949956,2181.67307446954,2234.7217312019
EBA,Prec,0.711457286432161,PF,2217.25938801189,2181.63479836229,2234.71356627245
EBA,Prec,0.71643216080402,PF,2217.2267192094,2181.59560527875,2234.70485553654
EBA,Prec,0.721407035175879,PF,2217.19365994234,2181.55551102884,2234.69560840464
EBA,Prec,0.726381909547739,PF,2217.16021706097,2181.5145314225,2234.68583428719
EBA,Prec,0.731356783919598,PF,2217.12639741555,2181.47268226968,2234.67554259465
EBA,Prec,0.736331658291457,PF,2217.09220785634,2181.4299793803,2234.66474273747
EBA,Prec,0.741306532663317,PF,2217.05765523358,2181.3864385643,2234.65344412612
EBA,Prec,0.746281407035176,PF,2216.9935638715,2181.34207563162,2234.64165617105
EBA,Prec,0.751256281407035,PF,2216.90890046961,2181.2969063922,2234.62938828271
EBA,Prec,0.756231155778895,PF,2216.82106446312,2181.25094665596,2234.61664987157
EBA,Prec,0.761206030150754,PF,2216.73011930411,2181.20421223286,2234.60345034807
EBA,Prec,0.766180904522613,PF,2216.6361284447,2181.15671893282,2234.58979912268
EBA,Prec,0.771155778894472,PF,2216.53915533696,2181.10848256577,2234.57570560585
EBA,Prec,0.776130653266332,PF,2216.43926343298,2181.05951894166,2234.56117920804
EBA,Prec,0.781105527638191,PF,2216.33651618487,2181.00984387043,2234.5462293397
EBA,Prec,0.78608040201005,PF,2216.23097704471,2180.959473162,2234.53086541128
EBA,Prec,0.79105527638191,PF,2216.12270946459,2180.92020978104,2234.51509683325
EBA,Prec,0.796030150753769,PF,2216.01177689661,2180.90381670423,2234.49893301607
EBA,Prec,0.801005025125628,PF,2215.89824279285,2180.88838513658,2234.48238337018
EBA,Prec,0.805979899497488,PF,2215.78217060542,2180.87389162666,2234.46545730604
EBA,Prec,0.810954773869347,PF,2215.6636237864,2180.86031272302,2234.44816423411
EBA,Prec,0.815929648241206,PF,2215.54266578788,2180.84762497422,2234.43051356485
EBA,Prec,0.820904522613065,PF,2215.41936006196,2180.83580492881,2234.41251470871
EBA,Prec,0.825879396984925,PF,2215.29377006072,2180.82482913535,2234.44206237162
EBA,Prec,0.830854271356784,PF,2215.16595923627,2180.81467414241,2234.50894535213
EBA,Prec,0.835829145728643,PF,2215.03599104068,2180.80531649852,2234.57714094929
EBA,Prec,0.840804020100503,PF,2214.90392892606,2180.79673275226,2234.64661055673
EBA,Prec,0.845778894472362,PF,2214.7698363445,2180.78889945218,2234.71731556808
EBA,Prec,0.850753768844221,PF,2214.63377674808,2180.78179314683,2234.78921737695
EBA,Prec,0.85572864321608,PF,2214.4958135889,2180.77539038478,2234.86227737699
EBA,Prec,0.86070351758794,PF,2214.35601031906,2180.76966771458,2234.93645696181
EBA,Prec,0.865678391959799,PF,2214.21443039064,2180.76460168478,2235.01171752505
EBA,Prec,0.870653266331658,PF,2214.07113725573,2180.76016884394,2235.08802046034
EBA,Prec,0.875628140703518,PF,2213.92619436644,2180.75634574063,2235.1653271613
EBA,Prec,0.880603015075377,PF,2213.77966517484,2180.75310892339,2235.24359902155
EBA,Prec,0.885577889447236,PF,2213.63161313303,2180.75043494079,2235.32279743474
EBA,Prec,0.890552763819096,PF,2213.49556839634,2180.74830034138,2235.40288379448
EBA,Prec,0.895527638190955,PF,2213.42058978067,2180.72171102792,2235.48381949441
EBA,Prec,0.900502512562814,PF,2213.34498227909,2180.61259630188,2235.56556592815
EBA,Prec,0.905477386934673,PF,2213.26877583853,2180.50256074976,2235.64808448933
EBA,Prec,0.910452261306533,PF,2213.19200040595,2180.39165041285,2235.73133657158
EBA,Prec,0.915427135678392,PF,2213.1146859283,2180.27991133246,2235.81528356853
EBA,Prec,0.920402010050251,PF,2213.03686235252,2180.16738954989,2235.89988687379
EBA,Prec,0.925376884422111,PF,2212.95855962556,2180.05413110645,2235.98510788102
EBA,Prec,0.93035175879397,PF,2212.87980769438,2179.94018204344,2236.07090798382
EBA,Prec,0.935326633165829,PF,2212.80063650591,2179.82558840218,2236.15724857583
EBA,Prec,0.940301507537689,PF,2212.72107600712,2179.71039622395,2236.24409105067
EBA,Prec,0.945276381909548,PF,2212.64115614494,2179.59465155007,2236.33139680199
EBA,Prec,0.950251256281407,PF,2212.56090686633,2179.47840042184,2236.41912722339
EBA,Prec,0.955226130653266,PF,2212.48035811823,2179.36168888057,2236.50724370851
EBA,Prec,0.960201005025126,PF,2212.3995398476,2179.24456296755,2236.59570765098
EBA,Prec,0.965175879396985,PF,2212.31848200138,2179.1270687241,2236.68448044443
EBA,Prec,0.970150753768844,PF,2212.23721452651,2179.00925219152,2236.77352348248
EBA,Prec,0.975125628140704,PF,2212.15576736996,2178.89115941111,2236.86279815876
EBA,Prec,0.980100502512563,PF,2212.07417047866,2178.77283642418,2236.95226586691
EBA,Prec,0.985075376884422,PF,2211.99245379957,2178.65432927203,2237.04188800054
EBA,Prec,0.990050251256281,PF,2211.91064727964,2178.53568399597,2237.13162595329
EBA,Prec,0.995025125628141,PF,2211.8287808658,2178.4169466373,2237.22144111878
EBA,Prec,1,PF,2211.74688450502,2178.29816323732,2237.31129489064
EBA,Prec,0.01,SF_early,2216.78508583138,2181.74554204681,2235.50560229164
EBA,Prec,0.0149748743718593,SF_early,2216.84256033692,2181.85518069863,2235.53321670847
EBA,Prec,0.0199497487437186,SF_early,2216.90009887615,2181.96483096538,2235.56084064517
EBA,Prec,0.0249246231155779,SF_early,2216.95776548278,2182.07450446201,2235.58848362165
EBA,Prec,0.0298994974874372,SF_early,2217.01562419049,2182.18421280345,2235.61615515778
EBA,Prec,0.0348743718592965,SF_early,2217.07373903299,2182.29396760464,2235.64386477344
EBA,Prec,0.0398492462311558,SF_early,2217.13217404397,2182.40378048052,2235.67162198853
EBA,Prec,0.0448241206030151,SF_early,2217.19099325713,2182.51366304602,2235.69943632292
EBA,Prec,0.0497989949748744,SF_early,2217.25026070616,2182.62362691608,2235.72731729649
EBA,Prec,0.0547738693467337,SF_early,2217.31004042476,2182.73368370563,2235.75527442914
EBA,Prec,0.059748743718593,SF_early,2217.37039644663,2182.84384502963,2235.78331724075
EBA,Prec,0.0647236180904523,SF_early,2217.43139280546,2182.954122503,2235.81145525119
EBA,Prec,0.0696984924623116,SF_early,2217.49309353495,2183.06452774067,2235.83969798036
EBA,Prec,0.0746733668341709,SF_early,2217.5555626688,2183.1750723576,2235.86805494814
EBA,Prec,0.0796482412060302,SF_early,2217.61886424069,2183.2857679687,2235.89653567441
EBA,Prec,0.0846231155778894,SF_early,2217.68306228434,2183.39662618893,2235.92514967906
EBA,Prec,0.0895979899497487,SF_early,2217.74822083343,2183.50765863322,2235.95390648197
EBA,Prec,0.094572864321608,SF_early,2217.81440392166,2183.61887691651,2235.98281560302
EBA,Prec,0.0995477386934673,SF_early,2217.88167558272,2183.73029265373,2236.0118865621
EBA,Prec,0.104522613065327,SF_early,2217.95009985032,2183.84191745982,2236.04112887909
EBA,Prec,0.109497487437186,SF_early,2218.01974075815,2183.95376294971,2236.07055207388
EBA,Prec,0.114472361809045,SF_early,2218.0906623399,2184.06584073836,2236.10016566635
EBA,Prec,0.119447236180905,SF_early,2218.16292862928,2184.17816244068,2236.12997917639
EBA,Prec,0.124422110552764,SF_early,2218.23660365997,2184.29073967163,2236.16000212387
EBA,Prec,0.129396984924623,SF_early,2218.31175146568,2184.40358404613,2236.19024402869
EBA,Prec,0.134371859296482,SF_early,2218.38843608009,2184.51670717913,2236.22071441072
EBA,Prec,0.139346733668342,SF_early,2218.46672153692,2184.63012068555,2236.25142278986
EBA,Prec,0.144321608040201,SF_early,2218.54667186985,2184.74383618035,2236.35633732322
EBA,Prec,0.14929648241206,SF_early,2218.62835111257,2184.85786527846,2236.46182697788
EBA,Prec,0.15427135678392,SF_early,2218.7118232988,2184.9722195948,2236.56788295492
EBA,Prec,0.159246231155779,SF_early,2218.79715246221,2185.08691074433,2236.67452548013
EBA,Prec,0.164221105527638,SF_early,2218.88440263652,2185.20195034198,2236.78177477932
EBA,Prec,0.169195979899498,SF_early,2218.9736378554,2185.31735000268,2236.88965107828
EBA,Prec,0.174170854271357,SF_early,2219.06492215257,2185.43312134137,2236.99817460282
EBA,Prec,0.179145728643216,SF_early,2219.15831956172,2185.54927597299,2237.10736557872
EBA,Prec,0.184120603015075,SF_early,2219.25389411654,2185.66582551248,2237.2172442318
EBA,Prec,0.189095477386935,SF_early,2219.35170985072,2185.78278157478,2237.32783078785
EBA,Prec,0.194070351758794,SF_early,2219.45183079798,2185.90015577481,2237.43914547267
EBA,Prec,0.199045226130653,SF_early,2219.55432099199,2186.01795972753,2237.55120851206
EBA,Prec,0.204020100502513,SF_early,2219.65924446647,2186.13620504786,2237.66404013182
EBA,Prec,0.208994974874372,SF_early,2219.7666652551,2186.25490335074,2237.77766055774
EBA,Prec,0.213969849246231,SF_early,2219.87664739158,2186.37406625112,2237.89209001563
EBA,Prec,0.21894472361809,SF_early,2219.9892549096,2186.49370536392,2238.00734873129
EBA,Prec,0.22391959798995,SF_early,2220.10455184287,2186.61383230409,2238.12345693051
EBA,Prec,0.228894472361809,SF_early,2220.22260222508,2186.73445868656,2238.2404348391
EBA,Prec,0.233869346733668,SF_early,2220.34347008993,2186.85559612627,2238.35830268285
EBA,Prec,0.238844221105528,SF_early,2220.46721947111,2186.97725623815,2238.47708068756
EBA,Prec,0.243819095477387,SF_early,2220.59391440232,2187.09945063715,2238.59678907903
EBA,Prec,0.248793969849246,SF_early,2220.72361891725,2187.22219093821,2238.71744808307
EBA,Prec,0.253768844221106,SF_early,2220.8563970496,2187.34548875625,2238.83907792546
EBA,Prec,0.258743718592965,SF_early,2220.99231283307,2187.46935570621,2238.96169883201
EBA,Prec,0.263718592964824,SF_early,2221.13143030136,2187.59380340304,2239.08533102852
EBA,Prec,0.268693467336683,SF_early,2221.27381348815,2187.71884346168,2239.20999474079
EBA,Prec,0.273668341708543,SF_early,2221.41952642715,2187.84448749704,2239.33571019462
EBA,Prec,0.278643216080402,SF_early,2221.56863315205,2187.97074712409,2239.4624976158
EBA,Prec,0.283618090452261,SF_early,2221.72119769655,2188.09763395774,2239.59037723013
EBA,Prec,0.288592964824121,SF_early,2221.87728409435,2188.22515961295,2239.71936926342
EBA,Prec,0.29356783919598,SF_early,2222.03695637914,2188.35333570464,2239.84949394147
EBA,Prec,0.298542713567839,SF_early,2222.20027858461,2188.48217384776,2239.98077149006
EBA,Prec,0.303517587939699,SF_early,2222.36731474447,2188.61168565724,2240.11322213501
EBA,Prec,0.308492462311558,SF_early,2222.53812889241,2188.74188274801,2240.24686610211
EBA,Prec,0.313467336683417,SF_early,2222.71278506213,2188.87277673503,2240.38172361716
EBA,Prec,0.318442211055276,SF_early,2222.89134728732,2189.00437923321,2240.51781490595
EBA,Prec,0.323417085427136,SF_early,2223.07387960167,2189.13670185751,2240.6551601943
EBA,Prec,0.328391959798995,SF_early,2223.2604460389,2189.26975622285,2240.79377970799
EBA,Prec,0.333366834170854,SF_early,2223.45111063268,2189.40355394418,2240.914830851
EBA,Prec,0.338341708542714,SF_early,2223.64593741672,2189.53810663643,2240.94663218123
EBA,Prec,0.343316582914573,SF_early,2223.8449348079,2189.67340799162,2240.97594466238
EBA,Prec,0.348291457286432,SF_early,2224.04788875579,2189.80938001003,2241.00283550955
EBA,Prec,0.353266331658292,SF_early,2224.25452959318,2189.94592676906,2241.02739298663
EBA,Prec,0.358241206030151,SF_early,2224.46458765283,2190.04381415382,2241.04970535749
EBA,Prec,0.36321608040201,SF_early,2224.67779326751,2190.00666284274,2241.06986088602
EBA,Prec,0.368190954773869,SF_early,2224.89387676999,2189.96465835835,2241.08794783609
EBA,Prec,0.373165829145729,SF_early,2225.11256849304,2189.91797378015,2241.1040544716
EBA,Prec,0.378140703517588,SF_early,2225.33359876943,2189.86678218764,2241.11826905641
EBA,Prec,0.383115577889447,SF_early,2225.53397677867,2189.81125666033,2241.13067985442
EBA,Prec,0.388090452261307,SF_early,2225.71904797081,2189.75157027773,2241.1413751295
EBA,Prec,0.393065326633166,SF_early,2225.90580882506,2189.68789611936,2241.15044314553
EBA,Prec,0.398040201005025,SF_early,2226.09404560002,2189.62040726471,2241.1579721664
EBA,Prec,0.403015075376884,SF_early,2226.2835445543,2189.54927679329,2241.16405045599
EBA,Prec,0.407989949748744,SF_early,2226.4740919465,2189.47467778461,2241.22227195194
EBA,Prec,0.412964824120603,SF_early,2226.66547403525,2189.39678331818,2241.43688080216
EBA,Prec,0.417939698492462,SF_early,2226.85747707913,2189.3157664735,2241.65116166612
EBA,Prec,0.422914572864322,SF_early,2227.04988733678,2189.23180033009,2241.86488890781
EBA,Prec,0.427889447236181,SF_early,2227.24249106679,2189.14505796745,2242.07783689126
EBA,Prec,0.43286432160804,SF_early,2227.43507452777,2189.05571246509,2242.28977998047
EBA,Prec,0.437839195979899,SF_early,2227.62742397833,2188.96393690251,2242.50049253944
EBA,Prec,0.442814070351759,SF_early,2227.81932567708,2188.86990435922,2242.70974893219
EBA,Prec,0.447788944723618,SF_early,2228.01056588264,2188.77378791474,2242.91732352271
EBA,Prec,0.452763819095477,SF_early,2228.2009308536,2188.67576064856,2243.12299067502
EBA,Prec,0.457738693467337,SF_early,2228.39020684858,2188.5759956402,2243.32652475313
EBA,Prec,0.462713567839196,SF_early,2228.57818012618,2188.47466596916,2243.52770012105
EBA,Prec,0.467688442211055,SF_early,2228.76463694502,2188.37194471495,2243.72629114277
EBA,Prec,0.472663316582915,SF_early,2228.94936356371,2188.26800495707,2243.92207218231
EBA,Prec,0.477638190954774,SF_early,2229.00947637654,2188.16301977504,2244.11481760368
EBA,Prec,0.482613065326633,SF_early,2229.04433732931,2188.05716224837,2244.30803678342
EBA,Prec,0.487587939698492,SF_early,2229.07757603585,2187.95060545655,2244.60225324185
EBA,Prec,0.492562814070352,SF_early,2229.10918818289,2187.8435224791,2244.89520240031
EBA,Prec,0.497537688442211,SF_early,2229.1391694572,2187.73608639553,2245.18662811592
EBA,Prec,0.50251256281407,SF_early,2229.16751554552,2187.62847028533,2245.47627424582
EBA,Prec,0.50748743718593,SF_early,2229.19422213461,2187.52084722803,2245.76388464712
EBA,Prec,0.512462311557789,SF_early,2229.21928491122,2187.41339030312,2246.04920317697
EBA,Prec,0.517437185929648,SF_early,2229.2426995621,2187.30627259012,2246.33197369249
EBA,Prec,0.522412060301508,SF_early,2229.26446177401,2187.19966716853,2246.6119400508
EBA,Prec,0.527386934673367,SF_early,2229.28456723371,2187.09374711786,2246.88884610903
EBA,Prec,0.532361809045226,SF_early,2229.30301162794,2186.98868551762,2247.16243572432
EBA,Prec,0.537336683417085,SF_early,2229.31979064345,2186.88465544731,2247.43245275379
EBA,Prec,0.542311557788945,SF_early,2229.33489996701,2186.78182998644,2247.69864105457
EBA,Prec,0.547286432160804,SF_early,2229.34833528537,2186.68038221452,2247.96074448379
EBA,Prec,0.552261306532663,SF_early,2229.36009228527,2186.58048521105,2248.21850689857
EBA,Prec,0.557236180904523,SF_early,2229.37016665347,2186.48231205556,2248.47167215605
EBA,Prec,0.562211055276382,SF_early,2229.37855407672,2186.38603582753,2248.71998411336
EBA,Prec,0.567185929648241,SF_early,2229.38525024179,2186.29182960648,2248.96318662761
EBA,Prec,0.572160804020101,SF_early,2229.39025083541,2186.19986647192,2249.20102355595
EBA,Prec,0.57713567839196,SF_early,2229.39355154435,2186.11031950335,2249.43323875549
EBA,Prec,0.582110552763819,SF_early,2229.39514805536,2186.02336178028,2249.65957608338
EBA,Prec,0.587085427135679,SF_early,2229.39503605518,2185.93916638222,2249.87977939672
EBA,Prec,0.592060301507538,SF_early,2229.39321123058,2185.85790638868,2250.09359255266
EBA,Prec,0.597035175879397,SF_early,2229.38966926831,2185.77975487916,2250.30075940833
EBA,Prec,0.602010050251256,SF_early,2229.38440585512,2185.70488493317,2250.50102382084
EBA,Prec,0.606984924623116,SF_early,2229.37741667776,2185.63346963022,2250.69412964734
EBA,Prec,0.611959798994975,SF_early,2229.36373269522,2185.56568204982,2250.87982074494
EBA,Prec,0.616934673366834,SF_early,2229.2999434039,2185.50169527146,2251.05784097077
EBA,Prec,0.621909547738694,SF_early,2229.23533607469,2185.44168237467,2251.22793418197
EBA,Prec,0.626884422110553,SF_early,2229.16996141406,2185.38581643895,2251.38984423567
EBA,Prec,0.631859296482412,SF_early,2229.10387012845,2185.33427054381,2251.54331498898
EBA,Prec,0.636834170854271,SF_early,2229.03711292433,2185.28721776874,2251.68809029905
EBA,Prec,0.641809045226131,SF_early,2228.96974050816,2185.24483119327,2251.82391402299
EBA,Prec,0.64678391959799,SF_early,2228.90180358639,2185.2072838969,2251.95053001794
EBA,Prec,0.651758793969849,SF_early,2228.83335286548,2185.17474895913,2252.06768214102
EBA,Prec,0.656733668341709,SF_early,2228.7644390519,2185.14739945947,2252.17511424937
EBA,Prec,0.661708542713568,SF_early,2228.6951128521,2185.12540847744,2252.27257020011
EBA,Prec,0.666683417085427,SF_early,2228.62542497253,2185.10894909253,2252.35979385036
EBA,Prec,0.671658291457287,SF_early,2228.55542611966,2185.09819438425,2252.43652905727
EBA,Prec,0.676633165829146,SF_early,2228.48515920611,2185.09327374272,2252.50258950122
EBA,Prec,0.681608040201005,SF_early,2228.41463596915,2185.09414180042,2252.55806815572
EBA,Prec,0.686582914572864,SF_early,2228.34386035222,2185.10070950044,2252.60312781751
EBA,Prec,0.691557788944724,SF_early,2228.27283629876,2185.11288778587,2252.63793128336
EBA,Prec,0.696532663316583,SF_early,2228.20156775219,2185.13058759979,2252.66264135003
EBA,Prec,0.701507537688442,SF_early,2228.13005865597,2185.1537198853,2252.67742081428
EBA,Prec,0.706482412060302,SF_early,2228.05831295353,2185.18219558549,2252.68243247288
EBA,Prec,0.711457286432161,SF_early,2227.9863345883,2185.21592564344,2252.67783912258
EBA,Prec,0.71643216080402,SF_early,2227.91412750372,2185.25482100224,2252.66380356014
EBA,Prec,0.721407035175879,SF_early,2227.84169564323,2185.29879260499,2252.64048858233
EBA,Prec,0.726381909547739,SF_early,2227.76904295026,2185.34775139476,2252.6080569859
EBA,Prec,0.731356783919598,SF_early,2227.69617336826,2185.40160831466,2252.56667156762
EBA,Prec,0.736331658291457,SF_early,2227.62309084065,2185.46027430776,2252.51649512425
EBA,Prec,0.741306532663317,SF_early,2227.54979931088,2185.52366031716,2252.45141507596
EBA,Prec,0.746281407035176,SF_early,2227.47630272239,2185.59167728594,2252.34765209619
EBA,Prec,0.751256281407035,SF_early,2227.4026050186,2185.6642361572,2252.23599152527
EBA,Prec,0.756231155778895,SF_early,2227.24595029117,2185.74124787401,2252.11658821793
EBA,Prec,0.761206030150754,SF_early,2227.07708896014,2185.82262337949,2251.9895970289
EBA,Prec,0.766180904522613,SF_early,2226.90449378696,2185.9082736167,2251.85517281292
EBA,Prec,0.771155778894472,SF_early,2226.72824256002,2185.99810952874,2251.71347042469
EBA,Prec,0.776130653266332,SF_early,2226.54841306768,2186.09204205869,2251.56464471897
EBA,Prec,0.781105527638191,SF_early,2226.36508309833,2186.18998214966,2251.40885055047
EBA,Prec,0.78608040201005,SF_early,2226.17833044034,2186.29184074472,2251.24624277392
EBA,Prec,0.79105527638191,SF_early,2225.9882328821,2186.39752878696,2251.07697624405
EBA,Prec,0.796030150753769,SF_early,2225.79486821197,2186.50695721948,2250.90120581559
EBA,Prec,0.801005025125628,SF_early,2225.48948980512,2186.62003698535,2250.71908634327
EBA,Prec,0.805979899497488,SF_early,2225.0711551633,2186.73667902768,2250.53077268181
EBA,Prec,0.810954773869347,SF_early,2224.64464146482,2186.85679428955,2250.33641968595
EBA,Prec,0.815929648241206,SF_early,2224.21015842906,2186.98029371404,2250.13618221041
EBA,Prec,0.820904522613065,SF_early,2223.76791577544,2187.10708824425,2249.93021510992
EBA,Prec,0.825879396984925,SF_early,2223.31812322335,2187.23708882326,2249.71867323921
EBA,Prec,0.830854271356784,SF_early,2222.86099049219,2187.37020639417,2249.50171145301
EBA,Prec,0.835829145728643,SF_early,2222.52377531214,2187.50635190006,2249.27948460605
EBA,Prec,0.840804020100503,SF_early,2222.46666912127,2187.64543628403,2249.05214755305
EBA,Prec,0.845778894472362,SF_early,2222.40831511923,2187.78737048915,2248.81985514874
EBA,Prec,0.850753768844221,SF_early,2222.34875230013,2187.93206545852,2248.58276224785
EBA,Prec,0.85572864321608,SF_early,2222.28801965808,2188.0078143145,2248.34102370511
EBA,Prec,0.86070351758794,SF_early,2222.22615618716,2187.76118074966,2248.09479437525
EBA,Prec,0.865678391959799,SF_early,2222.16320088148,2187.51193723787,2247.84422911299
EBA,Prec,0.870653266331658,SF_early,2222.09919273513,2187.26017699154,2247.58948277307
EBA,Prec,0.875628140703518,SF_early,2222.03417074222,2187.00599322306,2247.33071021022
EBA,Prec,0.880603015075377,SF_early,2221.96817389684,2186.77372391334,2247.24144906682
EBA,Prec,0.885577889447236,SF_early,2222.03728140504,2186.83283405405,2247.41723419468
EBA,Prec,0.890552763819096,SF_early,2222.06459517898,2186.89227822885,2247.59409385938
EBA,Prec,0.895527638190955,SF_early,2222.09234231601,2186.95204191453,2247.77198134193
EBA,Prec,0.900502512562814,SF_early,2222.12050311783,2187.01211058786,2247.74126516584
EBA,Prec,0.905477386934673,SF_early,2222.1490578861,2187.07246972562,2247.66334380547
EBA,Prec,0.910452261306533,SF_early,2222.17798692251,2187.13310480459,2247.58378202759
EBA,Prec,0.915427135678392,SF_early,2222.18096605208,2187.19400130155,2247.50266616998
EBA,Prec,0.920402010050251,SF_early,2222.16496190617,2187.1446923799,2247.42008257039
EBA,Prec,0.925376884422111,SF_early,2222.14901469577,2186.73468800371,2247.33611756659
EBA,Prec,0.93035175879397,SF_early,2222.10972637941,2186.32240963516,2247.25085749634
EBA,Prec,0.935326633165829,SF_early,2221.89158076612,2185.90800887375,2247.16438869741
EBA,Prec,0.940301507537689,SF_early,2221.67240745235,2185.49163731896,2247.07679750755
EBA,Prec,0.945276381909548,SF_early,2221.45228549198,2185.07344657029,2246.98817026454
EBA,Prec,0.950251256281407,SF_early,2221.2312939389,2184.65358822722,2246.89859330614
EBA,Prec,0.955226130653266,SF_early,2221.00951184698,2184.23221388925,2246.8081529701
EBA,Prec,0.960201005025126,SF_early,2220.78701827012,2183.80947515587,2246.81450929112
EBA,Prec,0.965175879396985,SF_early,2220.56389226219,2183.38552362656,2247.03399792414
EBA,Prec,0.970150753768844,SF_early,2220.34021287708,2182.96051090082,2247.25395253806
EBA,Prec,0.975125628140704,SF_early,2220.11605916867,2182.53458857814,2247.47430656417
EBA,Prec,0.980100502512563,SF_early,2219.86561169698,2182.107908258,2247.69499343378
EBA,Prec,0.985075376884422,SF_early,2219.8554482683,2181.68062153991,2247.91594657819
EBA,Prec,0.990050251256281,SF_early,2219.84527622066,2181.25288002334,2248.1370994287
EBA,Prec,0.995025125628141,SF_early,2219.83509842704,2180.82483530779,2248.3583854166
EBA,Prec,1,SF_early,2219.82491776042,2180.39663899275,2248.57973797321
EBA,Prec,0.01,SF_intermediate,2210.88247032927,2177.58579231103,2234.49406360566
EBA,Prec,0.0149748743718593,SF_intermediate,2210.75149124683,2177.63431216434,2234.25916644917
EBA,Prec,0.0199497487437186,SF_intermediate,2210.71906200007,2177.68277605558,2234.02437387744
EBA,Prec,0.0249246231155779,SF_intermediate,2210.68667701204,2177.73112802267,2233.78979047523
EBA,Prec,0.0298994974874372,SF_intermediate,2210.65435841212,2177.77931210355,2233.55552082728
EBA,Prec,0.0348743718592965,SF_intermediate,2210.62212832966,2177.82727233615,2233.32166951835
EBA,Prec,0.0398492462311558,SF_intermediate,2210.59000889404,2177.87495275838,2233.0883411332
EBA,Prec,0.0448241206030151,SF_intermediate,2210.55802223462,2177.92229740819,2232.85564025658
EBA,Prec,0.0497989949748744,SF_intermediate,2210.52619048077,2177.9692503235,2232.62367147324
EBA,Prec,0.0547738693467337,SF_intermediate,2210.49453576186,2178.01575554225,2232.39253936795
EBA,Prec,0.059748743718593,SF_intermediate,2210.46308020725,2178.06175710234,2232.16234852546
EBA,Prec,0.0647236180904523,SF_intermediate,2210.43184594632,2178.10719904173,2231.93320353053
EBA,Prec,0.0696984924623116,SF_intermediate,2210.40085510842,2178.15202539833,2231.7052089679
EBA,Prec,0.0746733668341709,SF_intermediate,2210.37012982292,2178.19618021008,2231.47846942234
EBA,Prec,0.0796482412060302,SF_intermediate,2210.3396922192,2178.2396075149,2231.29338290334
EBA,Prec,0.0846231155778894,SF_intermediate,2210.30544238901,2178.28225135072,2231.22539378278
EBA,Prec,0.0895979899497487,SF_intermediate,2210.2115226415,2178.32405575547,2231.15717955041
EBA,Prec,0.094572864321608,SF_intermediate,2210.11850984852,2178.36496476709,2231.08872519879
EBA,Prec,0.0995477386934673,SF_intermediate,2210.02646069472,2178.40492242349,2231.02001572045
EBA,Prec,0.104522613065327,SF_intermediate,2209.93543186476,2178.4438727626,2230.95103610794
EBA,Prec,0.109497487437186,SF_intermediate,2209.8454800433,2178.48175982236,2230.88177135381
EBA,Prec,0.114472361809045,SF_intermediate,2209.756661915,2178.5185276407,2230.8122064506
EBA,Prec,0.119447236180905,SF_intermediate,2209.66903416452,2178.55412025554,2230.74232639087
EBA,Prec,0.124422110552764,SF_intermediate,2209.5826534765,2178.58848170481,2230.67211616715
EBA,Prec,0.129396984924623,SF_intermediate,2209.49757653562,2178.62155602644,2230.60156077199
EBA,Prec,0.134371859296482,SF_intermediate,2209.41386002652,2178.65328725836,2230.53064519794
EBA,Prec,0.139346733668342,SF_intermediate,2209.33156063387,2178.6836194385,2230.45935443755
EBA,Prec,0.144321608040201,SF_intermediate,2209.25073504232,2178.66659499186,2230.38767348336
EBA,Prec,0.14929648241206,SF_intermediate,2209.17143993654,2178.60919057097,2230.31558732792
EBA,Prec,0.15427135678392,SF_intermediate,2209.09373200117,2178.55291793805,2230.24308096378
EBA,Prec,0.159246231155779,SF_intermediate,2209.01766792088,2178.4978175141,2230.167637701
EBA,Prec,0.164221105527638,SF_intermediate,2208.95000244067,2178.44392972012,2230.05415072628
EBA,Prec,0.169195979899498,SF_intermediate,2208.9691440708,2178.39129497711,2229.94092563882
EBA,Prec,0.174170854271357,SF_intermediate,2208.98854053012,2178.33995370607,2229.8279708866
EBA,Prec,0.179145728643216,SF_intermediate,2209.00819978205,2178.28994632799,2229.7152949176
EBA,Prec,0.184120603015075,SF_intermediate,2209.02812978999,2178.24131326389,2229.6029061798
EBA,Prec,0.189095477386935,SF_intermediate,2209.04833851735,2178.19409493475,2229.49081312117
EBA,Prec,0.194070351758794,SF_intermediate,2209.06883392756,2178.14833176157,2229.37902418968
EBA,Prec,0.199045226130653,SF_intermediate,2209.08962398401,2178.10406416536,2229.26754783332
EBA,Prec,0.204020100502513,SF_intermediate,2209.11071665013,2178.06133256711,2229.15639250005
EBA,Prec,0.208994974874372,SF_intermediate,2209.13211988932,2178.02017738782,2229.04556663787
EBA,Prec,0.213969849246231,SF_intermediate,2209.14949980931,2177.98063904849,2228.93507869473
EBA,Prec,0.21894472361809,SF_intermediate,2209.13288168694,2177.94275797013,2228.82493711863
EBA,Prec,0.22391959798995,SF_intermediate,2209.11759260076,2177.90657457372,2228.71515035753
EBA,Prec,0.228894472361809,SF_intermediate,2209.10366419447,2177.87212928027,2228.60572685941
EBA,Prec,0.233869346733668,SF_intermediate,2209.0911281118,2177.83946251077,2228.49667507224
EBA,Prec,0.238844221105528,SF_intermediate,2209.08001599647,2177.80861468624,2228.38800344401
EBA,Prec,0.243819095477387,SF_intermediate,2209.07035949219,2177.77962622765,2228.2797204227
EBA,Prec,0.248793969849246,SF_intermediate,2209.06219024268,2177.75253755603,2228.17183445626
EBA,Prec,0.253768844221106,SF_intermediate,2209.05553989166,2177.72738909235,2228.0643539927
EBA,Prec,0.258743718592965,SF_intermediate,2209.05044008286,2177.70422125763,2227.95728747997
EBA,Prec,0.263718592964824,SF_intermediate,2209.04692245998,2177.68307447286,2227.85064336605
EBA,Prec,0.268693467336683,SF_intermediate,2209.04501866675,2177.66398915903,2227.74443009893
EBA,Prec,0.273668341708543,SF_intermediate,2209.04476034689,2177.64700573716,2227.63865612657
EBA,Prec,0.278643216080402,SF_intermediate,2209.04617914411,2177.63216462824,2227.53332989696
EBA,Prec,0.283618090452261,SF_intermediate,2209.04930670214,2177.61950625326,2227.42845985807
EBA,Prec,0.288592964824121,SF_intermediate,2209.05417466468,2177.60907103323,2227.32405445788
EBA,Prec,0.29356783919598,SF_intermediate,2209.06081467547,2177.60089938914,2227.22012214436
EBA,Prec,0.298542713567839,SF_intermediate,2209.06925837821,2177.595031742,2227.11667136549
EBA,Prec,0.303517587939699,SF_intermediate,2209.07953741664,2177.5915085128,2227.01371056924
EBA,Prec,0.308492462311558,SF_intermediate,2209.09168343445,2177.59037012254,2226.9112482036
EBA,Prec,0.313467336683417,SF_intermediate,2209.10572807539,2177.59165699223,2226.85458829022
EBA,Prec,0.318442211055276,SF_intermediate,2209.12170298315,2177.59540954285,2226.90017081779
EBA,Prec,0.323417085427136,SF_intermediate,2209.13963980147,2177.60166819542,2226.94637762542
EBA,Prec,0.328391959798995,SF_intermediate,2209.15957017406,2177.61047337092,2226.99321878213
EBA,Prec,0.333366834170854,SF_intermediate,2209.18152574464,2177.55302407361,2227.04070435697
EBA,Prec,0.338341708542714,SF_intermediate,2209.20553815692,2177.47906102939,2227.08884441896
EBA,Prec,0.343316582914573,SF_intermediate,2209.23160630737,2177.40452533623,2227.13762462296
EBA,Prec,0.348291457286432,SF_intermediate,2209.25959810343,2177.3294282279,2227.18693296709
EBA,Prec,0.353266331658292,SF_intermediate,2209.28934870528,2177.25378493232,2227.23663303529
EBA,Prec,0.358241206030151,SF_intermediate,2209.3206932731,2177.17761067739,2227.24388669931
EBA,Prec,0.36321608040201,SF_intermediate,2209.35346696707,2177.10092069103,2227.19637250522
EBA,Prec,0.368190954773869,SF_intermediate,2209.38750494737,2177.02373020115,2227.14786604475
EBA,Prec,0.373165829145729,SF_intermediate,2209.42264237418,2176.94605443568,2227.09835884655
EBA,Prec,0.378140703517588,SF_intermediate,2209.45871440768,2176.86790862252,2227.04784243928
EBA,Prec,0.383115577889447,SF_intermediate,2209.49555620806,2176.78930798959,2226.99630835158
EBA,Prec,0.388090452261307,SF_intermediate,2209.53300293549,2176.71026776481,2226.9437481121
EBA,Prec,0.393065326633166,SF_intermediate,2209.57088975016,2176.63080317608,2226.8901532495
EBA,Prec,0.398040201005025,SF_intermediate,2209.60905181225,2176.55092945133,2226.83551529242
EBA,Prec,0.403015075376884,SF_intermediate,2209.64732428193,2176.47066181847,2226.77982576952
EBA,Prec,0.407989949748744,SF_intermediate,2209.6855423194,2176.39001550541,2226.72307620944
EBA,Prec,0.412964824120603,SF_intermediate,2209.72354108482,2176.30900574007,2226.66525814084
EBA,Prec,0.417939698492462,SF_intermediate,2209.76115573838,2176.22764775036,2226.60636309237
EBA,Prec,0.422914572864322,SF_intermediate,2209.79822144027,2176.1459567642,2226.54638259267
EBA,Prec,0.427889447236181,SF_intermediate,2209.83457335066,2176.0639480095,2226.4853081704
EBA,Prec,0.43286432160804,SF_intermediate,2209.87004662974,2175.98163671418,2226.42313135421
EBA,Prec,0.437839195979899,SF_intermediate,2209.90447643768,2175.89903810616,2226.35984367275
EBA,Prec,0.442814070351759,SF_intermediate,2209.93769793466,2175.81616741333,2226.38894364203
EBA,Prec,0.447788944723618,SF_intermediate,2209.96954628087,2175.69863891552,2226.5174660778
EBA,Prec,0.452763819095477,SF_intermediate,2209.9998566365,2175.55631082939,2226.64631070893
EBA,Prec,0.457738693467337,SF_intermediate,2210.0284641617,2175.41157310994,2226.77517658174
EBA,Prec,0.462713567839196,SF_intermediate,2210.05520401669,2175.26448157732,2226.90376274255
EBA,Prec,0.467688442211055,SF_intermediate,2210.07991136162,2175.11509205169,2227.03176823769
EBA,Prec,0.472663316582915,SF_intermediate,2210.10242135668,2174.96346035319,2227.15889211349
EBA,Prec,0.477638190954774,SF_intermediate,2210.12256916206,2174.80964230196,2227.28483341627
EBA,Prec,0.482613065326633,SF_intermediate,2210.13779836079,2174.65369371817,2227.40929119236
EBA,Prec,0.487587939698492,SF_intermediate,2210.14867018624,2174.49567042194,2227.53196448809
EBA,Prec,0.492562814070352,SF_intermediate,2210.15811674904,2174.33562823344,2227.65255234978
EBA,Prec,0.497537688442211,SF_intermediate,2210.16601435107,2174.17362297281,2227.77075382376
EBA,Prec,0.50251256281407,SF_intermediate,2210.17223929423,2174.00971046019,2227.88626795636
EBA,Prec,0.50748743718593,SF_intermediate,2210.17666788041,2173.84394651574,2227.99879379389
EBA,Prec,0.512462311557789,SF_intermediate,2210.17917641151,2173.67638695959,2228.1080303827
EBA,Prec,0.517437185929648,SF_intermediate,2210.17893199808,2173.50708761191,2228.21367676909
EBA,Prec,0.522412060301508,SF_intermediate,2210.17040230442,2173.33610429283,2228.31543199941
EBA,Prec,0.527386934673367,SF_intermediate,2210.15786202288,2173.1634928225,2228.41299511997
EBA,Prec,0.532361809045226,SF_intermediate,2210.14114631365,2172.98930902108,2228.50606517711
EBA,Prec,0.537336683417085,SF_intermediate,2210.12009033691,2172.81360870871,2228.59434121714
EBA,Prec,0.542311557788945,SF_intermediate,2210.09452925283,2172.63644770553,2228.6775222864
EBA,Prec,0.547286432160804,SF_intermediate,2210.0642982216,2172.45788183169,2228.75530743121
EBA,Prec,0.552261306532663,SF_intermediate,2210.0292324034,2172.27796690735,2228.8273956979
EBA,Prec,0.557236180904523,SF_intermediate,2209.98916695841,2172.09675875265,2228.89348613279
EBA,Prec,0.562211055276382,SF_intermediate,2209.9439370468,2171.91431318773,2228.95327778221
EBA,Prec,0.567185929648241,SF_intermediate,2209.89337782877,2171.73068603275,2229.00646969249
EBA,Prec,0.572160804020101,SF_intermediate,2209.83732446449,2171.54593310785,2229.05276090994
EBA,Prec,0.57713567839196,SF_intermediate,2209.77482045893,2171.36011023317,2229.09185048091
EBA,Prec,0.582110552763819,SF_intermediate,2209.69531912931,2171.17327322888,2229.12343745171
EBA,Prec,0.587085427135679,SF_intermediate,2209.66817666612,2170.98547791511,2229.14722086868
EBA,Prec,0.592060301507538,SF_intermediate,2209.63518244771,2170.79678011201,2229.16289977813
EBA,Prec,0.597035175879397,SF_intermediate,2209.59614461522,2170.60723563973,2229.17017322639
EBA,Prec,0.602010050251256,SF_intermediate,2209.5508713098,2170.41690031841,2229.16874025979
EBA,Prec,0.606984924623116,SF_intermediate,2209.49917067259,2170.22582996821,2229.15829992466
EBA,Prec,0.611959798994975,SF_intermediate,2209.44085084475,2170.03408040928,2229.13855126732
EBA,Prec,0.616934673366834,SF_intermediate,2209.37571996743,2169.84170746175,2229.06721419011
EBA,Prec,0.621909547738694,SF_intermediate,2209.30358618176,2169.64876694578,2228.96244971284
EBA,Prec,0.626884422110553,SF_intermediate,2209.22425762889,2169.45531468151,2228.84724433599
EBA,Prec,0.631859296482412,SF_intermediate,2209.13754244998,2169.2614064891,2228.72135070193
EBA,Prec,0.636834170854271,SF_intermediate,2209.04324878616,2169.06709818868,2228.58452145305
EBA,Prec,0.641809045226131,SF_intermediate,2208.9411847786,2168.87244560042,2228.4365092317
EBA,Prec,0.64678391959799,SF_intermediate,2208.83115856843,2168.67750454444,2228.27706668025
EBA,Prec,0.651758793969849,SF_intermediate,2208.71297829679,2168.48233084091,2228.10594644109
EBA,Prec,0.656733668341709,SF_intermediate,2208.58645210485,2168.28698030997,2227.92290115658
EBA,Prec,0.661708542713568,SF_intermediate,2208.45138813374,2168.09150877177,2227.72768346908
EBA,Prec,0.666683417085427,SF_intermediate,2208.30759452462,2167.89716399957,2227.52004602098
EBA,Prec,0.671658291457287,SF_intermediate,2208.15487941862,2167.76373626315,2227.29974145465
EBA,Prec,0.676633165829146,SF_intermediate,2207.9931059469,2167.62903378011,2227.06659625102
EBA,Prec,0.681608040201005,SF_intermediate,2207.82235720061,2167.4930716876,2226.82073224541
EBA,Prec,0.686582914572864,SF_intermediate,2207.64277126089,2167.35586936422,2226.56234511169
EBA,Prec,0.691557788944724,SF_intermediate,2207.45448620888,2167.21744618858,2226.29163052373
EBA,Prec,0.696532663316583,SF_intermediate,2207.25764012575,2167.07782153929,2226.00878415541
EBA,Prec,0.701507537688442,SF_intermediate,2207.05237109262,2166.93701479495,2225.7140016806
EBA,Prec,0.706482412060302,SF_intermediate,2206.83881719066,2166.79504533417,2225.40747877319
EBA,Prec,0.711457286432161,SF_intermediate,2206.617116501,2166.65193253556,2225.08941110706
EBA,Prec,0.71643216080402,SF_intermediate,2206.3874071048,2166.50769577773,2224.75999435606
EBA,Prec,0.721407035175879,SF_intermediate,2206.14982708321,2166.36235443928,2224.4194241941
EBA,Prec,0.726381909547739,SF_intermediate,2205.90451451736,2166.21592789881,2224.06789629503
EBA,Prec,0.731356783919598,SF_intermediate,2205.65160748841,2166.06843553495,2223.70560633274
EBA,Prec,0.736331658291457,SF_intermediate,2205.33541198339,2165.91989672629,2223.33274998111
EBA,Prec,0.741306532663317,SF_intermediate,2204.97297200787,2165.77033085144,2222.949522914
EBA,Prec,0.746281407035176,SF_intermediate,2204.60229954332,2165.61975728901,2222.55612080531
EBA,Prec,0.751256281407035,SF_intermediate,2204.22355290683,2165.46819541761,2222.1527393289
EBA,Prec,0.756231155778895,SF_intermediate,2203.8368904155,2165.31566461585,2221.73957415865
EBA,Prec,0.761206030150754,SF_intermediate,2203.44247038642,2165.16218426232,2221.31682096844
EBA,Prec,0.766180904522613,SF_intermediate,2203.0404511367,2165.00777373564,2220.88467543214
EBA,Prec,0.771155778894472,SF_intermediate,2202.63099098343,2164.85245241442,2220.44333322364
EBA,Prec,0.776130653266332,SF_intermediate,2202.2142482437,2164.69623967727,2220.3036097877
EBA,Prec,0.781105527638191,SF_intermediate,2201.79038123462,2164.53915490278,2220.18698656228
EBA,Prec,0.78608040201005,SF_intermediate,2201.35954827327,2164.38121746957,2220.06922691071
EBA,Prec,0.79105527638191,SF_intermediate,2200.92190767676,2164.22244675625,2219.95035666086
EBA,Prec,0.796030150753769,SF_intermediate,2200.47761776219,2164.06286214142,2219.8304016406
EBA,Prec,0.801005025125628,SF_intermediate,2200.02683684665,2163.90248300369,2219.70938767778
EBA,Prec,0.805979899497488,SF_intermediate,2199.56972324723,2163.74132872166,2219.58734060029
EBA,Prec,0.810954773869347,SF_intermediate,2199.10643528104,2163.57941867395,2219.46428623598
EBA,Prec,0.815929648241206,SF_intermediate,2198.63713126517,2163.41677223917,2219.34025041272
EBA,Prec,0.820904522613065,SF_intermediate,2198.21859389372,2163.25340879591,2219.21525895838
EBA,Prec,0.825879396984925,SF_intermediate,2197.83990814018,2162.95571209726,2219.08933770083
EBA,Prec,0.830854271356784,SF_intermediate,2197.45722940123,2162.46347517367,2218.91573962183
EBA,Prec,0.835829145728643,SF_intermediate,2197.07067176215,2161.96646820849,2218.58794369427
EBA,Prec,0.840804020100503,SF_intermediate,2196.68034930824,2161.46483149708,2218.25566341023
EBA,Prec,0.845778894472362,SF_intermediate,2196.28637612481,2160.95870533476,2217.9190346593
EBA,Prec,0.850753768844221,SF_intermediate,2195.88886629715,2160.44823001689,2217.57819333107
EBA,Prec,0.85572864321608,SF_intermediate,2195.48793391056,2159.9335458388,2217.23327531513
EBA,Prec,0.86070351758794,SF_intermediate,2195.08369305033,2159.41479309583,2216.88441650106
EBA,Prec,0.865678391959799,SF_intermediate,2194.67625780176,2159.01747032459,2216.53175277847
EBA,Prec,0.870653266331658,SF_intermediate,2194.26574225016,2158.68780966728,2216.17542003693
EBA,Prec,0.875628140703518,SF_intermediate,2193.85226048081,2158.35697482055,2215.81555416605
EBA,Prec,0.880603015075377,SF_intermediate,2193.43592657902,2158.02501094552,2215.4522910554
EBA,Prec,0.885577889447236,SF_intermediate,2193.01685463009,2157.69196320333,2215.19419970254
EBA,Prec,0.890552763819096,SF_intermediate,2192.5951587193,2157.35787675511,2215.0738659974
EBA,Prec,0.895527638190955,SF_intermediate,2192.17095293197,2157.022796762,2214.95331954336
EBA,Prec,0.900502512562814,SF_intermediate,2191.74435135338,2156.68676838511,2214.83257001082
EBA,Prec,0.905477386934673,SF_intermediate,2191.31546806884,2156.3498367856,2214.71162707019
EBA,Prec,0.910452261306533,SF_intermediate,2190.88441716364,2156.01204712457,2214.59050039187
EBA,Prec,0.915427135678392,SF_intermediate,2190.45131272308,2155.67344456318,2214.46919964627
EBA,Prec,0.920402010050251,SF_intermediate,2190.01626883247,2155.33407426255,2214.3477345038
EBA,Prec,0.925376884422111,SF_intermediate,2189.57939957708,2154.99398138381,2214.22611463485
EBA,Prec,0.93035175879397,SF_intermediate,2189.1315307025,2154.65321108809,2214.10434970983
EBA,Prec,0.935326633165829,SF_intermediate,2188.63102256271,2154.31180853653,2213.98244939915
EBA,Prec,0.940301507537689,SF_intermediate,2188.12878823104,2153.96981889026,2213.86042337321
EBA,Prec,0.945276381909548,SF_intermediate,2187.62496049149,2153.62728731041,2213.73828130242
EBA,Prec,0.950251256281407,SF_intermediate,2187.11967212804,2153.28425895811,2213.61603285718
EBA,Prec,0.955226130653266,SF_intermediate,2186.61305592468,2152.94077899449,2213.49368770789
EBA,Prec,0.960201005025126,SF_intermediate,2186.10524466541,2152.59689258068,2213.37125552496
EBA,Prec,0.965175879396985,SF_intermediate,2185.59637113421,2152.25264487782,2213.24874597879
EBA,Prec,0.970150753768844,SF_intermediate,2185.08656811508,2151.90808104704,2213.12616873979
EBA,Prec,0.975125628140704,SF_intermediate,2184.57596839201,2151.56324624947,2213.00353347837
EBA,Prec,0.980100502512563,SF_intermediate,2184.06470474898,2151.21818564624,2212.88084986492
EBA,Prec,0.985075376884422,SF_intermediate,2183.55290997,2150.87294439848,2212.75812756985
EBA,Prec,0.990050251256281,SF_intermediate,2183.04071683904,2150.52756766732,2212.63537626357
EBA,Prec,0.995025125628141,SF_intermediate,2182.5848411435,2150.18210061391,2212.51260561649
EBA,Prec,1,SF_intermediate,2182.16449593203,2149.83658839936,2212.38982529899
EBA,Prec,0.01,SF_advanced,2226.26775631365,2185.99314215954,2246.19910340921
EBA,Prec,0.0149748743718593,SF_advanced,2226.2567170008,2186.15324487043,2246.106249107
EBA,Prec,0.0199497487437186,SF_advanced,2226.24568761393,2186.31324562853,2246.01338621607
EBA,Prec,0.0249246231155779,SF_advanced,2226.23467807905,2186.47304248106,2245.92050614772
EBA,Prec,0.0298994974874372,SF_advanced,2226.15742325643,2186.63253347522,2245.82760031322
EBA,Prec,0.0348743718592965,SF_advanced,2225.9876834681,2186.79161665823,2245.73466012386
EBA,Prec,0.0398492462311558,SF_advanced,2225.81834847082,2186.95019007729,2245.64167699092
EBA,Prec,0.0448241206030151,SF_advanced,2225.6494992228,2187.10815177962,2245.5486423257
EBA,Prec,0.0497989949748744,SF_advanced,2225.48121668225,2187.26539981243,2245.45554753947
EBA,Prec,0.0547738693467337,SF_advanced,2225.31358180737,2187.42183222293,2245.36238404353
EBA,Prec,0.059748743718593,SF_advanced,2225.2796720375,2187.57734705834,2245.26914324915
EBA,Prec,0.0647236180904523,SF_advanced,2225.30470937859,2187.73184236586,2245.17581656762
EBA,Prec,0.0696984924623116,SF_advanced,2225.32950782774,2187.8852161927,2245.08239541024
EBA,Prec,0.0746733668341709,SF_advanced,2225.35404566751,2188.03736658608,2244.98887118827
EBA,Prec,0.0796482412060302,SF_advanced,2225.37830118044,2188.18819159321,2244.89523531302
EBA,Prec,0.0846231155778894,SF_advanced,2225.40225264909,2188.11675577994,2244.80147919575
EBA,Prec,0.0895979899497487,SF_advanced,2225.425878356,2188.02375946207,2244.70759424777
EBA,Prec,0.094572864321608,SF_advanced,2225.44915658373,2187.93139864852,2244.61357188035
EBA,Prec,0.0995477386934673,SF_advanced,2225.3226907697,2187.83971305829,2244.51940350477
EBA,Prec,0.104522613065327,SF_advanced,2225.14169953477,2187.74874241042,2244.42508053233
EBA,Prec,0.109497487437186,SF_advanced,2224.96224362442,2187.65852642392,2244.33059437432
EBA,Prec,0.114472361809045,SF_advanced,2224.78440384521,2187.56910481781,2244.235936442
EBA,Prec,0.119447236180905,SF_advanced,2224.60826100368,2187.48051731111,2244.14109814668
EBA,Prec,0.124422110552764,SF_advanced,2224.4338959064,2187.39280362283,2244.04607089963
EBA,Prec,0.129396984924623,SF_advanced,2224.26138935993,2187.30600347201,2243.95084611214
EBA,Prec,0.134371859296482,SF_advanced,2224.09082217082,2187.22015657765,2243.85541519549
EBA,Prec,0.139346733668342,SF_advanced,2223.92227514562,2187.13530265878,2243.75976956098
EBA,Prec,0.144321608040201,SF_advanced,2223.7558290909,2187.05148143441,2243.66390061988
EBA,Prec,0.14929648241206,SF_advanced,2223.59156481321,2186.96873262358,2243.56779978349
EBA,Prec,0.15427135678392,SF_advanced,2223.4295631191,2186.88709594528,2243.47145846308
EBA,Prec,0.159246231155779,SF_advanced,2223.26990481514,2186.80661111856,2243.37486806994
EBA,Prec,0.164221105527638,SF_advanced,2223.11267070788,2186.72731786242,2243.27802001536
EBA,Prec,0.169195979899498,SF_advanced,2222.95794160388,2186.64925589588,2243.18090571062
EBA,Prec,0.174170854271357,SF_advanced,2222.80579830969,2186.57246493797,2243.08351656701
EBA,Prec,0.179145728643216,SF_advanced,2222.65632163188,2186.4969847077,2242.98584399581
EBA,Prec,0.184120603015075,SF_advanced,2222.50959237699,2186.42285492409,2242.88787940831
EBA,Prec,0.189095477386935,SF_advanced,2222.36569135158,2186.35011530616,2242.78961421579
EBA,Prec,0.194070351758794,SF_advanced,2222.22469936222,2186.27880557294,2242.93268429407
EBA,Prec,0.199045226130653,SF_advanced,2222.08669721545,2186.20896544344,2243.10256069323
EBA,Prec,0.204020100502513,SF_advanced,2221.95176571784,2186.14063463668,2243.26731825932
EBA,Prec,0.208994974874372,SF_advanced,2221.81998567593,2186.11572772226,2243.42682228619
EBA,Prec,0.213969849246231,SF_advanced,2221.6914378963,2186.14495667932,2243.58093806772
EBA,Prec,0.21894472361809,SF_advanced,2221.56620318549,2186.1730206216,2243.71929524951
EBA,Prec,0.22391959798995,SF_advanced,2221.44436235006,2186.19989113409,2243.7353604768
EBA,Prec,0.228894472361809,SF_advanced,2221.32599619657,2186.22553980181,2243.74929313506
EBA,Prec,0.233869346733668,SF_advanced,2221.21118553157,2186.24993820975,2243.76104362966
EBA,Prec,0.238844221105528,SF_advanced,2221.10001116163,2186.27305794293,2243.77056236596
EBA,Prec,0.243819095477387,SF_advanced,2221.09870617231,2186.29487058634,2243.77779974933
EBA,Prec,0.248793969849246,SF_advanced,2221.16049604452,2186.315347725,2243.78270618516
EBA,Prec,0.253768844221106,SF_advanced,2221.22200842452,2186.3344609439,2243.7852320788
EBA,Prec,0.258743718592965,SF_advanced,2221.25004713163,2186.35218182806,2243.78532783563
EBA,Prec,0.263718592964824,SF_advanced,2221.21218008879,2186.36848196247,2243.78294386103
EBA,Prec,0.268693467336683,SF_advanced,2221.17458825368,2186.38333293215,2243.77803056036
EBA,Prec,0.273668341708543,SF_advanced,2221.13727702255,2186.39670632209,2243.77053833899
EBA,Prec,0.278643216080402,SF_advanced,2221.10025179163,2186.40857371732,2243.76041760229
EBA,Prec,0.283618090452261,SF_advanced,2221.06351795714,2186.41890670281,2243.74761875565
EBA,Prec,0.288592964824121,SF_advanced,2221.02708091532,2186.4276768636,2243.73209220442
EBA,Prec,0.29356783919598,SF_advanced,2220.99094606239,2186.43485578467,2243.71378835398
EBA,Prec,0.298542713567839,SF_advanced,2220.95511879459,2186.44041505104,2243.6926576097
EBA,Prec,0.303517587939699,SF_advanced,2220.91960450814,2186.4443262477,2243.66865037695
EBA,Prec,0.308492462311558,SF_advanced,2220.88440859929,2186.44656095967,2243.64171706111
EBA,Prec,0.313467336683417,SF_advanced,2220.84953646425,2186.44709077196,2243.61180806754
EBA,Prec,0.318442211055276,SF_advanced,2220.81499349925,2186.44588726955,2243.57887380161
EBA,Prec,0.323417085427136,SF_advanced,2220.78078510054,2186.44292203747,2243.5428646687
EBA,Prec,0.328391959798995,SF_advanced,2220.74691666433,2186.43816666071,2243.50373107418
EBA,Prec,0.333366834170854,SF_advanced,2220.71339358686,2186.43159272428,2243.46142342342
EBA,Prec,0.338341708542714,SF_advanced,2220.68022126436,2186.42317181319,2243.41589212178
EBA,Prec,0.343316582914573,SF_advanced,2220.64741894337,2186.41290214934,2243.36712651851
EBA,Prec,0.348291457286432,SF_advanced,2220.61506127164,2186.40088850229,2243.31527173828
EBA,Prec,0.353266331658292,SF_advanced,2220.58323674725,2186.38726227849,2243.26051184963
EBA,Prec,0.358241206030151,SF_advanced,2220.55203386825,2186.37215488437,2243.2030309211
EBA,Prec,0.36321608040201,SF_advanced,2220.52154113272,2186.35569772641,2243.14301302123
EBA,Prec,0.368190954773869,SF_advanced,2220.49184703873,2186.33802221104,2243.08064221855
EBA,Prec,0.373165829145729,SF_advanced,2220.46304008434,2186.31925974473,2243.01610258161
EBA,Prec,0.378140703517588,SF_advanced,2220.43520876762,2186.29954173392,2242.94957817894
EBA,Prec,0.383115577889447,SF_advanced,2220.40844158664,2186.27899958506,2242.88125307909
EBA,Prec,0.388090452261307,SF_advanced,2220.38282703946,2186.2577647046,2242.81131135059
EBA,Prec,0.393065326633166,SF_advanced,2220.35845362415,2186.235968499,2242.73993706199
EBA,Prec,0.398040201005025,SF_advanced,2220.33540983879,2186.21374237472,2242.66731428181
EBA,Prec,0.403015075376884,SF_advanced,2220.31378418142,2186.19121773819,2242.59362707861
EBA,Prec,0.407989949748744,SF_advanced,2220.29366515013,2186.16852599587,2242.51905952092
EBA,Prec,0.412964824120603,SF_advanced,2220.27514124299,2186.14579855422,2242.44379567727
EBA,Prec,0.417939698492462,SF_advanced,2220.25830095805,2186.12316681968,2242.36801961622
EBA,Prec,0.422914572864322,SF_advanced,2220.24323279338,2186.1007621987,2242.29191540629
EBA,Prec,0.427889447236181,SF_advanced,2220.23002524706,2186.07871609775,2242.21566711603
EBA,Prec,0.43286432160804,SF_advanced,2220.21876681714,2186.05715992326,2242.13945881397
EBA,Prec,0.437839195979899,SF_advanced,2220.2095460017,2186.0362250817,2242.06347456866
EBA,Prec,0.442814070351759,SF_advanced,2220.20245129881,2186.01604297951,2241.98789844863
EBA,Prec,0.447788944723618,SF_advanced,2220.19757120653,2185.99674502314,2241.91291452243
EBA,Prec,0.452763819095477,SF_advanced,2220.19499422293,2185.97846261905,2241.83870685859
EBA,Prec,0.457738693467337,SF_advanced,2220.19480884607,2185.96132717369,2241.76545952565
EBA,Prec,0.462713567839196,SF_advanced,2220.19710357402,2185.9454700935,2241.69335659215
EBA,Prec,0.467688442211055,SF_advanced,2220.20196690486,2185.93102278495,2241.62258212663
EBA,Prec,0.472663316582915,SF_advanced,2220.20948733664,2185.91811665448,2241.55332019762
EBA,Prec,0.477638190954774,SF_advanced,2220.21975336744,2185.90688310855,2241.48575487368
EBA,Prec,0.482613065326633,SF_advanced,2220.23285349532,2185.89745355359,2241.42007022333
EBA,Prec,0.487587939698492,SF_advanced,2220.24887621835,2185.91472165174,2241.35645031512
EBA,Prec,0.492562814070352,SF_advanced,2220.2679100346,2185.98977651269,2241.29507921758
EBA,Prec,0.497537688442211,SF_advanced,2220.29004344213,2186.06787678833,2241.23614099926
EBA,Prec,0.50251256281407,SF_advanced,2220.31536493901,2186.14903615476,2241.17981972869
EBA,Prec,0.50748743718593,SF_advanced,2220.35962795831,2186.23326828809,2241.12629947441
EBA,Prec,0.512462311557789,SF_advanced,2220.45693955768,2186.32058686443,2241.07576430497
EBA,Prec,0.517437185929648,SF_advanced,2220.55656136488,2186.41100555989,2241.0283982889
EBA,Prec,0.522412060301508,SF_advanced,2220.65851640645,2186.50453805059,2240.97267095215
EBA,Prec,0.527386934673367,SF_advanced,2220.76282770892,2186.60119801262,2240.84661249896
EBA,Prec,0.532361809045226,SF_advanced,2220.8695182988,2186.70099912211,2240.72442430343
EBA,Prec,0.537336683417085,SF_advanced,2220.97861120264,2186.80395505515,2240.60644217773
EBA,Prec,0.542311557788945,SF_advanced,2221.09012944696,2186.78597179859,2240.49300193403
EBA,Prec,0.547286432160804,SF_advanced,2221.19028671304,2186.69256501599,2240.3844393845
EBA,Prec,0.552261306532663,SF_advanced,2221.23253757784,2186.60451361385,2240.2810903413
EBA,Prec,0.557236180904523,SF_advanced,2221.27848303916,2186.52210531275,2240.18329061662
EBA,Prec,0.562211055276382,SF_advanced,2221.32819849505,2186.44562783329,2240.09137602262
EBA,Prec,0.567185929648241,SF_advanced,2221.3817593436,2186.37536889603,2240.00568237148
EBA,Prec,0.572160804020101,SF_advanced,2221.43924098287,2186.31161622157,2239.92654547535
EBA,Prec,0.57713567839196,SF_advanced,2221.50071881094,2186.25465753049,2239.85430114642
EBA,Prec,0.582110552763819,SF_advanced,2221.56626822587,2186.20478054338,2239.78928519685
EBA,Prec,0.587085427135679,SF_advanced,2221.63596462574,2186.1622729808,2239.73183343881
EBA,Prec,0.592060301507538,SF_advanced,2221.70988340862,2186.12742256336,2239.68228168448
EBA,Prec,0.597035175879397,SF_advanced,2221.78809997258,2186.10051701163,2239.75762613487
EBA,Prec,0.602010050251256,SF_advanced,2221.87068971568,2186.0818440462,2239.85904604687
EBA,Prec,0.606984924623116,SF_advanced,2221.95772803601,2186.07169138765,2239.96428794119
EBA,Prec,0.611959798994975,SF_advanced,2222.04929033163,2186.07034675656,2240.07340174382
EBA,Prec,0.616934673366834,SF_advanced,2222.14545200061,2186.07809787352,2240.18643738075
EBA,Prec,0.621909547738694,SF_advanced,2222.24628844102,2186.09523245911,2240.30344477797
EBA,Prec,0.626884422110553,SF_advanced,2222.35187505094,2186.12203823391,2240.42447386146
EBA,Prec,0.631859296482412,SF_advanced,2222.46228722844,2186.15880291851,2240.54957455723
EBA,Prec,0.636834170854271,SF_advanced,2222.57760037158,2186.2058142335,2240.67879679127
EBA,Prec,0.641809045226131,SF_advanced,2222.69788987844,2186.26335989944,2240.81219048956
EBA,Prec,0.64678391959799,SF_advanced,2222.82323114709,2186.33172763694,2240.94980557809
EBA,Prec,0.651758793969849,SF_advanced,2222.95369957559,2186.41120516657,2241.09169198287
EBA,Prec,0.656733668341709,SF_advanced,2223.08937056203,2186.50208020891,2241.23789962987
EBA,Prec,0.661708542713568,SF_advanced,2223.23031950447,2186.60464048455,2241.38847844509
EBA,Prec,0.666683417085427,SF_advanced,2223.37662180098,2186.71917371408,2241.54347835453
EBA,Prec,0.671658291457287,SF_advanced,2223.52835284963,2186.84596761807,2241.70294928417
EBA,Prec,0.676633165829146,SF_advanced,2223.68556158279,2186.98523027581,2241.86692142247
EBA,Prec,0.681608040201005,SF_advanced,2223.84819106994,2187.13685120141,2242.03534600778
EBA,Prec,0.686582914572864,SF_advanced,2224.01615791488,2187.30064026766,2242.20815454092
EBA,Prec,0.691557788944724,SF_advanced,2224.18937872138,2187.47640734736,2242.3852785227
EBA,Prec,0.696532663316583,SF_advanced,2224.36777009324,2187.66396231332,2242.56664945393
EBA,Prec,0.701507537688442,SF_advanced,2224.55124863423,2187.86311503835,2242.75219883543
EBA,Prec,0.706482412060302,SF_advanced,2224.73973094815,2188.07367539524,2242.94185816802
EBA,Prec,0.711457286432161,SF_advanced,2224.93313363877,2188.29545325679,2243.13555895251
EBA,Prec,0.71643216080402,SF_advanced,2225.13137330989,2188.52825849581,2243.33323268972
EBA,Prec,0.721407035175879,SF_advanced,2225.33436656528,2188.7719009851,2243.53481088046
EBA,Prec,0.726381909547739,SF_advanced,2225.54203000873,2189.02619059746,2243.74022502554
EBA,Prec,0.731356783919598,SF_advanced,2225.75428024403,2189.2909372057,2243.94940662579
EBA,Prec,0.736331658291457,SF_advanced,2225.97103387495,2189.56595068262,2244.16228718201
EBA,Prec,0.741306532663317,SF_advanced,2226.19220750529,2189.85104090101,2244.37879819503
EBA,Prec,0.746281407035176,SF_advanced,2226.41771773883,2190.14601773368,2244.59887116565
EBA,Prec,0.751256281407035,SF_advanced,2226.64748117936,2190.45069105344,2244.8224375947
EBA,Prec,0.756231155778895,SF_advanced,2226.88141443065,2190.76487073309,2245.04942898299
EBA,Prec,0.761206030150754,SF_advanced,2227.11943409649,2191.08836664542,2245.27977683133
EBA,Prec,0.766180904522613,SF_advanced,2227.36145678068,2191.42098866324,2245.51341264053
EBA,Prec,0.771155778894472,SF_advanced,2227.60739908698,2191.76254665936,2245.75026791142
EBA,Prec,0.776130653266332,SF_advanced,2227.85717761919,2192.11285050657,2245.99027414481
EBA,Prec,0.781105527638191,SF_advanced,2228.1107089811,2192.47171007768,2246.23336284152
EBA,Prec,0.78608040201005,SF_advanced,2228.33214107721,2192.83893524549,2246.47946550235
EBA,Prec,0.79105527638191,SF_advanced,2228.40359203051,2193.2143358828,2246.78455581875
EBA,Prec,0.796030150753769,SF_advanced,2228.47367771654,2193.59772186241,2247.18534627955
EBA,Prec,0.801005025125628,SF_advanced,2228.54243064166,2193.98890305713,2247.59459069846
EBA,Prec,0.805979899497488,SF_advanced,2228.60988331224,2194.38768933976,2248.01208288137
EBA,Prec,0.810954773869347,SF_advanced,2228.89081268288,2194.7938905831,2248.43761663418
EBA,Prec,0.815929648241206,SF_advanced,2229.2306631692,2195.20731665996,2248.87098576279
EBA,Prec,0.820904522613065,SF_advanced,2229.57403305609,2195.62777744313,2249.3119840731
EBA,Prec,0.825879396984925,SF_advanced,2229.92082722461,2196.05508280541,2249.76040537102
EBA,Prec,0.830854271356784,SF_advanced,2230.27095055583,2196.48904261962,2250.21604346243
EBA,Prec,0.835829145728643,SF_advanced,2230.62430793081,2196.92946675855,2250.67869215325
EBA,Prec,0.840804020100503,SF_advanced,2230.98080423062,2197.37616509501,2251.14814524937
EBA,Prec,0.845778894472362,SF_advanced,2231.34034433632,2197.82894750179,2251.62419655669
EBA,Prec,0.850753768844221,SF_advanced,2231.70283312898,2198.2876238517,2252.10663988112
EBA,Prec,0.85572864321608,SF_advanced,2232.06817548968,2198.75200401754,2252.59526902854
EBA,Prec,0.86070351758794,SF_advanced,2232.43627629946,2199.22189787212,2252.99540346476
EBA,Prec,0.865678391959799,SF_advanced,2232.80704043941,2199.69711528823,2253.38912840639
EBA,Prec,0.870653266331658,SF_advanced,2233.18037279057,2200.17746613868,2253.78655944436
EBA,Prec,0.875628140703518,SF_advanced,2233.55617823403,2200.66276029627,2254.18755931586
EBA,Prec,0.880603015075377,SF_advanced,2234.00921690323,2201.15280763381,2254.59199075804
EBA,Prec,0.885577889447236,SF_advanced,2234.52557765363,2201.64741802409,2254.99971650808
EBA,Prec,0.890552763819096,SF_advanced,2235.04524401539,2202.07298001514,2255.41059930316
EBA,Prec,0.895527638190955,SF_advanced,2235.65152819886,2202.37240717946,2255.82450188045
EBA,Prec,0.900502512562814,SF_advanced,2236.43911053377,2202.67295999297,2256.24128697711
EBA,Prec,0.905477386934673,SF_advanced,2237.2320394798,2202.97458485334,2256.66081733033
EBA,Prec,0.910452261306533,SF_advanced,2238.03004770637,2203.27722815823,2257.08295567728
EBA,Prec,0.915427135678392,SF_advanced,2238.76226714548,2203.58083630529,2257.50756475512
EBA,Prec,0.920402010050251,SF_advanced,2239.24993019992,2203.88535569217,2257.93450730103
EBA,Prec,0.925376884422111,SF_advanced,2239.740000007,2204.19073271654,2258.36364605219
EBA,Prec,0.93035175879397,SF_advanced,2240.23232614466,2204.49691377605,2258.79484374575
EBA,Prec,0.935326633165829,SF_advanced,2240.72675819087,2204.80384526837,2259.22796311891
EBA,Prec,0.940301507537689,SF_advanced,2241.22314572359,2205.11147359113,2259.66286690882
EBA,Prec,0.945276381909548,SF_advanced,2241.72133832079,2205.41974514202,2260.09941785266
EBA,Prec,0.950251256281407,SF_advanced,2242.22118556041,2205.72860631867,2260.53747868761
EBA,Prec,0.955226130653266,SF_advanced,2242.72253702042,2206.03800351876,2260.97691215084
EBA,Prec,0.960201005025126,SF_advanced,2243.22524227879,2206.34788313992,2261.41758097951
EBA,Prec,0.965175879396985,SF_advanced,2243.72915091347,2206.65819157983,2261.8593479108
EBA,Prec,0.970150753768844,SF_advanced,2244.23411250243,2206.96887523615,2262.30207568189
EBA,Prec,0.975125628140704,SF_advanced,2244.73997662362,2207.27988050651,2262.74562702994
EBA,Prec,0.980100502512563,SF_advanced,2245.24659285501,2207.5911537886,2263.18986469213
EBA,Prec,0.985075376884422,SF_advanced,2245.75381077455,2207.90264148005,2263.63465140564
EBA,Prec,0.990050251256281,SF_advanced,2246.26147996021,2208.21428997853,2264.07984990762
EBA,Prec,0.995025125628141,SF_advanced,2246.53570155437,2208.5260456817,2264.52532293526
EBA,Prec,1,SF_advanced,2246.78522802577,2208.83785498721,2264.97093322573
SBA,Prec,0.01,PF,1914.63169674204,1884.17376253909,1949.97385341428
SBA,Prec,0.0149748743718593,PF,1914.55408951697,1884.13835669803,1949.91811037702
SBA,Prec,0.0199497487437186,PF,1914.55823886865,1884.10298244142,1949.81540954354
SBA,Prec,0.0249246231155779,PF,1914.5666913193,1884.06767135371,1949.70508170021
SBA,Prec,0.0298994974874372,PF,1914.57521300265,1884.03245501935,1949.59489883788
SBA,Prec,0.0348743718592965,PF,1914.58382699627,1883.99736502278,1949.48490928357
SBA,Prec,0.0398492462311558,PF,1914.59255637773,1883.96243294846,1949.37516136426
SBA,Prec,0.0448241206030151,PF,1914.6014242246,1883.92769038084,1949.26570340696
SBA,Prec,0.0497989949748744,PF,1914.61045361444,1883.89316890436,1949.15658373867
SBA,Prec,0.0547738693467337,PF,1914.61966762482,1883.85890010348,1949.0478506864
SBA,Prec,0.059748743718593,PF,1914.62908933331,1883.82491556263,1948.93955257714
SBA,Prec,0.0647236180904523,PF,1914.63874181748,1883.79124686628,1948.83173773789
SBA,Prec,0.0696984924623116,PF,1914.64864815489,1883.75792559887,1948.72445449567
SBA,Prec,0.0746733668341709,PF,1914.65883142311,1883.72498334486,1948.61775117746
SBA,Prec,0.0796482412060302,PF,1914.66931469972,1883.69245168868,1948.51167611028
SBA,Prec,0.0846231155778894,PF,1914.68012106227,1883.66036221479,1948.40627762112
SBA,Prec,0.0895979899497487,PF,1914.69127358834,1883.62874650764,1948.30160403698
SBA,Prec,0.094572864321608,PF,1914.70279535549,1883.59763615167,1948.19770368487
SBA,Prec,0.0995477386934673,PF,1914.7147094413,1883.56706273135,1948.09462489179
SBA,Prec,0.104522613065327,PF,1914.71954248988,1883.53705783111,1947.99241598474
SBA,Prec,0.109497487437186,PF,1914.70868729134,1883.5076530354,1947.89112529072
SBA,Prec,0.114472361809045,PF,1914.69828809831,1883.47887992868,1947.79080113673
SBA,Prec,0.119447236180905,PF,1914.68836771108,1883.45077009539,1947.69149184977
SBA,Prec,0.124422110552764,PF,1914.67894892992,1883.42335511999,1947.59324575686
SBA,Prec,0.129396984924623,PF,1914.6700545551,1883.39666658691,1947.49611118498
SBA,Prec,0.134371859296482,PF,1914.6617073869,1883.37073608062,1947.40013646114
SBA,Prec,0.139346733668342,PF,1914.6539302256,1883.34559518556,1947.30536991234
SBA,Prec,0.144321608040201,PF,1914.64674587147,1883.32127548618,1947.21185986558
SBA,Prec,0.14929648241206,PF,1914.64017712479,1883.29780856693,1947.11965464787
SBA,Prec,0.15427135678392,PF,1914.63424678584,1883.27522601226,1947.0288025862
SBA,Prec,0.159246231155779,PF,1914.62897765488,1883.25355940661,1946.93935200758
SBA,Prec,0.164221105527638,PF,1914.6243925322,1883.23284033444,1946.85135123901
SBA,Prec,0.169195979899498,PF,1914.62051421807,1883.2131003802,1946.76484860749
SBA,Prec,0.174170854271357,PF,1914.61736551277,1883.19437112833,1946.67989244002
SBA,Prec,0.179145728643216,PF,1914.61496921657,1883.17668416328,1946.59653106361
SBA,Prec,0.184120603015075,PF,1914.61334812976,1883.16007106951,1946.51481280526
SBA,Prec,0.189095477386935,PF,1914.61252505259,1883.14456343146,1946.43478599196
SBA,Prec,0.194070351758794,PF,1914.61252278536,1883.13019283359,1946.35649895072
SBA,Prec,0.199045226130653,PF,1914.61336412834,1883.11699086033,1946.28000000854
SBA,Prec,0.204020100502513,PF,1914.61507188179,1883.10498909615,1946.20533749242
SBA,Prec,0.208994974874372,PF,1914.61766884601,1883.09421912548,1946.13255972937
SBA,Prec,0.213969849246231,PF,1914.62117782126,1883.08471253279,1946.06171504638
SBA,Prec,0.21894472361809,PF,1914.62562160782,1883.07650090251,1946.08109888518
SBA,Prec,0.22391959798995,PF,1914.63102300597,1883.0696158191,1946.11988550953
SBA,Prec,0.228894472361809,PF,1914.63740481598,1883.064088867,1946.15751028791
SBA,Prec,0.233869346733668,PF,1914.64478983813,1883.05995163067,1946.19394620064
SBA,Prec,0.238844221105528,PF,1914.65320087269,1883.05723569456,1946.22916622805
SBA,Prec,0.243819095477387,PF,1914.66266071994,1883.05597264311,1946.26314335046
SBA,Prec,0.248793969849246,PF,1914.67319218016,1883.05619406077,1946.2958505482
SBA,Prec,0.253768844221106,PF,1914.68481805361,1883.057931532,1946.3272608016
SBA,Prec,0.258743718592965,PF,1914.69756114059,1883.06121664124,1946.35734709098
SBA,Prec,0.263718592964824,PF,1914.71144424136,1883.06608097294,1946.38608239667
SBA,Prec,0.268693467336683,PF,1914.72649015619,1883.07255611155,1946.413439699
SBA,Prec,0.273668341708543,PF,1914.74035212563,1883.08067364152,1946.43939197829
SBA,Prec,0.278643216080402,PF,1914.75381855504,1883.09046514729,1946.46391221486
SBA,Prec,0.283618090452261,PF,1914.76863268311,1883.10196221333,1946.48697338905
SBA,Prec,0.288592964824121,PF,1914.78481946721,1883.11519642407,1946.50854848118
SBA,Prec,0.29356783919598,PF,1914.80240386473,1883.13019936397,1946.52861047157
SBA,Prec,0.298542713567839,PF,1914.82141083304,1883.14700261748,1946.54713234056
SBA,Prec,0.303517587939699,PF,1914.84186532954,1883.16563776903,1946.56408706846
SBA,Prec,0.308492462311558,PF,1914.86379231159,1883.1861364031,1946.57944763561
SBA,Prec,0.313467336683417,PF,1914.88721673659,1883.20853010411,1946.59318702233
SBA,Prec,0.318442211055276,PF,1914.91216356192,1883.23285045653,1946.60527820895
SBA,Prec,0.323417085427136,PF,1914.93865774495,1883.25912904481,1946.61569417579
SBA,Prec,0.328391959798995,PF,1914.96672424308,1883.28739745338,1946.62440790318
SBA,Prec,0.333366834170854,PF,1914.99638801368,1883.3176872667,1946.63139237144
SBA,Prec,0.338341708542714,PF,1915.02767401414,1883.35003006922,1946.63662056091
SBA,Prec,0.343316582914573,PF,1915.0605806718,1883.38442598982,1946.64006660406
SBA,Prec,0.348291457286432,PF,1915.0950002939,1883.42074933505,1946.64170924205
SBA,Prec,0.353266331658292,PF,1915.13079865763,1883.45884295593,1946.64152836816
SBA,Prec,0.358241206030151,PF,1915.16784154018,1883.49854970345,1946.6395038757
SBA,Prec,0.36321608040201,PF,1915.20599471875,1883.53971242859,1946.63561565797
SBA,Prec,0.368190954773869,PF,1915.24512397053,1883.58217398236,1946.62984360828
SBA,Prec,0.373165829145729,PF,1915.28509507271,1883.62577721576,1946.62216761991
SBA,Prec,0.378140703517588,PF,1915.3257738025,1883.67036497977,1946.61256758617
SBA,Prec,0.383115577889447,PF,1915.36702593709,1883.7157801254,1946.60102340037
SBA,Prec,0.388090452261307,PF,1915.40871725367,1883.76186550363,1946.5875149558
SBA,Prec,0.393065326633166,PF,1915.45071352943,1883.80846396547,1946.57202214576
SBA,Prec,0.398040201005025,PF,1915.49288054158,1883.85541836191,1946.55452486355
SBA,Prec,0.403015075376884,PF,1915.5350840673,1883.90257154395,1946.53500300248
SBA,Prec,0.407989949748744,PF,1915.57718988379,1883.94976636258,1946.51343645584
SBA,Prec,0.412964824120603,PF,1915.61906376825,1883.99684566879,1946.48980511693
SBA,Prec,0.417939698492462,PF,1915.66057149787,1884.04365231359,1946.46408887906
SBA,Prec,0.422914572864322,PF,1915.70157884984,1884.09002914797,1946.43626763553
SBA,Prec,0.427889447236181,PF,1915.74195160137,1884.13581902292,1946.40632127963
SBA,Prec,0.43286432160804,PF,1915.78155552963,1884.18086478945,1946.37422970467
SBA,Prec,0.437839195979899,PF,1915.82025641184,1884.22500929854,1946.33997280394
SBA,Prec,0.442814070351759,PF,1915.85792002518,1884.26809540119,1946.30353047075
SBA,Prec,0.447788944723618,PF,1915.89441214685,1884.30996594839,1946.2648825984
SBA,Prec,0.452763819095477,PF,1915.92959855404,1884.35046379115,1946.22400908019
SBA,Prec,0.457738693467337,PF,1915.96334502395,1884.38943178046,1946.18088980942
SBA,Prec,0.462713567839196,PF,1915.99551733377,1884.42671276731,1946.13550467938
SBA,Prec,0.467688442211055,PF,1916.0259812607,1884.4621496027,1946.08783358339
SBA,Prec,0.472663316582915,PF,1916.05460258193,1884.49558513763,1946.03785641473
SBA,Prec,0.477638190954774,PF,1916.08124707466,1884.52686222308,1945.98555306672
SBA,Prec,0.482613065326633,PF,1916.10578051609,1884.55582371006,1945.93090343265
SBA,Prec,0.487587939698492,PF,1916.12806868339,1884.58231244957,1945.87388740582
SBA,Prec,0.492562814070352,PF,1916.14797735378,1884.60617129259,1945.81448487953
SBA,Prec,0.497537688442211,PF,1916.16537230445,1884.62724309013,1945.75267574708
SBA,Prec,0.50251256281407,PF,1916.17597866308,1884.64537069317,1945.68843990178
SBA,Prec,0.50748743718593,PF,1916.18095454252,1884.66039695272,1945.68597807173
SBA,Prec,0.512462311557789,PF,1916.18259404325,1884.67216471977,1945.6962886745
SBA,Prec,0.517437185929648,PF,1916.18075477713,1884.68051684532,1945.7042312802
SBA,Prec,0.522412060301508,PF,1916.17529435603,1884.68529618035,1945.70964710086
SBA,Prec,0.527386934673367,PF,1916.16607039179,1884.68634557588,1945.71237734849
SBA,Prec,0.532361809045226,PF,1916.15294049628,1884.68350788288,1945.71226323512
SBA,Prec,0.537336683417085,PF,1916.13576228135,1884.67662595237,1945.70914597277
SBA,Prec,0.542311557788945,PF,1916.11439335884,1884.66554263533,1945.70286677347
SBA,Prec,0.547286432160804,PF,1916.08869134063,1884.65010078275,1945.69326684924
SBA,Prec,0.552261306532663,PF,1916.05851383857,1884.63014324565,1945.6801874121
SBA,Prec,0.557236180904523,PF,1916.0237184645,1884.605512875,1945.66346967408
SBA,Prec,0.562211055276382,PF,1915.98416283029,1884.57605252181,1945.6429548472
SBA,Prec,0.567185929648241,PF,1915.93970454779,1884.54160503708,1945.61848414349
SBA,Prec,0.572160804020101,PF,1915.89020122886,1884.50201327179,1945.58989877496
SBA,Prec,0.57713567839196,PF,1915.83551048536,1884.45712007694,1945.55703995364
SBA,Prec,0.582110552763819,PF,1915.77548992913,1884.40676830354,1945.51974889156
SBA,Prec,0.587085427135679,PF,1915.70999717204,1884.35080080257,1945.47786680073
SBA,Prec,0.592060301507538,PF,1915.63888982593,1884.28906042502,1945.43123489319
SBA,Prec,0.597035175879397,PF,1915.56202550268,1884.22139002191,1945.37969438094
SBA,Prec,0.602010050251256,PF,1915.47926181413,1884.14763244422,1945.32308647603
SBA,Prec,0.606984924623116,PF,1915.39045637213,1884.06763054294,1945.26125239047
SBA,Prec,0.611959798994975,PF,1915.29546678855,1883.98122716908,1945.19403333628
SBA,Prec,0.616934673366834,PF,1915.19415067523,1883.88826517362,1945.12127052549
SBA,Prec,0.621909547738694,PF,1915.08636564404,1883.78858740757,1945.04280517013
SBA,Prec,0.626884422110553,PF,1914.97196930683,1883.68203672192,1944.9584784822
SBA,Prec,0.631859296482412,PF,1914.85081927546,1883.56845596766,1944.86813167375
SBA,Prec,0.636834170854271,PF,1914.72277316178,1883.4476879958,1944.77160595679
SBA,Prec,0.641809045226131,PF,1914.58768857764,1883.31957565732,1944.66874254334
SBA,Prec,0.64678391959799,PF,1914.44542313491,1883.18396180323,1944.55938264543
SBA,Prec,0.651758793969849,PF,1914.29583444544,1883.04068928451,1944.44336747509
SBA,Prec,0.656733668341709,PF,1914.13878012108,1882.88960095217,1944.32053824433
SBA,Prec,0.661708542713568,PF,1913.97411777369,1882.73053965719,1944.19073616518
SBA,Prec,0.666683417085427,PF,1913.80170501512,1882.56334825058,1944.05380244966
SBA,Prec,0.671658291457287,PF,1913.62139945724,1882.38786958333,1943.9095783098
SBA,Prec,0.676633165829146,PF,1913.43310273413,1882.20399402221,1943.75795023343
SBA,Prec,0.681608040201005,PF,1913.23689256882,1882.01180199704,1943.59898581158
SBA,Prec,0.686582914572864,PF,1913.03289070658,1881.81142145343,1943.43279791113
SBA,Prec,0.691557788944724,PF,1912.82121889267,1881.60298033698,1943.25949939891
SBA,Prec,0.696532663316583,PF,1912.60199887235,1881.38660659328,1943.07920314179
SBA,Prec,0.701507537688442,PF,1912.37535239089,1881.16242816795,1942.89202200661
SBA,Prec,0.706482412060302,PF,1912.14140119356,1880.93057300657,1942.69806886023
SBA,Prec,0.711457286432161,PF,1911.90026702561,1880.69116905476,1942.49745656951
SBA,Prec,0.71643216080402,PF,1911.65207163232,1880.44434425811,1942.29029800129
SBA,Prec,0.721407035175879,PF,1911.39693675895,1880.19022656222,1942.07670602243
SBA,Prec,0.726381909547739,PF,1911.13498415076,1879.92894391269,1941.85679349978
SBA,Prec,0.731356783919598,PF,1910.86633555302,1879.66062425513,1941.6306733002
SBA,Prec,0.736331658291457,PF,1910.59111271099,1879.38539553513,1941.39845829054
SBA,Prec,0.741306532663317,PF,1910.30943736994,1879.10338569829,1941.16026133766
SBA,Prec,0.746281407035176,PF,1910.02143127513,1878.81472269022,1940.9161953084
SBA,Prec,0.751256281407035,PF,1909.72721617182,1878.51953445652,1940.66637306961
SBA,Prec,0.756231155778895,PF,1909.42691380529,1878.21794894278,1940.41090748817
SBA,Prec,0.761206030150754,PF,1909.12064592079,1877.91009409461,1940.1499114309
SBA,Prec,0.766180904522613,PF,1908.80853426358,1877.59609785761,1939.88349776468
SBA,Prec,0.771155778894472,PF,1908.49070057895,1877.27608817738,1939.61177935636
SBA,Prec,0.776130653266332,PF,1908.16726661214,1876.95019299952,1939.33486907277
SBA,Prec,0.781105527638191,PF,1907.83835410843,1876.61854026963,1939.05287978079
SBA,Prec,0.78608040201005,PF,1907.50408481307,1876.2812579333,1938.76592434726
SBA,Prec,0.79105527638191,PF,1907.16458047133,1875.93847393615,1938.47411563904
SBA,Prec,0.796030150753769,PF,1906.81996282849,1875.59031622377,1938.17756652298
SBA,Prec,0.801005025125628,PF,1906.47035362979,1875.23691274177,1937.87638986593
SBA,Prec,0.805979899497488,PF,1906.11587462051,1874.87839143574,1937.57069853474
SBA,Prec,0.810954773869347,PF,1905.75664754591,1874.51488025128,1937.26060539628
SBA,Prec,0.815929648241206,PF,1905.39279415126,1874.146507134,1936.94622331739
SBA,Prec,0.820904522613065,PF,1905.02443618182,1873.77340002949,1936.62766516492
SBA,Prec,0.825879396984925,PF,1904.65169538285,1873.39568688336,1936.30504380574
SBA,Prec,0.830854271356784,PF,1904.27469349962,1873.0134956412,1935.97847210669
SBA,Prec,0.835829145728643,PF,1903.8935522774,1872.62695424862,1935.64806293462
SBA,Prec,0.840804020100503,PF,1903.50839346144,1872.23619065122,1935.3139291564
SBA,Prec,0.845778894472362,PF,1903.16808802485,1871.8413327946,1934.97618363887
SBA,Prec,0.850753768844221,PF,1902.83022560826,1871.44250862436,1934.63493924888
SBA,Prec,0.85572864321608,PF,1902.48941085017,1871.0398460861,1934.2903088533
SBA,Prec,0.86070351758794,PF,1902.14574216196,1870.63347312542,1934.00031592232
SBA,Prec,0.865678391959799,PF,1901.79931795501,1870.22351768792,1933.75467854973
SBA,Prec,0.870653266331658,PF,1901.45023664072,1869.81010771921,1933.50776053958
SBA,Prec,0.875628140703518,PF,1901.09859663045,1869.39337116487,1933.25960932291
SBA,Prec,0.880603015075377,PF,1900.7444963356,1868.97343597052,1933.01027233073
SBA,Prec,0.885577889447236,PF,1900.38803416755,1868.55043008175,1932.75979699407
SBA,Prec,0.890552763819096,PF,1900.02930853768,1868.12448144417,1932.50823074394
SBA,Prec,0.895527638190955,PF,1899.66841785737,1867.69571800337,1932.25562101136
SBA,Prec,0.900502512562814,PF,1899.30546053801,1867.26426770496,1932.00201522735
SBA,Prec,0.905477386934673,PF,1898.94053499099,1866.83025849454,1931.74746082294
SBA,Prec,0.910452261306533,PF,1898.57373962768,1866.3938183177,1931.49200522914
SBA,Prec,0.915427135678392,PF,1898.20517285947,1865.95507512006,1931.23569587698
SBA,Prec,0.920402010050251,PF,1897.83493309774,1865.5141568472,1930.97858019747
SBA,Prec,0.925376884422111,PF,1897.46311875388,1865.07119144472,1930.72070562163
SBA,Prec,0.93035175879397,PF,1897.08982823926,1864.62630685824,1930.4621195805
SBA,Prec,0.935326633165829,PF,1896.71515996528,1864.17963103335,1930.20286950507
SBA,Prec,0.940301507537689,PF,1896.33921234331,1863.73129191566,1929.94300282639
SBA,Prec,0.945276381909548,PF,1895.96208378475,1863.28141745075,1929.68256697546
SBA,Prec,0.950251256281407,PF,1895.58387270096,1862.83013558424,1929.4216093833
SBA,Prec,0.955226130653266,PF,1895.20467750334,1862.37757426172,1929.16017748095
SBA,Prec,0.960201005025126,PF,1894.82459660327,1861.92386142879,1928.89831869941
SBA,Prec,0.965175879396985,PF,1894.44372841214,1861.46912503106,1928.6360804697
SBA,Prec,0.970150753768844,PF,1894.06217134132,1861.01349301412,1928.37351022286
SBA,Prec,0.975125628140704,PF,1893.6800238022,1860.55709332358,1928.11065538989
SBA,Prec,0.980100502512563,PF,1893.29738420616,1860.10005390504,1927.84756340183
SBA,Prec,0.985075376884422,PF,1892.91435096459,1859.64250270409,1927.58428168968
SBA,Prec,0.990050251256281,PF,1892.53102248887,1859.18456766634,1927.32085768447
SBA,Prec,0.995025125628141,PF,1892.14749719038,1858.72637673739,1927.05733881722
SBA,Prec,1,PF,1891.76387348051,1858.26805786284,1926.79377251895
SBA,Prec,0.01,SF_early,1914.44854652616,1884.84279763229,1949.12429109964
SBA,Prec,0.0149748743718593,SF_early,1914.44313820885,1884.76412449179,1949.00416942618
SBA,Prec,0.0199497487437186,SF_early,1914.43769009439,1884.68546640565,1948.88404976586
SBA,Prec,0.0249246231155779,SF_early,1914.4600026363,1884.6068384282,1948.76393413183
SBA,Prec,0.0298994974874372,SF_early,1914.48716075503,1884.52825561379,1948.64382453723
SBA,Prec,0.0348743718592965,SF_early,1914.51411402371,1884.44973301677,1948.52372299519
SBA,Prec,0.0398492462311558,SF_early,1914.54081122984,1884.37128569149,1948.40363151887
SBA,Prec,0.0448241206030151,SF_early,1914.5672011609,1884.2929286923,1948.28355212139
SBA,Prec,0.0497989949748744,SF_early,1914.59323260438,1884.21467707353,1948.16348681592
SBA,Prec,0.0547738693467337,SF_early,1914.61885434777,1884.13654588955,1948.04343761558
SBA,Prec,0.059748743718593,SF_early,1914.64401517856,1884.05855019469,1947.92340653352
SBA,Prec,0.0647236180904523,SF_early,1914.66866388423,1883.9807050433,1947.80339558288
SBA,Prec,0.0696984924623116,SF_early,1914.69274925228,1883.90302548974,1947.70031471
SBA,Prec,0.0746733668341709,SF_early,1914.71622007019,1883.82552658835,1947.77150285423
SBA,Prec,0.0796482412060302,SF_early,1914.73902512546,1883.74822339347,1947.8414553626
SBA,Prec,0.0846231155778894,SF_early,1914.76111320556,1883.67113095946,1947.9100771862
SBA,Prec,0.0895979899497487,SF_early,1914.782433098,1883.59426434066,1947.97727327612
SBA,Prec,0.094572864321608,SF_early,1914.80293359025,1883.51763859142,1948.04294858343
SBA,Prec,0.0995477386934673,SF_early,1914.82256346981,1883.44126876608,1948.10700805923
SBA,Prec,0.104522613065327,SF_early,1914.84127152417,1883.365169919,1948.16935665461
SBA,Prec,0.109497487437186,SF_early,1914.85900654081,1883.28935710452,1948.22989932066
SBA,Prec,0.114472361809045,SF_early,1914.87571730722,1883.21384537699,1948.28854100846
SBA,Prec,0.119447236180905,SF_early,1914.8913526109,1883.13864979075,1948.34518666909
SBA,Prec,0.124422110552764,SF_early,1914.90586123932,1883.06378540016,1948.39974125366
SBA,Prec,0.129396984924623,SF_early,1914.91919197998,1882.98926725956,1948.45210971323
SBA,Prec,0.134371859296482,SF_early,1914.93129362037,1882.9151104233,1948.50219699891
SBA,Prec,0.139346733668342,SF_early,1914.94211494798,1882.84132994572,1948.54990806179
SBA,Prec,0.144321608040201,SF_early,1914.95160475029,1882.76794088118,1948.59514785293
SBA,Prec,0.14929648241206,SF_early,1914.9597118148,1882.69495828402,1948.63782132345
SBA,Prec,0.15427135678392,SF_early,1914.96638492899,1882.62239720858,1948.67783342441
SBA,Prec,0.159246231155779,SF_early,1914.97157288034,1882.55027270922,1948.71508910692
SBA,Prec,0.164221105527638,SF_early,1914.97522445636,1882.47859984029,1948.74949332205
SBA,Prec,0.169195979899498,SF_early,1914.93828731866,1882.40739365612,1948.7809510209
SBA,Prec,0.174170854271357,SF_early,1914.89804126575,1882.33666921107,1948.80936715456
SBA,Prec,0.179145728643216,SF_early,1914.85614566732,1882.26644155949,1948.8346466741
SBA,Prec,0.184120603015075,SF_early,1914.81255053716,1882.19672575572,1948.85669453062
SBA,Prec,0.189095477386935,SF_early,1914.76720588903,1882.12753685411,1948.87541567521
SBA,Prec,0.194070351758794,SF_early,1914.72006173671,1882.05888990901,1948.89071505895
SBA,Prec,0.199045226130653,SF_early,1914.67106809398,1881.99079997476,1948.90249763293
SBA,Prec,0.204020100502513,SF_early,1914.62017497459,1881.92328210572,1948.91066834825
SBA,Prec,0.208994974874372,SF_early,1914.56733239232,1881.85635135622,1948.91513215597
SBA,Prec,0.213969849246231,SF_early,1914.51249036096,1881.79002278062,1948.91579400721
SBA,Prec,0.21894472361809,SF_early,1914.45559889426,1881.72431143327,1948.91255885303
SBA,Prec,0.22391959798995,SF_early,1914.396608006,1881.65923236851,1948.90533164453
SBA,Prec,0.228894472361809,SF_early,1914.33546770996,1881.59480064069,1948.8940173328
SBA,Prec,0.233869346733668,SF_early,1914.27212801991,1881.53103130416,1948.87852086892
SBA,Prec,0.238844221105528,SF_early,1914.20653894961,1881.46793941326,1948.85874720399
SBA,Prec,0.243819095477387,SF_early,1914.13865051284,1881.40554002234,1948.83460128908
SBA,Prec,0.248793969849246,SF_early,1914.06841272338,1881.34384818575,1948.8059880753
SBA,Prec,0.253768844221106,SF_early,1913.995775595,1881.28287895784,1948.77281251371
SBA,Prec,0.258743718592965,SF_early,1913.92068914146,1881.22264739296,1948.73497955542
SBA,Prec,0.263718592964824,SF_early,1913.84310337655,1881.16316854544,1948.69239415151
SBA,Prec,0.268693467336683,SF_early,1913.76296831402,1881.10445746965,1948.64496125307
SBA,Prec,0.273668341708543,SF_early,1913.68023396767,1881.04652921992,1948.59258581118
SBA,Prec,0.278643216080402,SF_early,1913.59485035125,1880.9893988506,1948.53517277693
SBA,Prec,0.283618090452261,SF_early,1913.50676747854,1880.93308141605,1948.47262710142
SBA,Prec,0.288592964824121,SF_early,1913.41593536332,1880.8775919706,1948.40485373572
SBA,Prec,0.29356783919598,SF_early,1913.32230401935,1880.82294556861,1948.33175763093
SBA,Prec,0.298542713567839,SF_early,1913.22582346041,1880.76915726443,1948.25324373813
SBA,Prec,0.303517587939699,SF_early,1913.12644370027,1880.71624211239,1948.16921700841
SBA,Prec,0.308492462311558,SF_early,1913.0241147527,1880.66421516686,1948.07958239286
SBA,Prec,0.313467336683417,SF_early,1912.91878663148,1880.61309148217,1947.98424484257
SBA,Prec,0.318442211055276,SF_early,1912.81040935037,1880.56288611267,1947.88310930862
SBA,Prec,0.323417085427136,SF_early,1912.69893292316,1880.51361411272,1947.7760807421
SBA,Prec,0.328391959798995,SF_early,1912.58430736361,1880.46529053665,1947.6630640941
SBA,Prec,0.333366834170854,SF_early,1912.46648268549,1880.41793043882,1947.5439643157
SBA,Prec,0.338341708542714,SF_early,1912.34540890258,1880.37154887357,1947.418686358
SBA,Prec,0.343316582914573,SF_early,1912.22108788999,1880.32617422922,1947.28720673112
SBA,Prec,0.348291457286432,SF_early,1912.0937289682,1880.28188822997,1947.14978818131
SBA,Prec,0.353266331658292,SF_early,1911.96359331905,1880.23878593396,1947.00676501387
SBA,Prec,0.358241206030151,SF_early,1911.83094212434,1880.19696239937,1946.85847153409
SBA,Prec,0.36321608040201,SF_early,1911.69603656591,1880.15651268436,1946.70524204727
SBA,Prec,0.368190954773869,SF_early,1911.55913782557,1880.11753184709,1946.54741085871
SBA,Prec,0.373165829145729,SF_early,1911.42050708516,1880.08011494571,1946.38531227368
SBA,Prec,0.378140703517588,SF_early,1911.28040552649,1880.04435703839,1946.2192805975
SBA,Prec,0.383115577889447,SF_early,1911.13909433139,1880.0103531833,1946.04965013545
SBA,Prec,0.388090452261307,SF_early,1910.99683468169,1879.97819843859,1945.87675519282
SBA,Prec,0.393065326633166,SF_early,1910.8538877592,1879.94798786242,1945.70093007492
SBA,Prec,0.398040201005025,SF_early,1910.71051474575,1879.91981651295,1945.52250908703
SBA,Prec,0.403015075376884,SF_early,1910.56697682317,1879.89377944836,1945.34182653445
SBA,Prec,0.407989949748744,SF_early,1910.42353517328,1879.86997172679,1945.15921672247
SBA,Prec,0.412964824120603,SF_early,1910.28045097789,1879.84848840641,1944.97501395638
SBA,Prec,0.417939698492462,SF_early,1910.13798541884,1879.82942454538,1944.78955254149
SBA,Prec,0.422914572864322,SF_early,1909.99639967796,1879.81287520187,1944.60316678308
SBA,Prec,0.427889447236181,SF_early,1909.85595493705,1879.79893543402,1944.41619098645
SBA,Prec,0.43286432160804,SF_early,1909.71691237795,1879.78770030002,1944.22895945689
SBA,Prec,0.437839195979899,SF_early,1909.57953318248,1879.73518036299,1944.0418064997
SBA,Prec,0.442814070351759,SF_early,1909.44407853246,1879.4920274795,1943.85506642016
SBA,Prec,0.447788944723618,SF_early,1909.31080960972,1879.25208104252,1943.66907352358
SBA,Prec,0.452763819095477,SF_early,1909.17998759609,1879.01573150032,1943.48416211525
SBA,Prec,0.457738693467337,SF_early,1909.05187367337,1878.78336930117,1943.30066650046
SBA,Prec,0.462713567839196,SF_early,1908.92672902341,1878.55538489335,1943.11892098451
SBA,Prec,0.467688442211055,SF_early,1908.80481482802,1878.33216872513,1942.93925987268
SBA,Prec,0.472663316582915,SF_early,1908.68639226902,1878.11411124479,1942.76201747028
SBA,Prec,0.477638190954774,SF_early,1908.57172252824,1877.9016029006,1942.58752808259
SBA,Prec,0.482613065326633,SF_early,1908.46106678751,1877.69503414084,1942.41612601491
SBA,Prec,0.487587939698492,SF_early,1908.35468622865,1877.49479541378,1942.24814557254
SBA,Prec,0.492562814070352,SF_early,1908.25284203347,1877.30127716769,1942.08392106077
SBA,Prec,0.497537688442211,SF_early,1908.15579538381,1877.11486985085,1941.96956337327
SBA,Prec,0.50251256281407,SF_early,1908.06380746149,1876.93596391153,1941.97781338003
SBA,Prec,0.50748743718593,SF_early,1907.97713944833,1876.76494979801,1941.99054633533
SBA,Prec,0.512462311557789,SF_early,1907.89605252616,1876.60221795856,1942.00792054092
SBA,Prec,0.517437185929648,SF_early,1907.82080787679,1876.44815884145,1942.03009429856
SBA,Prec,0.522412060301508,SF_early,1907.72999333798,1876.30316289497,1942.05722590998
SBA,Prec,0.527386934673367,SF_early,1907.57953580656,1876.16762056738,1942.08947367694
SBA,Prec,0.532361809045226,SF_early,1907.43553461107,1876.04192230696,1942.12699590118
SBA,Prec,0.537336683417085,SF_early,1907.334674569,1875.92645856198,1942.16995088446
SBA,Prec,0.542311557788945,SF_early,1907.27617039217,1875.82161978072,1942.21849692851
SBA,Prec,0.547286432160804,SF_early,1907.22522119137,1875.72779641145,1942.27279233509
SBA,Prec,0.552261306532663,SF_early,1907.18210551636,1875.64537890245,1942.33299540594
SBA,Prec,0.557236180904523,SF_early,1907.1471019169,1875.57475770198,1942.39926444282
SBA,Prec,0.562211055276382,SF_early,1907.12048894275,1875.51632325834,1942.47175774746
SBA,Prec,0.567185929648241,SF_early,1907.10254514368,1875.47046601978,1942.55063362162
SBA,Prec,0.572160804020101,SF_early,1907.09354906945,1875.43757643458,1942.63605036704
SBA,Prec,0.57713567839196,SF_early,1907.09377926983,1875.41804495102,1942.72816628548
SBA,Prec,0.582110552763819,SF_early,1907.10351429457,1875.41226201737,1942.82713967867
SBA,Prec,0.587085427135679,SF_early,1907.12303269343,1875.42061808191,1942.93312884838
SBA,Prec,0.592060301507538,SF_early,1907.15261301619,1875.44350359291,1943.04629209633
SBA,Prec,0.597035175879397,SF_early,1907.1925338126,1875.48130899864,1943.16678772429
SBA,Prec,0.602010050251256,SF_early,1907.24307363243,1875.53442474739,1943.294774034
SBA,Prec,0.606984924623116,SF_early,1907.30451102543,1875.60324128741,1943.4304093272
SBA,Prec,0.611959798994975,SF_early,1907.37712454137,1875.688149067,1943.57385190565
SBA,Prec,0.616934673366834,SF_early,1907.46119273002,1875.78953853441,1943.72526007109
SBA,Prec,0.621909547738694,SF_early,1907.55699414113,1875.90780013794,1943.88479212527
SBA,Prec,0.626884422110553,SF_early,1907.66480732447,1876.04332432584,1944.05260636994
SBA,Prec,0.631859296482412,SF_early,1907.7849108298,1876.1965015464,1944.22886110684
SBA,Prec,0.636834170854271,SF_early,1907.91758320688,1876.36772224788,1944.41371463772
SBA,Prec,0.641809045226131,SF_early,1908.06310300548,1876.55737687857,1944.60732526434
SBA,Prec,0.64678391959799,SF_early,1908.23612283487,1876.76585588674,1944.80985128843
SBA,Prec,0.651758793969849,SF_early,1908.45967805718,1876.99354972066,1945.02145101175
SBA,Prec,0.656733668341709,SF_early,1908.69724709178,1877.24084882861,1945.24228273603
SBA,Prec,0.661708542713568,SF_early,1908.94909278771,1877.50814365886,1945.47250476304
SBA,Prec,0.666683417085427,SF_early,1909.21547799401,1877.79582465968,1945.71227539452
SBA,Prec,0.671658291457287,SF_early,1909.4966655597,1878.10428227935,1945.96175293221
SBA,Prec,0.676633165829146,SF_early,1909.79283648219,1878.43378843924,1946.2210443821
SBA,Prec,0.681608040201005,SF_early,1910.10384435238,1878.78414095312,1946.49005156711
SBA,Prec,0.686582914572864,SF_early,1910.42946090954,1879.15501910785,1946.76862501438
SBA,Prec,0.691557788944724,SF_early,1910.76945789292,1879.54610219029,1947.05661525107
SBA,Prec,0.696532663316583,SF_early,1911.1236070418,1879.95706948729,1947.35387280433
SBA,Prec,0.701507537688442,SF_early,1911.49168009545,1880.38760028573,1947.66024820131
SBA,Prec,0.706482412060302,SF_early,1911.84388130268,1880.83737387246,1947.97559196917
SBA,Prec,0.711457286432161,SF_early,1912.18679035408,1881.30606953435,1948.29975463506
SBA,Prec,0.71643216080402,SF_early,1912.54217827348,1881.79336655826,1948.63258672613
SBA,Prec,0.721407035175879,SF_early,1912.90982990798,1882.29894423105,1948.97393876952
SBA,Prec,0.726381909547739,SF_early,1913.28953010468,1882.82248183957,1949.3236612924
SBA,Prec,0.731356783919598,SF_early,1913.68106371069,1883.36365867071,1949.68160482192
SBA,Prec,0.736331658291457,SF_early,1914.08421557311,1883.9221540113,1950.04761988523
SBA,Prec,0.741306532663317,SF_early,1914.49877053904,1884.49764714822,1950.42155700947
SBA,Prec,0.746281407035176,SF_early,1914.92451345559,1885.08981736834,1950.80326672181
SBA,Prec,0.751256281407035,SF_early,1915.34901247654,1885.6983439585,1951.19259954939
SBA,Prec,0.756231155778895,SF_early,1915.76633765532,1886.32290620557,1951.58940601936
SBA,Prec,0.761206030150754,SF_early,1916.19487460202,1886.96318339642,1951.99353665889
SBA,Prec,0.766180904522613,SF_early,1916.63439450503,1887.6188548179,1952.40484199511
SBA,Prec,0.771155778894472,SF_early,1917.08466855279,1888.28959975688,1952.82317255519
SBA,Prec,0.776130653266332,SF_early,1917.55491426063,1888.97509750022,1953.24837886627
SBA,Prec,0.781105527638191,SF_early,1918.09981604376,1889.67502733478,1953.68031145551
SBA,Prec,0.78608040201005,SF_early,1918.65483507369,1890.38906854742,1954.11882085006
SBA,Prec,0.79105527638191,SF_early,1919.219741413,1891.116900425,1954.56375757706
SBA,Prec,0.796030150753769,SF_early,1919.79430512426,1891.85820225439,1955.01497216368
SBA,Prec,0.801005025125628,SF_early,1920.37829627005,1892.5390156885,1955.47231513707
SBA,Prec,0.805979899497488,SF_early,1920.97148491293,1892.92898897498,1955.93563702437
SBA,Prec,0.810954773869347,SF_early,1921.57364111548,1893.32331282004,1956.40478835274
SBA,Prec,0.815929648241206,SF_early,1922.18453494028,1893.72187567088,1956.87961964933
SBA,Prec,0.820904522613065,SF_early,1922.80393644988,1894.12456597473,1957.3599814413
SBA,Prec,0.825879396984925,SF_early,1923.43161570688,1894.5312721788,1957.84572425579
SBA,Prec,0.830854271356784,SF_early,1924.06734277384,1894.94188273031,1958.33669861995
SBA,Prec,0.835829145728643,SF_early,1924.71088771332,1895.35628607648,1958.83275506095
SBA,Prec,0.840804020100503,SF_early,1925.36202058792,1895.77437066451,1959.33374410593
SBA,Prec,0.845778894472362,SF_early,1926.02051146019,1896.19602494163,1959.83951628204
SBA,Prec,0.850753768844221,SF_early,1926.6861303927,1896.62113735506,1960.34992211643
SBA,Prec,0.85572864321608,SF_early,1927.35864744805,1897.049596352,1960.86481213627
SBA,Prec,0.86070351758794,SF_early,1928.03783268878,1897.48129037968,1961.38403686869
SBA,Prec,0.865678391959799,SF_early,1928.72345617749,1897.9161078853,1961.90744684086
SBA,Prec,0.870653266331658,SF_early,1929.41528797673,1898.54142246868,1962.43489257992
SBA,Prec,0.875628140703518,SF_early,1930.11309814909,1899.19120169947,1962.96622461302
SBA,Prec,0.880603015075377,SF_early,1930.81665675714,1899.84599720016,1963.50129346733
SBA,Prec,0.885577889447236,SF_early,1931.52573386344,1900.50560831995,1964.03994966998
SBA,Prec,0.890552763819096,SF_early,1932.24009953057,1901.16983440804,1964.58204374813
SBA,Prec,0.895527638190955,SF_early,1932.95952382111,1901.83847481364,1965.12742622894
SBA,Prec,0.900502512562814,SF_early,1933.68377679762,1902.51132888596,1965.67594763956
SBA,Prec,0.905477386934673,SF_early,1934.41262852268,1903.1881959742,1966.22745850714
SBA,Prec,0.910452261306533,SF_early,1935.06096010373,1903.86887542755,1966.78180935882
SBA,Prec,0.915427135678392,SF_early,1935.69837387562,1904.55316659524,1967.33885072177
SBA,Prec,0.920402010050251,SF_early,1936.3392986383,1905.24086882645,1967.89843312313
SBA,Prec,0.925376884422111,SF_early,1936.98352786291,1905.9317814704,1968.46040709006
SBA,Prec,0.93035175879397,SF_early,1937.63085502058,1906.62570387629,1969.02462314971
SBA,Prec,0.935326633165829,SF_early,1938.28107358243,1907.32243539332,1969.59093182923
SBA,Prec,0.940301507537689,SF_early,1938.93397701959,1908.0217753707,1970.15918365577
SBA,Prec,0.945276381909548,SF_early,1939.5893588032,1908.72352315762,1970.72922915649
SBA,Prec,0.950251256281407,SF_early,1940.24701240439,1909.42747810331,1971.30091885853
SBA,Prec,0.955226130653266,SF_early,1940.90673129428,1910.13343955695,1971.87410328905
SBA,Prec,0.960201005025126,SF_early,1941.568308944,1910.84120686775,1972.44863297521
SBA,Prec,0.965175879396985,SF_early,1942.23153882468,1911.55057938493,1973.09330591339
SBA,Prec,0.970150753768844,SF_early,1942.81777475848,1912.08972572897,1973.82191012409
SBA,Prec,0.975125628140704,SF_early,1943.29096413605,1912.43604234226,1974.55198026446
SBA,Prec,0.980100502512563,SF_early,1943.76483375254,1912.78265883842,1975.2832720129
SBA,Prec,0.985075376884422,SF_early,1944.23924756018,1913.12951524087,1976.0155410478
SBA,Prec,0.990050251256281,SF_early,1944.71406951118,1913.47655157304,1976.74854304753
SBA,Prec,0.995025125628141,SF_early,1945.18916355775,1913.82370785835,1977.48203369049
SBA,Prec,1,SF_early,1945.70282203595,1914.17092412024,1978.21576865506
SBA,Prec,0.01,SF_intermediate,1920.75229873124,1892.13997422154,1950.14336973477
SBA,Prec,0.0149748743718593,SF_intermediate,1920.72486196859,1892.14312931921,1950.11714025956
SBA,Prec,0.0199497487437186,SF_intermediate,1920.69743016449,1892.14627351387,1950.0909260539
SBA,Prec,0.0249246231155779,SF_intermediate,1920.67000827753,1892.14939590254,1950.06474238734
SBA,Prec,0.0298994974874372,SF_intermediate,1920.64260126625,1892.1524855822,1950.03860452944
SBA,Prec,0.0348743718592965,SF_intermediate,1920.61521408923,1892.13536757528,1950.01252774975
SBA,Prec,0.0398492462311558,SF_intermediate,1920.58785170502,1892.08082021562,1949.98652731782
SBA,Prec,0.0448241206030151,SF_intermediate,1920.56051907219,1892.0263169595,1949.96061850321
SBA,Prec,0.0497989949748744,SF_intermediate,1920.53322114931,1891.97186515751,1949.93481657546
SBA,Prec,0.0547738693467337,SF_intermediate,1920.50596289493,1891.91747216026,1949.90913680413
SBA,Prec,0.059748743718593,SF_intermediate,1920.47874926762,1891.86314531832,1949.88359445877
SBA,Prec,0.0647236180904523,SF_intermediate,1920.45158522595,1891.80889198229,1949.85820480893
SBA,Prec,0.0696984924623116,SF_intermediate,1920.42447572847,1891.75471950276,1949.83298312417
SBA,Prec,0.0746733668341709,SF_intermediate,1920.39742573375,1891.70063523032,1949.80794467403
SBA,Prec,0.0796482412060302,SF_intermediate,1920.37044020036,1891.64664651557,1949.78310472808
SBA,Prec,0.0846231155778894,SF_intermediate,1920.34352408685,1891.59276070908,1949.75847855585
SBA,Prec,0.0895979899497487,SF_intermediate,1920.31668235179,1891.53898516146,1949.73408142691
SBA,Prec,0.094572864321608,SF_intermediate,1920.28991995374,1891.4853272233,1949.70992861081
SBA,Prec,0.0995477386934673,SF_intermediate,1920.26324185127,1891.43179424517,1949.68603537709
SBA,Prec,0.104522613065327,SF_intermediate,1920.23665300294,1891.37839357769,1949.66479510249
SBA,Prec,0.109497487437186,SF_intermediate,1920.21015836732,1891.32513257143,1949.70689190733
SBA,Prec,0.114472361809045,SF_intermediate,1920.18376290296,1891.27201857699,1949.74867342903
SBA,Prec,0.119447236180905,SF_intermediate,1920.15747156843,1891.21905894496,1949.79012390346
SBA,Prec,0.124422110552764,SF_intermediate,1920.11028672179,1891.16626102593,1949.83122756646
SBA,Prec,0.129396984924623,SF_intermediate,1920.05656932826,1891.11363217049,1949.87196865386
SBA,Prec,0.134371859296482,SF_intermediate,1920.00282597211,1891.06117972923,1949.91233140151
SBA,Prec,0.139346733668342,SF_intermediate,1919.94905557157,1891.00891105274,1949.95230004525
SBA,Prec,0.144321608040201,SF_intermediate,1919.89525704486,1890.95683349161,1949.99185882094
SBA,Prec,0.14929648241206,SF_intermediate,1919.84142931021,1890.90495439644,1950.0309919644
SBA,Prec,0.15427135678392,SF_intermediate,1919.78757128584,1890.85328111782,1950.0696837115
SBA,Prec,0.159246231155779,SF_intermediate,1919.73368188997,1890.70257827218,1950.10791829806
SBA,Prec,0.164221105527638,SF_intermediate,1919.67976004083,1890.5481144403,1950.14567995993
SBA,Prec,0.169195979899498,SF_intermediate,1919.62580465665,1890.3949731881,1950.18295293297
SBA,Prec,0.174170854271357,SF_intermediate,1919.57181465564,1890.24319717944,1950.219721453
SBA,Prec,0.179145728643216,SF_intermediate,1919.51778895603,1890.09282907818,1950.25596975588
SBA,Prec,0.184120603015075,SF_intermediate,1919.46372647605,1889.94391154818,1950.29168207745
SBA,Prec,0.189095477386935,SF_intermediate,1919.40962613391,1889.79648725331,1950.32684265355
SBA,Prec,0.194070351758794,SF_intermediate,1919.35548684786,1889.65059885742,1950.36143572002
SBA,Prec,0.199045226130653,SF_intermediate,1919.3013075361,1889.50628902438,1950.39544551272
SBA,Prec,0.204020100502513,SF_intermediate,1919.24708711686,1889.36360041804,1950.42885626748
SBA,Prec,0.208994974874372,SF_intermediate,1919.19282450838,1889.22257570227,1950.46165222015
SBA,Prec,0.213969849246231,SF_intermediate,1919.13851862886,1889.08325754092,1950.49381760657
SBA,Prec,0.21894472361809,SF_intermediate,1919.08416839654,1888.94568859786,1950.52533666258
SBA,Prec,0.22391959798995,SF_intermediate,1919.02977272964,1888.80991153695,1950.55619362404
SBA,Prec,0.228894472361809,SF_intermediate,1918.97533054638,1888.67596902205,1950.58637272677
SBA,Prec,0.233869346733668,SF_intermediate,1918.92084076499,1888.54390371702,1950.61585820664
SBA,Prec,0.238844221105528,SF_intermediate,1918.8663023037,1888.41375828571,1950.64463429947
SBA,Prec,0.243819095477387,SF_intermediate,1918.81171408072,1888.285575392,1950.67268524112
SBA,Prec,0.248793969849246,SF_intermediate,1918.75707501429,1888.15939769974,1950.69999526742
SBA,Prec,0.253768844221106,SF_intermediate,1918.70238402262,1888.03526787279,1950.72654861423
SBA,Prec,0.258743718592965,SF_intermediate,1918.64764002394,1887.91322857501,1950.75232951738
SBA,Prec,0.263718592964824,SF_intermediate,1918.59284193647,1887.79332247027,1950.77732221273
SBA,Prec,0.268693467336683,SF_intermediate,1918.53798867845,1887.67559222242,1950.8015109361
SBA,Prec,0.273668341708543,SF_intermediate,1918.48307916809,1887.56008049532,1950.82487992335
SBA,Prec,0.278643216080402,SF_intermediate,1918.42811232361,1887.44682995284,1950.84741341033
SBA,Prec,0.283618090452261,SF_intermediate,1918.37308706325,1887.33588325884,1950.86909563286
SBA,Prec,0.288592964824121,SF_intermediate,1918.31800230522,1887.22728307717,1950.87266484405
SBA,Prec,0.29356783919598,SF_intermediate,1918.26285696775,1887.1210720717,1950.86740613179
SBA,Prec,0.298542713567839,SF_intermediate,1918.20764996907,1887.01729290628,1950.86211233223
SBA,Prec,0.303517587939699,SF_intermediate,1918.15238022739,1886.91598824479,1950.85678282979
SBA,Prec,0.308492462311558,SF_intermediate,1918.09704666095,1886.81720075107,1950.8514170089
SBA,Prec,0.313467336683417,SF_intermediate,1918.04164818797,1886.72097308899,1950.846014254
SBA,Prec,0.318442211055276,SF_intermediate,1917.98618372667,1886.62734792242,1950.84057394953
SBA,Prec,0.323417085427136,SF_intermediate,1917.93065219527,1886.5363679152,1950.8350954799
SBA,Prec,0.328391959798995,SF_intermediate,1917.875052512,1886.44807573121,1950.82957822957
SBA,Prec,0.333366834170854,SF_intermediate,1917.81938359509,1886.3625140343,1950.82402158296
SBA,Prec,0.338341708542714,SF_intermediate,1917.76364436276,1886.27972548833,1950.8184249245
SBA,Prec,0.343316582914573,SF_intermediate,1917.70784007955,1886.19974319212,1950.81279068417
SBA,Prec,0.348291457286432,SF_intermediate,1917.65200139529,1886.12256198424,1950.80713347415
SBA,Prec,0.353266331658292,SF_intermediate,1917.59616530612,1886.04816713824,1950.80147095214
SBA,Prec,0.358241206030151,SF_intermediate,1917.5403688082,1885.97654392767,1950.79582077587
SBA,Prec,0.36321608040201,SF_intermediate,1917.48464889766,1885.90767762604,1950.79020060304
SBA,Prec,0.368190954773869,SF_intermediate,1917.42904257066,1885.84155350691,1950.78462809138
SBA,Prec,0.373165829145729,SF_intermediate,1917.37358682334,1885.77815684381,1950.77912089859
SBA,Prec,0.378140703517588,SF_intermediate,1917.31831865183,1885.71747291029,1950.77369668239
SBA,Prec,0.383115577889447,SF_intermediate,1917.26327505231,1885.65948697986,1950.76837310051
SBA,Prec,0.388090452261307,SF_intermediate,1917.20849302089,1885.60418432609,1950.76316781064
SBA,Prec,0.393065326633166,SF_intermediate,1917.15400955374,1885.55155022249,1950.75809847051
SBA,Prec,0.398040201005025,SF_intermediate,1917.099861647,1885.50156994262,1950.75318273784
SBA,Prec,0.403015075376884,SF_intermediate,1917.04608629682,1885.45422876001,1950.74843827033
SBA,Prec,0.407989949748744,SF_intermediate,1916.99272049933,1885.40951194819,1950.7438827257
SBA,Prec,0.412964824120603,SF_intermediate,1916.93980125069,1885.36740478071,1950.73953376167
SBA,Prec,0.417939698492462,SF_intermediate,1916.88736554705,1885.3278925311,1950.73540903596
SBA,Prec,0.422914572864322,SF_intermediate,1916.83545038454,1885.2909604729,1950.73152620627
SBA,Prec,0.427889447236181,SF_intermediate,1916.78409275932,1885.25659387965,1950.72790293032
SBA,Prec,0.43286432160804,SF_intermediate,1916.73332966752,1885.22477802489,1950.72455686583
SBA,Prec,0.437839195979899,SF_intermediate,1916.68319810531,1885.19549818215,1950.72150567051
SBA,Prec,0.442814070351759,SF_intermediate,1916.63373506881,1885.16873962497,1950.71876700208
SBA,Prec,0.447788944723618,SF_intermediate,1916.58497755419,1885.14448762689,1950.71635851825
SBA,Prec,0.452763819095477,SF_intermediate,1916.53696255758,1885.12272746145,1950.71429787674
SBA,Prec,0.457738693467337,SF_intermediate,1916.48972707513,1885.10344440219,1950.71260273526
SBA,Prec,0.462713567839196,SF_intermediate,1916.44330810299,1885.08662372264,1950.71129075153
SBA,Prec,0.467688442211055,SF_intermediate,1916.39774263729,1885.07225069635,1950.71037958326
SBA,Prec,0.472663316582915,SF_intermediate,1916.3530676742,1885.06031059684,1950.70988688817
SBA,Prec,0.477638190954774,SF_intermediate,1916.30932020985,1885.05078869766,1950.70983032397
SBA,Prec,0.482613065326633,SF_intermediate,1916.26653724039,1885.04367027235,1950.71022754838
SBA,Prec,0.487587939698492,SF_intermediate,1916.22475576197,1885.03894059444,1950.71109621911
SBA,Prec,0.492562814070352,SF_intermediate,1916.18401277073,1885.03658493748,1950.71245399388
SBA,Prec,0.497537688442211,SF_intermediate,1916.14434526282,1885.03658857499,1950.7143185304
SBA,Prec,0.50251256281407,SF_intermediate,1916.10579023438,1885.03893678052,1950.71670748639
SBA,Prec,0.50748743718593,SF_intermediate,1916.06838468156,1885.0436148276,1950.71963851956
SBA,Prec,0.512462311557789,SF_intermediate,1916.03216560051,1885.05060798978,1950.72312928763
SBA,Prec,0.517437185929648,SF_intermediate,1915.99716998737,1885.05990154059,1950.72719744831
SBA,Prec,0.522412060301508,SF_intermediate,1915.96343483829,1885.07148075357,1950.73186065932
SBA,Prec,0.527386934673367,SF_intermediate,1915.93099714941,1885.08533090226,1950.73713657837
SBA,Prec,0.532361809045226,SF_intermediate,1915.91376891176,1885.10143726019,1950.74304286317
SBA,Prec,0.537336683417085,SF_intermediate,1915.90818238258,1885.11978510091,1950.74959717145
SBA,Prec,0.542311557788945,SF_intermediate,1915.90301361716,1885.14035969794,1950.75681716092
SBA,Prec,0.547286432160804,SF_intermediate,1915.89829094015,1885.16314632484,1950.76472048929
SBA,Prec,0.552261306532663,SF_intermediate,1915.89404267617,1885.18813025513,1950.77332481428
SBA,Prec,0.557236180904523,SF_intermediate,1915.89029714986,1885.21529676236,1950.7826477936
SBA,Prec,0.562211055276382,SF_intermediate,1915.88708268585,1885.24463112005,1950.78136828222
SBA,Prec,0.567185929648241,SF_intermediate,1915.88442760879,1885.27611860176,1950.76548784379
SBA,Prec,0.572160804020101,SF_intermediate,1915.8823602433,1885.30974448102,1950.74948677995
SBA,Prec,0.57713567839196,SF_intermediate,1915.88090891402,1885.34549403137,1950.73338508656
SBA,Prec,0.582110552763819,SF_intermediate,1915.88010194559,1885.38335252634,1950.71720275946
SBA,Prec,0.587085427135679,SF_intermediate,1915.87996766265,1885.42330523947,1950.70095979449
SBA,Prec,0.592060301507538,SF_intermediate,1915.88053438982,1885.4653374443,1950.6846761875
SBA,Prec,0.597035175879397,SF_intermediate,1915.88183045174,1885.50943441437,1950.66837193433
SBA,Prec,0.602010050251256,SF_intermediate,1915.88388417305,1885.55558142322,1950.65206703084
SBA,Prec,0.606984924623116,SF_intermediate,1915.88672387839,1885.60376374438,1950.63578147286
SBA,Prec,0.611959798994975,SF_intermediate,1915.89037789239,1885.65396665139,1950.61953525625
SBA,Prec,0.616934673366834,SF_intermediate,1915.89487453968,1885.70617541779,1950.60334837685
SBA,Prec,0.621909547738694,SF_intermediate,1915.9002421449,1885.76037531712,1950.5872408305
SBA,Prec,0.626884422110553,SF_intermediate,1915.90650903269,1885.81655162292,1950.57123261305
SBA,Prec,0.631859296482412,SF_intermediate,1915.91370352767,1885.87468960872,1950.55534372034
SBA,Prec,0.636834170854271,SF_intermediate,1915.9218539545,1885.93477454806,1950.57131360898
SBA,Prec,0.641809045226131,SF_intermediate,1915.93098863779,1885.99679171448,1950.5982367167
SBA,Prec,0.64678391959799,SF_intermediate,1915.9411359022,1886.06072638152,1950.62479863025
SBA,Prec,0.651758793969849,SF_intermediate,1915.95232407234,1886.12656382271,1950.65097690726
SBA,Prec,0.656733668341709,SF_intermediate,1915.96458147286,1886.1942893116,1950.67674910535
SBA,Prec,0.661708542713568,SF_intermediate,1915.9779364284,1886.26388812172,1950.70209278215
SBA,Prec,0.666683417085427,SF_intermediate,1915.99241726358,1886.3353455266,1950.72698549529
SBA,Prec,0.671658291457287,SF_intermediate,1916.00805230305,1886.4086467998,1950.75140480241
SBA,Prec,0.676633165829146,SF_intermediate,1916.02486216448,1886.4837750502,1950.77533325366
SBA,Prec,0.681608040201005,SF_intermediate,1916.04283663773,1886.56070472818,1950.79877336936
SBA,Prec,0.686582914572864,SF_intermediate,1916.06195780568,1886.63940811947,1950.82173266237
SBA,Prec,0.691557788944724,SF_intermediate,1916.08220775124,1886.71985750979,1950.84421864555
SBA,Prec,0.696532663316583,SF_intermediate,1916.1035685573,1886.80202518487,1950.86623883174
SBA,Prec,0.701507537688442,SF_intermediate,1916.12602230676,1886.88588343044,1950.88780073381
SBA,Prec,0.706482412060302,SF_intermediate,1916.1495510825,1886.97140453224,1950.9089118646
SBA,Prec,0.711457286432161,SF_intermediate,1916.17413696743,1887.05856077599,1950.92957973697
SBA,Prec,0.71643216080402,SF_intermediate,1916.19976204445,1887.14732444742,1950.94981186378
SBA,Prec,0.721407035175879,SF_intermediate,1916.22640839643,1887.23766783227,1950.96961575788
SBA,Prec,0.726381909547739,SF_intermediate,1916.25405810629,1887.32956321625,1950.98899893212
SBA,Prec,0.731356783919598,SF_intermediate,1916.28269325691,1887.42298288511,1951.00796889937
SBA,Prec,0.736331658291457,SF_intermediate,1916.3122959312,1887.51789912457,1951.02653317247
SBA,Prec,0.741306532663317,SF_intermediate,1916.34284821204,1887.61428422035,1951.04469926427
SBA,Prec,0.746281407035176,SF_intermediate,1916.37433218233,1887.7121104582,1951.06247468764
SBA,Prec,0.751256281407035,SF_intermediate,1916.40672992497,1887.81135012383,1951.07986695543
SBA,Prec,0.756231155778895,SF_intermediate,1916.44002352286,1887.91197550299,1951.09688358049
SBA,Prec,0.761206030150754,SF_intermediate,1916.48016400145,1888.01395888139,1951.11353207568
SBA,Prec,0.766180904522613,SF_intermediate,1916.54540291386,1888.11727254478,1951.12981995384
SBA,Prec,0.771155778894472,SF_intermediate,1916.67370264761,1888.22188877887,1951.14575472785
SBA,Prec,0.776130653266332,SF_intermediate,1916.80472656191,1888.32777986939,1951.16134391054
SBA,Prec,0.781105527638191,SF_intermediate,1916.93841543545,1888.43491810209,1951.17659501478
SBA,Prec,0.78608040201005,SF_intermediate,1917.07471004691,1888.54327576268,1951.19151555342
SBA,Prec,0.79105527638191,SF_intermediate,1917.21355117498,1888.6528251369,1951.20611303932
SBA,Prec,0.796030150753769,SF_intermediate,1917.35487959833,1888.76353851047,1951.22039498532
SBA,Prec,0.801005025125628,SF_intermediate,1917.49863609566,1888.87538816913,1951.23436890428
SBA,Prec,0.805979899497488,SF_intermediate,1917.64476144563,1888.9883463986,1951.24804230907
SBA,Prec,0.810954773869347,SF_intermediate,1917.76872439665,1889.10238548462,1951.26142271252
SBA,Prec,0.815929648241206,SF_intermediate,1917.86649473407,1889.21747771292,1951.2745176275
SBA,Prec,0.820904522613065,SF_intermediate,1917.96594238787,1889.33359536921,1951.28733456687
SBA,Prec,0.825879396984925,SF_intermediate,1918.06702202515,1889.45071073924,1951.29988104347
SBA,Prec,0.830854271356784,SF_intermediate,1918.16968831306,1889.56879610874,1951.31216457016
SBA,Prec,0.835829145728643,SF_intermediate,1918.27389591871,1889.68782376343,1951.3241926598
SBA,Prec,0.840804020100503,SF_intermediate,1918.37959950924,1889.80776598904,1951.33597282523
SBA,Prec,0.845778894472362,SF_intermediate,1918.48675375175,1889.9285950713,1951.34751257932
SBA,Prec,0.850753768844221,SF_intermediate,1918.59531331339,1890.05028329594,1951.35881943492
SBA,Prec,0.85572864321608,SF_intermediate,1918.70523286127,1890.1728029487,1951.36990090488
SBA,Prec,0.86070351758794,SF_intermediate,1918.81646706253,1890.2961263153,1951.38076450206
SBA,Prec,0.865678391959799,SF_intermediate,1918.92897058427,1890.42022568146,1951.39141773931
SBA,Prec,0.870653266331658,SF_intermediate,1919.04269809364,1890.54507333293,1951.40186812949
SBA,Prec,0.875628140703518,SF_intermediate,1919.15760425776,1890.67064155543,1951.41212318545
SBA,Prec,0.880603015075377,SF_intermediate,1919.27364374375,1890.79690263468,1951.42219042005
SBA,Prec,0.885577889447236,SF_intermediate,1919.39077121873,1890.92382885643,1951.43207734614
SBA,Prec,0.890552763819096,SF_intermediate,1919.50894134983,1891.05139250639,1951.44179147657
SBA,Prec,0.895527638190955,SF_intermediate,1919.62810880418,1891.17956587031,1951.45134032421
SBA,Prec,0.900502512562814,SF_intermediate,1919.74822824891,1891.3083212339,1951.46073140189
SBA,Prec,0.905477386934673,SF_intermediate,1919.86925435113,1891.4376308829,1951.46997222249
SBA,Prec,0.910452261306533,SF_intermediate,1919.99114177797,1891.56746710303,1951.47907029885
SBA,Prec,0.915427135678392,SF_intermediate,1920.11384519656,1891.69780218004,1951.48803314383
SBA,Prec,0.920402010050251,SF_intermediate,1920.23731927402,1891.82860839964,1951.49686827028
SBA,Prec,0.925376884422111,SF_intermediate,1920.36151867748,1891.95985804756,1951.50558319106
SBA,Prec,0.93035175879397,SF_intermediate,1920.48639807406,1892.09152340954,1951.51418541901
SBA,Prec,0.935326633165829,SF_intermediate,1920.61191213089,1892.22357677131,1951.52268246701
SBA,Prec,0.940301507537689,SF_intermediate,1920.73801551509,1892.35599041859,1951.5310818479
SBA,Prec,0.945276381909548,SF_intermediate,1920.86466289379,1892.48873663712,1951.53939107453
SBA,Prec,0.950251256281407,SF_intermediate,1920.99180893411,1892.62178771262,1951.54761765976
SBA,Prec,0.955226130653266,SF_intermediate,1921.11940830318,1892.75511593082,1951.55576911645
SBA,Prec,0.960201005025126,SF_intermediate,1921.24741566813,1892.88869357746,1951.56385295744
SBA,Prec,0.965175879396985,SF_intermediate,1921.37578569607,1893.02249293826,1951.5718766956
SBA,Prec,0.970150753768844,SF_intermediate,1921.50447305414,1893.15648629895,1951.57984784378
SBA,Prec,0.975125628140704,SF_intermediate,1921.63343240946,1893.29064594526,1951.58777391482
SBA,Prec,0.980100502512563,SF_intermediate,1921.76261842915,1893.42494416293,1951.68355294047
SBA,Prec,0.985075376884422,SF_intermediate,1921.89198578034,1893.55935323768,1951.82354183936
SBA,Prec,0.990050251256281,SF_intermediate,1922.02148913015,1893.69384545524,1951.96368182538
SBA,Prec,0.995025125628141,SF_intermediate,1922.15108314572,1893.82839310134,1952.10392253615
SBA,Prec,1,SF_intermediate,1922.28072249416,1893.91894677212,1952.2442136093
SBA,Prec,0.01,SF_advanced,1908.43178554996,1868.97844574475,1941.05817401979
SBA,Prec,0.0149748743718593,SF_advanced,1908.45477930826,1869.11909055486,1940.78772798098
SBA,Prec,0.0199497487437186,SF_advanced,1908.4777872193,1869.25970656336,1940.51743508038
SBA,Prec,0.0249246231155779,SF_advanced,1908.50082343586,1869.40026496865,1940.24744845618
SBA,Prec,0.0298994974874372,SF_advanced,1908.52390211068,1869.54073696911,1939.97792124659
SBA,Prec,0.0348743718592965,SF_advanced,1908.53785051228,1869.68109376313,1939.70900658981
SBA,Prec,0.0398492462311558,SF_advanced,1908.52088922445,1869.82130654911,1939.44085762405
SBA,Prec,0.0448241206030151,SF_advanced,1908.50409525562,1869.96134652544,1939.17362748751
SBA,Prec,0.0497989949748744,SF_advanced,1908.38117500077,1870.10118489052,1939.03515147883
SBA,Prec,0.0547738693467337,SF_advanced,1908.25707445422,1870.24079284272,1939.16141268382
SBA,Prec,0.059748743718593,SF_advanced,1908.13364544494,1870.38014158044,1939.28721973454
SBA,Prec,0.0647236180904523,SF_advanced,1907.99152628285,1870.51920230208,1939.41252216941
SBA,Prec,0.0696984924623116,SF_advanced,1907.77816042877,1870.65794620602,1939.53726952684
SBA,Prec,0.0746733668341709,SF_advanced,1907.72739425899,1870.79634449066,1939.66141134524
SBA,Prec,0.0796482412060302,SF_advanced,1907.70076705787,1870.93436835439,1939.66888305468
SBA,Prec,0.0846231155778894,SF_advanced,1907.67448983884,1871.0719889956,1939.64598039885
SBA,Prec,0.0895979899497487,SF_advanced,1907.64858760061,1871.20917761268,1939.62333762762
SBA,Prec,0.094572864321608,SF_advanced,1907.62308534191,1871.34590540402,1939.60097206662
SBA,Prec,0.0995477386934673,SF_advanced,1907.59800806144,1871.48214356801,1939.5789010415
SBA,Prec,0.104522613065327,SF_advanced,1907.57338075794,1871.61786330305,1939.55714187788
SBA,Prec,0.109497487437186,SF_advanced,1907.54922843013,1871.75303580753,1939.53571190142
SBA,Prec,0.114472361809045,SF_advanced,1907.52557607671,1871.88763227983,1939.51462843774
SBA,Prec,0.119447236180905,SF_advanced,1907.50244869642,1872.02162391835,1939.4939088125
SBA,Prec,0.124422110552764,SF_advanced,1907.47987128798,1872.15498192149,1939.47357035133
SBA,Prec,0.129396984924623,SF_advanced,1907.4578688501,1872.28767748762,1939.45363037986
SBA,Prec,0.134371859296482,SF_advanced,1907.4364663815,1872.41968181515,1939.43410622375
SBA,Prec,0.139346733668342,SF_advanced,1907.4156888809,1872.55096610247,1939.41501520862
SBA,Prec,0.144321608040201,SF_advanced,1907.39556134703,1872.68150154796,1939.39637466013
SBA,Prec,0.14929648241206,SF_advanced,1907.37610877861,1872.81125935001,1939.3782019039
SBA,Prec,0.15427135678392,SF_advanced,1907.35735617435,1872.94021070703,1939.36051426557
SBA,Prec,0.159246231155779,SF_advanced,1907.33932853298,1873.0683268174,1939.3433290708
SBA,Prec,0.164221105527638,SF_advanced,1907.32205085321,1873.19557887951,1939.32666364521
SBA,Prec,0.169195979899498,SF_advanced,1907.30554813376,1873.32193809175,1939.31053531444
SBA,Prec,0.174170854271357,SF_advanced,1907.28984537336,1873.44737565252,1939.29496140414
SBA,Prec,0.179145728643216,SF_advanced,1907.27496757073,1873.5718627602,1939.27995923995
SBA,Prec,0.184120603015075,SF_advanced,1907.26093972458,1873.69537061319,1939.2655461475
SBA,Prec,0.189095477386935,SF_advanced,1907.24778683364,1873.81787040988,1939.25173945244
SBA,Prec,0.194070351758794,SF_advanced,1907.23553389662,1873.93933334865,1939.23855648039
SBA,Prec,0.199045226130653,SF_advanced,1907.22420591225,1874.05973062791,1939.22601455702
SBA,Prec,0.204020100502513,SF_advanced,1907.21382787925,1874.17903344605,1939.21413100794
SBA,Prec,0.208994974874372,SF_advanced,1907.20442479634,1874.29721300144,1939.20292315881
SBA,Prec,0.213969849246231,SF_advanced,1907.19602166223,1874.4142404925,1939.19240833525
SBA,Prec,0.21894472361809,SF_advanced,1907.18498982,1874.5300871176,1939.18260386292
SBA,Prec,0.22391959798995,SF_advanced,1907.16821122176,1874.64472407514,1939.17352706745
SBA,Prec,0.228894472361809,SF_advanced,1907.15404228308,1874.7581225635,1939.16519527448
SBA,Prec,0.233869346733668,SF_advanced,1907.14254369372,1874.87025378109,1939.15762580965
SBA,Prec,0.238844221105528,SF_advanced,1907.13377614343,1874.9810889263,1939.1508359986
SBA,Prec,0.243819095477387,SF_advanced,1907.12780032198,1875.0905991975,1939.14484316697
SBA,Prec,0.248793969849246,SF_advanced,1907.12467691911,1875.1987557931,1939.1396646404
SBA,Prec,0.253768844221106,SF_advanced,1907.12446662459,1875.30552991149,1939.13531774452
SBA,Prec,0.258743718592965,SF_advanced,1907.12723012817,1875.41089275106,1939.13181980498
SBA,Prec,0.263718592964824,SF_advanced,1907.13302811961,1875.5148155102,1939.12918814742
SBA,Prec,0.268693467336683,SF_advanced,1907.14192128867,1875.61726938729,1939.12744009748
SBA,Prec,0.273668341708543,SF_advanced,1907.15397032511,1875.71822558074,1939.12659298079
SBA,Prec,0.278643216080402,SF_advanced,1907.16923591868,1875.81765528894,1939.126664123
SBA,Prec,0.283618090452261,SF_advanced,1907.18777875913,1875.91552971026,1939.12767084975
SBA,Prec,0.288592964824121,SF_advanced,1907.20696763713,1876.01182004312,1939.12963048666
SBA,Prec,0.29356783919598,SF_advanced,1907.21796350987,1876.10649748589,1939.1325603594
SBA,Prec,0.298542713567839,SF_advanced,1907.23038430966,1876.19953323698,1939.13647779358
SBA,Prec,0.303517587939699,SF_advanced,1907.24425503523,1876.29089849476,1939.14140011486
SBA,Prec,0.308492462311558,SF_advanced,1907.25960068528,1876.38056445763,1939.14734464888
SBA,Prec,0.313467336683417,SF_advanced,1907.27644625854,1876.46850232399,1939.15432872126
SBA,Prec,0.318442211055276,SF_advanced,1907.29481675374,1876.55468329223,1939.16236965766
SBA,Prec,0.323417085427136,SF_advanced,1907.31473716958,1876.63907856073,1939.17148478371
SBA,Prec,0.328391959798995,SF_advanced,1907.3362325048,1876.72165932788,1939.18169142505
SBA,Prec,0.333366834170854,SF_advanced,1907.3593277581,1876.80239679209,1939.19300690732
SBA,Prec,0.338341708542714,SF_advanced,1907.38404792822,1876.88126215174,1939.20544855616
SBA,Prec,0.343316582914573,SF_advanced,1907.41040186725,1876.95823220149,1939.2190248058
SBA,Prec,0.348291457286432,SF_advanced,1907.43833384084,1877.03330612111,1939.23370852482
SBA,Prec,0.353266331658292,SF_advanced,1907.46777196802,1877.10648868662,1939.24946369038
SBA,Prec,0.358241206030151,SF_advanced,1907.49864436781,1877.17778467406,1939.26625427966
SBA,Prec,0.36321608040201,SF_advanced,1907.53087915924,1877.24719885946,1939.28404426982
SBA,Prec,0.368190954773869,SF_advanced,1907.56440446133,1877.31473601886,1939.30279763802
SBA,Prec,0.373165829145729,SF_advanced,1907.59914839311,1877.38040092828,1939.32247836145
SBA,Prec,0.378140703517588,SF_advanced,1907.63503907362,1877.44419836375,1939.34305041726
SBA,Prec,0.383115577889447,SF_advanced,1907.67200462187,1877.50613310132,1939.36447778262
SBA,Prec,0.388090452261307,SF_advanced,1907.7099731569,1877.566209917,1939.38672443471
SBA,Prec,0.393065326633166,SF_advanced,1907.74887279773,1877.62443358684,1939.40975435068
SBA,Prec,0.398040201005025,SF_advanced,1907.78863166338,1877.68080888686,1939.43353150771
SBA,Prec,0.403015075376884,SF_advanced,1907.82917787289,1877.73534059311,1939.45801988297
SBA,Prec,0.407989949748744,SF_advanced,1907.87043954528,1877.7880334816,1939.48318345362
SBA,Prec,0.412964824120603,SF_advanced,1907.91234479958,1877.83889232837,1939.50898619683
SBA,Prec,0.417939698492462,SF_advanced,1907.95482175481,1877.88792190945,1939.53539208977
SBA,Prec,0.422914572864322,SF_advanced,1907.99779853,1877.93512700089,1939.56236510961
SBA,Prec,0.427889447236181,SF_advanced,1908.04120324419,1877.9805123787,1939.58986923351
SBA,Prec,0.43286432160804,SF_advanced,1908.08496401639,1878.02408281892,1939.61786843864
SBA,Prec,0.437839195979899,SF_advanced,1908.12900896563,1878.06584309758,1939.64632670218
SBA,Prec,0.442814070351759,SF_advanced,1908.17326621094,1878.10579799072,1939.67520800128
SBA,Prec,0.447788944723618,SF_advanced,1908.21766387135,1878.14395227436,1939.70447631312
SBA,Prec,0.452763819095477,SF_advanced,1908.26213006588,1878.18031072455,1939.73409561486
SBA,Prec,0.457738693467337,SF_advanced,1908.30659291357,1878.2148781173,1939.76402988368
SBA,Prec,0.462713567839196,SF_advanced,1908.35098053343,1878.24765922866,1939.79424309673
SBA,Prec,0.467688442211055,SF_advanced,1908.39522104449,1878.27865883465,1939.8246992312
SBA,Prec,0.472663316582915,SF_advanced,1908.43924256579,1878.30788171131,1939.85536226424
SBA,Prec,0.477638190954774,SF_advanced,1908.48297321634,1878.33533263467,1939.88619617303
SBA,Prec,0.482613065326633,SF_advanced,1908.52634111518,1878.36101638076,1939.91716493472
SBA,Prec,0.487587939698492,SF_advanced,1908.56927438133,1878.38493772561,1939.9482325265
SBA,Prec,0.492562814070352,SF_advanced,1908.5962749754,1878.40710144526,1939.97936292553
SBA,Prec,0.497537688442211,SF_advanced,1908.559816726,1878.42751231574,1940.01052010897
SBA,Prec,0.50251256281407,SF_advanced,1908.52323720071,1878.44617511307,1940.04166805399
SBA,Prec,0.50748743718593,SF_advanced,1908.48654558046,1878.4630946133,1940.07277073777
SBA,Prec,0.512462311557789,SF_advanced,1908.44975104619,1878.47827559246,1940.13098653502
SBA,Prec,0.517437185929648,SF_advanced,1908.41286277883,1878.49172282657,1940.21479985478
SBA,Prec,0.522412060301508,SF_advanced,1908.37588995931,1878.50344109167,1940.29633372126
SBA,Prec,0.527386934673367,SF_advanced,1908.33884176857,1878.51343516379,1940.37546945089
SBA,Prec,0.532361809045226,SF_advanced,1908.30172738754,1878.52170981896,1940.45208836011
SBA,Prec,0.537336683417085,SF_advanced,1908.26455599715,1878.52826983322,1940.52607176535
SBA,Prec,0.542311557788945,SF_advanced,1908.22733677833,1878.53311998259,1940.59730098305
SBA,Prec,0.547286432160804,SF_advanced,1908.19007891202,1878.53626504312,1940.66565732966
SBA,Prec,0.552261306532663,SF_advanced,1908.15279157915,1878.53770979082,1940.73102212161
SBA,Prec,0.557236180904523,SF_advanced,1908.11548396065,1878.53745900174,1940.79327667534
SBA,Prec,0.562211055276382,SF_advanced,1908.07816523746,1878.5355174519,1940.85230230728
SBA,Prec,0.567185929648241,SF_advanced,1908.04084459051,1878.53188991735,1940.90798033388
SBA,Prec,0.572160804020101,SF_advanced,1908.00353120073,1878.5265811741,1940.96019207158
SBA,Prec,0.57713567839196,SF_advanced,1907.96684815117,1878.51959599819,1941.0088188368
SBA,Prec,0.582110552763819,SF_advanced,1908.00738600875,1878.51093916566,1941.053741946
SBA,Prec,0.587085427135679,SF_advanced,1908.0474808963,1878.50061545253,1941.09484271561
SBA,Prec,0.592060301507538,SF_advanced,1908.08707937394,1878.48862963485,1941.13200246206
SBA,Prec,0.597035175879397,SF_advanced,1908.12612800181,1878.47498648863,1941.20153597409
SBA,Prec,0.602010050251256,SF_advanced,1908.16457334005,1878.45969078992,1941.31868465846
SBA,Prec,0.606984924623116,SF_advanced,1908.20236194878,1878.44274731474,1941.43027875576
SBA,Prec,0.611959798994975,SF_advanced,1908.23944038815,1878.42416083912,1941.53607434859
SBA,Prec,0.616934673366834,SF_advanced,1908.2757552183,1878.40393613911,1941.63582751949
SBA,Prec,0.621909547738694,SF_advanced,1908.31125299934,1878.38207799073,1941.72929435106
SBA,Prec,0.626884422110553,SF_advanced,1908.34588029143,1878.35859117001,1941.81623092585
SBA,Prec,0.631859296482412,SF_advanced,1908.3795836547,1878.33348045299,1941.8168259497
SBA,Prec,0.636834170854271,SF_advanced,1908.41230964928,1878.30675061569,1941.76394185244
SBA,Prec,0.641809045226131,SF_advanced,1908.4440048353,1878.27840643415,1941.70894860591
SBA,Prec,0.64678391959799,SF_advanced,1908.4746157729,1878.24845268441,1941.6518271832
SBA,Prec,0.651758793969849,SF_advanced,1908.50408902223,1878.21689414249,1941.59255855738
SBA,Prec,0.656733668341709,SF_advanced,1908.5323711434,1878.18373558442,1941.60329231369
SBA,Prec,0.661708542713568,SF_advanced,1908.55940869656,1878.14898178625,1941.63271414115
SBA,Prec,0.666683417085427,SF_advanced,1908.58514824185,1878.11263752399,1941.65257855671
SBA,Prec,0.671658291457287,SF_advanced,1908.60953633939,1878.07470757369,1941.66262944374
SBA,Prec,0.676633165829146,SF_advanced,1908.64725049048,1878.03519990757,1941.66267880008
SBA,Prec,0.681608040201005,SF_advanced,1908.68458610137,1877.99413528264,1941.65281108161
SBA,Prec,0.686582914572864,SF_advanced,1908.71494310029,1877.95153765213,1941.63317885872
SBA,Prec,0.691557788944724,SF_advanced,1908.73843052805,1877.90743096923,1941.60393470178
SBA,Prec,0.696532663316583,SF_advanced,1908.75515742546,1877.86183918717,1941.63546544734
SBA,Prec,0.701507537688442,SF_advanced,1908.76523283334,1877.81478625916,1941.66593340359
SBA,Prec,0.706482412060302,SF_advanced,1908.7687657925,1877.76629613841,1941.69150950619
SBA,Prec,0.711457286432161,SF_advanced,1908.76586534374,1877.71639277812,1941.71227528603
SBA,Prec,0.71643216080402,SF_advanced,1908.76847570513,1877.66510013152,1941.72831227399
SBA,Prec,0.721407035175879,SF_advanced,1908.77978525885,1877.61244215182,1941.73970200097
SBA,Prec,0.726381909547739,SF_advanced,1908.78990278673,1877.55844279222,1941.74652599787
SBA,Prec,0.731356783919598,SF_advanced,1908.79884957494,1877.50312600595,1941.74886579558
SBA,Prec,0.736331658291457,SF_advanced,1908.80664690965,1877.4465157462,1941.746802925
SBA,Prec,0.741306532663317,SF_advanced,1908.80093295387,1877.3886359662,1941.74041891702
SBA,Prec,0.746281407035176,SF_advanced,1908.73098533206,1877.32951061916,1941.72979530253
SBA,Prec,0.751256281407035,SF_advanced,1908.65834073416,1877.26916365829,1941.71501361243
SBA,Prec,0.756231155778895,SF_advanced,1908.58305204206,1877.20761903681,1941.69615537761
SBA,Prec,0.761206030150754,SF_advanced,1908.50517213764,1877.14490070791,1941.67330212897
SBA,Prec,0.766180904522613,SF_advanced,1908.42475390278,1877.08103262483,1941.6465353974
SBA,Prec,0.771155778894472,SF_advanced,1908.34185021937,1877.01603874076,1941.6159367138
SBA,Prec,0.776130653266332,SF_advanced,1908.25651396929,1876.94994300893,1941.57682359671
SBA,Prec,0.781105527638191,SF_advanced,1908.16879803442,1876.88276938253,1941.45526265953
SBA,Prec,0.78608040201005,SF_advanced,1908.07875529666,1876.8145418148,1941.32692840706
SBA,Prec,0.79105527638191,SF_advanced,1907.98643863788,1876.74528425893,1941.19197477828
SBA,Prec,0.796030150753769,SF_advanced,1907.89190093997,1876.67502066815,1941.05055571218
SBA,Prec,0.801005025125628,SF_advanced,1907.7951950848,1876.60377499566,1940.90282514774
SBA,Prec,0.805979899497488,SF_advanced,1907.69637395428,1876.53157119467,1940.74893702394
SBA,Prec,0.810954773869347,SF_advanced,1907.59549043028,1876.4584332184,1940.58904527978
SBA,Prec,0.815929648241206,SF_advanced,1907.49259739468,1876.38438502007,1940.42330385422
SBA,Prec,0.820904522613065,SF_advanced,1907.38774772936,1876.30945055287,1940.25186668626
SBA,Prec,0.825879396984925,SF_advanced,1907.28099431622,1876.23365377004,1940.07488771488
SBA,Prec,0.830854271356784,SF_advanced,1907.17239003714,1876.15701862476,1939.89252087906
SBA,Prec,0.835829145728643,SF_advanced,1907.061987774,1876.07956907027,1939.70492011779
SBA,Prec,0.840804020100503,SF_advanced,1906.94984040868,1876.00132905977,1939.51223937005
SBA,Prec,0.845778894472362,SF_advanced,1906.83600082307,1875.92232254648,1939.31463257482
SBA,Prec,0.850753768844221,SF_advanced,1906.72052189906,1875.8425734836,1939.1122536711
SBA,Prec,0.85572864321608,SF_advanced,1906.60345651852,1875.76210582436,1938.90525659786
SBA,Prec,0.86070351758794,SF_advanced,1906.48485756334,1875.68094352195,1938.69379529408
SBA,Prec,0.865678391959799,SF_advanced,1906.36477791541,1875.5991105296,1938.47802369876
SBA,Prec,0.870653266331658,SF_advanced,1906.24327045661,1875.51663080051,1938.39852358263
SBA,Prec,0.875628140703518,SF_advanced,1906.12038806882,1875.4335282879,1938.34688807307
SBA,Prec,0.880603015075377,SF_advanced,1905.99618363393,1875.34982694499,1938.29550942786
SBA,Prec,0.885577889447236,SF_advanced,1905.90661673359,1875.26555072498,1938.24437737243
SBA,Prec,0.890552763819096,SF_advanced,1905.87730946512,1875.18072358108,1938.19348163221
SBA,Prec,0.895527638190955,SF_advanced,1905.84806888223,1875.09536946651,1938.14281193262
SBA,Prec,0.900502512562814,SF_advanced,1905.81889195377,1875.00951233449,1938.09235799909
SBA,Prec,0.905477386934673,SF_advanced,1905.78977564858,1874.92317613821,1938.04210955704
SBA,Prec,0.910452261306533,SF_advanced,1905.76071693548,1874.8363848309,1937.9920563319
SBA,Prec,0.915427135678392,SF_advanced,1905.73171278331,1874.74916236577,1937.94218804909
SBA,Prec,0.920402010050251,SF_advanced,1905.70276016092,1874.66153269603,1937.89249443405
SBA,Prec,0.925376884422111,SF_advanced,1905.61669406528,1874.36687047958,1937.84296521219
SBA,Prec,0.93035175879397,SF_advanced,1905.4745101119,1873.94117919747,1937.79359010894
SBA,Prec,0.935326633165829,SF_advanced,1905.33162579484,1873.51333841396,1937.74435884974
SBA,Prec,0.940301507537689,SF_advanced,1905.18809114008,1873.08350166487,1937.69526116
SBA,Prec,0.945276381909548,SF_advanced,1905.04395617359,1872.65182248601,1937.64628676514
SBA,Prec,0.950251256281407,SF_advanced,1904.89927092135,1872.21845441319,1937.59742539061
SBA,Prec,0.955226130653266,SF_advanced,1904.75408540934,1871.78355098224,1937.54866676181
SBA,Prec,0.960201005025126,SF_advanced,1904.52056006832,1871.34726572896,1937.50000060418
SBA,Prec,0.965175879396985,SF_advanced,1904.20076316615,1870.90975218917,1937.45141664315
SBA,Prec,0.970150753768844,SF_advanced,1903.88025322404,1870.47116389869,1937.40290460414
SBA,Prec,0.975125628140704,SF_advanced,1903.55913210483,1870.03165439332,1937.35445421257
SBA,Prec,0.980100502512563,SF_advanced,1903.23750167138,1869.59137720887,1937.30605519387
SBA,Prec,0.985075376884422,SF_advanced,1902.91546378652,1869.15048588118,1937.25769727347
SBA,Prec,0.990050251256281,SF_advanced,1902.59312031312,1868.70913394604,1937.20937017679
SBA,Prec,0.995025125628141,SF_advanced,1902.27057311402,1868.26747493927,1937.16106362925
SBA,Prec,1,SF_advanced,1901.94792405207,1867.81577570948,1937.1127673563
