region,response,frac_area,Tipo,median,lower,upper
CBA,Temp,0.01,PF,24.0817947429804,22.9315301115254,25.027844082278
CBA,Temp,0.0149748743718593,PF,24.0815837895457,22.9315434395205,25.0280754137333
CBA,Temp,0.0199497487437186,PF,24.0813736475557,22.931557501609,25.0283073600286
CBA,Temp,0.0249246231155779,PF,24.0811651284551,22.9315730318843,25.028540536004
CBA,Temp,0.0298994974874372,PF,24.0809590436887,22.9315907644398,25.0287755564996
CBA,Temp,0.0348743718592965,PF,24.0807562047011,22.931611433369,25.0290130363554
CBA,Temp,0.0398492462311558,PF,24.0805574229371,22.9316357727652,25.0292535904114
CBA,Temp,0.0448241206030151,PF,24.0803635098414,22.9316645167218,25.0294978335078
CBA,Temp,0.0497989949748744,PF,24.0801752768588,22.9316983993323,25.0297463804845
CBA,Temp,0.0547738693467337,PF,24.0799935354338,22.93173815469,25.0299998461817
CBA,Temp,0.059748743718593,PF,24.0798190970112,22.9317845168884,25.0302588454393
CBA,Temp,0.0647236180904523,PF,24.0796527730359,22.9318382200209,25.0305239930975
CBA,Temp,0.0696984924623116,PF,24.0794953749523,22.9318999981809,25.0307959039962
CBA,Temp,0.0746733668341709,PF,24.0793477142054,22.9319705854617,25.0310751929755
CBA,Temp,0.0796482412060302,PF,24.0792106022397,22.9320507159569,25.0313624748756
CBA,Temp,0.0846231155778894,PF,24.0790848505001,22.9321411237597,25.0316583645363
CBA,Temp,0.0895979899497487,PF,24.0789712704312,22.9322425429637,25.0319634767979
CBA,Temp,0.094572864321608,PF,24.0788706734777,22.9323557076621,25.0322784265003
CBA,Temp,0.0995477386934673,PF,24.0787838710844,22.9324813519485,25.0326038284836
CBA,Temp,0.104522613065327,PF,24.0787116746959,22.9326202099162,25.0329402975878
CBA,Temp,0.109497487437186,PF,24.078654895757,22.9327730156587,25.033288448653
CBA,Temp,0.114472361809045,PF,24.0786143457125,22.9329405032693,25.0336488965193
CBA,Temp,0.119447236180905,PF,24.0785908360069,22.9331234068414,25.0340222560267
CBA,Temp,0.124422110552764,PF,24.0785851780851,22.9333224604685,25.0344091420152
CBA,Temp,0.129396984924623,PF,24.0785981833917,22.933538398244,25.0348101693249
CBA,Temp,0.134371859296482,PF,24.0786306633714,22.9337719542612,25.0352259527959
CBA,Temp,0.139346733668342,PF,24.0786834294691,22.9340238626136,25.0356571072682
CBA,Temp,0.144321608040201,PF,24.0787572931293,22.9342948573947,25.0361042475819
CBA,Temp,0.14929648241206,PF,24.0788530657969,22.9345856726976,25.036567988577
CBA,Temp,0.15427135678392,PF,24.0789715589164,22.9348970426161,25.0370489450935
CBA,Temp,0.159246231155779,PF,24.0791135839327,22.9352297012433,25.0375477319716
CBA,Temp,0.164221105527638,PF,24.0792799522904,22.9355843826727,25.0380649640512
CBA,Temp,0.169195979899498,PF,24.0794714754343,22.9359618209977,25.0386012561725
CBA,Temp,0.174170854271357,PF,24.0796889648091,22.9363627503118,25.0391572231754
CBA,Temp,0.179145728643216,PF,24.0799332318595,22.9367879047083,25.0397334799001
CBA,Temp,0.184120603015075,PF,24.0802050880301,22.9372380182807,25.0403306411866
CBA,Temp,0.189095477386935,PF,24.0805053447658,22.9377138251223,25.0409493218749
CBA,Temp,0.194070351758794,PF,24.0808348135113,22.9382160593266,25.041590136805
CBA,Temp,0.199045226130653,PF,24.0811943057112,22.9387454549869,25.0422537008171
CBA,Temp,0.204020100502513,PF,24.0815846328102,22.9393027461967,25.0429406287512
CBA,Temp,0.208994974874372,PF,24.0820066062532,22.9398886670494,25.0436515354474
CBA,Temp,0.213969849246231,PF,24.0824610374847,22.9405039516384,25.0443870357456
CBA,Temp,0.21894472361809,PF,24.0829487379496,22.941149334057,25.045147744486
CBA,Temp,0.22391959798995,PF,24.0834705190924,22.9418255483988,25.0459342765086
CBA,Temp,0.228894472361809,PF,24.0840271923581,22.9425333287571,25.0467472466535
CBA,Temp,0.233869346733668,PF,24.0846195691911,22.9432734092253,25.0475872697606
CBA,Temp,0.238844221105528,PF,24.0852484610364,22.9440465238968,25.0484549606702
CBA,Temp,0.243819095477387,PF,24.0859146793385,22.944853406865,25.0493509342221
CBA,Temp,0.248793969849246,PF,24.0866190355423,22.9456947922234,25.0502758052565
CBA,Temp,0.253768844221106,PF,24.0873623410923,22.9465714140653,25.0512301886134
CBA,Temp,0.258743718592965,PF,24.0881454074334,22.9474840064842,25.0522146991329
CBA,Temp,0.263718592964824,PF,24.0889690460102,22.9484333035735,25.053229951655
CBA,Temp,0.268693467336683,PF,24.0898340682675,22.9494200394265,25.0542765610197
CBA,Temp,0.273668341708543,PF,24.09074128565,22.9504449481366,25.0553551420672
CBA,Temp,0.278643216080402,PF,24.0916915096024,22.9515087637974,25.0564663096375
CBA,Temp,0.283618090452261,PF,24.0926855515694,22.9526122205022,25.0576106785706
CBA,Temp,0.288592964824121,PF,24.0937242229956,22.9537560523443,25.0587888637066
CBA,Temp,0.29356783919598,PF,24.094808335326,22.9549409934172,25.0600014798855
CBA,Temp,0.298542713567839,PF,24.0959387000051,22.9561677778144,25.0612491419474
CBA,Temp,0.303517587939699,PF,24.0971161284776,22.9574371396292,25.0625324647324
CBA,Temp,0.308492462311558,PF,24.0983414321883,22.958749812955,25.0638520630804
CBA,Temp,0.313467336683417,PF,24.099615422582,22.9601065318852,25.0652085518316
CBA,Temp,0.318442211055276,PF,24.1009389111032,22.9615080305132,25.066602545826
CBA,Temp,0.323417085427136,PF,24.1023127091968,22.9629550429325,25.0680346599036
CBA,Temp,0.328391959798995,PF,24.1037376283074,22.9644483032365,25.0695055089045
CBA,Temp,0.333366834170854,PF,24.1052144798797,22.9659885455185,25.0710157076688
CBA,Temp,0.338341708542714,PF,24.1067440753586,22.967576503872,25.0725658710365
CBA,Temp,0.343316582914573,PF,24.108326726238,22.9692124464045,25.0741562058499
CBA,Temp,0.348291457286432,PF,24.1099607442102,22.9708947772798,25.0757852869604
CBA,Temp,0.353266331658292,PF,24.1116439410167,22.9726214346759,25.0774512812215
CBA,Temp,0.358241206030151,PF,24.1133741283988,22.9743903567708,25.0791523554868
CBA,Temp,0.36321608040201,PF,24.1151491180983,22.9761994817424,25.08088667661
CBA,Temp,0.368190954773869,PF,24.1169667218565,22.9780467477688,25.0826524114445
CBA,Temp,0.373165829145729,PF,24.1188247514151,22.9799300930279,25.084447726844
CBA,Temp,0.378140703517588,PF,24.1207210185155,22.9818474556977,25.0862707896621
CBA,Temp,0.383115577889447,PF,24.1226533348992,22.9837967739561,25.0881197667524
CBA,Temp,0.388090452261307,PF,24.1246195123079,22.9857759859811,25.0899928249685
CBA,Temp,0.393065326633166,PF,24.1266173624829,22.9877830299507,25.0918881311638
CBA,Temp,0.398040201005025,PF,24.1286446971658,22.9898158440429,25.0938038521922
CBA,Temp,0.403015075376884,PF,24.1306993280982,22.9918723664356,25.095738154907
CBA,Temp,0.407989949748744,PF,24.1327790670216,22.9939505353067,25.0976892061619
CBA,Temp,0.412964824120603,PF,24.1348817256775,22.9960482888344,25.0996551728106
CBA,Temp,0.417939698492462,PF,24.1370051158073,22.9981635651965,25.1016342217065
CBA,Temp,0.422914572864322,PF,24.1391470491527,23.000294302571,25.1036245197034
CBA,Temp,0.427889447236181,PF,24.1413053374552,23.0024384391359,25.1056242336546
CBA,Temp,0.43286432160804,PF,24.1434777924562,23.0045939130692,25.107631530414
CBA,Temp,0.437839195979899,PF,24.1456622258973,23.0067586625487,25.109644576835
CBA,Temp,0.442814070351759,PF,24.14785644952,23.0089306257526,25.1116615397712
CBA,Temp,0.447788944723618,PF,24.1500582750659,23.0111077408587,25.1136805860762
CBA,Temp,0.452763819095477,PF,24.1522655142764,23.0132879460451,25.1156998826037
CBA,Temp,0.457738693467337,PF,24.1544759788932,23.0154691794897,25.1177175962071
CBA,Temp,0.462713567839196,PF,24.1566874806576,23.0176493793705,25.1197318937402
CBA,Temp,0.467688442211055,PF,24.1588978313112,23.0198264838654,25.1217409420564
CBA,Temp,0.472663316582915,PF,24.1611048425956,23.0219984311525,25.1237429080093
CBA,Temp,0.477638190954774,PF,24.1633063262523,23.0241631594096,25.1257359584527
CBA,Temp,0.482613065326633,PF,24.1655000940227,23.0263186068148,25.1277182602399
CBA,Temp,0.487587939698492,PF,24.1676839576485,23.0284627115461,25.1296879802247
CBA,Temp,0.492562814070352,PF,24.1698557288711,23.0305934117813,25.1316432852606
CBA,Temp,0.497537688442211,PF,24.172013219432,23.0327086456986,25.1335823422013
CBA,Temp,0.50251256281407,PF,24.1741542410729,23.0348063514757,25.1355033179002
CBA,Temp,0.50748743718593,PF,24.1762766055351,23.0368844672909,25.137404379211
CBA,Temp,0.512462311557789,PF,24.1783781245602,23.0389409313219,25.1392836929873
CBA,Temp,0.517437185929648,PF,24.1804566098898,23.0409736817467,25.1411394260826
CBA,Temp,0.522412060301508,PF,24.1825098732654,23.0429806567434,25.1429697453506
CBA,Temp,0.527386934673367,PF,24.1845357264284,23.0449597944899,25.1447728176448
CBA,Temp,0.532361809045226,PF,24.1865319811204,23.0469090331642,25.1465468098189
CBA,Temp,0.537336683417085,PF,24.188496449083,23.0488263109443,25.1482898887264
CBA,Temp,0.542311557788945,PF,24.1904269420576,23.050709566008,25.1500002212209
CBA,Temp,0.547286432160804,PF,24.1923212717858,23.0525567365335,25.1516759741559
CBA,Temp,0.552261306532663,PF,24.1941772500091,23.0543657606986,25.1533153143852
CBA,Temp,0.557236180904523,PF,24.195992688469,23.0561345766813,25.1549164087622
CBA,Temp,0.562211055276382,PF,24.197765398907,23.0578611226597,25.1564774241406
CBA,Temp,0.567185929648241,PF,24.1994931930647,23.0595433368116,25.157996527374
CBA,Temp,0.572160804020101,PF,24.2011738826835,23.0611791573151,25.1594718853158
CBA,Temp,0.57713567839196,PF,24.2028052795051,23.0627665223481,25.1609016648198
CBA,Temp,0.582110552763819,PF,24.2043851952709,23.0643033700886,25.1622840327396
CBA,Temp,0.587085427135679,PF,24.2059114417224,23.0657876387145,25.1636171559286
CBA,Temp,0.592060301507538,PF,24.2073818306012,23.0672172664039,25.1648992012405
CBA,Temp,0.597035175879397,PF,24.2087941736487,23.0685901913347,25.1661283355289
CBA,Temp,0.602010050251256,PF,24.2101462826066,23.0699043516848,25.1673027256473
CBA,Temp,0.606984924623116,PF,24.2114359692163,23.0711576856323,25.1684205384495
CBA,Temp,0.611959798994975,PF,24.2126610452194,23.0723481313551,25.1694799407888
CBA,Temp,0.616934673366834,PF,24.2138193223573,23.0734736270312,25.170479099519
CBA,Temp,0.621909547738694,PF,24.2149086123716,23.0745321108386,25.1714161814937
CBA,Temp,0.626884422110553,PF,24.2159267270039,23.0755215209552,25.1722893535663
CBA,Temp,0.631859296482412,PF,24.2168714779956,23.076439795559,25.1730967825905
CBA,Temp,0.636834170854271,PF,24.2177406770882,23.0772848728279,25.17383663542
CBA,Temp,0.641809045226131,PF,24.2185321360233,23.07805469094,25.1745070789082
CBA,Temp,0.64678391959799,PF,24.2192436665424,23.0787471880733,25.1751062799087
CBA,Temp,0.651758793969849,PF,24.2198730803871,23.0793603024056,25.1756324052753
CBA,Temp,0.656733668341709,PF,24.2204181892988,23.0798919721149,25.1760836218614
CBA,Temp,0.661708542713568,PF,24.220876805019,23.0803401353793,25.1764580965206
CBA,Temp,0.666683417085427,PF,24.2212467392894,23.0807027303767,25.1767539961065
CBA,Temp,0.671658291457287,PF,24.2215258038513,23.0809776952851,25.1769694874727
CBA,Temp,0.676633165829146,PF,24.221712410151,23.0811635384141,25.1771032506775
CBA,Temp,0.681608040201005,PF,24.221807368453,23.0812610486005,25.1771560185974
CBA,Temp,0.686582914572864,PF,24.2218120887266,23.0812715848124,25.1771290373139
CBA,Temp,0.691557788944724,PF,24.2217279809408,23.0811965060184,25.1770235529082
CBA,Temp,0.696532663316583,PF,24.221556455065,23.0810371711867,25.1768408114616
CBA,Temp,0.701507537688442,PF,24.2212989210683,23.0807949392857,25.1765820590554
CBA,Temp,0.706482412060302,PF,24.2209567889198,23.0804711692837,25.176248541771
CBA,Temp,0.711457286432161,PF,24.2205314685889,23.0800672201491,25.1758415056896
CBA,Temp,0.71643216080402,PF,24.2200243700447,23.0795844508502,25.1753621968925
CBA,Temp,0.721407035175879,PF,24.2194369032563,23.0790242203555,25.174811861461
CBA,Temp,0.726381909547739,PF,24.2187704781931,23.0783878876331,25.1741917454765
CBA,Temp,0.731356783919598,PF,24.2180265048241,23.0776768116516,25.1735030950203
CBA,Temp,0.736331658291457,PF,24.2172063931185,23.0768923513792,25.1727471561736
CBA,Temp,0.741306532663317,PF,24.2163115530457,23.0760358657843,25.1719251750177
CBA,Temp,0.746281407035176,PF,24.2153433945747,23.0751087138352,25.171038397634
CBA,Temp,0.751256281407035,PF,24.2143033276748,23.0741122545002,25.1700880701038
CBA,Temp,0.756231155778895,PF,24.2131927623151,23.0730478467479,25.1690754385084
CBA,Temp,0.761206030150754,PF,24.2120131084648,23.0719168495464,25.168001748929
CBA,Temp,0.766180904522613,PF,24.2107657760932,23.0707206218641,25.1668682474471
CBA,Temp,0.771155778894472,PF,24.2094521751695,23.0694605226694,25.1656761801438
CBA,Temp,0.776130653266332,PF,24.2080737156627,23.0681379109306,25.1644267931005
CBA,Temp,0.781105527638191,PF,24.2066318075422,23.0667541456162,25.1631213323985
CBA,Temp,0.78608040201005,PF,24.2051278607771,23.0653105856943,25.161761044119
CBA,Temp,0.79105527638191,PF,24.2035632853366,23.0638085901334,25.1603471743435
CBA,Temp,0.796030150753769,PF,24.20193949119,23.0622495179019,25.1588809691532
CBA,Temp,0.801005025125628,PF,24.2002578883063,23.060634727968,25.1573636746295
CBA,Temp,0.805979899497488,PF,24.1985198866549,23.0589655793001,25.1557965368535
CBA,Temp,0.810954773869347,PF,24.1967268962048,23.0572434308667,25.1541808019066
CBA,Temp,0.815929648241206,PF,24.1948803269253,23.0554696416359,25.1525177158702
CBA,Temp,0.820904522613065,PF,24.1929815887857,23.0536455705762,25.1508085248255
CBA,Temp,0.825879396984925,PF,24.191032091755,23.051772576656,25.1490544748539
CBA,Temp,0.830854271356784,PF,24.1890332458024,23.0498520188435,25.1472568120366
CBA,Temp,0.835829145728643,PF,24.1869864608973,23.0478852561071,25.1454167824549
CBA,Temp,0.840804020100503,PF,24.1848931470087,23.0458736474152,25.1435356321902
CBA,Temp,0.845778894472362,PF,24.1827547141058,23.0438185517362,25.1416146073237
CBA,Temp,0.850753768844221,PF,24.180572572158,23.0417213280383,25.1396549539368
CBA,Temp,0.85572864321608,PF,24.1783481311342,23.0395833352899,25.1376579181108
CBA,Temp,0.86070351758794,PF,24.1760828010039,23.0374059324594,25.1356247459269
CBA,Temp,0.865678391959799,PF,24.173777991736,23.0351904785151,25.1335566834665
CBA,Temp,0.870653266331658,PF,24.1714351132999,23.0329383324253,25.1314549768109
CBA,Temp,0.875628140703518,PF,24.1690555756648,23.0306508531585,25.1293208720413
CBA,Temp,0.880603015075377,PF,24.1666407887997,23.028329399683,25.1271556152392
CBA,Temp,0.885577889447236,PF,24.164192162674,23.025975330967,25.1249604524857
CBA,Temp,0.890552763819096,PF,24.1617111072568,23.0235900059791,25.1227366298622
CBA,Temp,0.895527638190955,PF,24.1591990325173,23.0211747836874,25.1204853934501
CBA,Temp,0.900502512562814,PF,24.1566573484247,23.0187310230604,25.1182079893305
CBA,Temp,0.905477386934673,PF,24.1540874649482,23.0162600830665,25.1159056635849
CBA,Temp,0.910452261306533,PF,24.151490792057,23.0137633226738,25.1135796622944
CBA,Temp,0.915427135678392,PF,24.1488687397203,23.0112421008509,25.1112312315405
CBA,Temp,0.920402010050251,PF,24.1462227179072,23.0086977765661,25.1088616174044
CBA,Temp,0.925376884422111,PF,24.1435541365871,23.0061317087877,25.1064720659674
CBA,Temp,0.93035175879397,PF,24.140864405729,23.003545256484,25.1040638233109
CBA,Temp,0.935326633165829,PF,24.1381549353022,23.0009397786234,25.101638135516
CBA,Temp,0.940301507537689,PF,24.1354271352759,22.9983166341743,25.0991962486643
CBA,Temp,0.945276381909548,PF,24.1326824156192,22.995677182105,25.0967394088369
CBA,Temp,0.950251256281407,PF,24.1299221863014,22.9930227813839,25.0942688621151
CBA,Temp,0.955226130653266,PF,24.1271478572916,22.9903547909792,25.0917858545803
CBA,Temp,0.960201005025126,PF,24.1243608385591,22.9876745698595,25.0892916323137
CBA,Temp,0.965175879396985,PF,24.121562540073,22.9849834769929,25.0867874413967
CBA,Temp,0.970150753768844,PF,24.1187543718026,22.9822828713479,25.0842745279106
CBA,Temp,0.975125628140704,PF,24.115937743717,22.9795741118927,25.0817541379366
CBA,Temp,0.980100502512563,PF,24.1131140657854,22.9768585575959,25.0792275175561
CBA,Temp,0.985075376884422,PF,24.110284747977,22.9741375674256,25.0766959128504
CBA,Temp,0.990050251256281,PF,24.1074512002611,22.9714125003503,25.0741605699008
CBA,Temp,0.995025125628141,PF,24.1046148326067,22.9686847153383,25.0716227347886
CBA,Temp,1,PF,24.1017770549832,22.9659555713579,25.0690836535951
CBA,Temp,0.01,SF_early,24.2482099286293,23.1076915189049,25.2073400508102
CBA,Temp,0.0149748743718593,SF_early,24.2469163471649,23.1064145631283,25.2061012237717
CBA,Temp,0.0199497487437186,SF_early,24.2456227171118,23.1051375335084,25.2048623039466
CBA,Temp,0.0249246231155779,SF_early,24.2443289898808,23.1038603562018,25.2036231985484
CBA,Temp,0.0298994974874372,SF_early,24.2430351168833,23.1025829573651,25.2023838147905
CBA,Temp,0.0348743718592965,SF_early,24.2417410495302,23.101305263155,25.2011440598865
CBA,Temp,0.0398492462311558,SF_early,24.2404467392328,23.1000271997282,25.1999038410496
CBA,Temp,0.0448241206030151,SF_early,24.2391521374021,23.0987486932413,25.1986630654933
CBA,Temp,0.0497989949748744,SF_early,24.2378571954493,23.097469669851,25.1974216404312
CBA,Temp,0.0547738693467337,SF_early,24.2365618647855,23.0961900557139,25.1961794730767
CBA,Temp,0.059748743718593,SF_early,24.2352660968219,23.0949097769866,25.1949364706431
CBA,Temp,0.0647236180904523,SF_early,24.2339698429695,23.0936287598259,25.1936925403439
CBA,Temp,0.0696984924623116,SF_early,24.2326730546395,23.0923469303884,25.1924475893927
CBA,Temp,0.0746733668341709,SF_early,24.231375683243,23.0910642148307,25.1912015250027
CBA,Temp,0.0796482412060302,SF_early,24.2300776801912,23.0897805393095,25.1899542543875
CBA,Temp,0.0846231155778894,SF_early,24.2287789968951,23.0884958299814,25.1887056847606
CBA,Temp,0.0895979899497487,SF_early,24.2274795847659,23.0872100130031,25.1874557233352
CBA,Temp,0.094572864321608,SF_early,24.2261793952147,23.0859230145312,25.186204277325
CBA,Temp,0.0995477386934673,SF_early,24.2248783796526,23.0846347607224,25.1849512539433
CBA,Temp,0.104522613065327,SF_early,24.2235764894908,23.0833451777334,25.1836965604036
CBA,Temp,0.109497487437186,SF_early,24.2222736761404,23.0820541917208,25.1824401039193
CBA,Temp,0.114472361809045,SF_early,24.2209698910126,23.0807617288412,25.1811817917039
CBA,Temp,0.119447236180905,SF_early,24.2196650855183,23.0794677152513,25.1799215309708
CBA,Temp,0.124422110552764,SF_early,24.2183592110689,23.0781720771078,25.1786592289334
CBA,Temp,0.129396984924623,SF_early,24.2170522190753,23.0768747405672,25.1773947928053
CBA,Temp,0.134371859296482,SF_early,24.2157440609488,23.0755756317864,25.1761281297997
CBA,Temp,0.139346733668342,SF_early,24.2144346881004,23.0742746769218,25.1748591471303
CBA,Temp,0.144321608040201,SF_early,24.2131240519413,23.0729718021302,25.1735877520104
CBA,Temp,0.14929648241206,SF_early,24.2118121038826,23.0716669335682,25.1723138516535
CBA,Temp,0.15427135678392,SF_early,24.2104987953354,23.0703599973925,25.1710373532729
CBA,Temp,0.159246231155779,SF_early,24.2091840777108,23.0690509197597,25.1697581640823
CBA,Temp,0.164221105527638,SF_early,24.2078679024201,23.0677396268265,25.1684761912949
CBA,Temp,0.169195979899498,SF_early,24.2065502208742,23.0664260447495,25.1671913421243
CBA,Temp,0.174170854271357,SF_early,24.2052309844844,23.0651100996854,25.1659035237839
CBA,Temp,0.179145728643216,SF_early,24.2039101446617,23.0637917177908,25.1646126434871
CBA,Temp,0.184120603015075,SF_early,24.2025876528173,23.0624708252224,25.1633186084473
CBA,Temp,0.189095477386935,SF_early,24.2012634603623,23.0611473481369,25.1620213258781
CBA,Temp,0.194070351758794,SF_early,24.1999375187079,23.0598212126908,25.1607207029929
CBA,Temp,0.199045226130653,SF_early,24.1986097792651,23.0584923450409,25.159416647005
CBA,Temp,0.204020100502513,SF_early,24.1972801934451,23.0571606713437,25.1581090651281
CBA,Temp,0.208994974874372,SF_early,24.195948712659,23.055826117756,25.1567978645754
CBA,Temp,0.213969849246231,SF_early,24.1946152883179,23.0544886104344,25.1554829525604
CBA,Temp,0.21894472361809,SF_early,24.193279871833,23.0531480755355,25.1541642362966
CBA,Temp,0.22391959798995,SF_early,24.1919424146154,23.0518044392161,25.1528416229974
CBA,Temp,0.228894472361809,SF_early,24.1906028680762,23.0504576276327,25.1515150198763
CBA,Temp,0.233869346733668,SF_early,24.1892611836266,23.049107566942,25.1501843341467
CBA,Temp,0.238844221105528,SF_early,24.1879173126776,23.0477541833007,25.1488494730221
CBA,Temp,0.243819095477387,SF_early,24.1865712066404,23.0463974028653,25.1475103437159
CBA,Temp,0.248793969849246,SF_early,24.1852228169261,23.0450371517927,25.1461668534414
CBA,Temp,0.253768844221106,SF_early,24.1838720949458,23.0436733562393,25.1448189094123
CBA,Temp,0.258743718592965,SF_early,24.1825189921108,23.042305942362,25.1434664188419
CBA,Temp,0.263718592964824,SF_early,24.181163459832,23.0409348363172,25.1421092889437
CBA,Temp,0.268693467336683,SF_early,24.1798054495207,23.0395599642618,25.1407474269311
CBA,Temp,0.273668341708543,SF_early,24.1784449125879,23.0381812523522,25.1393807400175
CBA,Temp,0.278643216080402,SF_early,24.1770818004447,23.0367986267452,25.1380091354164
CBA,Temp,0.283618090452261,SF_early,24.1757160645024,23.0354120135975,25.1366325203413
CBA,Temp,0.288592964824121,SF_early,24.174347656172,23.0340213390656,25.1352508020056
CBA,Temp,0.29356783919598,SF_early,24.1729765268647,23.0326265293063,25.1338638876227
CBA,Temp,0.298542713567839,SF_early,24.1716026279915,23.0312275104762,25.132471684406
CBA,Temp,0.303517587939699,SF_early,24.1702259109636,23.0298242087319,25.1310740995691
CBA,Temp,0.308492462311558,SF_early,24.1688463271922,23.0284165502301,25.1296710403253
CBA,Temp,0.313467336683417,SF_early,24.1674638280883,23.0270044611274,25.1282624138882
CBA,Temp,0.318442211055276,SF_early,24.1660783650631,23.0255878675806,25.126848127471
CBA,Temp,0.323417085427136,SF_early,24.1646898895277,23.0241666957462,25.1254280882874
CBA,Temp,0.328391959798995,SF_early,24.1632983528932,23.0227408717809,25.1240022035507
CBA,Temp,0.333366834170854,SF_early,24.1619037065708,23.0213103218413,25.1225703804744
CBA,Temp,0.338341708542714,SF_early,24.1605059019716,23.0198749720842,25.1211325262719
CBA,Temp,0.343316582914573,SF_early,24.1591048874802,23.0184347637641,25.1196885729464
CBA,Temp,0.348291457286432,SF_early,24.1577005993753,23.0169896985272,25.11823855166
CBA,Temp,0.353266331658292,SF_early,24.1562929709091,23.015539793118,25.1167825183645
CBA,Temp,0.358241206030151,SF_early,24.1548819353337,23.0140850642807,25.1153205290118
CBA,Temp,0.36321608040201,SF_early,24.1534674259013,23.0126255287594,25.1138526395537
CBA,Temp,0.368190954773869,SF_early,24.1520493758642,23.0111612032986,25.112378905942
CBA,Temp,0.373165829145729,SF_early,24.1506277184744,23.0096921046424,25.1108993841285
CBA,Temp,0.378140703517588,SF_early,24.1492023869842,23.0082182495351,25.1094141300652
CBA,Temp,0.383115577889447,SF_early,24.1477733146458,23.0067396547211,25.1079231997038
CBA,Temp,0.388090452261307,SF_early,24.1463404347112,23.0052563369445,25.1064266489961
CBA,Temp,0.393065326633166,SF_early,24.1449036804328,23.0037683129496,25.1049245338941
CBA,Temp,0.398040201005025,SF_early,24.1434629850627,23.0022755994807,25.1034169103495
CBA,Temp,0.403015075376884,SF_early,24.1420182818531,23.0007782132821,25.1019038343141
CBA,Temp,0.407989949748744,SF_early,24.1405695040561,22.999276171098,25.1003853617398
CBA,Temp,0.412964824120603,SF_early,24.1391165849239,22.9977694896727,25.0988615485785
CBA,Temp,0.417939698492462,SF_early,24.1376594577087,22.9962581857504,25.097332450782
CBA,Temp,0.422914572864322,SF_early,24.1361980556627,22.9947422760755,25.095798124302
CBA,Temp,0.427889447236181,SF_early,24.1347323120381,22.9932217773921,25.0942586250904
CBA,Temp,0.43286432160804,SF_early,24.133262160087,22.9916967064446,25.0927140090992
CBA,Temp,0.437839195979899,SF_early,24.1317875330617,22.9901670799773,25.09116433228
CBA,Temp,0.442814070351759,SF_early,24.1303083642142,22.9886329147343,25.0896096505847
CBA,Temp,0.447788944723618,SF_early,24.1288245867969,22.98709422746,25.0880500199652
CBA,Temp,0.452763819095477,SF_early,24.1273361340618,22.9855510348986,25.0864854963733
CBA,Temp,0.457738693467337,SF_early,24.1258429392611,22.9840033537944,25.0849161357609
CBA,Temp,0.462713567839196,SF_early,24.1243449356471,22.9824512008917,25.0833419940797
CBA,Temp,0.467688442211055,SF_early,24.1228420564719,22.9808945929347,25.0817631272816
CBA,Temp,0.472663316582915,SF_early,24.1213342349877,22.9793335466676,25.0801795913184
CBA,Temp,0.477638190954774,SF_early,24.1198214044466,22.9777680788349,25.078591442142
CBA,Temp,0.482613065326633,SF_early,24.1183034981009,22.9761982061806,25.0769987357042
CBA,Temp,0.487587939698492,SF_early,24.1167804492027,22.9746239454492,25.0754015279568
CBA,Temp,0.492562814070352,SF_early,24.1152521910042,22.9730453133847,25.0737998748516
CBA,Temp,0.497537688442211,SF_early,24.1137186567576,22.9714623267317,25.0721938323406
CBA,Temp,0.50251256281407,SF_early,24.112179779715,22.9698750022342,25.0705834563755
CBA,Temp,0.50748743718593,SF_early,24.1106354931287,22.9682833566365,25.0689688029082
CBA,Temp,0.512462311557789,SF_early,24.1090857302508,22.966687406683,25.0673499278904
CBA,Temp,0.517437185929648,SF_early,24.1075304243335,22.9650871691179,25.0657268872741
CBA,Temp,0.522412060301508,SF_early,24.105969508629,22.9634826606854,25.0640997370111
CBA,Temp,0.527386934673367,SF_early,24.1044029163895,22.9618738981299,25.0624685330531
CBA,Temp,0.532361809045226,SF_early,24.1028305808671,22.9602608981955,25.0608333313521
CBA,Temp,0.537336683417085,SF_early,24.101252435314,22.9586436776266,25.0591941878599
CBA,Temp,0.542311557788945,SF_early,24.0996684129824,22.9570222531674,25.0575511585282
CBA,Temp,0.547286432160804,SF_early,24.0980784471245,22.9553966415622,25.055904299309
CBA,Temp,0.552261306532663,SF_early,24.0964824709925,22.9537668595552,25.054253666154
CBA,Temp,0.557236180904523,SF_early,24.0948804178385,22.9521329238908,25.0525993150152
CBA,Temp,0.562211055276382,SF_early,24.0932722209147,22.9504948513132,25.0509413018442
CBA,Temp,0.567185929648241,SF_early,24.0916578134733,22.9488526585666,25.049279682593
CBA,Temp,0.572160804020101,SF_early,24.0900371287665,22.9472063623953,25.0476145132135
CBA,Temp,0.57713567839196,SF_early,24.0884101000465,22.9455559795436,25.0459458496573
CBA,Temp,0.582110552763819,SF_early,24.0867766605654,22.9439015267558,25.0442737478764
CBA,Temp,0.587085427135679,SF_early,24.0851367435754,22.9422430207761,25.0425982638227
CBA,Temp,0.592060301507538,SF_early,24.0834902823287,22.9405804783488,25.0409194534478
CBA,Temp,0.597035175879397,SF_early,24.0818372100775,22.9389139162181,25.0392373727037
CBA,Temp,0.602010050251256,SF_early,24.0801774600739,22.9372433511284,25.0375520775422
CBA,Temp,0.606984924623116,SF_early,24.0785109655702,22.9355687998238,25.0358636239151
CBA,Temp,0.611959798994975,SF_early,24.0768376598185,22.9338902790487,25.0341720677743
CBA,Temp,0.616934673366834,SF_early,24.075157476071,22.9322078055473,25.0324774650716
CBA,Temp,0.621909547738694,SF_early,24.0734703475799,22.9305213960639,25.0307798717589
CBA,Temp,0.626884422110553,SF_early,24.0717762075973,22.9288310673427,25.0290793437879
CBA,Temp,0.631859296482412,SF_early,24.0700749893755,22.9271368361281,25.0273759371104
CBA,Temp,0.636834170854271,SF_early,24.0683666261666,22.9254387191642,25.0256697076785
CBA,Temp,0.641809045226131,SF_early,24.0666510512228,22.9237367331954,25.0239607114437
CBA,Temp,0.64678391959799,SF_early,24.0649281977962,22.9220308949659,25.0222490043581
CBA,Temp,0.651758793969849,SF_early,24.0631979991392,22.92032122122,25.0205346423734
CBA,Temp,0.656733668341709,SF_early,24.0614603885037,22.918607728702,25.0188176814415
CBA,Temp,0.661708542713568,SF_early,24.0597152991421,22.916890434156,25.0170981775142
CBA,Temp,0.666683417085427,SF_early,24.0579626643064,22.9151693543265,25.0153761865433
CBA,Temp,0.671658291457287,SF_early,24.056202417249,22.9134445059576,25.0136517644806
CBA,Temp,0.676633165829146,SF_early,24.0544345217378,22.9117159124771,25.0119249639506
CBA,Temp,0.681608040201005,SF_early,24.0526590636051,22.9099836240469,25.0101958242677
CBA,Temp,0.686582914572864,SF_early,24.0508761591987,22.9082476975124,25.0084643814188
CBA,Temp,0.691557788944724,SF_early,24.0490859248668,22.906508189719,25.0067306713909
CBA,Temp,0.696532663316583,SF_early,24.0472884769573,22.904765157512,25.0049947301709
CBA,Temp,0.701507537688442,SF_early,24.0454839318183,22.9030186577368,25.0032565937459
CBA,Temp,0.706482412060302,SF_early,24.0436724057978,22.9012687472388,25.0015162981028
CBA,Temp,0.711457286432161,SF_early,24.0418540152438,22.8995154828634,24.9997738792286
CBA,Temp,0.71643216080402,SF_early,24.0400288765044,22.897758921456,24.9980293731102
CBA,Temp,0.721407035175879,SF_early,24.0381971059276,22.8959991198619,24.9962828157346
CBA,Temp,0.726381909547739,SF_early,24.0363588198614,22.8942361349265,24.9945342430889
CBA,Temp,0.731356783919598,SF_early,24.0345141346538,22.8924700234952,24.9927836911598
CBA,Temp,0.736331658291457,SF_early,24.0326631666528,22.8907008424133,24.9910311959345
CBA,Temp,0.741306532663317,SF_early,24.0308060322066,22.8889286485264,24.9892767933998
CBA,Temp,0.746281407035176,SF_early,24.028942847663,22.8871534986797,24.9875205195429
CBA,Temp,0.751256281407035,SF_early,24.0270737293702,22.8853754497185,24.9857624103505
CBA,Temp,0.756231155778895,SF_early,24.0251987936761,22.8835945584884,24.9840025018097
CBA,Temp,0.761206030150754,SF_early,24.0233181569288,22.8818108818347,24.9822408299075
CBA,Temp,0.766180904522613,SF_early,24.0214319354763,22.8800244766027,24.9804774306308
CBA,Temp,0.771155778894472,SF_early,24.0195402456666,22.8782353996379,24.9787123399666
CBA,Temp,0.776130653266332,SF_early,24.0176432038478,22.8764437077856,24.9769455939019
CBA,Temp,0.781105527638191,SF_early,24.0157409263678,22.8746494578911,24.9751772284235
CBA,Temp,0.78608040201005,SF_early,24.0138335295748,22.8728527068,24.9734072795186
CBA,Temp,0.79105527638191,SF_early,24.0119211298167,22.8710535113575,24.9716357831741
CBA,Temp,0.796030150753769,SF_early,24.0100038434415,22.869251928409,24.9698627753769
CBA,Temp,0.801005025125628,SF_early,24.0080817867973,22.8674480148,24.968088292114
CBA,Temp,0.805979899497488,SF_early,24.0061550762321,22.8656418273758,24.9663123693723
CBA,Temp,0.810954773869347,SF_early,24.004223828094,22.8638334229817,24.9645350431389
CBA,Temp,0.815929648241206,SF_early,24.0022881587309,22.8620228584632,24.9627563494007
CBA,Temp,0.820904522613065,SF_early,24.0003481844909,22.8602101906657,24.9609763241447
CBA,Temp,0.825879396984925,SF_early,23.9984040217219,22.8583954764344,24.9591950033579
CBA,Temp,0.830854271356784,SF_early,23.9964557867721,22.8565787726149,24.9574124230271
CBA,Temp,0.835829145728643,SF_early,23.9945035959895,22.8547601360524,24.9556286191394
CBA,Temp,0.840804020100503,SF_early,23.992547565722,22.8529396235924,24.9538436276818
CBA,Temp,0.845778894472362,SF_early,23.9905878123178,22.8511172920802,24.9520574846412
CBA,Temp,0.850753768844221,SF_early,23.9886244521247,22.8492931983613,24.9502702260046
CBA,Temp,0.85572864321608,SF_early,23.9866576014909,22.8474673992809,24.9484818877589
CBA,Temp,0.86070351758794,SF_early,23.9846873767644,22.8456399516846,24.9466925058911
CBA,Temp,0.865678391959799,SF_early,23.9827138942932,22.8438109124176,24.9449021163883
CBA,Temp,0.870653266331658,SF_early,23.9807372704253,22.8419803383253,24.9431107552373
CBA,Temp,0.875628140703518,SF_early,23.9787576215088,22.8401482862531,24.9413184584251
CBA,Temp,0.880603015075377,SF_early,23.9767750638917,22.8383148130465,24.9395252619387
CBA,Temp,0.885577889447236,SF_early,23.9747897139219,22.8364799755507,24.9377312017651
CBA,Temp,0.890552763819096,SF_early,23.9728016879476,22.8346438306112,24.9359363138912
CBA,Temp,0.895527638190955,SF_early,23.9708111023167,22.8328064350733,24.934140634304
CBA,Temp,0.900502512562814,SF_early,23.9688180733773,22.8309678457824,24.9323441989905
CBA,Temp,0.905477386934673,SF_early,23.9668227174774,22.829128119584,24.9301067878357
CBA,Temp,0.910452261306533,SF_early,23.9648251509651,22.8272873133233,24.9277013628938
CBA,Temp,0.915427135678392,SF_early,23.9628254901882,22.8254454838457,24.9252907820658
CBA,Temp,0.920402010050251,SF_early,23.960823851495,22.8236026879968,24.9228753317896
CBA,Temp,0.925376884422111,SF_early,23.9588203512334,22.8217589826217,24.9204552985035
CBA,Temp,0.93035175879397,SF_early,23.9568151057513,22.8199144245659,24.9180309686455
CBA,Temp,0.935326633165829,SF_early,23.954808231397,22.8180690706748,24.9156026286537
CBA,Temp,0.940301507537689,SF_early,23.9527998445183,22.8162229777938,24.9131705649664
CBA,Temp,0.945276381909548,SF_early,23.9507900614633,22.8143762027682,24.9107350640215
CBA,Temp,0.950251256281407,SF_early,23.94877899858,22.8125288024434,24.9082964122573
CBA,Temp,0.955226130653266,SF_early,23.9467667722165,22.8106808336649,24.9058548961119
CBA,Temp,0.960201005025126,SF_early,23.9447534987208,22.8088323532779,24.9034108020233
CBA,Temp,0.965175879396985,SF_early,23.9427392944409,22.8069834181278,24.9009644164298
CBA,Temp,0.970150753768844,SF_early,23.9407242757247,22.8051340850601,24.8985160257693
CBA,Temp,0.975125628140704,SF_early,23.9387085589205,22.8032844109202,24.8960659164802
CBA,Temp,0.980100502512563,SF_early,23.9366922603761,22.8014344525533,24.8936143750004
CBA,Temp,0.985075376884422,SF_early,23.9346754964396,22.7995842668049,24.8911616877681
CBA,Temp,0.990050251256281,SF_early,23.9326583834591,22.7977339105204,24.8887081412214
CBA,Temp,0.995025125628141,SF_early,23.9306410377824,22.7958834405451,24.8862540217985
CBA,Temp,1,SF_early,23.9286235757578,22.7940329137244,24.8837996159375
CBA,Temp,0.01,SF_intermediate,24.2568337948089,23.1042444547871,25.2028987629029
CBA,Temp,0.0149748743718593,SF_intermediate,24.2556055706262,23.1034283442017,25.2019171655447
CBA,Temp,0.0199497487437186,SF_intermediate,24.2543773182124,23.1026120831954,25.2009355364913
CBA,Temp,0.0249246231155779,SF_intermediate,24.2531490093366,23.1017955213472,25.1999538440478
CBA,Temp,0.0298994974874372,SF_intermediate,24.2519206157678,23.1009785082361,25.1989720565189
CBA,Temp,0.0348743718592965,SF_intermediate,24.2506921092748,23.1001608934412,25.1979901422096
CBA,Temp,0.0398492462311558,SF_intermediate,24.2494634616268,23.0993425265415,25.1970080694249
CBA,Temp,0.0448241206030151,SF_intermediate,24.2482346445927,23.0985232571162,25.1960258064695
CBA,Temp,0.0497989949748744,SF_intermediate,24.2470056299415,23.0977029347441,25.1950433216484
CBA,Temp,0.0547738693467337,SF_intermediate,24.2457763894421,23.0968814090045,25.1940605832665
CBA,Temp,0.059748743718593,SF_intermediate,24.2445468948635,23.0960585294763,25.1930775596286
CBA,Temp,0.0647236180904523,SF_intermediate,24.2433171179748,23.0952341457385,25.1920942190398
CBA,Temp,0.0696984924623116,SF_intermediate,24.2420870305449,23.0944081073703,25.1911105298048
CBA,Temp,0.0746733668341709,SF_intermediate,24.2408566043428,23.0935802639506,25.1901264602286
CBA,Temp,0.0796482412060302,SF_intermediate,24.2396258111375,23.0927504650586,25.189141978616
CBA,Temp,0.0846231155778894,SF_intermediate,24.2383946226979,23.0919185602732,25.1881570532721
CBA,Temp,0.0895979899497487,SF_intermediate,24.237163010793,23.0910843991735,25.1871716525016
CBA,Temp,0.094572864321608,SF_intermediate,24.2359309471919,23.0902478313386,25.1861857446094
CBA,Temp,0.0995477386934673,SF_intermediate,24.2346984036634,23.0894087063475,25.1851992979006
CBA,Temp,0.104522613065327,SF_intermediate,24.2334653519767,23.0885668737793,25.1842122806798
CBA,Temp,0.109497487437186,SF_intermediate,24.2322317639006,23.0877221832129,25.1832246612522
CBA,Temp,0.114472361809045,SF_intermediate,24.2309976112042,23.0868744842275,25.1822364079225
CBA,Temp,0.119447236180905,SF_intermediate,24.2297628656564,23.0860236264021,25.1812474889957
CBA,Temp,0.124422110552764,SF_intermediate,24.2285274990262,23.0851694593158,25.1802578727766
CBA,Temp,0.129396984924623,SF_intermediate,24.2272914830826,23.0843118325475,25.1792675275702
CBA,Temp,0.134371859296482,SF_intermediate,24.2260547895946,23.0834505956764,25.1782764216813
CBA,Temp,0.139346733668342,SF_intermediate,24.2248173903312,23.0825855982814,25.1772845234149
CBA,Temp,0.144321608040201,SF_intermediate,24.2235792570612,23.0817166899418,25.1762918010758
CBA,Temp,0.14929648241206,SF_intermediate,24.2223403615539,23.0808437202363,25.1752982229689
CBA,Temp,0.15427135678392,SF_intermediate,24.221100675578,23.0799665387442,25.1743037573992
CBA,Temp,0.159246231155779,SF_intermediate,24.2198601709026,23.0790849950445,25.1733083726716
CBA,Temp,0.164221105527638,SF_intermediate,24.2186188192967,23.0781989387162,25.1723120370908
CBA,Temp,0.169195979899498,SF_intermediate,24.2173765925293,23.0773082193384,25.1713147189619
CBA,Temp,0.174170854271357,SF_intermediate,24.2161334623693,23.0764126864901,25.1703163865898
CBA,Temp,0.179145728643216,SF_intermediate,24.2148894005857,23.0755121897504,25.1693170082793
CBA,Temp,0.184120603015075,SF_intermediate,24.2136443789475,23.0746065786982,25.1683165523353
CBA,Temp,0.189095477386935,SF_intermediate,24.2123983692237,23.0736957029128,25.1673149870627
CBA,Temp,0.194070351758794,SF_intermediate,24.2111513431833,23.072779411973,25.1663122807664
CBA,Temp,0.199045226130653,SF_intermediate,24.2099032725952,23.071857555458,25.1653084017514
CBA,Temp,0.204020100502513,SF_intermediate,24.2086541292285,23.0709299829469,25.1643033183225
CBA,Temp,0.208994974874372,SF_intermediate,24.207403884852,23.0699965440185,25.1632969987846
CBA,Temp,0.213969849246231,SF_intermediate,24.2061525112349,23.0690570882521,25.1622894114426
CBA,Temp,0.21894472361809,SF_intermediate,24.2048999801461,23.0681114652266,25.1612805246015
CBA,Temp,0.22391959798995,SF_intermediate,24.2036462633545,23.0671595245211,25.160270306566
CBA,Temp,0.228894472361809,SF_intermediate,24.2023913326291,23.0662011157146,25.1592587256411
CBA,Temp,0.233869346733668,SF_intermediate,24.201135159739,23.0652360883862,25.1582457501318
CBA,Temp,0.238844221105528,SF_intermediate,24.1998777164531,23.064264292115,25.1572313483429
CBA,Temp,0.243819095477387,SF_intermediate,24.1986189745404,23.06328557648,25.1562154885793
CBA,Temp,0.248793969849246,SF_intermediate,24.1973589057699,23.0622997910601,25.1551981391458
CBA,Temp,0.253768844221106,SF_intermediate,24.1960974819105,23.0613067854346,25.1541792683475
CBA,Temp,0.258743718592965,SF_intermediate,24.1948346747313,23.0603064091824,25.1531588444892
CBA,Temp,0.263718592964824,SF_intermediate,24.1935704560012,23.0592985118825,25.1521368358757
CBA,Temp,0.268693467336683,SF_intermediate,24.1923047974892,23.0582829431141,25.1511132108121
CBA,Temp,0.273668341708543,SF_intermediate,24.1910376709643,23.0572595524561,25.1500879376031
CBA,Temp,0.278643216080402,SF_intermediate,24.1897690481954,23.0562281894877,25.1490609845537
CBA,Temp,0.283618090452261,SF_intermediate,24.1884989009517,23.0551887037878,25.1480323199689
CBA,Temp,0.288592964824121,SF_intermediate,24.1872272010019,23.0541409449356,25.1470019121534
CBA,Temp,0.29356783919598,SF_intermediate,24.1859539201152,23.05308476251,25.1459697294121
CBA,Temp,0.298542713567839,SF_intermediate,24.1846790300604,23.0520200060901,25.1449357400501
CBA,Temp,0.303517587939699,SF_intermediate,24.1834025026067,23.0509465252549,25.1438999123721
CBA,Temp,0.308492462311558,SF_intermediate,24.1821243095229,23.0498641695836,25.1428622146832
CBA,Temp,0.313467336683417,SF_intermediate,24.1808444225781,23.0487727886551,25.141822615288
CBA,Temp,0.318442211055276,SF_intermediate,24.1795628135412,23.0476722320485,25.1407810824917
CBA,Temp,0.323417085427136,SF_intermediate,24.1782794541812,23.0465623493428,25.139737584599
CBA,Temp,0.328391959798995,SF_intermediate,24.1769943162671,23.0454429901171,25.1386920899149
CBA,Temp,0.333366834170854,SF_intermediate,24.1757073715679,23.0443140039505,25.1376445667443
CBA,Temp,0.338341708542714,SF_intermediate,24.1744185918525,23.0431752404219,25.136594983392
CBA,Temp,0.343316582914573,SF_intermediate,24.173127958865,23.042026599124,25.1355432942827
CBA,Temp,0.348291457286432,SF_intermediate,24.1718354942498,23.0408681797033,25.1344893983198
CBA,Temp,0.353266331658292,SF_intermediate,24.1705412296262,23.0397001318198,25.1334331805266
CBA,Temp,0.358241206030151,SF_intermediate,24.1692451966135,23.0385226051337,25.1323745259262
CBA,Temp,0.36321608040201,SF_intermediate,24.1679474268311,23.037335749305,25.1313133195418
CBA,Temp,0.368190954773869,SF_intermediate,24.1666479518985,23.0361397139937,25.1302494463965
CBA,Temp,0.373165829145729,SF_intermediate,24.1653468034349,23.0349346488599,25.1291827915137
CBA,Temp,0.378140703517588,SF_intermediate,24.1640440130598,23.0337207035637,25.1281132399164
CBA,Temp,0.383115577889447,SF_intermediate,24.1627396123925,23.0324980277652,25.1270406766278
CBA,Temp,0.388090452261307,SF_intermediate,24.1614336330524,23.0312667711244,25.1259649866711
CBA,Temp,0.393065326633166,SF_intermediate,24.1601261066589,23.0300270833013,25.1248860550696
CBA,Temp,0.398040201005025,SF_intermediate,24.1588170648313,23.0287791139561,25.1238037668463
CBA,Temp,0.403015075376884,SF_intermediate,24.1575065391891,23.0275230127488,25.1227180070245
CBA,Temp,0.407989949748744,SF_intermediate,24.1561945613515,23.0262589293395,25.1216286606274
CBA,Temp,0.412964824120603,SF_intermediate,24.154881162938,23.0249870133882,25.1205356126781
CBA,Temp,0.417939698492462,SF_intermediate,24.1535663755679,23.023707414555,25.1194387481999
CBA,Temp,0.422914572864322,SF_intermediate,24.1522502308606,23.0224202824999,25.1183379522158
CBA,Temp,0.427889447236181,SF_intermediate,24.1509327604355,23.0211257668831,25.1172331097492
CBA,Temp,0.43286432160804,SF_intermediate,24.149613995912,23.0198240173646,25.1161241058231
CBA,Temp,0.437839195979899,SF_intermediate,24.1482939689094,23.0185151836044,25.1150108254608
CBA,Temp,0.442814070351759,SF_intermediate,24.1469727110471,23.0171994152627,25.1138931536855
CBA,Temp,0.447788944723618,SF_intermediate,24.1456502539444,23.0158768619994,25.1127709755203
CBA,Temp,0.452763819095477,SF_intermediate,24.1443266292208,23.0145476734747,25.1116441759884
CBA,Temp,0.457738693467337,SF_intermediate,24.1430018684956,23.0132119993486,25.110512640113
CBA,Temp,0.462713567839196,SF_intermediate,24.1416760033882,23.0118699892811,25.1093762529173
CBA,Temp,0.467688442211055,SF_intermediate,24.140349065518,23.0105217929324,25.1082348994245
CBA,Temp,0.472663316582915,SF_intermediate,24.1390210865043,23.0091675599625,25.1070884646577
CBA,Temp,0.477638190954774,SF_intermediate,24.1376920979665,23.0078074400315,25.1059368336402
CBA,Temp,0.482613065326633,SF_intermediate,24.136362131524,23.0064415827994,25.1047798913951
CBA,Temp,0.487587939698492,SF_intermediate,24.1350312187961,23.0050701379263,25.1036175229457
CBA,Temp,0.492562814070352,SF_intermediate,24.1336993914023,23.0036932550723,25.102449613315
CBA,Temp,0.497537688442211,SF_intermediate,24.1323666809619,23.0023110838974,25.1012760475263
CBA,Temp,0.50251256281407,SF_intermediate,24.1310331190942,23.0009237740617,25.1000967106027
CBA,Temp,0.50748743718593,SF_intermediate,24.1296987374187,22.9995314752252,25.0989114875675
CBA,Temp,0.512462311557789,SF_intermediate,24.1283635675547,22.9981343370481,25.0977202634439
CBA,Temp,0.517437185929648,SF_intermediate,24.1270276411216,22.9967325091903,25.096522923255
CBA,Temp,0.522412060301508,SF_intermediate,24.1256909897387,22.995326141312,25.0953193520239
CBA,Temp,0.527386934673367,SF_intermediate,24.1243536450255,22.9939153830732,25.094109434774
CBA,Temp,0.532361809045226,SF_intermediate,24.1230156386013,22.992500384134,25.0928930565283
CBA,Temp,0.537336683417085,SF_intermediate,24.1216770020855,22.9910812941544,25.0916701023101
CBA,Temp,0.542311557788945,SF_intermediate,24.1203377670974,22.9896582627945,25.0904404571425
CBA,Temp,0.547286432160804,SF_intermediate,24.1189979652565,22.9882314397144,25.0892040060488
CBA,Temp,0.552261306532663,SF_intermediate,24.117657628182,22.9868009745741,25.0879606340521
CBA,Temp,0.557236180904523,SF_intermediate,24.1163167874934,22.9853670170338,25.0867102261755
CBA,Temp,0.562211055276382,SF_intermediate,24.1149754748101,22.9839297167533,25.0854526674424
CBA,Temp,0.567185929648241,SF_intermediate,24.1136337217514,22.982489223393,25.0841878428758
CBA,Temp,0.572160804020101,SF_intermediate,24.1122915599367,22.9810456866127,25.0829156374989
CBA,Temp,0.57713567839196,SF_intermediate,24.1109490209853,22.9795992560725,25.081635936335
CBA,Temp,0.582110552763819,SF_intermediate,24.1096061365167,22.9781500814326,25.0803486244072
CBA,Temp,0.587085427135679,SF_intermediate,24.1082629381502,22.976698312353,25.0790535867387
CBA,Temp,0.592060301507538,SF_intermediate,24.1069194575051,22.9752440984937,25.0777507083527
CBA,Temp,0.597035175879397,SF_intermediate,24.1055757262009,22.9737875895148,25.0764398742724
CBA,Temp,0.602010050251256,SF_intermediate,24.104231775857,22.9723289350764,25.0751209695209
CBA,Temp,0.606984924623116,SF_intermediate,24.1028876380926,22.9708682848385,25.0737938791215
CBA,Temp,0.611959798994975,SF_intermediate,24.1015433445272,22.9694057884613,25.0724584880973
CBA,Temp,0.616934673366834,SF_intermediate,24.1001989267802,22.9679415956047,25.0711146814715
CBA,Temp,0.621909547738694,SF_intermediate,24.0988544164709,22.9664758559288,25.0697623442672
CBA,Temp,0.626884422110553,SF_intermediate,24.0975098452186,22.9650087190938,25.0684013615078
CBA,Temp,0.631859296482412,SF_intermediate,24.0961652446428,22.9635403347596,25.0670316182164
CBA,Temp,0.636834170854271,SF_intermediate,24.0948206463629,22.9620708525863,25.065652999416
CBA,Temp,0.641809045226131,SF_intermediate,24.0934760819982,22.960600422234,25.06426539013
CBA,Temp,0.64678391959799,SF_intermediate,24.092131583168,22.9591291933628,25.0628686753816
CBA,Temp,0.651758793969849,SF_intermediate,24.0907871814918,22.9576573156327,25.0614627401938
CBA,Temp,0.656733668341709,SF_intermediate,24.089442908589,22.9561849387038,25.0600474695899
CBA,Temp,0.661708542713568,SF_intermediate,24.0880987960788,22.9547122122361,25.0586227485931
CBA,Temp,0.666683417085427,SF_intermediate,24.0867548755807,22.9532392858897,25.0571884622266
CBA,Temp,0.671658291457287,SF_intermediate,24.0854111787141,22.9517663093247,25.0557444955134
CBA,Temp,0.676633165829146,SF_intermediate,24.0840677311838,22.9502934070067,25.0542907773754
CBA,Temp,0.681608040201005,SF_intermediate,24.0827245350369,22.9488206026235,25.052827412328
CBA,Temp,0.686582914572864,SF_intermediate,24.0813815864059,22.9473478946683,25.0513545487852
CBA,Temp,0.691557788944724,SF_intermediate,24.0800388814234,22.9458752816345,25.049872335161
CBA,Temp,0.696532663316583,SF_intermediate,24.078696416222,22.9444027620154,25.0483809198694
CBA,Temp,0.701507537688442,SF_intermediate,24.0773541869343,22.9429303343042,25.0468804513243
CBA,Temp,0.706482412060302,SF_intermediate,24.0760121896927,22.9414579969944,25.0453710779398
CBA,Temp,0.711457286432161,SF_intermediate,24.0746704206299,22.9399857485792,25.0438529481299
CBA,Temp,0.71643216080402,SF_intermediate,24.0733288758784,22.938513587552,25.0423262103085
CBA,Temp,0.721407035175879,SF_intermediate,24.0719875515709,22.937041512406,25.0407910128897
CBA,Temp,0.726381909547739,SF_intermediate,24.0706464438397,22.9355695216345,25.0392475042874
CBA,Temp,0.731356783919598,SF_intermediate,24.0693055488176,22.9340976137309,25.0376958329156
CBA,Temp,0.736331658291457,SF_intermediate,24.0679648626371,22.9326257871885,25.0361361471883
CBA,Temp,0.741306532663317,SF_intermediate,24.0666243814307,22.9311540405006,25.0345685955196
CBA,Temp,0.746281407035176,SF_intermediate,24.065284101331,22.9296823721604,25.0329933263233
CBA,Temp,0.751256281407035,SF_intermediate,24.0639440184705,22.9282107806614,25.0314104880135
CBA,Temp,0.756231155778895,SF_intermediate,24.0626041289819,22.9267392644969,25.0298202290041
CBA,Temp,0.761206030150754,SF_intermediate,24.0612644289977,22.92526782216,25.0282226977093
CBA,Temp,0.766180904522613,SF_intermediate,24.0599249146505,22.9237964521442,25.0266180425429
CBA,Temp,0.771155778894472,SF_intermediate,24.0585855820728,22.9223251529428,25.0250064119189
CBA,Temp,0.776130653266332,SF_intermediate,24.0572464273972,22.920853923049,25.0233879542514
CBA,Temp,0.781105527638191,SF_intermediate,24.0559074467562,22.9193827609562,25.0217628179542
CBA,Temp,0.78608040201005,SF_intermediate,24.0545686362824,22.9179116651577,25.0201311514416
CBA,Temp,0.79105527638191,SF_intermediate,24.0532299921084,22.9164406341468,25.0184931031273
CBA,Temp,0.796030150753769,SF_intermediate,24.0518915103667,22.9149696664169,25.0168488214254
CBA,Temp,0.801005025125628,SF_intermediate,24.05055318719,22.9134987604611,25.0151984547499
CBA,Temp,0.805979899497488,SF_intermediate,24.0492150187107,22.9120279147729,25.0135421515148
CBA,Temp,0.810954773869347,SF_intermediate,24.0478770010614,22.9105571278456,25.011880060134
CBA,Temp,0.815929648241206,SF_intermediate,24.0465391303748,22.9090863981724,25.0102123290216
CBA,Temp,0.820904522613065,SF_intermediate,24.0452014027832,22.9076157242467,25.0085391065916
CBA,Temp,0.825879396984925,SF_intermediate,24.0438638144194,22.9061451045617,25.0068605412579
CBA,Temp,0.830854271356784,SF_intermediate,24.0425263614159,22.9046745376109,25.0051767814345
CBA,Temp,0.835829145728643,SF_intermediate,24.0411890399053,22.9032040218875,25.0034879755354
CBA,Temp,0.840804020100503,SF_intermediate,24.03985184602,22.9017335558848,25.0017942719747
CBA,Temp,0.845778894472362,SF_intermediate,24.0385147758927,22.9002631380961,25.0000958191663
CBA,Temp,0.850753768844221,SF_intermediate,24.037177825656,22.8987927670148,24.9983927655241
CBA,Temp,0.85572864321608,SF_intermediate,24.0358409914423,22.8973224411341,24.9966852594623
CBA,Temp,0.86070351758794,SF_intermediate,24.0345042693843,22.8958521589474,24.9949734493947
CBA,Temp,0.865678391959799,SF_intermediate,24.0331676556146,22.894381918948,24.9932574837354
CBA,Temp,0.870653266331658,SF_intermediate,24.0318311462656,22.8929117196292,24.9915375108983
CBA,Temp,0.875628140703518,SF_intermediate,24.03049473747,22.8914415594842,24.9898136792975
CBA,Temp,0.880603015075377,SF_intermediate,24.0291584253603,22.8899714370065,24.9880861373469
CBA,Temp,0.885577889447236,SF_intermediate,24.027822206069,22.8885013506893,24.9863550334605
CBA,Temp,0.890552763819096,SF_intermediate,24.0264860757288,22.8870312990259,24.9846205160524
CBA,Temp,0.895527638190955,SF_intermediate,24.0251500304723,22.8855612805097,24.9828827335365
CBA,Temp,0.900502512562814,SF_intermediate,24.0238140664319,22.884091293634,24.9811418343267
CBA,Temp,0.905477386934673,SF_intermediate,24.0224781797402,22.882621336892,24.9793979668372
CBA,Temp,0.910452261306533,SF_intermediate,24.0211423665298,22.8811514087771,24.9776512794818
CBA,Temp,0.915427135678392,SF_intermediate,24.0198066229333,22.8796815077825,24.9759019206746
CBA,Temp,0.920402010050251,SF_intermediate,24.0184709450832,22.8782116324017,24.9741500388296
CBA,Temp,0.925376884422111,SF_intermediate,24.0171353291121,22.8767417811279,24.9723957823607
CBA,Temp,0.93035175879397,SF_intermediate,24.0157997711525,22.8752719524545,24.970639299682
CBA,Temp,0.935326633165829,SF_intermediate,24.014464267337,22.8738021448747,24.9688807392074
CBA,Temp,0.940301507537689,SF_intermediate,24.0131288137983,22.8723323568818,24.9671202493509
CBA,Temp,0.945276381909548,SF_intermediate,24.0117934066687,22.8708625869692,24.9653579785265
CBA,Temp,0.950251256281407,SF_intermediate,24.010458042081,22.8693928336301,24.9635940751482
CBA,Temp,0.955226130653266,SF_intermediate,24.0091227161676,22.867923095358,24.9618286876301
CBA,Temp,0.960201005025126,SF_intermediate,24.0077874250612,22.866453370646,24.960061964386
CBA,Temp,0.965175879396985,SF_intermediate,24.0064521648943,22.8649836579875,24.95829405383
CBA,Temp,0.970150753768844,SF_intermediate,24.0051169317994,22.8635139558759,24.956525104376
CBA,Temp,0.975125628140704,SF_intermediate,24.0037817219091,22.8620442628044,24.9547552644381
CBA,Temp,0.980100502512563,SF_intermediate,24.002446531356,22.8605745772664,24.9529846824303
CBA,Temp,0.985075376884422,SF_intermediate,24.0011113562727,22.8591048977551,24.9512135067665
CBA,Temp,0.990050251256281,SF_intermediate,23.9997761927917,22.8576352227638,24.9494418858607
CBA,Temp,0.995025125628141,SF_intermediate,23.9984410370455,22.856165550786,24.9476699681269
CBA,Temp,1,SF_intermediate,23.9971058851668,22.8546958803148,24.9458979019792
CBA,Temp,0.01,SF_advanced,24.2725365134868,23.1204555318933,25.2502828899673
CBA,Temp,0.0149748743718593,SF_advanced,24.2714742689053,23.1196360172568,25.2488658546075
CBA,Temp,0.0199497487437186,SF_advanced,24.2704118228402,23.1188162789465,25.247448829924
CBA,Temp,0.0249246231155779,SF_advanced,24.2693489738079,23.1179960932885,25.2460318265929
CBA,Temp,0.0298994974874372,SF_advanced,24.2682855203251,23.1171752366091,25.2446148552905
CBA,Temp,0.0348743718592965,SF_advanced,24.2672212609081,23.1163534852344,25.243197926693
CBA,Temp,0.0398492462311558,SF_advanced,24.2661559940733,23.1155306154905,25.2417810514766
CBA,Temp,0.0448241206030151,SF_advanced,24.2650895183373,23.1147064037037,25.2403642403175
CBA,Temp,0.0497989949748744,SF_advanced,24.2640216322164,23.1138806262002,25.2389475038919
CBA,Temp,0.0547738693467337,SF_advanced,24.2629521342272,23.113053059306,25.2374974451843
CBA,Temp,0.059748743718593,SF_advanced,24.261880822886,23.1122234793475,25.2359553039557
CBA,Temp,0.0647236180904523,SF_advanced,24.2608074967094,23.1113916626507,25.2344135645213
CBA,Temp,0.0696984924623116,SF_advanced,24.2597319542138,23.1105573855418,25.2328722670604
CBA,Temp,0.0746733668341709,SF_advanced,24.2586539939157,23.1097204243471,25.2313314517525
CBA,Temp,0.0796482412060302,SF_advanced,24.2575734143314,23.1088805553926,25.2297911587769
CBA,Temp,0.0846231155778894,SF_advanced,24.2564900139775,23.1080375550046,25.2282514283131
CBA,Temp,0.0895979899497487,SF_advanced,24.2554035913705,23.1071911995093,25.2267123005405
CBA,Temp,0.094572864321608,SF_advanced,24.2543139450267,23.1063412652328,25.2251738156386
CBA,Temp,0.0995477386934673,SF_advanced,24.2532208734625,23.1054875285013,25.2236360137866
CBA,Temp,0.104522613065327,SF_advanced,24.2521241751946,23.1046297656409,25.2220989351641
CBA,Temp,0.109497487437186,SF_advanced,24.2510236487393,23.1037677529779,25.2205626199504
CBA,Temp,0.114472361809045,SF_advanced,24.2499190926131,23.1029012668385,25.219027108325
CBA,Temp,0.119447236180905,SF_advanced,24.2488103053325,23.1020300835487,25.2174924404673
CBA,Temp,0.124422110552764,SF_advanced,24.2476970854138,23.1011539794348,25.2159586565566
CBA,Temp,0.129396984924623,SF_advanced,24.2465792313735,23.100272730823,25.2144257967725
CBA,Temp,0.134371859296482,SF_advanced,24.2454565417282,23.0993861140394,25.2128939012943
CBA,Temp,0.139346733668342,SF_advanced,24.2443288149942,23.0984939054102,25.2113630103014
CBA,Temp,0.144321608040201,SF_advanced,24.243195849688,23.0975958812616,25.2098331639732
CBA,Temp,0.14929648241206,SF_advanced,24.2420574443261,23.0966918179197,25.2083044024892
CBA,Temp,0.15427135678392,SF_advanced,24.2409133974249,23.0957814917108,25.2067767660287
CBA,Temp,0.159246231155779,SF_advanced,24.2397635075008,23.094864678961,25.2052502947712
CBA,Temp,0.164221105527638,SF_advanced,24.2386075730704,23.0939411559965,25.2037250288962
CBA,Temp,0.169195979899498,SF_advanced,24.2374453926501,23.0930106991434,25.2022010085829
CBA,Temp,0.174170854271357,SF_advanced,24.2362767647563,23.092073084728,25.2006782740108
CBA,Temp,0.179145728643216,SF_advanced,24.2351014879055,23.0911280890764,25.1991568653594
CBA,Temp,0.184120603015075,SF_advanced,24.2339193606141,23.0901754885148,25.197636822808
CBA,Temp,0.189095477386935,SF_advanced,24.2327301813986,23.0892150593694,25.1961181865361
CBA,Temp,0.194070351758794,SF_advanced,24.2315337487755,23.0882465779663,25.194600996723
CBA,Temp,0.199045226130653,SF_advanced,24.2303298612611,23.0872698206318,25.1930852935482
CBA,Temp,0.204020100502513,SF_advanced,24.229118317372,23.0862845636919,25.1915711171911
CBA,Temp,0.208994974874372,SF_advanced,24.2278989156247,23.0852905834729,25.1900585078312
CBA,Temp,0.213969849246231,SF_advanced,24.2266714545355,23.084287656301,25.1885475056477
CBA,Temp,0.21894472361809,SF_advanced,24.2254357326209,23.0832755585023,25.1870381508202
CBA,Temp,0.22391959798995,SF_advanced,24.2241915483974,23.082254066403,25.185530483528
CBA,Temp,0.228894472361809,SF_advanced,24.2229387003814,23.0812229563293,25.1840245439506
CBA,Temp,0.233869346733668,SF_advanced,24.2216769870894,23.0801820046073,25.1825203722674
CBA,Temp,0.238844221105528,SF_advanced,24.2204062070378,23.0791309875633,25.1810180086577
CBA,Temp,0.243819095477387,SF_advanced,24.2191261587431,23.0780696815234,25.179517493301
CBA,Temp,0.248793969849246,SF_advanced,24.2178366407218,23.0769978628138,25.1780188663768
CBA,Temp,0.253768844221106,SF_advanced,24.2165374514902,23.0759153077606,25.1765221680644
CBA,Temp,0.258743718592965,SF_advanced,24.2152283895649,23.0748217926901,25.1750274385432
CBA,Temp,0.263718592964824,SF_advanced,24.2139092534623,23.0737170939284,25.1735347179927
CBA,Temp,0.268693467336683,SF_advanced,24.2125798416989,23.0726009878016,25.1720440465922
CBA,Temp,0.273668341708543,SF_advanced,24.2112399527911,23.0714732506361,25.1705554645212
CBA,Temp,0.278643216080402,SF_advanced,24.2098893852554,23.0703336587579,25.1690690119592
CBA,Temp,0.283618090452261,SF_advanced,24.2085279376081,23.0691819884932,25.1675847290854
CBA,Temp,0.288592964824121,SF_advanced,24.2071554083659,23.0680180161682,25.1661026560793
CBA,Temp,0.29356783919598,SF_advanced,24.2057715960451,23.0668415181091,25.1646228331204
CBA,Temp,0.298542713567839,SF_advanced,24.2043762991621,23.065652270642,25.163145300388
CBA,Temp,0.303517587939699,SF_advanced,24.2029693162335,23.0644500500931,25.1616700980615
CBA,Temp,0.308492462311558,SF_advanced,24.2015504457757,23.0632346327887,25.1601972663205
CBA,Temp,0.313467336683417,SF_advanced,24.2001194863052,23.0620057950548,25.1587268453442
CBA,Temp,0.318442211055276,SF_advanced,24.1986762363383,23.0607633132177,25.1572588753121
CBA,Temp,0.323417085427136,SF_advanced,24.1972204943916,23.0595069636035,25.1557933964036
CBA,Temp,0.328391959798995,SF_advanced,24.1957520589815,23.0582365225384,25.1543304487981
CBA,Temp,0.333366834170854,SF_advanced,24.1942707286245,23.0569517663486,25.1528700726751
CBA,Temp,0.338341708542714,SF_advanced,24.192776301837,23.0556524713603,25.1514123082139
CBA,Temp,0.343316582914573,SF_advanced,24.1912686634024,23.0543384873687,25.1499571570518
CBA,Temp,0.348291457286432,SF_advanced,24.1897480431721,23.0530099580455,25.1485044666574
CBA,Temp,0.353266331658292,SF_advanced,24.1882147572643,23.0516671005315,25.147054045957
CBA,Temp,0.358241206030151,SF_advanced,24.1866691217973,23.0503101319674,25.145605703877
CBA,Temp,0.36321608040201,SF_advanced,24.1851114528895,23.048939269494,25.1441592493439
CBA,Temp,0.368190954773869,SF_advanced,24.183542066659,23.0475547302521,25.142714491284
CBA,Temp,0.373165829145729,SF_advanced,24.1819612792242,23.0461567313824,25.1412712386237
CBA,Temp,0.378140703517588,SF_advanced,24.1803694067033,23.0447454900258,25.1398293002895
CBA,Temp,0.383115577889447,SF_advanced,24.1787667652147,23.0433212233229,25.1383884852076
CBA,Temp,0.388090452261307,SF_advanced,24.1771536708765,23.0418841484145,25.1369486023045
CBA,Temp,0.393065326633166,SF_advanced,24.1755304398072,23.0404344824415,25.1355094605066
CBA,Temp,0.398040201005025,SF_advanced,24.173897388125,23.0389724425445,25.1340708687403
CBA,Temp,0.403015075376884,SF_advanced,24.1722548319481,23.0374982458644,25.132632635932
CBA,Temp,0.407989949748744,SF_advanced,24.1706030873948,23.0360121095419,25.1311945710081
CBA,Temp,0.412964824120603,SF_advanced,24.1689424705835,23.0345142507178,25.1297564828948
CBA,Temp,0.417939698492462,SF_advanced,24.1672732976324,23.0330048865329,25.1283181805188
CBA,Temp,0.422914572864322,SF_advanced,24.1655958846598,23.0314842341278,25.1268794728063
CBA,Temp,0.427889447236181,SF_advanced,24.163910547784,23.0299525106434,25.1254401686837
CBA,Temp,0.43286432160804,SF_advanced,24.1622176031232,23.0284099332205,25.1240000770775
CBA,Temp,0.437839195979899,SF_advanced,24.1605173667957,23.0268567189998,25.1225590069139
CBA,Temp,0.442814070351759,SF_advanced,24.1588101549199,23.0252930851221,25.1211167671195
CBA,Temp,0.447788944723618,SF_advanced,24.157096283614,23.0237192487281,25.1196731666206
CBA,Temp,0.452763819095477,SF_advanced,24.1553760689963,23.0221354269587,25.1182280143437
CBA,Temp,0.457738693467337,SF_advanced,24.153649827185,23.0205418369546,25.116781119215
CBA,Temp,0.462713567839196,SF_advanced,24.1519178742985,23.0189386958565,25.1153322901609
CBA,Temp,0.467688442211055,SF_advanced,24.150180526455,23.0173262208052,25.113881336108
CBA,Temp,0.472663316582915,SF_advanced,24.1484380997728,23.0157046289415,25.1124280659825
CBA,Temp,0.477638190954774,SF_advanced,24.1466909103703,23.0140741374062,25.110972288711
CBA,Temp,0.482613065326633,SF_advanced,24.1449392743656,23.01243496334,25.1095138132196
CBA,Temp,0.487587939698492,SF_advanced,24.1431835078771,23.0107873238837,25.1080524484349
CBA,Temp,0.492562814070352,SF_advanced,24.141423927023,23.009131436178,25.1065880032833
CBA,Temp,0.497537688442211,SF_advanced,24.1396608479216,23.0074675173638,25.1051202866911
CBA,Temp,0.50251256281407,SF_advanced,24.1378945866913,23.0057957845818,25.1036491075847
CBA,Temp,0.50748743718593,SF_advanced,24.1361254594503,23.0041164549727,25.1021742748905
CBA,Temp,0.512462311557789,SF_advanced,24.1343537823168,23.0024297456774,25.100695597535
CBA,Temp,0.517437185929648,SF_advanced,24.1325798714092,23.0007358738366,25.0992128844445
CBA,Temp,0.522412060301508,SF_advanced,24.1308040428457,22.999035056591,25.0977259445453
CBA,Temp,0.527386934673367,SF_advanced,24.1290266127447,22.9973275110815,25.096234586764
CBA,Temp,0.532361809045226,SF_advanced,24.1272478972244,22.9956134544488,25.0947386200268
CBA,Temp,0.537336683417085,SF_advanced,24.125468212403,22.9938931038336,25.0932378532603
CBA,Temp,0.542311557788945,SF_advanced,24.1236878743989,22.9921666763768,25.0917320953907
CBA,Temp,0.547286432160804,SF_advanced,24.1219071993304,22.9904343892191,25.0902211553444
CBA,Temp,0.552261306532663,SF_advanced,24.1201265033157,22.9886964595012,25.0887048420479
CBA,Temp,0.557236180904523,SF_advanced,24.1183461024732,22.986953104364,25.0871829644276
CBA,Temp,0.562211055276382,SF_advanced,24.116566312921,22.9852045409482,25.0856553314098
CBA,Temp,0.567185929648241,SF_advanced,24.1147874507775,22.9834509863946,25.0841217519209
CBA,Temp,0.572160804020101,SF_advanced,24.113009832161,22.9816926578439,25.0825820348874
CBA,Temp,0.57713567839196,SF_advanced,24.1112337731898,22.9799297724369,25.0810359892356
CBA,Temp,0.582110552763819,SF_advanced,24.109459589982,22.9781625473144,25.0794834238919
CBA,Temp,0.587085427135679,SF_advanced,24.1076875986561,22.9763911996171,25.0779241477827
CBA,Temp,0.592060301507538,SF_advanced,24.1059181153303,22.9746159464859,25.0763579698344
CBA,Temp,0.597035175879397,SF_advanced,24.1041514561229,22.9728370050614,25.0747846989734
CBA,Temp,0.602010050251256,SF_advanced,24.1023879371521,22.9710545924845,25.0732041441261
CBA,Temp,0.606984924623116,SF_advanced,24.1006278745362,22.9692689258959,25.0716161142188
CBA,Temp,0.611959798994975,SF_advanced,24.0988715843936,22.9674802224363,25.070020418178
CBA,Temp,0.616934673366834,SF_advanced,24.0971193828425,22.9656886992466,25.0684168649301
CBA,Temp,0.621909547738694,SF_advanced,24.0953715860012,22.9638945734676,25.0668052634015
CBA,Temp,0.626884422110553,SF_advanced,24.093628509988,22.9620980622399,25.0651854225185
CBA,Temp,0.631859296482412,SF_advanced,24.0918904709211,22.9602993827043,25.0635571512075
CBA,Temp,0.636834170854271,SF_advanced,24.0901577849189,22.9584987520017,25.061920258395
CBA,Temp,0.641809045226131,SF_advanced,24.0884307680996,22.9566963872728,25.0602745530072
CBA,Temp,0.64678391959799,SF_advanced,24.0867097365815,22.9548925056583,25.0586198439708
CBA,Temp,0.651758793969849,SF_advanced,24.0849950064828,22.953087324299,25.0569559402119
CBA,Temp,0.656733668341709,SF_advanced,24.083286893922,22.9512810603358,25.055282650657
CBA,Temp,0.661708542713568,SF_advanced,24.0815857150172,22.9494739309093,25.0535997842325
CBA,Temp,0.666683417085427,SF_advanced,24.0798917858867,22.9476661531603,25.0519071498649
CBA,Temp,0.671658291457287,SF_advanced,24.0782054226488,22.9458579442296,25.0502045564803
CBA,Temp,0.676633165829146,SF_advanced,24.0765268688314,22.9440494856083,25.0484918704826
CBA,Temp,0.681608040201005,SF_advanced,24.0748560776005,22.9422408161892,25.0467691881836
CBA,Temp,0.686582914572864,SF_advanced,24.0731929295317,22.9404319392151,25.0450366633727
CBA,Temp,0.691557788944724,SF_advanced,24.0715373052006,22.9386228579293,25.0432944498392
CBA,Temp,0.696532663316583,SF_advanced,24.0698890851827,22.9368135755747,25.0415427013722
CBA,Temp,0.701507537688442,SF_advanced,24.0682481500537,22.9350040953945,25.039781571761
CBA,Temp,0.706482412060302,SF_advanced,24.0666143803891,22.9331944206315,25.0380112147949
CBA,Temp,0.711457286432161,SF_advanced,24.0649876567646,22.9313845545289,25.0362317842631
CBA,Temp,0.71643216080402,SF_advanced,24.0633678597557,22.9295745003297,25.0344434339549
CBA,Temp,0.721407035175879,SF_advanced,24.061754869938,22.927764261277,25.0326463176595
CBA,Temp,0.726381909547739,SF_advanced,24.0601485678872,22.9259538406137,25.0308405891661
CBA,Temp,0.731356783919598,SF_advanced,24.0585488341788,22.924143241583,25.0290264022641
CBA,Temp,0.736331658291457,SF_advanced,24.0569555493884,22.922332467428,25.0272039107426
CBA,Temp,0.741306532663317,SF_advanced,24.0553685940916,22.9205215213915,25.025373268391
CBA,Temp,0.746281407035176,SF_advanced,24.053787848864,22.9187104067168,25.0235346289984
CBA,Temp,0.751256281407035,SF_advanced,24.0522131942812,22.9168991266467,25.0216881463541
CBA,Temp,0.756231155778895,SF_advanced,24.0506445109187,22.9150876844245,25.0198339742474
CBA,Temp,0.761206030150754,SF_advanced,24.0490816793523,22.913276083293,25.0179722664674
CBA,Temp,0.766180904522613,SF_advanced,24.0475245801574,22.9114643264954,25.0161031768036
CBA,Temp,0.771155778894472,SF_advanced,24.0459730939096,22.9096524172747,25.014226859045
CBA,Temp,0.776130653266332,SF_advanced,24.0444271011846,22.907840358874,25.012343466981
CBA,Temp,0.781105527638191,SF_advanced,24.0428864825579,22.9060281545363,25.0104531544008
CBA,Temp,0.78608040201005,SF_advanced,24.0413511186052,22.9042158075046,25.0085560750936
CBA,Temp,0.79105527638191,SF_advanced,24.039820889902,22.902403321022,25.0066523828488
CBA,Temp,0.796030150753769,SF_advanced,24.0382956770239,22.9005906983315,25.0047422314554
CBA,Temp,0.801005025125628,SF_advanced,24.0367753605465,22.8987779426761,25.0028257747029
CBA,Temp,0.805979899497488,SF_advanced,24.0352598210454,22.8969650572991,25.0009031663805
CBA,Temp,0.810954773869347,SF_advanced,24.0337489390963,22.8951520454432,24.9989745602773
CBA,Temp,0.815929648241206,SF_advanced,24.0322425952746,22.8933389103517,24.9970401101827
CBA,Temp,0.820904522613065,SF_advanced,24.030740670156,22.8915256552675,24.9950999698858
CBA,Temp,0.825879396984925,SF_advanced,24.029243044316,22.8897122834337,24.993154293176
CBA,Temp,0.830854271356784,SF_advanced,24.0277495983303,22.8878987980934,24.9912032338425
CBA,Temp,0.835829145728643,SF_advanced,24.0262602127745,22.8860852024895,24.9892469456745
CBA,Temp,0.840804020100503,SF_advanced,24.0247747682242,22.8842714998652,24.9872855824614
CBA,Temp,0.845778894472362,SF_advanced,24.0232931452548,22.8824576934634,24.9853192979922
CBA,Temp,0.850753768844221,SF_advanced,24.0218152244421,22.8806437865273,24.9833482460563
CBA,Temp,0.85572864321608,SF_advanced,24.0203408863617,22.8788297822998,24.981372580443
CBA,Temp,0.86070351758794,SF_advanced,24.018870011589,22.8770156840241,24.9793924549415
CBA,Temp,0.865678391959799,SF_advanced,24.0174024806998,22.875201494943,24.977408023341
CBA,Temp,0.870653266331658,SF_advanced,24.0159381742695,22.8733872182998,24.9754194394307
CBA,Temp,0.875628140703518,SF_advanced,24.0144769728739,22.8715728573375,24.973426857
CBA,Temp,0.880603015075377,SF_advanced,24.0130187570885,22.869758415299,24.9714304298381
CBA,Temp,0.885577889447236,SF_advanced,24.0115634074888,22.8679438954274,24.9694303117342
CBA,Temp,0.890552763819096,SF_advanced,24.0101108046505,22.8661293009658,24.9674266564776
CBA,Temp,0.895527638190955,SF_advanced,24.0086608291492,22.8643146351572,24.9654196178575
CBA,Temp,0.900502512562814,SF_advanced,24.0072133615604,22.8624999012447,24.9634093496632
CBA,Temp,0.905477386934673,SF_advanced,24.0057682824598,22.8606851024713,24.9613960056839
CBA,Temp,0.910452261306533,SF_advanced,24.0043254724229,22.8588702420801,24.9593797397089
CBA,Temp,0.915427135678392,SF_advanced,24.0028848120254,22.8570553233141,24.9573607055274
CBA,Temp,0.920402010050251,SF_advanced,24.0014461818428,22.8552403494163,24.9553390569286
CBA,Temp,0.925376884422111,SF_advanced,24.0000094624507,22.8534253236297,24.9533149477019
CBA,Temp,0.93035175879397,SF_advanced,23.9985745344248,22.8516102491976,24.9512885316365
CBA,Temp,0.935326633165829,SF_advanced,23.9971412783405,22.8497951293628,24.9492599625216
CBA,Temp,0.940301507537689,SF_advanced,23.9957095747735,22.8479799673684,24.9472293941464
CBA,Temp,0.945276381909548,SF_advanced,23.9942793042995,22.8461647664575,24.9451969803002
CBA,Temp,0.950251256281407,SF_advanced,23.9928503474939,22.844349529873,24.9431628747723
CBA,Temp,0.955226130653266,SF_advanced,23.9914225849323,22.8425342608582,24.941127231352
CBA,Temp,0.960201005025126,SF_advanced,23.9899958971905,22.8407189626559,24.9390902038284
CBA,Temp,0.965175879396985,SF_advanced,23.9885701648439,22.8389036385093,24.9370519459907
CBA,Temp,0.970150753768844,SF_advanced,23.9871452684682,22.8370882916614,24.9350126116284
CBA,Temp,0.975125628140704,SF_advanced,23.9857210886389,22.8352729253552,24.9329723545305
CBA,Temp,0.980100502512563,SF_advanced,23.9842975059316,22.8334575428338,24.9309313284865
CBA,Temp,0.985075376884422,SF_advanced,23.982874400922,22.8316421473402,24.9288896872854
CBA,Temp,0.990050251256281,SF_advanced,23.9814516541856,22.8298267421175,24.9268475847165
CBA,Temp,0.995025125628141,SF_advanced,23.980029146298,22.8280113304086,24.9248051745692
CBA,Temp,1,SF_advanced,23.9786067578348,22.8261959154568,24.9227626106326
EBA,Temp,0.01,PF,24.9539634416706,24.8240398107714,25.1071472337829
EBA,Temp,0.0149748743718593,PF,24.9575661113377,24.8278042620452,25.1095974944693
EBA,Temp,0.0199497487437186,PF,24.9609654085012,24.8315691452206,25.1120486612436
EBA,Temp,0.0249246231155779,PF,24.9635978646206,24.8353348921991,25.1145016401936
EBA,Temp,0.0298994974874372,PF,24.9662329822938,24.8391019348823,25.1169573374071
EBA,Temp,0.0348743718592965,PF,24.9688716487054,24.8428707051718,25.1194166589719
EBA,Temp,0.0398492462311558,PF,24.97151475104,24.8466416349691,25.121880510976
EBA,Temp,0.0448241206030151,PF,24.9741631764822,24.8504151561758,25.1243497995071
EBA,Temp,0.0497989949748744,PF,24.977407532959,24.8541917006935,25.126825430653
EBA,Temp,0.0547738693467337,PF,24.9809629719308,24.8579717004237,25.1293083105017
EBA,Temp,0.059748743718593,PF,24.9845237732923,24.8617555872681,25.1317993451409
EBA,Temp,0.0647236180904523,PF,24.9880905328646,24.8655437931281,25.1342994406585
EBA,Temp,0.0696984924623116,PF,24.9916638464688,24.8693367499054,25.1368095031423
EBA,Temp,0.0746733668341709,PF,24.9952443099258,24.8731348895014,25.1393304386802
EBA,Temp,0.0796482412060302,PF,24.9988325190568,24.8769386438179,25.14186315336
EBA,Temp,0.0846231155778894,PF,25.0024290696829,24.8807484447563,25.1444085532695
EBA,Temp,0.0895979899497487,PF,25.0060345576252,24.8845647242182,25.1469675444966
EBA,Temp,0.094572864321608,PF,25.0096495787046,24.8883879141052,25.1495410331292
EBA,Temp,0.0995477386934673,PF,25.0132747287423,24.8922184463189,25.1521299252549
EBA,Temp,0.104522613065327,PF,25.0169106035594,24.8961749914186,25.1547351269618
EBA,Temp,0.109497487437186,PF,25.020557798977,24.9002982562268,25.1573575443377
EBA,Temp,0.114472361809045,PF,25.024216910816,24.9044290668899,25.1599980834703
EBA,Temp,0.119447236180905,PF,25.0278885348977,24.9085678007007,25.1626576504475
EBA,Temp,0.124422110552764,PF,25.0315449725233,24.9127148349519,25.1653371513572
EBA,Temp,0.129396984924623,PF,25.0352134918247,24.9168705469363,25.1680374922872
EBA,Temp,0.134371859296482,PF,25.038896708283,24.9210353139466,25.1707595793253
EBA,Temp,0.139346733668342,PF,25.0425952342795,24.9252095132755,25.1735043185593
EBA,Temp,0.144321608040201,PF,25.046309682196,24.9293935222158,25.1762726160772
EBA,Temp,0.14929648241206,PF,25.0500406644138,24.9335877180603,25.1790653779668
EBA,Temp,0.15427135678392,PF,25.0537887933147,24.9377924781017,25.1818835103158
EBA,Temp,0.159246231155779,PF,25.05755468128,24.9420081796328,25.1847279192121
EBA,Temp,0.164221105527638,PF,25.0613389406913,24.9462351999462,25.1875995107436
EBA,Temp,0.169195979899498,PF,25.0651421839302,24.9504739163347,25.1904991909981
EBA,Temp,0.174170854271357,PF,25.0689650233782,24.9547247060912,25.1934278660635
EBA,Temp,0.179145728643216,PF,25.0728080714167,24.9589879465082,25.1963864420275
EBA,Temp,0.184120603015075,PF,25.0766719404275,24.9632640148787,25.1993758249781
EBA,Temp,0.189095477386935,PF,25.0805572427919,24.9675532884952,25.202396921003
EBA,Temp,0.194070351758794,PF,25.0844645908916,24.9718561446507,25.2054506361901
EBA,Temp,0.199045226130653,PF,25.0882843825779,24.9761729606377,25.2085378766272
EBA,Temp,0.204020100502513,PF,25.0920275004273,24.9805041137491,25.2116595484022
EBA,Temp,0.208994974874372,PF,25.0957947441634,24.9848499812776,25.214816557603
EBA,Temp,0.213969849246231,PF,25.0995867323985,24.9892109405159,25.2180098103173
EBA,Temp,0.21894472361809,PF,25.1034040837453,24.9935873687569,25.2212402126329
EBA,Temp,0.22391959798995,PF,25.1073854859707,24.9979796432932,25.2245086706378
EBA,Temp,0.228894472361809,PF,25.1114082445646,25.0023881414176,25.2278160904198
EBA,Temp,0.233869346733668,PF,25.1154469626932,25.0068132404228,25.2311633780667
EBA,Temp,0.238844221105528,PF,25.1195020030732,25.0112553176016,25.2345514396663
EBA,Temp,0.243819095477387,PF,25.1235737284212,25.0157147502468,25.2379811813065
EBA,Temp,0.248793969849246,PF,25.127662501454,25.020191915651,25.2414535090752
EBA,Temp,0.253768844221106,PF,25.1317686848882,25.024687191107,25.2449693290601
EBA,Temp,0.258743718592965,PF,25.1358926414406,25.0292009539076,25.2485295473491
EBA,Temp,0.263718592964824,PF,25.1400347338279,25.0337335813455,25.25213507003
EBA,Temp,0.268693467336683,PF,25.1441953247667,25.0382854507135,25.2557868031907
EBA,Temp,0.273668341708543,PF,25.1483747769737,25.0428569393043,25.2594856529191
EBA,Temp,0.278643216080402,PF,25.1525734531657,25.0474484244106,25.2632325253029
EBA,Temp,0.283618090452261,PF,25.1567482115558,25.0520602833253,25.2670283264299
EBA,Temp,0.288592964824121,PF,25.1609489467733,25.056692893341,25.2708739623882
EBA,Temp,0.29356783919598,PF,25.1651779069321,25.0613466317504,25.2747703392654
EBA,Temp,0.298542713567839,PF,25.1693398522607,25.0660218758465,25.2787183631494
EBA,Temp,0.303517587939699,PF,25.1733940077763,25.0707190029218,25.282718940128
EBA,Temp,0.308492462311558,PF,25.1774893457565,25.0754383902691,25.2867729762892
EBA,Temp,0.313467336683417,PF,25.1816265642091,25.0801804151812,25.2908813777207
EBA,Temp,0.318442211055276,PF,25.1860300273235,25.0849454549509,25.2950450505103
EBA,Temp,0.323417085427136,PF,25.1905229034953,25.0897338868708,25.299264900746
EBA,Temp,0.328391959798995,PF,25.1950547522532,25.0945460882337,25.3035418345155
EBA,Temp,0.333366834170854,PF,25.1996261922097,25.0993824363324,25.3078767579066
EBA,Temp,0.338341708542714,PF,25.2042406083031,25.1042433084596,25.3122705770074
EBA,Temp,0.343316582914573,PF,25.2089497394057,25.1091285615861,25.3167234659435
EBA,Temp,0.348291457286432,PF,25.213699092504,25.1140359713954,25.3212326709933
EBA,Temp,0.353266331658292,PF,25.2182956838716,25.1189627932486,25.3257947064731
EBA,Temp,0.358241206030151,PF,25.2229172173892,25.1239062825074,25.3304060866991
EBA,Temp,0.36321608040201,PF,25.227560918737,25.128863694533,25.3350633259878
EBA,Temp,0.368190954773869,PF,25.2322240135952,25.133832284687,25.3397629386553
EBA,Temp,0.373165829145729,PF,25.2369037276439,25.1388093083306,25.344501439018
EBA,Temp,0.378140703517588,PF,25.2415972865635,25.1437920208253,25.3492753413922
EBA,Temp,0.383115577889447,PF,25.246301916034,25.1487776775324,25.3540811600942
EBA,Temp,0.388090452261307,PF,25.2510148417356,25.1537635338135,25.3589154094403
EBA,Temp,0.393065326633166,PF,25.2557332893485,25.1587468450299,25.3637746037468
EBA,Temp,0.398040201005025,PF,25.2604544845529,25.1636461074139,25.36865525733
EBA,Temp,0.403015075376884,PF,25.2651756530289,25.1685422812871,25.3735538845062
EBA,Temp,0.407989949748744,PF,25.2698940204568,25.1734364522347,25.3784669995917
EBA,Temp,0.412964824120603,PF,25.2746068125167,25.1783257146146,25.3833911169029
EBA,Temp,0.417939698492462,PF,25.2793112548888,25.1832071627853,25.388322750756
EBA,Temp,0.422914572864322,PF,25.2840045732533,25.1880778911047,25.3932584154673
EBA,Temp,0.427889447236181,PF,25.2886839932903,25.1929349939312,25.3981946253532
EBA,Temp,0.43286432160804,PF,25.29334674068,25.1977755656229,25.4031278947299
EBA,Temp,0.437839195979899,PF,25.2979900411027,25.202596700538,25.4080547379137
EBA,Temp,0.442814070351759,PF,25.3028393452278,25.2073954930348,25.412971669221
EBA,Temp,0.447788944723618,PF,25.3080348397109,25.2121690374713,25.4178752029681
EBA,Temp,0.452763819095477,PF,25.3132104225973,25.2169144282058,25.4227618534712
EBA,Temp,0.457738693467337,PF,25.3183624842993,25.2216287595965,25.4276281350466
EBA,Temp,0.462713567839196,PF,25.3234874152292,25.2263091260016,25.4324705620108
EBA,Temp,0.467688442211055,PF,25.3285816057991,25.2309526217793,25.4372856486799
EBA,Temp,0.472663316582915,PF,25.3336414464213,25.2355563412877,25.4420699093703
EBA,Temp,0.477638190954774,PF,25.338663327508,25.240117378885,25.4468198583982
EBA,Temp,0.482613065326633,PF,25.3436436394715,25.2446328289296,25.4515320100801
EBA,Temp,0.487587939698492,PF,25.348578772724,25.2490997857794,25.4562028787321
EBA,Temp,0.492562814070352,PF,25.3534651176778,25.2535153437928,25.4608289786707
EBA,Temp,0.497537688442211,PF,25.3579579047347,25.2578765973279,25.465406824212
EBA,Temp,0.50251256281407,PF,25.3621796900521,25.262180640743,25.4699329296724
EBA,Temp,0.50748743718593,PF,25.3663458774469,25.2663478963834,25.4744038093683
EBA,Temp,0.512462311557789,PF,25.3704535877398,25.2704467344686,25.4788159776158
EBA,Temp,0.517437185929648,PF,25.3744999417511,25.2744744115244,25.4831659487314
EBA,Temp,0.522412060301508,PF,25.3784820603015,25.2784281829119,25.4874502370313
EBA,Temp,0.527386934673367,PF,25.3823970642114,25.2823053039927,25.4916653568318
EBA,Temp,0.532361809045226,PF,25.3862420743014,25.2861030301282,25.4958078224492
EBA,Temp,0.537336683417085,PF,25.3900142113921,25.2898186166796,25.4998741481999
EBA,Temp,0.542311557788945,PF,25.3937105963039,25.2934493190086,25.5038608484001
EBA,Temp,0.547286432160804,PF,25.3973283498574,25.2969923924764,25.5077644373661
EBA,Temp,0.552261306532663,PF,25.4008645928731,25.3004450924445,25.5115814294143
EBA,Temp,0.557236180904523,PF,25.4043164461716,25.3038046742743,25.515308338861
EBA,Temp,0.562211055276382,PF,25.4076810305733,25.3070683933271,25.5189416800224
EBA,Temp,0.567185929648241,PF,25.4109554668988,25.3102335049645,25.5224779672149
EBA,Temp,0.572160804020101,PF,25.4141368759687,25.3132972645477,25.5259137147547
EBA,Temp,0.57713567839196,PF,25.4172223786034,25.3162569274382,25.5292454369582
EBA,Temp,0.582110552763819,PF,25.4202090956235,25.3191097489974,25.5324696481417
EBA,Temp,0.587085427135679,PF,25.4230941478495,25.3218529845867,25.5355828626214
EBA,Temp,0.592060301507538,PF,25.425874656102,25.3244838895676,25.5385815947137
EBA,Temp,0.597035175879397,PF,25.4285477412014,25.3269997193013,25.5414623587349
EBA,Temp,0.602010050251256,PF,25.4311105239683,25.3293977291494,25.5442216690014
EBA,Temp,0.606984924623116,PF,25.4335601252232,25.3316751744732,25.5468560398293
EBA,Temp,0.611959798994975,PF,25.4358936657868,25.3338293106341,25.549361985535
EBA,Temp,0.616934673366834,PF,25.4381082664793,25.3358573929936,25.5517360204348
EBA,Temp,0.621909547738694,PF,25.4402010481216,25.337756676913,25.553974658845
EBA,Temp,0.626884422110553,PF,25.4421691315339,25.3395244177537,25.5560744150819
EBA,Temp,0.631859296482412,PF,25.4440096375369,25.3411578708772,25.5580318034618
EBA,Temp,0.636834170854271,PF,25.4457196869512,25.3426542916448,25.5598433383011
EBA,Temp,0.641809045226131,PF,25.4472964005971,25.3440109354181,25.561505533916
EBA,Temp,0.64678391959799,PF,25.4487368992953,25.3452250575582,25.5630149046228
EBA,Temp,0.651758793969849,PF,25.4500383038663,25.3462939134268,25.5643679647379
EBA,Temp,0.656733668341709,PF,25.4511977351307,25.3472147583851,25.5655612285774
EBA,Temp,0.661708542713568,PF,25.4522123139088,25.3479848477946,25.5665912104579
EBA,Temp,0.666683417085427,PF,25.4530791610214,25.3486014370167,25.5674544246955
EBA,Temp,0.671658291457287,PF,25.4537953972888,25.3490617814128,25.5681473856065
EBA,Temp,0.676633165829146,PF,25.454359010996,25.3493639952726,25.5686676271895
EBA,Temp,0.681608040201005,PF,25.4547714602851,25.3495096285991,25.5690167621714
EBA,Temp,0.686582914572864,PF,25.4550350707624,25.3495010903235,25.5691974229616
EBA,Temp,0.691557788944724,PF,25.4551521680345,25.3493407893772,25.5692122419693
EBA,Temp,0.696532663316583,PF,25.4551250777078,25.3490311346914,25.5690638516037
EBA,Temp,0.701507537688442,PF,25.4549561253886,25.3485745351974,25.5687548842742
EBA,Temp,0.706482412060302,PF,25.4546476366835,25.3479733998265,25.5682879723898
EBA,Temp,0.711457286432161,PF,25.4542019371988,25.3472301375099,25.56766574836
EBA,Temp,0.71643216080402,PF,25.453621352541,25.3463471571791,25.5668908445938
EBA,Temp,0.721407035175879,PF,25.4529082083166,25.3453268677651,25.5659658935007
EBA,Temp,0.726381909547739,PF,25.4520648301319,25.3441716781994,25.5648935274897
EBA,Temp,0.731356783919598,PF,25.4510935435934,25.3428839974131,25.5636763789702
EBA,Temp,0.736331658291457,PF,25.4499966743076,25.3414662343377,25.5623170803515
EBA,Temp,0.741306532663317,PF,25.4487765478808,25.3399207979043,25.5608182640426
EBA,Temp,0.746281407035176,PF,25.4474354899195,25.3382500970442,25.559182562453
EBA,Temp,0.751256281407035,PF,25.4459758260301,25.3364565406888,25.5574126079919
EBA,Temp,0.756231155778895,PF,25.444399881819,25.3345425377693,25.5555110330684
EBA,Temp,0.761206030150754,PF,25.4427099828928,25.3325104972169,25.5534804700918
EBA,Temp,0.766180904522613,PF,25.4404707115477,25.3303628279631,25.5513235514715
EBA,Temp,0.771155778894472,PF,25.4380580087224,25.328101938939,25.5490429096166
EBA,Temp,0.776130653266332,PF,25.4355246948368,25.3257302390759,25.5466411769364
EBA,Temp,0.781105527638191,PF,25.4328733918704,25.3232501373051,25.54412098584
EBA,Temp,0.78608040201005,PF,25.4301067218027,25.320664042558,25.5414849687369
EBA,Temp,0.79105527638191,PF,25.4272273066135,25.3179743637657,25.5387357580362
EBA,Temp,0.796030150753769,PF,25.4242377682822,25.3151835098595,25.5358759861471
EBA,Temp,0.801005025125628,PF,25.4211407287884,25.3122938897709,25.532908285479
EBA,Temp,0.805979899497488,PF,25.4179388101118,25.3093079124309,25.529835288441
EBA,Temp,0.810954773869347,PF,25.4146346342317,25.306227986771,25.5266596274424
EBA,Temp,0.815929648241206,PF,25.411230823128,25.3030565217223,25.5233839348925
EBA,Temp,0.820904522613065,PF,25.40772999878,25.2997959262162,25.5200108432004
EBA,Temp,0.825879396984925,PF,25.4041347831674,25.296448609184,25.5165429847755
EBA,Temp,0.830854271356784,PF,25.4004477982698,25.2930169795569,25.512982992027
EBA,Temp,0.835829145728643,PF,25.3966716660667,25.2895034462662,25.5093334973641
EBA,Temp,0.840804020100503,PF,25.3928090085377,25.2859104182432,25.5055971331961
EBA,Temp,0.845778894472362,PF,25.3888624476623,25.2822403044192,25.5017765319322
EBA,Temp,0.850753768844221,PF,25.3848346054203,25.2784955137255,25.4978743259817
EBA,Temp,0.85572864321608,PF,25.380728103791,25.2746784550933,25.4938931477538
EBA,Temp,0.86070351758794,PF,25.3765455647541,25.2707915374539,25.4898356296577
EBA,Temp,0.865678391959799,PF,25.3722896102892,25.2668371697386,25.4857044041028
EBA,Temp,0.870653266331658,PF,25.3679628623759,25.2628177608787,25.4815021034982
EBA,Temp,0.875628140703518,PF,25.3635679429936,25.2587357198055,25.4772313602533
EBA,Temp,0.880603015075377,PF,25.3594546149703,25.2545934554503,25.4728948067771
EBA,Temp,0.885577889447236,PF,25.3554364548729,25.2503933767443,25.4684950754791
EBA,Temp,0.890552763819096,PF,25.3513626996026,25.2461378926188,25.4640347987684
EBA,Temp,0.895527638190955,PF,25.3473522468239,25.2418294120051,25.4595166090543
EBA,Temp,0.900502512562814,PF,25.3433259661566,25.2374703438344,25.454943138746
EBA,Temp,0.905477386934673,PF,25.3392534387262,25.2330630970382,25.4503170202528
EBA,Temp,0.910452261306533,PF,25.3351369768708,25.2286100805476,25.445640885984
EBA,Temp,0.915427135678392,PF,25.3309788929285,25.2241137032939,25.4409173683486
EBA,Temp,0.920402010050251,PF,25.3267814992375,25.2195763742084,25.4361490997562
EBA,Temp,0.925376884422111,PF,25.322547108136,25.2150005022224,25.4313387126157
EBA,Temp,0.93035175879397,PF,25.3176882855254,25.2103884962672,25.4264888393366
EBA,Temp,0.935326633165829,PF,25.3125959543247,25.2057427652741,25.4216021123281
EBA,Temp,0.940301507537689,PF,25.3080991923039,25.2010657181742,25.4166811639993
EBA,Temp,0.945276381909548,PF,25.3035734241059,25.196359763899,25.4117286267596
EBA,Temp,0.950251256281407,PF,25.2990210669122,25.1916273113797,25.4067471330182
EBA,Temp,0.955226130653266,PF,25.2944445379041,25.1868707695476,25.4017393151843
EBA,Temp,0.960201005025126,PF,25.2898462542632,25.1820925473339,25.3967078056672
EBA,Temp,0.965175879396985,PF,25.284963951855,25.17729505367,25.3916552368761
EBA,Temp,0.970150753768844,PF,25.2798635355205,25.1721806682553,25.3865842412203
EBA,Temp,0.975125628140704,PF,25.2747473696939,25.1665384284486,25.381497451109
EBA,Temp,0.980100502512563,PF,25.2696180792905,25.1608820091794,25.3763974989515
EBA,Temp,0.985075376884422,PF,25.2644782892258,25.1552142463402,25.3712870171571
EBA,Temp,0.990050251256281,PF,25.2593306244149,25.1495379758234,25.3661686381348
EBA,Temp,0.995025125628141,PF,25.2541777097734,25.1438560335217,25.3610449942941
EBA,Temp,1,PF,25.2490221702165,25.1381712553274,25.3559187180442
EBA,Temp,0.01,SF_early,25.5539378274994,25.4509077189261,25.6687277690943
EBA,Temp,0.0149748743718593,SF_early,25.5504910634156,25.4476816805313,25.6652836179929
EBA,Temp,0.0199497487437186,SF_early,25.5470446310279,25.444455788134,25.6618397870118
EBA,Temp,0.0249246231155779,SF_early,25.5435988620321,25.4412301877318,25.6583965962718
EBA,Temp,0.0298994974874372,SF_early,25.5401540881243,25.4380050253222,25.654954365893
EBA,Temp,0.0348743718592965,SF_early,25.5367106410005,25.4347804469029,25.6515134159961
EBA,Temp,0.0398492462311558,SF_early,25.5332688523568,25.4312983470774,25.6480740667015
EBA,Temp,0.0448241206030151,SF_early,25.529829053889,25.4278135588787,25.6446366381297
EBA,Temp,0.0497989949748744,SF_early,25.5263915772933,25.4243314879356,25.641201450401
EBA,Temp,0.0547738693467337,SF_early,25.5229567542655,25.4208525224272,25.637768823636
EBA,Temp,0.059748743718593,SF_early,25.5195249165018,25.4173770505329,25.6343390779551
EBA,Temp,0.0647236180904523,SF_early,25.5160963956981,25.4139054604322,25.6309125334787
EBA,Temp,0.0696984924623116,SF_early,25.5126715235504,25.4104381403043,25.6274895103274
EBA,Temp,0.0746733668341709,SF_early,25.5092506317547,25.4069754783287,25.6240703286216
EBA,Temp,0.0796482412060302,SF_early,25.505834052007,25.4035178626845,25.6206553084817
EBA,Temp,0.0846231155778894,SF_early,25.5024221160034,25.4000656815513,25.6172447700281
EBA,Temp,0.0895979899497487,SF_early,25.4990151554397,25.3966193231084,25.6138390333815
EBA,Temp,0.094572864321608,SF_early,25.4956135020121,25.3931791755351,25.6104384186621
EBA,Temp,0.0995477386934673,SF_early,25.4922174874166,25.3897456270107,25.6070432459905
EBA,Temp,0.104522613065327,SF_early,25.488827443349,25.3863190657146,25.6036538354872
EBA,Temp,0.109497487437186,SF_early,25.4854437015055,25.3828998798262,25.6002705072725
EBA,Temp,0.114472361809045,SF_early,25.482066593582,25.3794884575248,25.5968935814669
EBA,Temp,0.119447236180905,SF_early,25.4786964512745,25.3760851869898,25.593523378191
EBA,Temp,0.124422110552764,SF_early,25.475333606279,25.3726904564004,25.5901602175651
EBA,Temp,0.129396984924623,SF_early,25.4719783902916,25.3693046539362,25.5868044197096
EBA,Temp,0.134371859296482,SF_early,25.4686311350082,25.3659281677763,25.5834563047452
EBA,Temp,0.139346733668342,SF_early,25.4652921721249,25.3625613861002,25.5801161927922
EBA,Temp,0.144321608040201,SF_early,25.4619618333376,25.3592046970872,25.576784403971
EBA,Temp,0.14929648241206,SF_early,25.4586404503423,25.3558584889167,25.5734612584022
EBA,Temp,0.15427135678392,SF_early,25.455328354835,25.352523149768,25.5701470762061
EBA,Temp,0.159246231155779,SF_early,25.4520258785118,25.3491990678205,25.5668421775033
EBA,Temp,0.164221105527638,SF_early,25.4487333530686,25.3458866312535,25.5635468824142
EBA,Temp,0.169195979899498,SF_early,25.4453669515858,25.3425862282463,25.5602615110593
EBA,Temp,0.174170854271357,SF_early,25.441851460274,25.3392982469784,25.556986383559
EBA,Temp,0.179145728643216,SF_early,25.4383513076817,25.336023075629,25.5537218200337
EBA,Temp,0.184120603015075,SF_early,25.4348669586187,25.3327611023775,25.550468140604
EBA,Temp,0.189095477386935,SF_early,25.4313988778947,25.3295127154033,25.5472256653903
EBA,Temp,0.194070351758794,SF_early,25.4279475303192,25.3262783028858,25.543994714513
EBA,Temp,0.199045226130653,SF_early,25.4245133807021,25.3230582530042,25.5407756080925
EBA,Temp,0.204020100502513,SF_early,25.421096893853,25.3198529539379,25.5375686662495
EBA,Temp,0.208994974874372,SF_early,25.4176985345815,25.3166627938663,25.5343742091043
EBA,Temp,0.213969849246231,SF_early,25.4143187676974,25.3134881609687,25.5311925567773
EBA,Temp,0.21894472361809,SF_early,25.4109580580103,25.3103294434245,25.5280240293891
EBA,Temp,0.22391959798995,SF_early,25.40761687033,25.307187029413,25.52486894706
EBA,Temp,0.228894472361809,SF_early,25.404295669466,25.3040613071135,25.5217276299106
EBA,Temp,0.233869346733668,SF_early,25.4009949202282,25.3009526647055,25.5186003980612
EBA,Temp,0.238844221105528,SF_early,25.3977150874261,25.2978614903683,25.5154875716325
EBA,Temp,0.243819095477387,SF_early,25.3944566358694,25.2947881722812,25.5123894707447
EBA,Temp,0.248793969849246,SF_early,25.3912200303679,25.2917330986235,25.5093064155184
EBA,Temp,0.253768844221106,SF_early,25.3880057357313,25.2886966575747,25.506238726074
EBA,Temp,0.258743718592965,SF_early,25.3848142167691,25.2856792373141,25.503186722532
EBA,Temp,0.263718592964824,SF_early,25.3816459382912,25.282681226021,25.5001507250128
EBA,Temp,0.268693467336683,SF_early,25.3785013651071,25.2797030118747,25.497131053637
EBA,Temp,0.273668341708543,SF_early,25.3753809620266,25.2767449830547,25.4941280285248
EBA,Temp,0.278643216080402,SF_early,25.3722851938593,25.2738075277403,25.4911419697969
EBA,Temp,0.283618090452261,SF_early,25.369214525415,25.2708910341108,25.4881731975736
EBA,Temp,0.288592964824121,SF_early,25.3661694215032,25.2679958903455,25.4852220319755
EBA,Temp,0.29356783919598,SF_early,25.363345186414,25.2651224846239,25.4822887931229
EBA,Temp,0.298542713567839,SF_early,25.3605587805279,25.2622712051253,25.4793738011364
EBA,Temp,0.303517587939699,SF_early,25.3577915744616,25.259442440029,25.4764773761364
EBA,Temp,0.308492462311558,SF_early,25.3550438992463,25.2566365775144,25.4735998382433
EBA,Temp,0.313467336683417,SF_early,25.3523160859135,25.2538540057608,25.4707415075776
EBA,Temp,0.318442211055276,SF_early,25.3496084654946,25.2510951129476,25.4679027042597
EBA,Temp,0.323417085427136,SF_early,25.3469213690208,25.2483602872541,25.4650837484102
EBA,Temp,0.328391959798995,SF_early,25.3442551275237,25.2456499168597,25.4622849601494
EBA,Temp,0.333366834170854,SF_early,25.3416862447437,25.2429643899438,25.4595066595979
EBA,Temp,0.338341708542714,SF_early,25.339169959498,25.2403040946856,25.4567491668761
EBA,Temp,0.343316582914573,SF_early,25.3366861187616,25.2376691379616,25.4540125672003
EBA,Temp,0.348291457286432,SF_early,25.3342334370853,25.2350585014361,25.4512960061704
EBA,Temp,0.353266331658292,SF_early,25.331810272533,25.2324708854705,25.4485983944824
EBA,Temp,0.358241206030151,SF_early,25.3294149831686,25.2299049904262,25.4459186428321
EBA,Temp,0.36321608040201,SF_early,25.3270459270563,25.2273595166646,25.4432556619152
EBA,Temp,0.368190954773869,SF_early,25.3247014622599,25.2248331645471,25.4406083624276
EBA,Temp,0.373165829145729,SF_early,25.3223799468435,25.2223246344351,25.4379756550651
EBA,Temp,0.378140703517588,SF_early,25.320079738871,25.2198326266899,25.4353564505237
EBA,Temp,0.383115577889447,SF_early,25.3177991964064,25.2173558416731,25.432749659499
EBA,Temp,0.388090452261307,SF_early,25.3155366775136,25.2148929797458,25.430154192687
EBA,Temp,0.393065326633166,SF_early,25.3132905402568,25.2124427412697,25.4275689607835
EBA,Temp,0.398040201005025,SF_early,25.3110591426997,25.2100038266059,25.4249928744843
EBA,Temp,0.403015075376884,SF_early,25.3088408429065,25.207574936116,25.4224248444853
EBA,Temp,0.407989949748744,SF_early,25.3066126417255,25.2048785519043,25.4198637814822
EBA,Temp,0.412964824120603,SF_early,25.3041286504584,25.2020329636428,25.417308596171
EBA,Temp,0.417939698492462,SF_early,25.3016522280364,25.199185996152,25.4147581992474
EBA,Temp,0.422914572864322,SF_early,25.2991818427126,25.1963369150938,25.4122115014073
EBA,Temp,0.427889447236181,SF_early,25.2967159627402,25.1934849861306,25.4096674133465
EBA,Temp,0.43286432160804,SF_early,25.2942530563723,25.1906294749245,25.4071248457608
EBA,Temp,0.437839195979899,SF_early,25.2917915918621,25.1877696471375,25.4045827093462
EBA,Temp,0.442814070351759,SF_early,25.2893300374626,25.1849047684318,25.4020399147983
EBA,Temp,0.447788944723618,SF_early,25.2868668614271,25.1820341044696,25.3994953728132
EBA,Temp,0.452763819095477,SF_early,25.2844005320086,25.179156920913,25.3969479940865
EBA,Temp,0.457738693467337,SF_early,25.2819295174603,25.1762724834241,25.3943966893141
EBA,Temp,0.462713567839196,SF_early,25.2794522860353,25.1733800576651,25.3918403691919
EBA,Temp,0.467688442211055,SF_early,25.2769673059868,25.1704789092981,25.3892779444157
EBA,Temp,0.472663316582915,SF_early,25.2744730455679,25.1675683039852,25.3867083256813
EBA,Temp,0.477638190954774,SF_early,25.2719679730318,25.1646475073887,25.3841304236845
EBA,Temp,0.482613065326633,SF_early,25.2694505566315,25.1617157851705,25.3815431491213
EBA,Temp,0.487587939698492,SF_early,25.2669192646202,25.1587724029929,25.3789454126873
EBA,Temp,0.492562814070352,SF_early,25.2643725652511,25.155816626518,25.3763361250786
EBA,Temp,0.497537688442211,SF_early,25.2617157934523,25.152847721408,25.3737141969908
EBA,Temp,0.50251256281407,SF_early,25.2588847192238,25.1498649533249,25.3710785391199
EBA,Temp,0.50748743718593,SF_early,25.2560383375458,25.146867587931,25.3684280621616
EBA,Temp,0.512462311557789,SF_early,25.2531756243031,25.1438548908883,25.3657616768118
EBA,Temp,0.517437185929648,SF_early,25.2502955553808,25.1408261278589,25.3630782937663
EBA,Temp,0.522412060301508,SF_early,25.247397106664,25.1377805645052,25.3603768237211
EBA,Temp,0.527386934673367,SF_early,25.2444792540374,25.134717466489,25.3576561773718
EBA,Temp,0.532361809045226,SF_early,25.2415409733862,25.1316360994727,25.3549152654143
EBA,Temp,0.537336683417085,SF_early,25.2385812405954,25.1285357291184,25.3521529985445
EBA,Temp,0.542311557788945,SF_early,25.2355990315499,25.1254156210881,25.3493682874582
EBA,Temp,0.547286432160804,SF_early,25.2325933221346,25.122275041044,25.3465600428512
EBA,Temp,0.552261306532663,SF_early,25.2295630882347,25.1191132546483,25.3437271754194
EBA,Temp,0.557236180904523,SF_early,25.2266071763449,25.1159295275631,25.3408685958586
EBA,Temp,0.562211055276382,SF_early,25.223671557977,25.1127231254505,25.3379832148646
EBA,Temp,0.567185929648241,SF_early,25.2206989254109,25.1094933139727,25.3350699431333
EBA,Temp,0.572160804020101,SF_early,25.2176879705959,25.1062393587918,25.3321276913605
EBA,Temp,0.57713567839196,SF_early,25.2146373854818,25.1029605255699,25.3291553702421
EBA,Temp,0.582110552763819,SF_early,25.211545862018,25.0996560799693,25.3261518904738
EBA,Temp,0.587085427135679,SF_early,25.2084120921541,25.0963252876519,25.3231161627515
EBA,Temp,0.592060301507538,SF_early,25.2052347678398,25.09296741428,25.3200470977711
EBA,Temp,0.597035175879397,SF_early,25.2020125810246,25.0895817255158,25.3169436062283
EBA,Temp,0.602010050251256,SF_early,25.1988307319447,25.0861674870212,25.313804598819
EBA,Temp,0.606984924623116,SF_early,25.195658170705,25.0827239644585,25.3106289862391
EBA,Temp,0.611959798994975,SF_early,25.1924383649826,25.0792504234899,25.3074156791843
EBA,Temp,0.616934673366834,SF_early,25.1891698717787,25.0757461297774,25.3041635883506
EBA,Temp,0.621909547738694,SF_early,25.185851248095,25.0722103489832,25.3008716244337
EBA,Temp,0.626884422110553,SF_early,25.1824810509327,25.0686423467694,25.2975386981294
EBA,Temp,0.631859296482412,SF_early,25.1790578372935,25.0650413887982,25.2941637201337
EBA,Temp,0.636834170854271,SF_early,25.1755801641786,25.0614067407317,25.2907456011423
EBA,Temp,0.641809045226131,SF_early,25.1720465885895,25.0577376682321,25.2872832518511
EBA,Temp,0.64678391959799,SF_early,25.1684556675278,25.0540334369614,25.2837755829559
EBA,Temp,0.651758793969849,SF_early,25.164808626271,25.0502933125818,25.2802215051526
EBA,Temp,0.656733668341709,SF_early,25.1611610673081,25.0465165607555,25.2766199291369
EBA,Temp,0.661708542713568,SF_early,25.1574561550498,25.0427024471446,25.2729697656047
EBA,Temp,0.666683417085427,SF_early,25.1536926253872,25.0388502374112,25.2692699252519
EBA,Temp,0.671658291457287,SF_early,25.1497871101211,25.0349591972175,25.2655193187743
EBA,Temp,0.676633165829146,SF_early,25.1456746557695,25.0310288145264,25.2617171693664
EBA,Temp,0.681608040201005,SF_early,25.1414959958153,25.0270594665037,25.2578639502179
EBA,Temp,0.686582914572864,SF_early,25.1372521488063,25.0230517526161,25.253960447017
EBA,Temp,0.691557788944724,SF_early,25.1330128150859,25.0190062723303,25.2500074454521
EBA,Temp,0.696532663316583,SF_early,25.1288435434876,25.0149236251128,25.2460057312115
EBA,Temp,0.701507537688442,SF_early,25.1246266177626,25.0108044104303,25.2419560899835
EBA,Temp,0.706482412060302,SF_early,25.1203628191262,25.0066492277494,25.2378593074563
EBA,Temp,0.711457286432161,SF_early,25.1160529287934,25.0024586765369,25.2337161693185
EBA,Temp,0.71643216080402,SF_early,25.1116977279795,24.9982333562592,25.2295274612582
EBA,Temp,0.721407035175879,SF_early,25.1072979978998,24.9939738663831,25.2252939689638
EBA,Temp,0.726381909547739,SF_early,25.1028545197692,24.9896808063753,25.2210164781235
EBA,Temp,0.731356783919598,SF_early,25.0983680748032,24.9853547757022,25.2166957744258
EBA,Temp,0.736331658291457,SF_early,25.0938394442168,24.9809963738307,25.2123326435589
EBA,Temp,0.741306532663317,SF_early,25.0892694092252,24.9766062002273,25.2079278712112
EBA,Temp,0.746281407035176,SF_early,25.0846587510437,24.9721848543586,25.2034822430709
EBA,Temp,0.751256281407035,SF_early,25.0800082508874,24.9677329356913,25.1989965448264
EBA,Temp,0.756231155778895,SF_early,25.0753186899716,24.9632510436921,25.194471562166
EBA,Temp,0.761206030150754,SF_early,25.0707212852029,24.9587397778275,25.189908080778
EBA,Temp,0.766180904522613,SF_early,25.0661285349366,24.9541997375643,25.1853068863508
EBA,Temp,0.771155778894472,SF_early,25.0615035472858,24.949631522369,25.1806687645726
EBA,Temp,0.776130653266332,SF_early,25.0568470081524,24.9450357317083,25.1759945011318
EBA,Temp,0.781105527638191,SF_early,25.0519330987653,24.9404129650489,25.1712848817167
EBA,Temp,0.78608040201005,SF_early,25.046938094918,24.9357638218573,25.1665406920156
EBA,Temp,0.79105527638191,SF_early,25.0417716953128,24.9310889016002,25.1617627177168
EBA,Temp,0.796030150753769,SF_early,25.0365173291878,24.9263888037443,25.1569517445087
EBA,Temp,0.801005025125628,SF_early,25.0312248654345,24.9216641277562,25.1521085580795
EBA,Temp,0.805979899497488,SF_early,25.0258952332635,24.9169154731025,25.1472339441176
EBA,Temp,0.810954773869347,SF_early,25.0205293618851,24.9121434392499,25.1423286883113
EBA,Temp,0.815929648241206,SF_early,25.0151281805098,24.907348625665,25.137393576349
EBA,Temp,0.820904522613065,SF_early,25.0096926183481,24.9025316318144,25.1324293939188
EBA,Temp,0.825879396984925,SF_early,25.0042236046103,24.8976930571648,25.1274369267093
EBA,Temp,0.830854271356784,SF_early,24.998722068507,24.8928335011829,25.1224169604085
EBA,Temp,0.835829145728643,SF_early,24.9931889392486,24.8879535633352,25.117370280705
EBA,Temp,0.840804020100503,SF_early,24.9876251460455,24.8830538430884,25.112297673287
EBA,Temp,0.845778894472362,SF_early,24.9820316181081,24.8781349399092,25.1071999238428
EBA,Temp,0.850753768844221,SF_early,24.976409284647,24.8731974532642,25.1020778180608
EBA,Temp,0.85572864321608,SF_early,24.9707590748726,24.8682419826199,25.0969321416292
EBA,Temp,0.86070351758794,SF_early,24.9650819179952,24.8632691274432,25.0917636802364
EBA,Temp,0.865678391959799,SF_early,24.9593787432255,24.8582794872005,25.0865732195707
EBA,Temp,0.870653266331658,SF_early,24.9536504797737,24.8532736613586,25.0813615453204
EBA,Temp,0.875628140703518,SF_early,24.9478980568503,24.848252249384,25.0761294431738
EBA,Temp,0.880603015075377,SF_early,24.9421224036658,24.8432158507435,25.0708776988193
EBA,Temp,0.885577889447236,SF_early,24.9363244494307,24.8381650649037,25.0656070979452
EBA,Temp,0.890552763819096,SF_early,24.9305051233553,24.8331004913311,25.0603184262397
EBA,Temp,0.895527638190955,SF_early,24.9246653546502,24.8280227294925,25.0550124693913
EBA,Temp,0.900502512562814,SF_early,24.9188060725257,24.8229323788544,25.0496900130882
EBA,Temp,0.905477386934673,SF_early,24.9129620175672,24.8178300388836,25.0443518430187
EBA,Temp,0.910452261306533,SF_early,24.9072344291275,24.8127163090466,25.0389987448712
EBA,Temp,0.915427135678392,SF_early,24.9014903141605,24.8075917888101,25.0336315043339
EBA,Temp,0.920402010050251,SF_early,24.8957305908066,24.8024570776407,25.0282509070953
EBA,Temp,0.925376884422111,SF_early,24.8899561772062,24.7973127750051,25.0228577388435
EBA,Temp,0.93035175879397,SF_early,24.8841679914997,24.79215948037,25.017452785267
EBA,Temp,0.935326633165829,SF_early,24.8783669518276,24.7869977932019,25.012036832054
EBA,Temp,0.940301507537689,SF_early,24.8726675011062,24.7818283129674,25.0066106648929
EBA,Temp,0.945276381909548,SF_early,24.867125544928,24.7764993868471,25.001175069472
EBA,Temp,0.950251256281407,SF_early,24.8615747987426,24.7706746491868,24.9957308314796
EBA,Temp,0.955226130653266,SF_early,24.8560160616414,24.7648406000191,24.990278736604
EBA,Temp,0.960201005025126,SF_early,24.850438427653,24.7589981704945,24.9848195705336
EBA,Temp,0.965175879396985,SF_early,24.8440794472136,24.753148291764,24.9793541189566
EBA,Temp,0.970150753768844,SF_early,24.8377130913244,24.7472918949782,24.9738831675614
EBA,Temp,0.975125628140704,SF_early,24.8316060685346,24.7414299112879,24.9684075020362
EBA,Temp,0.980100502512563,SF_early,24.8257306594896,24.7355632718438,24.9629279080695
EBA,Temp,0.985075376884422,SF_early,24.819851577883,24.7296929077967,24.9574451713495
EBA,Temp,0.990050251256281,SF_early,24.8139697418551,24.7238765027763,24.9519600775646
EBA,Temp,0.995025125628141,SF_early,24.8080860695465,24.7183344615219,24.946473412403
EBA,Temp,1,SF_early,24.8022014790974,24.7127915606258,24.9409859615531
EBA,Temp,0.01,SF_intermediate,25.6106493109589,25.5060758186042,25.7354155056133
EBA,Temp,0.0149748743718593,SF_intermediate,25.6073861250836,25.5030263007205,25.7322912454353
EBA,Temp,0.0199497487437186,SF_intermediate,25.6039065015975,25.4999769846962,25.7291670727834
EBA,Temp,0.0249246231155779,SF_intermediate,25.6004274889758,25.4969280723906,25.7260430751838
EBA,Temp,0.0298994974874372,SF_intermediate,25.5969493926506,25.4938797656631,25.7229193401624
EBA,Temp,0.0348743718592965,SF_intermediate,25.5934725180543,25.490832266373,25.7197959552454
EBA,Temp,0.0398492462311558,SF_intermediate,25.5901896936606,25.4877857763797,25.7166730079588
EBA,Temp,0.0448241206030151,SF_intermediate,25.5869163437575,25.4847404975425,25.7135505858288
EBA,Temp,0.0497989949748744,SF_intermediate,25.5836447877362,25.4816966317209,25.7104287763815
EBA,Temp,0.0547738693467337,SF_intermediate,25.5803752818655,25.478654380774,25.707307667143
EBA,Temp,0.059748743718593,SF_intermediate,25.5771080824143,25.4756139465614,25.7041873456393
EBA,Temp,0.0647236180904523,SF_intermediate,25.5738434456514,25.4725755309424,25.7010678993965
EBA,Temp,0.0696984924623116,SF_intermediate,25.5705876269702,25.4695393357763,25.6979494159408
EBA,Temp,0.0746733668341709,SF_intermediate,25.5674227273598,25.4665055629224,25.6948319827982
EBA,Temp,0.0796482412060302,SF_intermediate,25.5642612174914,25.4634744142402,25.6917156874948
EBA,Temp,0.0846231155778894,SF_intermediate,25.5611033581146,25.460446091589,25.6886006175567
EBA,Temp,0.0895979899497487,SF_intermediate,25.5579494099785,25.4574207968281,25.6854868605101
EBA,Temp,0.094572864321608,SF_intermediate,25.5547996338328,25.454398731817,25.682374503881
EBA,Temp,0.0995477386934673,SF_intermediate,25.5516542904266,25.4513800984149,25.6792636351955
EBA,Temp,0.104522613065327,SF_intermediate,25.5485136405095,25.4483650984812,25.6761543419796
EBA,Temp,0.109497487437186,SF_intermediate,25.5453779448309,25.4453539338753,25.6730467117596
EBA,Temp,0.114472361809045,SF_intermediate,25.54224746414,25.4423468064565,25.6699408320615
EBA,Temp,0.119447236180905,SF_intermediate,25.5391224591863,25.4393279865995,25.6668367904113
EBA,Temp,0.124422110552764,SF_intermediate,25.5361694791186,25.436014738217,25.6637346743352
EBA,Temp,0.129396984924623,SF_intermediate,25.533398583766,25.4327097053479,25.6606345713593
EBA,Temp,0.134371859296482,SF_intermediate,25.5306304185433,25.4294132451882,25.6575365690097
EBA,Temp,0.139346733668342,SF_intermediate,25.5278650972058,25.4261257149343,25.6544407548124
EBA,Temp,0.144321608040201,SF_intermediate,25.5251027335089,25.4228474717823,25.6513472162936
EBA,Temp,0.14929648241206,SF_intermediate,25.522343441208,25.4195788729286,25.6482560409793
EBA,Temp,0.15427135678392,SF_intermediate,25.5195873340586,25.4163202755692,25.6451673163957
EBA,Temp,0.159246231155779,SF_intermediate,25.516834525816,25.4130720369005,25.6420811300688
EBA,Temp,0.164221105527638,SF_intermediate,25.5140851302356,25.4098345141187,25.6389975695247
EBA,Temp,0.169195979899498,SF_intermediate,25.5113392610729,25.4066080644201,25.6359167222895
EBA,Temp,0.174170854271357,SF_intermediate,25.5085970320833,25.4033930450007,25.6328386758894
EBA,Temp,0.179145728643216,SF_intermediate,25.5058585570222,25.4001898130569,25.6297635178504
EBA,Temp,0.184120603015075,SF_intermediate,25.5031239496449,25.3969987257849,25.6266913356986
EBA,Temp,0.189095477386935,SF_intermediate,25.500393323707,25.393820140381,25.6236222169601
EBA,Temp,0.194070351758794,SF_intermediate,25.4976667929637,25.3906544140413,25.620556249161
EBA,Temp,0.199045226130653,SF_intermediate,25.4949444711705,25.3875019039621,25.6174935198274
EBA,Temp,0.204020100502513,SF_intermediate,25.4922264720829,25.3843629673396,25.6144341164854
EBA,Temp,0.208994974874372,SF_intermediate,25.4895129094562,25.3812379613701,25.611378126661
EBA,Temp,0.213969849246231,SF_intermediate,25.4868038970458,25.3781272432498,25.6083256378805
EBA,Temp,0.21894472361809,SF_intermediate,25.4840995486072,25.3750311701748,25.6052767376698
EBA,Temp,0.22391959798995,SF_intermediate,25.4813999778957,25.3719500993415,25.6022315135551
EBA,Temp,0.228894472361809,SF_intermediate,25.4787052986668,25.3688843879461,25.5991900530624
EBA,Temp,0.233869346733668,SF_intermediate,25.4760156246759,25.3658343931847,25.5961524437179
EBA,Temp,0.238844221105528,SF_intermediate,25.4733310696783,25.3628004722537,25.5931187730476
EBA,Temp,0.243819095477387,SF_intermediate,25.4706517474295,25.3597829823492,25.5900891285777
EBA,Temp,0.248793969849246,SF_intermediate,25.467977771685,25.3567822806675,25.5870635978342
EBA,Temp,0.253768844221106,SF_intermediate,25.4653092562,25.3537987244049,25.5840422683432
EBA,Temp,0.258743718592965,SF_intermediate,25.46264631473,25.3508326707574,25.5810252276309
EBA,Temp,0.263718592964824,SF_intermediate,25.4599890610304,25.3478844769215,25.5780125632233
EBA,Temp,0.268693467336683,SF_intermediate,25.4573376088567,25.3449545000932,25.5750043626465
EBA,Temp,0.273668341708543,SF_intermediate,25.4546920719642,25.3420430974689,25.5720007134266
EBA,Temp,0.278643216080402,SF_intermediate,25.4520525641084,25.3391506262447,25.5690017030897
EBA,Temp,0.283618090452261,SF_intermediate,25.4494191990446,25.3362774436169,25.5660074191619
EBA,Temp,0.288592964824121,SF_intermediate,25.4467920905283,25.3334239067818,25.5630179491692
EBA,Temp,0.29356783919598,SF_intermediate,25.4441713523148,25.3305903729355,25.5600333806379
EBA,Temp,0.298542713567839,SF_intermediate,25.4415570981596,25.3277771992742,25.557053801094
EBA,Temp,0.303517587939699,SF_intermediate,25.4389494418181,25.3249847429943,25.5540792980635
EBA,Temp,0.308492462311558,SF_intermediate,25.4363484970457,25.3222133612919,25.5511099590726
EBA,Temp,0.313467336683417,SF_intermediate,25.4337543775978,25.3194634113633,25.5481458716474
EBA,Temp,0.318442211055276,SF_intermediate,25.4311671972298,25.3167352504047,25.5451871233139
EBA,Temp,0.323417085427136,SF_intermediate,25.4285870696972,25.3140292356123,25.5422338015983
EBA,Temp,0.328391959798995,SF_intermediate,25.4260141087552,25.3113457241823,25.5392859940266
EBA,Temp,0.333366834170854,SF_intermediate,25.4234484281594,25.3086850733111,25.536343788125
EBA,Temp,0.338341708542714,SF_intermediate,25.4208901416652,25.3060476401947,25.5334072714195
EBA,Temp,0.343316582914573,SF_intermediate,25.4183392054078,25.3034335045767,25.5304764191687
EBA,Temp,0.348291457286432,SF_intermediate,25.4157949450421,25.3008416363895,25.5275507575615
EBA,Temp,0.353266331658292,SF_intermediate,25.4132565286031,25.2982707281125,25.524629700519
EBA,Temp,0.358241206030151,SF_intermediate,25.4106489176811,25.2957194722253,25.5217126619626
EBA,Temp,0.36321608040201,SF_intermediate,25.4080262844708,25.2931865612075,25.5187990558136
EBA,Temp,0.368190954773869,SF_intermediate,25.4054114996115,25.2906706875387,25.5158882959932
EBA,Temp,0.373165829145729,SF_intermediate,25.4028036307649,25.2881705436983,25.5129797964227
EBA,Temp,0.378140703517588,SF_intermediate,25.4002017455929,25.2856848221661,25.5100729710234
EBA,Temp,0.383115577889447,SF_intermediate,25.3976049117574,25.2832122154215,25.5071672337165
EBA,Temp,0.388090452261307,SF_intermediate,25.394885329683,25.2807514159441,25.5042619984234
EBA,Temp,0.393065326633166,SF_intermediate,25.3921394344974,25.2783011162135,25.5013566790653
EBA,Temp,0.398040201005025,SF_intermediate,25.3893897755792,25.2758600087092,25.4984506895636
EBA,Temp,0.403015075376884,SF_intermediate,25.3866356973312,25.2734267859108,25.4955434438393
EBA,Temp,0.407989949748744,SF_intermediate,25.3838765441565,25.2710001402978,25.492634355814
EBA,Temp,0.412964824120603,SF_intermediate,25.381111660458,25.2685787643499,25.4897228394088
EBA,Temp,0.417939698492462,SF_intermediate,25.3783403906387,25.2661613505466,25.486808308545
EBA,Temp,0.422914572864322,SF_intermediate,25.3755620791016,25.2637465913673,25.4838901771439
EBA,Temp,0.427889447236181,SF_intermediate,25.3727760702496,25.2613331792918,25.4809678591268
EBA,Temp,0.43286432160804,SF_intermediate,25.3699817084857,25.2589198067996,25.478040768415
EBA,Temp,0.437839195979899,SF_intermediate,25.3671783382129,25.2565051663702,25.4751083189297
EBA,Temp,0.442814070351759,SF_intermediate,25.3643653038342,25.2540879504831,25.4721699245922
EBA,Temp,0.447788944723618,SF_intermediate,25.3615419497524,25.2516668516181,25.4692249993238
EBA,Temp,0.452763819095477,SF_intermediate,25.3587076203707,25.2492405622545,25.4662729570458
EBA,Temp,0.457738693467337,SF_intermediate,25.3557928990253,25.246807774872,25.4633132116794
EBA,Temp,0.462713567839196,SF_intermediate,25.3528611785934,25.2443671819502,25.460345177146
EBA,Temp,0.467688442211055,SF_intermediate,25.3499187020701,25.2419174759686,25.4573682673668
EBA,Temp,0.472663316582915,SF_intermediate,25.346964840068,25.2394573494067,25.454381896263
EBA,Temp,0.477638190954774,SF_intermediate,25.3439989631995,25.2369854947441,25.4513854777561
EBA,Temp,0.482613065326633,SF_intermediate,25.341020442077,25.2345006044605,25.4483784257672
EBA,Temp,0.487587939698492,SF_intermediate,25.338028647313,25.2320013710353,25.4453601542176
EBA,Temp,0.492562814070352,SF_intermediate,25.3350229495199,25.2294864869481,25.4423300770286
EBA,Temp,0.497537688442211,SF_intermediate,25.3320027193103,25.2269546446785,25.4392876081216
EBA,Temp,0.50251256281407,SF_intermediate,25.3289673272964,25.224404536706,25.4362321614177
EBA,Temp,0.50748743718593,SF_intermediate,25.3259161440908,25.2218348555103,25.4331631508382
EBA,Temp,0.512462311557789,SF_intermediate,25.322848540306,25.2192442935707,25.4300799903045
EBA,Temp,0.517437185929648,SF_intermediate,25.3197638865543,25.2166315433671,25.4269820937378
EBA,Temp,0.522412060301508,SF_intermediate,25.3166615534483,25.2139952973788,25.4238688750593
EBA,Temp,0.527386934673367,SF_intermediate,25.3135409116003,25.2113342480854,25.4207397481905
EBA,Temp,0.532361809045226,SF_intermediate,25.3104013316228,25.2086470879666,25.4175941270524
EBA,Temp,0.537336683417085,SF_intermediate,25.3075192946985,25.2059325095019,25.4144314255665
EBA,Temp,0.542311557788945,SF_intermediate,25.3046725817029,25.2031892051708,25.4112510576541
EBA,Temp,0.547286432160804,SF_intermediate,25.3018011438591,25.2004158674529,25.4080524372362
EBA,Temp,0.552261306532663,SF_intermediate,25.2989039210434,25.1976111888277,25.4048349782344
EBA,Temp,0.557236180904523,SF_intermediate,25.2959798531323,25.1947738617749,25.4015980945698
EBA,Temp,0.562211055276382,SF_intermediate,25.2930278800019,25.191902578774,25.3983412001637
EBA,Temp,0.567185929648241,SF_intermediate,25.2900469415287,25.1889960323045,25.3950637089374
EBA,Temp,0.572160804020101,SF_intermediate,25.2870359775889,25.186052914846,25.3917650348122
EBA,Temp,0.57713567839196,SF_intermediate,25.2839939280589,25.1830719188781,25.3884445917094
EBA,Temp,0.582110552763819,SF_intermediate,25.2809197328151,25.1800517368804,25.3851017935502
EBA,Temp,0.587085427135679,SF_intermediate,25.2778123317336,25.1769910613323,25.3817360542559
EBA,Temp,0.592060301507538,SF_intermediate,25.2746706646909,25.1738885847135,25.3783467877478
EBA,Temp,0.597035175879397,SF_intermediate,25.2714936715632,25.1707429995035,25.3749334079472
EBA,Temp,0.602010050251256,SF_intermediate,25.268280292227,25.167552998182,25.3714953287753
EBA,Temp,0.606984924623116,SF_intermediate,25.2650294665584,25.1643172732283,25.3680319641535
EBA,Temp,0.611959798994975,SF_intermediate,25.2617401344339,25.1610345171222,25.364542728003
EBA,Temp,0.616934673366834,SF_intermediate,25.2584112357297,25.1577034223432,25.3610270342451
EBA,Temp,0.621909547738694,SF_intermediate,25.2549882798971,25.1543226813707,25.357484296801
EBA,Temp,0.626884422110553,SF_intermediate,25.2515061669143,25.1508909866845,25.3539139295921
EBA,Temp,0.631859296482412,SF_intermediate,25.2479813289757,25.1474070307641,25.3503153465397
EBA,Temp,0.636834170854271,SF_intermediate,25.2444127754933,25.143869506089,25.3466879615649
EBA,Temp,0.641809045226131,SF_intermediate,25.2407995158791,25.1402771051387,25.3430311885892
EBA,Temp,0.64678391959799,SF_intermediate,25.2371405595453,25.1366285203929,25.3393444415337
EBA,Temp,0.651758793969849,SF_intermediate,25.2334349159038,25.1329224443311,25.3356271343198
EBA,Temp,0.656733668341709,SF_intermediate,25.2296815943668,25.1291575694329,25.3318786808687
EBA,Temp,0.661708542713568,SF_intermediate,25.2258796043463,25.1253325881779,25.3280984951017
EBA,Temp,0.666683417085427,SF_intermediate,25.2220279552544,25.1214461930455,25.3242859909401
EBA,Temp,0.671658291457287,SF_intermediate,25.218125656503,25.1174970765154,25.3204405823051
EBA,Temp,0.676633165829146,SF_intermediate,25.214172013007,25.1134843106764,25.31656186537
EBA,Temp,0.681608040201005,SF_intermediate,25.2101675116916,25.1094084860543,25.3126501653155
EBA,Temp,0.686582914572864,SF_intermediate,25.2061129349849,25.1052705727843,25.3087059895741
EBA,Temp,0.691557788944724,SF_intermediate,25.2020090653149,25.1010715410015,25.3047298455785
EBA,Temp,0.696532663316583,SF_intermediate,25.1978566851095,25.096812360841,25.3007222407612
EBA,Temp,0.701507537688442,SF_intermediate,25.1936565767967,25.0924940024379,25.296683682555
EBA,Temp,0.706482412060302,SF_intermediate,25.1894095228045,25.0881174359274,25.2926146783923
EBA,Temp,0.711457286432161,SF_intermediate,25.1851163055609,25.0836836314446,25.2885157357058
EBA,Temp,0.71643216080402,SF_intermediate,25.1807777074939,25.0791935591246,25.2843873619281
EBA,Temp,0.721407035175879,SF_intermediate,25.1763945110315,25.0746481891026,25.2802300644918
EBA,Temp,0.726381909547739,SF_intermediate,25.1719674986016,25.0700484915136,25.2760443508296
EBA,Temp,0.731356783919598,SF_intermediate,25.1674974526324,25.0653954364928,25.2718307283739
EBA,Temp,0.736331658291457,SF_intermediate,25.1629851555516,25.0606899941753,25.2675897045575
EBA,Temp,0.741306532663317,SF_intermediate,25.1584313897874,25.0559331346963,25.263321786813
EBA,Temp,0.746281407035176,SF_intermediate,25.1538369377678,25.0511258281908,25.2590274825728
EBA,Temp,0.751256281407035,SF_intermediate,25.1492025819206,25.046269044794,25.2547072992698
EBA,Temp,0.756231155778895,SF_intermediate,25.144529104674,25.0413637546409,25.2503617443363
EBA,Temp,0.761206030150754,SF_intermediate,25.1398172884559,25.0364109278669,25.2459913252052
EBA,Temp,0.766180904522613,SF_intermediate,25.1350679156942,25.0314115346068,25.2415965493089
EBA,Temp,0.771155778894472,SF_intermediate,25.1302817688171,25.026366544996,25.2371779240801
EBA,Temp,0.776130653266332,SF_intermediate,25.1254596302524,25.0212769291694,25.2327359569513
EBA,Temp,0.781105527638191,SF_intermediate,25.1206022824281,25.0161436572623,25.2282711553553
EBA,Temp,0.78608040201005,SF_intermediate,25.1157105077724,25.0109676994097,25.2237840267246
EBA,Temp,0.79105527638191,SF_intermediate,25.110785088713,25.0057500257468,25.2192750784917
EBA,Temp,0.796030150753769,SF_intermediate,25.1058268076781,25.0004916064087,25.2147448180894
EBA,Temp,0.801005025125628,SF_intermediate,25.1005262943722,24.9951934115305,25.2101937529502
EBA,Temp,0.805979899497488,SF_intermediate,25.0951151861042,24.9898564112474,25.2056223905067
EBA,Temp,0.810954773869347,SF_intermediate,25.0896664618646,24.9844815756944,25.2010312381916
EBA,Temp,0.815929648241206,SF_intermediate,25.0841810861655,24.9790698750067,25.1964208034374
EBA,Temp,0.820904522613065,SF_intermediate,25.0786600235189,24.9736222793195,25.1917915936767
EBA,Temp,0.825879396984925,SF_intermediate,25.073104238437,24.9681397587677,25.1871441163422
EBA,Temp,0.830854271356784,SF_intermediate,25.0675146954319,24.9626232834867,25.1824788788664
EBA,Temp,0.835829145728643,SF_intermediate,25.0618923590156,24.9570738236114,25.1777963886821
EBA,Temp,0.840804020100503,SF_intermediate,25.0562381937003,24.951492349277,25.1730971532216
EBA,Temp,0.845778894472362,SF_intermediate,25.050553163998,24.9458798306187,25.1683816799178
EBA,Temp,0.850753768844221,SF_intermediate,25.0448382344208,24.9402372377715,25.1636504762032
EBA,Temp,0.85572864321608,SF_intermediate,25.0393697532306,24.9345655408707,25.1589040495103
EBA,Temp,0.86070351758794,SF_intermediate,25.0342979453308,24.9288657100512,25.1541429072719
EBA,Temp,0.865678391959799,SF_intermediate,25.0292079762017,24.9231387154482,25.1493675569204
EBA,Temp,0.870653266331658,SF_intermediate,25.0241004944585,24.9173855271969,25.1445785058886
EBA,Temp,0.875628140703518,SF_intermediate,25.0189761487165,24.9116071154324,25.139776261609
EBA,Temp,0.880603015075377,SF_intermediate,25.0138355875911,24.9058044502898,25.1349613315142
EBA,Temp,0.885577889447236,SF_intermediate,25.0086794596977,24.8999785019042,25.1301342230369
EBA,Temp,0.890552763819096,SF_intermediate,25.0035084136515,24.8941302404108,25.1252954436096
EBA,Temp,0.895527638190955,SF_intermediate,24.9983230980679,24.8882606359446,25.1204455006649
EBA,Temp,0.900502512562814,SF_intermediate,24.9931241615622,24.8823706586409,25.1155849016355
EBA,Temp,0.905477386934673,SF_intermediate,24.9879122527499,24.8764612786346,25.110714153954
EBA,Temp,0.910452261306533,SF_intermediate,24.9826880202461,24.870533466061,25.1058337650529
EBA,Temp,0.915427135678392,SF_intermediate,24.9774521126663,24.8645881910552,25.100944242365
EBA,Temp,0.920402010050251,SF_intermediate,24.9722051786257,24.8586264237523,25.0960460933226
EBA,Temp,0.925376884422111,SF_intermediate,24.9669478667398,24.8526491342874,25.0911398253586
EBA,Temp,0.93035175879397,SF_intermediate,24.9614695360695,24.8466572927956,25.0862259459055
EBA,Temp,0.935326633165829,SF_intermediate,24.9558097216101,24.8406518694121,25.0813049623959
EBA,Temp,0.940301507537689,SF_intermediate,24.9501389605869,24.834633834272,25.0763773822624
EBA,Temp,0.945276381909548,SF_intermediate,24.9444580950435,24.8286041575104,25.0714437129376
EBA,Temp,0.950251256281407,SF_intermediate,24.9387679670232,24.8225638092624,25.0665044618542
EBA,Temp,0.955226130653266,SF_intermediate,24.9330694185692,24.8165137596632,25.0615601364446
EBA,Temp,0.960201005025126,SF_intermediate,24.9273632917251,24.8104549788479,25.0566112441416
EBA,Temp,0.965175879396985,SF_intermediate,24.921650428534,24.8043884369516,25.0516582923778
EBA,Temp,0.970150753768844,SF_intermediate,24.9159316710395,24.7983151041094,25.0467017885857
EBA,Temp,0.975125628140704,SF_intermediate,24.9102078612848,24.7922359504565,25.041742240198
EBA,Temp,0.980100502512563,SF_intermediate,24.9044798413133,24.7861519461279,25.0367801546472
EBA,Temp,0.985075376884422,SF_intermediate,24.8987484531684,24.7800640612589,25.031816039366
EBA,Temp,0.990050251256281,SF_intermediate,24.8930145388934,24.7739732659845,25.026850401787
EBA,Temp,0.995025125628141,SF_intermediate,24.8872789405317,24.7678805304398,25.0218837493427
EBA,Temp,1,SF_intermediate,24.8815425001266,24.7617868247601,25.0169165894659
EBA,Temp,0.01,SF_advanced,25.6641263978354,25.5518959430163,25.7638158126092
EBA,Temp,0.0149748743718593,SF_advanced,25.660439844161,25.5483821285112,25.7599600093637
EBA,Temp,0.0199497487437186,SF_advanced,25.6567535836656,25.5448685137609,25.7561046026056
EBA,Temp,0.0249246231155779,SF_advanced,25.6530679095282,25.54135529852,25.7522499888223
EBA,Temp,0.0298994974874372,SF_advanced,25.6493831149281,25.5378426825434,25.7483965645012
EBA,Temp,0.0348743718592965,SF_advanced,25.6456994930441,25.5343308655857,25.7445447261296
EBA,Temp,0.0398492462311558,SF_advanced,25.6420173370552,25.5308200474016,25.7406948701951
EBA,Temp,0.0448241206030151,SF_advanced,25.6383369401407,25.5273104277459,25.7368473931849
EBA,Temp,0.0497989949748744,SF_advanced,25.6346585954794,25.5238022063734,25.7330026915865
EBA,Temp,0.0547738693467337,SF_advanced,25.6306323961061,25.5202955830387,25.7291611618872
EBA,Temp,0.059748743718593,SF_advanced,25.6264244698176,25.5167907574966,25.7253232005746
EBA,Temp,0.0647236180904523,SF_advanced,25.62238592145,25.5132879295019,25.7214892041359
EBA,Temp,0.0696984924623116,SF_advanced,25.6184527924842,25.5097872988092,25.7176595690585
EBA,Temp,0.0746733668341709,SF_advanced,25.6145247443779,25.5062890651733,25.7139706616411
EBA,Temp,0.0796482412060302,SF_advanced,25.610602200536,25.5027934283489,25.7106236304292
EBA,Temp,0.0846231155778894,SF_advanced,25.6066855843635,25.4993005880908,25.7072793189953
EBA,Temp,0.0895979899497487,SF_advanced,25.6027753192653,25.4958107441536,25.7039379216092
EBA,Temp,0.094572864321608,SF_advanced,25.5991183353996,25.4923240962922,25.7005996325408
EBA,Temp,0.0995477386934673,SF_advanced,25.5956856121512,25.4888408442613,25.6972646460599
EBA,Temp,0.104522613065327,SF_advanced,25.5922565152144,25.4853611878155,25.6939331564364
EBA,Temp,0.109497487437186,SF_advanced,25.5888312460511,25.4818853267097,25.6906053579402
EBA,Temp,0.114472361809045,SF_advanced,25.585410006123,25.4784134606985,25.687281444841
EBA,Temp,0.119447236180905,SF_advanced,25.5819929968919,25.4749457895366,25.6839616114088
EBA,Temp,0.124422110552764,SF_advanced,25.5785804198194,25.4714825129789,25.6806460519134
EBA,Temp,0.129396984924623,SF_advanced,25.5751724763675,25.4680238307801,25.6773349606246
EBA,Temp,0.134371859296482,SF_advanced,25.5717693679977,25.4645699426948,25.6740285318124
EBA,Temp,0.139346733668342,SF_advanced,25.568371296172,25.4611210484779,25.6707269597465
EBA,Temp,0.144321608040201,SF_advanced,25.5649784623521,25.457677347884,25.6674304386969
EBA,Temp,0.14929648241206,SF_advanced,25.5615910679996,25.4542390406679,25.6641391629333
EBA,Temp,0.15427135678392,SF_advanced,25.5582093145765,25.4508063265842,25.6608533267257
EBA,Temp,0.159246231155779,SF_advanced,25.5548334035443,25.4473794053879,25.6575731243438
EBA,Temp,0.164221105527638,SF_advanced,25.551463536365,25.4439584768335,25.6542987500576
EBA,Temp,0.169195979899498,SF_advanced,25.5480999145003,25.4405437406758,25.6510303981369
EBA,Temp,0.174170854271357,SF_advanced,25.5447427394118,25.4371353966696,25.6477682628516
EBA,Temp,0.179145728643216,SF_advanced,25.5413922125614,25.4337336445695,25.6445125384714
EBA,Temp,0.184120603015075,SF_advanced,25.5380485354109,25.4303386841304,25.6412634192663
EBA,Temp,0.189095477386935,SF_advanced,25.534711909422,25.4269507151069,25.6380210995062
EBA,Temp,0.194070351758794,SF_advanced,25.5313825360564,25.4235699372538,25.6347857734608
EBA,Temp,0.199045226130653,SF_advanced,25.528060616776,25.4201965503258,25.6315576354
EBA,Temp,0.204020100502513,SF_advanced,25.5247463530424,25.4166060091277,25.6283368795937
EBA,Temp,0.208994974874372,SF_advanced,25.5214399463175,25.4128029475194,25.6251237003118
EBA,Temp,0.213969849246231,SF_advanced,25.518141598063,25.4090257832942,25.621918291824
EBA,Temp,0.21894472361809,SF_advanced,25.5148515097406,25.4052751638866,25.6187208484003
EBA,Temp,0.22391959798995,SF_advanced,25.511311261134,25.4015517367313,25.6155315643105
EBA,Temp,0.228894472361809,SF_advanced,25.5076892388419,25.3978561492628,25.6123506338244
EBA,Temp,0.233869346733668,SF_advanced,25.5040820546305,25.3941890489157,25.6091782512119
EBA,Temp,0.238844221105528,SF_advanced,25.5004900457287,25.3905510831245,25.6060146107429
EBA,Temp,0.243819095477387,SF_advanced,25.4969135493657,25.3869428993239,25.6028599066873
EBA,Temp,0.248793969849246,SF_advanced,25.4933529027707,25.3833651449484,25.5997143333148
EBA,Temp,0.253768844221106,SF_advanced,25.4898084431726,25.3798184674326,25.5965780848953
EBA,Temp,0.258743718592965,SF_advanced,25.4862805078007,25.376303514211,25.5934513556987
EBA,Temp,0.263718592964824,SF_advanced,25.482769433884,25.3728209327183,25.5903343399948
EBA,Temp,0.268693467336683,SF_advanced,25.4792755586516,25.3693713703891,25.5872272320536
EBA,Temp,0.273668341708543,SF_advanced,25.4757992193326,25.3659554746578,25.5841302261448
EBA,Temp,0.278643216080402,SF_advanced,25.4723407531562,25.3625738929592,25.5810435165382
EBA,Temp,0.283618090452261,SF_advanced,25.4689004973514,25.3592272727276,25.5779672975039
EBA,Temp,0.288592964824121,SF_advanced,25.4654787891474,25.3559162613979,25.5749017633115
EBA,Temp,0.29356783919598,SF_advanced,25.4620759657732,25.3526415064044,25.5718471082311
EBA,Temp,0.298542713567839,SF_advanced,25.458692364458,25.3494036551818,25.5688035265323
EBA,Temp,0.303517587939699,SF_advanced,25.4553283224308,25.3462033551647,25.5657712124851
EBA,Temp,0.308492462311558,SF_advanced,25.4519841769208,25.3430412537877,25.5627503603594
EBA,Temp,0.313467336683417,SF_advanced,25.4486602651571,25.3399179984852,25.5597411644249
EBA,Temp,0.318442211055276,SF_advanced,25.4453569243687,25.336834236692,25.5567438189516
EBA,Temp,0.323417085427136,SF_advanced,25.4420744917848,25.3337906158425,25.5537585182092
EBA,Temp,0.328391959798995,SF_advanced,25.4388133046345,25.3307877833714,25.5507854564678
EBA,Temp,0.333366834170854,SF_advanced,25.4355737001468,25.3278263867132,25.547824827997
EBA,Temp,0.338341708542714,SF_advanced,25.432356015551,25.3249070733025,25.5448768270668
EBA,Temp,0.343316582914573,SF_advanced,25.4291603276698,25.3220300448489,25.5419414056989
EBA,Temp,0.348291457286432,SF_advanced,25.4259856717015,25.3191937201614,25.5390175469229
EBA,Temp,0.353266331658292,SF_advanced,25.4228308224379,25.3163960723241,25.5361039915203
EBA,Temp,0.358241206030151,SF_advanced,25.4196945546709,25.3136350744212,25.5331994802724
EBA,Temp,0.36321608040201,SF_advanced,25.4165756431925,25.3109086995366,25.5303027539609
EBA,Temp,0.368190954773869,SF_advanced,25.4134728627946,25.3082149207546,25.5274125533672
EBA,Temp,0.373165829145729,SF_advanced,25.410384988269,25.3055517111592,25.5245276192727
EBA,Temp,0.378140703517588,SF_advanced,25.4073107944078,25.3029170438344,25.5216466924588
EBA,Temp,0.383115577889447,SF_advanced,25.4042490560029,25.3003088918643,25.5187685137072
EBA,Temp,0.388090452261307,SF_advanced,25.4011985478461,25.2977252283331,25.5158918237992
EBA,Temp,0.393065326633166,SF_advanced,25.3981580447293,25.2951640263248,25.5130153635163
EBA,Temp,0.398040201005025,SF_advanced,25.3951263214445,25.2926232589235,25.51013787364
EBA,Temp,0.403015075376884,SF_advanced,25.3921021527837,25.2901008992133,25.5072580949517
EBA,Temp,0.407989949748744,SF_advanced,25.3890843135387,25.2872825459206,25.504374768233
EBA,Temp,0.412964824120603,SF_advanced,25.3860715785014,25.2842891594489,25.5014866342653
EBA,Temp,0.417939698492462,SF_advanced,25.3830627224637,25.2812938707699,25.49859243383
EBA,Temp,0.422914572864322,SF_advanced,25.3800565202177,25.2782956741487,25.4956909077087
EBA,Temp,0.427889447236181,SF_advanced,25.3770517465551,25.2752935638508,25.4927807966827
EBA,Temp,0.43286432160804,SF_advanced,25.374047176268,25.2722865341416,25.4898608415337
EBA,Temp,0.437839195979899,SF_advanced,25.3710415841482,25.2692735792863,25.4869297830429
EBA,Temp,0.442814070351759,SF_advanced,25.3680337449876,25.2662536935503,25.483986361992
EBA,Temp,0.447788944723618,SF_advanced,25.3650224335782,25.263225871199,25.4810293191624
EBA,Temp,0.452763819095477,SF_advanced,25.3620064247119,25.2601891064977,25.4780573953355
EBA,Temp,0.457738693467337,SF_advanced,25.3589844931805,25.2571423937117,25.4750693312929
EBA,Temp,0.462713567839196,SF_advanced,25.3559554137761,25.2540847271065,25.4720638678159
EBA,Temp,0.467688442211055,SF_advanced,25.3529179612906,25.2510151009473,25.4690397456861
EBA,Temp,0.472663316582915,SF_advanced,25.3498709105158,25.2479325094995,25.465995705685
EBA,Temp,0.477638190954774,SF_advanced,25.3468130362436,25.2448359470284,25.4629304885939
EBA,Temp,0.482613065326633,SF_advanced,25.3437431132661,25.2417244077995,25.4598428351944
EBA,Temp,0.487587939698492,SF_advanced,25.3407166501343,25.238596886078,25.456731486268
EBA,Temp,0.492562814070352,SF_advanced,25.3378019522439,25.2354523761293,25.4535951825961
EBA,Temp,0.497537688442211,SF_advanced,25.3348703645732,25.2322898722188,25.4504326649601
EBA,Temp,0.50251256281407,SF_advanced,25.3319203574436,25.2291083686117,25.4472426741416
EBA,Temp,0.50748743718593,SF_advanced,25.3289504011766,25.2259068595735,25.444023950922
EBA,Temp,0.512462311557789,SF_advanced,25.3260555467808,25.2226843393694,25.4407752360829
EBA,Temp,0.517437185929648,SF_advanced,25.3233483961688,25.2194398022649,25.4374952704056
EBA,Temp,0.522412060301508,SF_advanced,25.3206131026478,25.2161722425253,25.4341827946716
EBA,Temp,0.527386934673367,SF_advanced,25.3178478700709,25.2128806544159,25.4308365496624
EBA,Temp,0.532361809045226,SF_advanced,25.315050902291,25.2095640322021,25.4274552761595
EBA,Temp,0.537336683417085,SF_advanced,25.3122204031614,25.2062213701493,25.4240377149443
EBA,Temp,0.542311557788945,SF_advanced,25.309354576535,25.2028516625226,25.4205826067984
EBA,Temp,0.547286432160804,SF_advanced,25.306451626265,25.1994539035877,25.4170886925031
EBA,Temp,0.552261306532663,SF_advanced,25.3035097562044,25.1960270876097,25.41355471284
EBA,Temp,0.557236180904523,SF_advanced,25.3005271702062,25.192570208854,25.4099794085905
EBA,Temp,0.562211055276382,SF_advanced,25.2975020721236,25.189082261586,25.4063615205361
EBA,Temp,0.567185929648241,SF_advanced,25.2944326658096,25.185562240071,25.4026997894582
EBA,Temp,0.572160804020101,SF_advanced,25.2913171551173,25.1820091385743,25.3989929561384
EBA,Temp,0.57713567839196,SF_advanced,25.2881537438997,25.1784219513614,25.3952397613581
EBA,Temp,0.582110552763819,SF_advanced,25.28494063601,25.1747996726975,25.3914389458988
EBA,Temp,0.587085427135679,SF_advanced,25.2816760353011,25.1711412968481,25.3875892505419
EBA,Temp,0.592060301507538,SF_advanced,25.2783581456262,25.1674458180784,25.3836894160689
EBA,Temp,0.597035175879397,SF_advanced,25.2749851708383,25.1637122306538,25.3797381832613
EBA,Temp,0.602010050251256,SF_advanced,25.2715553147906,25.1599395288396,25.3757342929005
EBA,Temp,0.606984924623116,SF_advanced,25.2678811576627,25.1561267069013,25.3716764857681
EBA,Temp,0.611959798994975,SF_advanced,25.2639827203496,25.1522727591041,25.3675635026455
EBA,Temp,0.616934673366834,SF_advanced,25.2600396040674,25.1483766797134,25.3633940843141
EBA,Temp,0.621909547738694,SF_advanced,25.2560505969287,25.1444374629945,25.3591669715555
EBA,Temp,0.626884422110553,SF_advanced,25.2520144870456,25.1404541032129,25.354880905151
EBA,Temp,0.631859296482412,SF_advanced,25.2479300625307,25.1364255946338,25.3505346258823
EBA,Temp,0.636834170854271,SF_advanced,25.2437961114962,25.1323509315225,25.3461268745306
EBA,Temp,0.641809045226131,SF_advanced,25.2396114220546,25.1282291081445,25.3421067975246
EBA,Temp,0.64678391959799,SF_advanced,25.2353747823181,25.1240591187651,25.3381055881115
EBA,Temp,0.651758793969849,SF_advanced,25.2310849803993,25.1198399576496,25.3340447107606
EBA,Temp,0.656733668341709,SF_advanced,25.2267408044104,25.1155706190635,25.3299227810184
EBA,Temp,0.661708542713568,SF_advanced,25.2223410424638,25.1112500972719,25.3257384144317
EBA,Temp,0.666683417085427,SF_advanced,25.2178844826719,25.1068773865403,25.3214902265472
EBA,Temp,0.671658291457287,SF_advanced,25.2133699131471,25.1024514811341,25.3171768329116
EBA,Temp,0.676633165829146,SF_advanced,25.2087964735325,25.0979716798106,25.3127972479707
EBA,Temp,0.681608040201005,SF_advanced,25.2041647095946,25.0934384992962,25.3083520817679
EBA,Temp,0.686582914572864,SF_advanced,25.1994755186306,25.0888527608091,25.3038423432456
EBA,Temp,0.691557788944724,SF_advanced,25.194729797938,25.0842152855676,25.2992690413462
EBA,Temp,0.696532663316583,SF_advanced,25.1899284448139,25.0795268947901,25.2946331850124
EBA,Temp,0.701507537688442,SF_advanced,25.1850723565556,25.0747884096949,25.2899357831866
EBA,Temp,0.706482412060302,SF_advanced,25.1801624304604,25.0700006515003,25.2851778448112
EBA,Temp,0.711457286432161,SF_advanced,25.1751995638256,25.0651644414247,25.2803603788287
EBA,Temp,0.71643216080402,SF_advanced,25.1701846539485,25.0602806006863,25.2754843941818
EBA,Temp,0.721407035175879,SF_advanced,25.1651185981264,25.0553499505035,25.2705508998127
EBA,Temp,0.726381909547739,SF_advanced,25.1600022936565,25.0503733120945,25.2655609046642
EBA,Temp,0.731356783919598,SF_advanced,25.1548366378361,25.0453515066779,25.2605154176785
EBA,Temp,0.736331658291457,SF_advanced,25.1496225279625,25.0402853554717,25.2554154477983
EBA,Temp,0.741306532663317,SF_advanced,25.1441973537118,25.0351756796945,25.250262003966
EBA,Temp,0.746281407035176,SF_advanced,25.1386353313699,25.0300233005644,25.2450560951241
EBA,Temp,0.751256281407035,SF_advanced,25.1330252934509,25.0248290392999,25.2397987302151
EBA,Temp,0.756231155778895,SF_advanced,25.1273681814368,25.0195937171192,25.2344909181815
EBA,Temp,0.761206030150754,SF_advanced,25.1216649368093,25.0143181552406,25.2291336679658
EBA,Temp,0.766180904522613,SF_advanced,25.1159165010505,25.0090031748826,25.2237279885104
EBA,Temp,0.771155778894472,SF_advanced,25.1101238156422,25.0036495972634,25.218274888758
EBA,Temp,0.776130653266332,SF_advanced,25.1042878220663,24.9982582436013,25.2127753776509
EBA,Temp,0.781105527638191,SF_advanced,25.0982330654093,24.9928299351146,25.2072304641316
EBA,Temp,0.78608040201005,SF_advanced,25.0919416845276,24.9873654930218,25.2016411571427
EBA,Temp,0.79105527638191,SF_advanced,25.0855937914503,24.9818657385411,25.1960084656267
EBA,Temp,0.796030150753769,SF_advanced,25.0791907004147,24.9763314928907,25.1903333985259
EBA,Temp,0.801005025125628,SF_advanced,25.0727337256578,24.9707635772892,25.184616964783
EBA,Temp,0.805979899497488,SF_advanced,25.0662241814166,24.9651628129547,25.1788601733404
EBA,Temp,0.810954773869347,SF_advanced,25.0596633819284,24.9595300211056,25.1730640331406
EBA,Temp,0.815929648241206,SF_advanced,25.0530526414302,24.9538660229602,25.1672295531261
EBA,Temp,0.820904522613065,SF_advanced,25.046393274159,24.9481716397369,25.1613577422394
EBA,Temp,0.825879396984925,SF_advanced,25.0398123911889,24.942447692654,25.155449609423
EBA,Temp,0.830854271356784,SF_advanced,25.0335453400413,24.9366950029297,25.1495061636194
EBA,Temp,0.835829145728643,SF_advanced,25.0272400362428,24.9309143917824,25.143528413771
EBA,Temp,0.840804020100503,SF_advanced,25.0208976048712,24.9246110304802,25.1375173688204
EBA,Temp,0.845778894472362,SF_advanced,25.0145191710047,24.9176548092004,25.13147403771
EBA,Temp,0.850753768844221,SF_advanced,25.0081058597211,24.9106548719627,25.1253994293824
EBA,Temp,0.85572864321608,SF_advanced,25.0016587960984,24.9036126289594,25.11929455278
EBA,Temp,0.86070351758794,SF_advanced,24.9951539726675,24.8965294903826,25.1131604168454
EBA,Temp,0.865678391959799,SF_advanced,24.9882349247066,24.8894068664246,25.1069980305209
EBA,Temp,0.870653266331658,SF_advanced,24.9812807706518,24.8822461672775,25.1008084027492
EBA,Temp,0.875628140703518,SF_advanced,24.974292810729,24.8750488031335,25.0945925424727
EBA,Temp,0.880603015075377,SF_advanced,24.9672723451637,24.8678161841849,25.0883514586339
EBA,Temp,0.885577889447236,SF_advanced,24.9603563624194,24.8605497206238,25.0820861601752
EBA,Temp,0.890552763819096,SF_advanced,24.9534151993474,24.8532508226423,25.0757976560393
EBA,Temp,0.895527638190955,SF_advanced,24.9464492670235,24.8459209004327,25.0694869551685
EBA,Temp,0.900502512562814,SF_advanced,24.9394887727236,24.8385613641872,25.0631550665054
EBA,Temp,0.905477386934673,SF_advanced,24.9327629099582,24.8311736240979,25.0568029989925
EBA,Temp,0.910452261306533,SF_advanced,24.9260158442471,24.823759090357,25.0504317615721
EBA,Temp,0.915427135678392,SF_advanced,24.9192486915348,24.8163191731568,25.044042363187
EBA,Temp,0.920402010050251,SF_advanced,24.9124625677656,24.8088552826894,25.0376358127794
EBA,Temp,0.925376884422111,SF_advanced,24.9056585888843,24.801368829147,25.0312131192921
EBA,Temp,0.93035175879397,SF_advanced,24.8988378708352,24.7938612227218,25.0247752916673
EBA,Temp,0.935326633165829,SF_advanced,24.8920015295629,24.7863338736059,25.0183233388476
EBA,Temp,0.940301507537689,SF_advanced,24.8851506810119,24.7787881919916,25.0118582697755
EBA,Temp,0.945276381909548,SF_advanced,24.8782864411267,24.7712255880711,25.0053810933935
EBA,Temp,0.950251256281407,SF_advanced,24.8714099258519,24.7636474720365,24.9988928186441
EBA,Temp,0.955226130653266,SF_advanced,24.8645222511319,24.75605525408,24.9923944544698
EBA,Temp,0.960201005025126,SF_advanced,24.8576245329113,24.7484503443938,24.9858870098131
EBA,Temp,0.965175879396985,SF_advanced,24.8507178871345,24.7408341531702,24.9793714936164
EBA,Temp,0.970150753768844,SF_advanced,24.8438034297462,24.7332080906012,24.9728489148223
EBA,Temp,0.975125628140704,SF_advanced,24.8368822766908,24.7255735668791,24.9663202823732
EBA,Temp,0.980100502512563,SF_advanced,24.8299555439128,24.717931992196,24.9597866052117
EBA,Temp,0.985075376884422,SF_advanced,24.8230243473567,24.7102847767442,24.9532488922802
EBA,Temp,0.990050251256281,SF_advanced,24.8160684180994,24.7026333307159,24.9467081525212
EBA,Temp,0.995025125628141,SF_advanced,24.8089859525249,24.6952297562522,24.9401653948772
EBA,Temp,1,SF_advanced,24.8019022785689,24.6881117400731,24.9336216282908
SBA,Temp,0.01,PF,24.9609456035772,24.8249722840797,25.0721887511147
SBA,Temp,0.0149748743718593,PF,24.9645674296798,24.8281927496986,25.0744794816845
SBA,Temp,0.0199497487437186,PF,24.9681899818309,24.8314141133965,25.0767715925749
SBA,Temp,0.0249246231155779,PF,24.9719281606734,24.8346372732526,25.0790664641063
SBA,Temp,0.0298994974874372,PF,24.9758977703897,24.8378631273457,25.0813654765993
SBA,Temp,0.0348743718592965,PF,24.9798702931706,24.841092573755,25.0836700103744
SBA,Temp,0.0398492462311558,PF,24.9835357947436,24.8443265105595,25.0859814457521
SBA,Temp,0.0448241206030151,PF,24.9870713472528,24.8475658358382,25.0883011630529
SBA,Temp,0.0497989949748744,PF,24.9906133866942,24.8508114476701,25.0906305425974
SBA,Temp,0.0547738693467337,PF,24.9941628397723,24.8540642441344,25.0929709647061
SBA,Temp,0.059748743718593,PF,24.9977206331919,24.85732512331,25.0953238096995
SBA,Temp,0.0647236180904523,PF,25.0012876936574,24.860594983276,25.0976904578982
SBA,Temp,0.0696984924623116,PF,25.0048649478735,24.8638747221114,25.1000722896226
SBA,Temp,0.0746733668341709,PF,25.0084533225448,24.8671652378953,25.1024706851932
SBA,Temp,0.0796482412060302,PF,25.0120537443759,24.8704674287066,25.1048870249307
SBA,Temp,0.0846231155778894,PF,25.0156671400713,24.8737821926245,25.1073226891555
SBA,Temp,0.0895979899497487,PF,25.0192944363357,24.8771104277279,25.1097790581882
SBA,Temp,0.094572864321608,PF,25.0229365598737,24.880453032096,25.1122575123492
SBA,Temp,0.0995477386934673,PF,25.0265944373899,24.8838109038077,25.1147594319592
SBA,Temp,0.104522613065327,PF,25.0302689955889,24.887184940942,25.1172861973385
SBA,Temp,0.109497487437186,PF,25.0339611611752,24.8905760415781,25.1198391888078
SBA,Temp,0.114472361809045,PF,25.037564219935,24.893985103795,25.1224197866876
SBA,Temp,0.119447236180905,PF,25.0407024922456,24.8974130256716,25.1250293712983
SBA,Temp,0.124422110552764,PF,25.0438681845646,24.9008607052871,25.1276693229606
SBA,Temp,0.129396984924623,PF,25.0470625432558,24.9043290407204,25.1303410219949
SBA,Temp,0.134371859296482,PF,25.0502868146834,24.9078189300507,25.1330458487218
SBA,Temp,0.139346733668342,PF,25.0535422452112,24.9113312713569,25.1357851834617
SBA,Temp,0.144321608040201,PF,25.0568300812034,24.914866962718,25.1385604065353
SBA,Temp,0.14929648241206,PF,25.0601515690239,24.9184269022132,25.141372898263
SBA,Temp,0.15427135678392,PF,25.0637424800243,24.9220119879215,25.1442240389653
SBA,Temp,0.159246231155779,PF,25.0674699920529,24.9256231179218,25.1471152089629
SBA,Temp,0.164221105527638,PF,25.0712272769439,24.9292611902933,25.1500477885761
SBA,Temp,0.169195979899498,PF,25.0750153271262,24.9329271031149,25.1530231581255
SBA,Temp,0.174170854271357,PF,25.0788351350284,24.9366217544658,25.1560426979317
SBA,Temp,0.179145728643216,PF,25.0826876930792,24.9403460424249,25.1591077883152
SBA,Temp,0.184120603015075,PF,25.0865739937076,24.9441008650713,25.1622198095965
SBA,Temp,0.189095477386935,PF,25.0907095082843,24.947887120484,25.1653801420961
SBA,Temp,0.194070351758794,PF,25.0952026995221,24.9517057067421,25.1685901661345
SBA,Temp,0.199045226130653,PF,25.0997214802425,24.9555575219245,25.1718512620323
SBA,Temp,0.204020100502513,PF,25.104266542053,24.9594434641104,25.17516481011
SBA,Temp,0.208994974874372,PF,25.1088385765612,24.9633644313788,25.1785321906881
SBA,Temp,0.213969849246231,PF,25.1134382753748,24.9673213218087,25.1819547840871
SBA,Temp,0.21894472361809,PF,25.1180663301014,24.9713150334791,25.1854339706276
SBA,Temp,0.22391959798995,PF,25.1227234323487,24.9753464644692,25.1889711306301
SBA,Temp,0.228894472361809,PF,25.1271344892656,24.9794165128578,25.1925676444151
SBA,Temp,0.233869346733668,PF,25.1314974902126,24.9835260767241,25.1962248923031
SBA,Temp,0.238844221105528,PF,25.1358973550346,24.9876760541471,25.1999442546146
SBA,Temp,0.243819095477387,PF,25.1403349029288,24.9918673432059,25.2037271116703
SBA,Temp,0.248793969849246,PF,25.1448109530925,24.9961008419794,25.2075748437905
SBA,Temp,0.253768844221106,PF,25.1494122404137,25.0003774485467,25.2114888312959
SBA,Temp,0.258743718592965,PF,25.1540717356992,25.0046980609869,25.2154704545069
SBA,Temp,0.263718592964824,PF,25.1586871633287,25.009063577379,25.2195210937441
SBA,Temp,0.268693467336683,PF,25.1632720079718,25.013474895802,25.2236421293279
SBA,Temp,0.273668341708543,PF,25.1679023689095,25.017932914335,25.227834941579
SBA,Temp,0.278643216080402,PF,25.1725791214552,25.0224385310569,25.2321009108179
SBA,Temp,0.283618090452261,PF,25.1773031409222,25.0269926440469,25.2364414173649
SBA,Temp,0.288592964824121,PF,25.1821037397695,25.031596151384,25.2408578415408
SBA,Temp,0.29356783919598,PF,25.1869631742333,25.0362499511472,25.245351563666
SBA,Temp,0.298542713567839,PF,25.1918693029389,25.0409549414156,25.249923964061
SBA,Temp,0.303517587939699,PF,25.1968229450833,25.0457120202681,25.2545764230464
SBA,Temp,0.308492462311558,PF,25.2018249198639,25.0505220857839,25.2593103209427
SBA,Temp,0.313467336683417,PF,25.2068760464779,25.055386036042,25.2641270380703
SBA,Temp,0.318442211055276,PF,25.2119771441224,25.0603047691213,25.2690279547499
SBA,Temp,0.323417085427136,PF,25.2171290319947,25.065279183101,25.2744412530736
SBA,Temp,0.328391959798995,PF,25.222332529292,25.0703101760601,25.2801252299802
SBA,Temp,0.333366834170854,PF,25.2275884552116,25.0753986460776,25.2858824139813
SBA,Temp,0.338341708542714,PF,25.2328976289507,25.0805454912325,25.2917139489375
SBA,Temp,0.343316582914573,PF,25.2382601405009,25.0857508469765,25.2976200367957
SBA,Temp,0.348291457286432,PF,25.2436731630324,25.0910117982513,25.3035971118457
SBA,Temp,0.353266331658292,PF,25.2491331405094,25.0963246673713,25.3096406664631
SBA,Temp,0.358241206030151,PF,25.2546365168965,25.1016857766509,25.3157461930237
SBA,Temp,0.36321608040201,PF,25.2601797361582,25.1070914484044,25.3219091839032
SBA,Temp,0.368190954773869,PF,25.2657592422589,25.1125380049461,25.3281251314772
SBA,Temp,0.373165829145729,PF,25.271371479163,25.1180217685905,25.3343895281215
SBA,Temp,0.378140703517588,PF,25.2770128908351,25.1235390616518,25.3406978662118
SBA,Temp,0.383115577889447,PF,25.2826799212396,25.1290862064444,25.3470456381237
SBA,Temp,0.388090452261307,PF,25.288369014341,25.1346595252827,25.3534283362329
SBA,Temp,0.393065326633166,PF,25.2940766141037,25.1402553404809,25.3598414529152
SBA,Temp,0.398040201005025,PF,25.2997991644922,25.1458699743536,25.3662804805462
SBA,Temp,0.403015075376884,PF,25.3055331094709,25.1514997492149,25.3727409115016
SBA,Temp,0.407989949748744,PF,25.3112748930044,25.1571409873794,25.3792182381572
SBA,Temp,0.412964824120603,PF,25.317020959057,25.1627900111612,25.3857079528886
SBA,Temp,0.417939698492462,PF,25.32279556441,25.1684431428749,25.3922055480714
SBA,Temp,0.422914572864322,PF,25.3285758327497,25.1740967048346,25.3987065160815
SBA,Temp,0.427889447236181,PF,25.334351022087,25.1797470193548,25.4052063492945
SBA,Temp,0.43286432160804,PF,25.3401930410614,25.1853904087499,25.411700540086
SBA,Temp,0.437839195979899,PF,25.3461762176202,25.1910231953342,25.4181845808319
SBA,Temp,0.442814070351759,PF,25.3521458870261,25.1966417014219,25.4246539639077
SBA,Temp,0.447788944723618,PF,25.3580980989066,25.2022422493276,25.4311041816892
SBA,Temp,0.452763819095477,PF,25.3643473620635,25.2078211613655,25.437530726552
SBA,Temp,0.457738693467337,PF,25.3706171302896,25.21337475985,25.443929090872
SBA,Temp,0.462713567839196,PF,25.3768624336251,25.2188993670954,25.4502947670246
SBA,Temp,0.467688442211055,PF,25.3830788251985,25.2243913054161,25.4565725686414
SBA,Temp,0.472663316582915,PF,25.3892618581382,25.2298468971265,25.4627549482139
SBA,Temp,0.477638190954774,PF,25.3954070855729,25.2352624645409,25.4688988328426
SBA,Temp,0.482613065326633,PF,25.4015100606311,25.2406343299736,25.4749996989843
SBA,Temp,0.487587939698492,PF,25.4075663364413,25.245958815739,25.4810530230962
SBA,Temp,0.492562814070352,PF,25.4135714661319,25.2512322441515,25.487054281635
SBA,Temp,0.497537688442211,PF,25.4195210028316,25.2564509375253,25.4929989510577
SBA,Temp,0.50251256281407,PF,25.4254922882736,25.261611218175,25.4988825078213
SBA,Temp,0.50748743718593,PF,25.4314614245449,25.2667094084147,25.5047004283827
SBA,Temp,0.512462311557789,PF,25.4373578748021,25.2717418305589,25.5104481891987
SBA,Temp,0.517437185929648,PF,25.443177029391,25.276704806922,25.5161212667264
SBA,Temp,0.522412060301508,PF,25.4489142786574,25.2815946598181,25.5217151374226
SBA,Temp,0.527386934673367,PF,25.454565012947,25.2864077115618,25.5272252777444
SBA,Temp,0.532361809045226,PF,25.4601246226056,25.2911402844674,25.5326471641485
SBA,Temp,0.537336683417085,PF,25.4655884979789,25.2957887008492,25.537976273092
SBA,Temp,0.542311557788945,PF,25.4709520294126,25.3003492830216,25.5432080810318
SBA,Temp,0.547286432160804,PF,25.4762106072525,25.3048183532989,25.5483380644248
SBA,Temp,0.552261306532663,PF,25.4813596218443,25.3091922339954,25.553361699728
SBA,Temp,0.557236180904523,PF,25.4863944635337,25.3134672474256,25.5582744633982
SBA,Temp,0.562211055276382,PF,25.4913105226666,25.3176397159038,25.5630718318924
SBA,Temp,0.567185929648241,PF,25.4961031895886,25.3217059617443,25.5677492816676
SBA,Temp,0.572160804020101,PF,25.5005045891368,25.3256623072615,25.5723022891806
SBA,Temp,0.57713567839196,PF,25.5046055188569,25.3295050747698,25.5767263308884
SBA,Temp,0.582110552763819,PF,25.5085737194579,25.3332305865834,25.581016883248
SBA,Temp,0.587085427135679,PF,25.5122949104218,25.3368351650168,25.5851694227162
SBA,Temp,0.592060301507538,PF,25.5156565906713,25.3403151323843,25.5891794257499
SBA,Temp,0.597035175879397,PF,25.5188815976633,25.3437161840972,25.5930423688062
SBA,Temp,0.602010050251256,PF,25.5219663531655,25.3470187372102,25.596753728342
SBA,Temp,0.606984924623116,PF,25.5251330206766,25.3501853799953,25.6003089808141
SBA,Temp,0.611959798994975,PF,25.5282599202311,25.353212534849,25.6037036026795
SBA,Temp,0.616934673366834,PF,25.5312299691008,25.356096624168,25.606823798594
SBA,Temp,0.621909547738694,PF,25.5340391808036,25.3588340703487,25.6097634277615
SBA,Temp,0.626884422110553,PF,25.5366835688573,25.3614212957876,25.6125216171597
SBA,Temp,0.631859296482412,PF,25.5391591467798,25.3638547228813,25.6150938591643
SBA,Temp,0.636834170854271,PF,25.541461928089,25.3661307740262,25.617475646151
SBA,Temp,0.641809045226131,PF,25.5435879263029,25.368245871619,25.6196624704954
SBA,Temp,0.64678391959799,PF,25.5455331549392,25.370196438056,25.6216498245733
SBA,Temp,0.651758793969849,PF,25.5472027718317,25.3719625182677,25.6234332007603
SBA,Temp,0.656733668341709,PF,25.5485777637097,25.3734585519923,25.6250080914321
SBA,Temp,0.661708542713568,PF,25.5497566549856,25.3747836471544,25.6263699889645
SBA,Temp,0.666683417085427,PF,25.5507353875494,25.3759342097889,25.6275143857331
SBA,Temp,0.671658291457287,PF,25.5515099032912,25.3769066459305,25.6284367741136
SBA,Temp,0.676633165829146,PF,25.5520773463997,25.3776984194985,25.6291339697626
SBA,Temp,0.681608040201005,PF,25.5524396702571,25.3783112259487,25.62960808146
SBA,Temp,0.686582914572864,PF,25.5526000305443,25.3787478186216,25.6298625412666
SBA,Temp,0.691557788944724,PF,25.552561582942,25.3790109508573,25.6299007812432
SBA,Temp,0.696532663316583,PF,25.552327483131,25.3791033759961,25.6297262334506
SBA,Temp,0.701507537688442,PF,25.5519008867922,25.3790278473784,25.6293423299496
SBA,Temp,0.706482412060302,PF,25.5512849496062,25.3787871183443,25.628752502801
SBA,Temp,0.711457286432161,PF,25.5504828272539,25.3783839422341,25.6279601840655
SBA,Temp,0.71643216080402,PF,25.5494976754161,25.3778210723882,25.626968805804
SBA,Temp,0.721407035175879,PF,25.5483326497735,25.3771012621468,25.6257818000772
SBA,Temp,0.726381909547739,PF,25.5469909060069,25.3762272648501,25.6244025989461
SBA,Temp,0.731356783919598,PF,25.5454755997972,25.3752018338385,25.6228346344712
SBA,Temp,0.736331658291457,PF,25.543789886825,25.3740277224521,25.6210813387135
SBA,Temp,0.741306532663317,PF,25.5419369227713,25.3727076840314,25.6191461437337
SBA,Temp,0.746281407035176,PF,25.5399198633167,25.3712444719165,25.6170324815927
SBA,Temp,0.751256281407035,PF,25.5377418641421,25.3696408394477,25.6147437843512
SBA,Temp,0.756231155778895,PF,25.5354060809282,25.3678995399653,25.61228348407
SBA,Temp,0.761206030150754,PF,25.533132697721,25.3660233268096,25.6096550128099
SBA,Temp,0.766180904522613,PF,25.5309483643314,25.3640149533209,25.6068618026317
SBA,Temp,0.771155778894472,PF,25.528626193515,25.3618771728393,25.6039072855962
SBA,Temp,0.776130653266332,PF,25.5261691179831,25.3596127387052,25.6007948937642
SBA,Temp,0.781105527638191,PF,25.523580070447,25.3572244042589,25.5975280591965
SBA,Temp,0.78608040201005,PF,25.5208619836178,25.3547149228406,25.5941102139538
SBA,Temp,0.79105527638191,PF,25.5181552761812,25.3520870477907,25.5905447900971
SBA,Temp,0.796030150753769,PF,25.5154942723297,25.3493435324492,25.586835219687
SBA,Temp,0.801005025125628,PF,25.5127124779092,25.3464871301567,25.5829849347843
SBA,Temp,0.805979899497488,PF,25.509812839031,25.3435205942532,25.5789973674499
SBA,Temp,0.810954773869347,PF,25.5063808443465,25.3404466780792,25.5748759497446
SBA,Temp,0.815929648241206,PF,25.5027169564309,25.3372681349748,25.5706241137291
SBA,Temp,0.820904522613065,PF,25.4989327080053,25.3339877182803,25.5662452914642
SBA,Temp,0.825879396984925,PF,25.4950313520564,25.330608181336,25.5617429150107
SBA,Temp,0.830854271356784,PF,25.491016141571,25.3271322774822,25.5571204164295
SBA,Temp,0.835829145728643,PF,25.4868903295358,25.3235627600592,25.5523812277813
SBA,Temp,0.840804020100503,PF,25.4826571689376,25.3199023824072,25.5475287811269
SBA,Temp,0.845778894472362,PF,25.4783199127632,25.3161538978664,25.5425665085271
SBA,Temp,0.850753768844221,PF,25.4738818139992,25.3123200597773,25.5378402747954
SBA,Temp,0.85572864321608,PF,25.4696592146464,25.30840362148,25.5330851695244
SBA,Temp,0.86070351758794,PF,25.4654295918322,25.3044073363147,25.5282339521737
SBA,Temp,0.865678391959799,PF,25.4611150411978,25.3003339576219,25.523289936953
SBA,Temp,0.870653266331658,PF,25.4567185958795,25.2961862387417,25.5182564380719
SBA,Temp,0.875628140703518,PF,25.452243289014,25.2919669330145,25.51313676974
SBA,Temp,0.880603015075377,PF,25.4476921537374,25.2876787937804,25.507934246167
SBA,Temp,0.885577889447236,PF,25.4428996660549,25.2833245743799,25.5026521815626
SBA,Temp,0.890552763819096,PF,25.4378983062332,25.278907028153,25.4972938901364
SBA,Temp,0.895527638190955,PF,25.4328281341724,25.2744289084402,25.4918626860979
SBA,Temp,0.900502512562814,PF,25.4276922777016,25.2698929685816,25.486361883657
SBA,Temp,0.905477386934673,PF,25.4224938646497,25.2653019619177,25.4807947970232
SBA,Temp,0.910452261306533,PF,25.4172360228459,25.2606586417885,25.4751647404061
SBA,Temp,0.915427135678392,PF,25.4119218801192,25.2559657615345,25.4694750280154
SBA,Temp,0.920402010050251,PF,25.4065545642986,25.2512260744958,25.4637289740608
SBA,Temp,0.925376884422111,PF,25.4011372032133,25.2464423340128,25.4579298927519
SBA,Temp,0.93035175879397,PF,25.3957134307404,25.2416172934256,25.4525416981464
SBA,Temp,0.935326633165829,PF,25.3905001851801,25.2367537060747,25.4475363027676
SBA,Temp,0.940301507537689,PF,25.385160176036,25.2318543253003,25.4424934450427
SBA,Temp,0.945276381909548,PF,25.3797827794918,25.2269219044425,25.4374160066908
SBA,Temp,0.950251256281407,PF,25.374373946609,25.2219591968418,25.4323068694307
SBA,Temp,0.955226130653266,PF,25.3689365352366,25.2169689558384,25.4271689149813
SBA,Temp,0.960201005025126,PF,25.3634734032234,25.2119539347725,25.4220050250615
SBA,Temp,0.965175879396985,PF,25.3579874084186,25.2069168869845,25.4168180813904
SBA,Temp,0.970150753768844,PF,25.352481408671,25.2018605658145,25.4116109656868
SBA,Temp,0.975125628140704,PF,25.3466351231577,25.1967877246029,25.4063865596696
SBA,Temp,0.980100502512563,PF,25.3405615651504,25.1917011166899,25.4011477450578
SBA,Temp,0.985075376884422,PF,25.3344753415975,25.1866034954159,25.3958974035703
SBA,Temp,0.990050251256281,PF,25.3283796188855,25.181497614121,25.3906384169261
SBA,Temp,0.995025125628141,PF,25.3222775634007,25.1763862261456,25.3853736668439
SBA,Temp,1,PF,25.3161723415296,25.1712720848299,25.3801060350429
SBA,Temp,0.01,SF_early,25.657899433708,25.4938689981173,25.7083320614434
SBA,Temp,0.0149748743718593,SF_early,25.6536631014034,25.4894862205642,25.7043702850252
SBA,Temp,0.0199497487437186,SF_early,25.6494273558769,25.4851041650124,25.7004089083091
SBA,Temp,0.0249246231155779,SF_early,25.644976118444,25.4807235534632,25.6964483309973
SBA,Temp,0.0298994974874372,SF_early,25.6404099968845,25.476345107918,25.6924889527918
SBA,Temp,0.0348743718592965,SF_early,25.6358467923921,25.4721010356784,25.6885311733949
SBA,Temp,0.0398492462311558,SF_early,25.6312872342338,25.4679960237438,25.6845753925086
SBA,Temp,0.0448241206030151,SF_early,25.6267320516762,25.4638941409973,25.6806220098351
SBA,Temp,0.0497989949748744,SF_early,25.6221819739863,25.4597959089705,25.6766714250765
SBA,Temp,0.0547738693467337,SF_early,25.6176377304307,25.4557018491946,25.6727240379348
SBA,Temp,0.059748743718593,SF_early,25.6131000502764,25.4516124832011,25.6687802481124
SBA,Temp,0.0647236180904523,SF_early,25.60856966279,25.4475283325213,25.6648404553112
SBA,Temp,0.0696984924623116,SF_early,25.6040472972384,25.4434499186866,25.6609050592334
SBA,Temp,0.0746733668341709,SF_early,25.5995336828885,25.4393777632284,25.6569744595811
SBA,Temp,0.0796482412060302,SF_early,25.5950295490069,25.435312387678,25.6530490560565
SBA,Temp,0.0846231155778894,SF_early,25.5906370852298,25.4312543135667,25.6491292483616
SBA,Temp,0.0895979899497487,SF_early,25.5865453830969,25.4272040624261,25.6452154361987
SBA,Temp,0.094572864321608,SF_early,25.5824632118302,25.4231621557874,25.6413080192698
SBA,Temp,0.0995477386934673,SF_early,25.5784137399292,25.419129115182,25.6374073972771
SBA,Temp,0.104522613065327,SF_early,25.5744983976468,25.4151054621413,25.6335139699227
SBA,Temp,0.109497487437186,SF_early,25.5705932530478,25.4110917181967,25.6296281369087
SBA,Temp,0.114472361809045,SF_early,25.5666988428525,25.4070884048795,25.6257502979372
SBA,Temp,0.119447236180905,SF_early,25.5628157037808,25.4030960437211,25.6218808527104
SBA,Temp,0.124422110552764,SF_early,25.5589443725532,25.3991151562529,25.6180202009304
SBA,Temp,0.129396984924623,SF_early,25.5550853858896,25.3951462640062,25.6141687422994
SBA,Temp,0.134371859296482,SF_early,25.5512392805104,25.3911898885125,25.6103268765194
SBA,Temp,0.139346733668342,SF_early,25.5474065931356,25.387246551303,25.6064950032926
SBA,Temp,0.144321608040201,SF_early,25.5435878604855,25.3833167739092,25.6026735223211
SBA,Temp,0.14929648241206,SF_early,25.5397836192802,25.3794010778625,25.598862833307
SBA,Temp,0.15427135678392,SF_early,25.5359944062399,25.3754999846941,25.5950633359525
SBA,Temp,0.159246231155779,SF_early,25.5321959488247,25.3716140159355,25.5912754299597
SBA,Temp,0.164221105527638,SF_early,25.5281633926947,25.3677436931181,25.5874995150307
SBA,Temp,0.169195979899498,SF_early,25.5241477391831,25.3638895377732,25.5837359908677
SBA,Temp,0.174170854271357,SF_early,25.5201495335354,25.3600520714322,25.5799852571727
SBA,Temp,0.179145728643216,SF_early,25.5161693209976,25.3562318156264,25.576247713648
SBA,Temp,0.184120603015075,SF_early,25.5122076468154,25.3524292918873,25.5725237599956
SBA,Temp,0.189095477386935,SF_early,25.5082650562345,25.3486450217462,25.5688137959176
SBA,Temp,0.194070351758794,SF_early,25.5043420945007,25.3448795267344,25.5651182211162
SBA,Temp,0.199045226130653,SF_early,25.5004393068597,25.3411333283835,25.5614374352935
SBA,Temp,0.204020100502513,SF_early,25.4966702089863,25.3374069482246,25.5577718381517
SBA,Temp,0.208994974874372,SF_early,25.4929603545338,25.3337009077892,25.5541218293928
SBA,Temp,0.213969849246231,SF_early,25.4892680207968,25.3300157286087,25.5504878087191
SBA,Temp,0.21894472361809,SF_early,25.4855197903876,25.3263519322145,25.5468701758325
SBA,Temp,0.22391959798995,SF_early,25.4816864679567,25.3227100401378,25.5432693304353
SBA,Temp,0.228894472361809,SF_early,25.47787673017,25.3190905739101,25.5396856722296
SBA,Temp,0.233869346733668,SF_early,25.4740911255076,25.3154940550628,25.5361196009175
SBA,Temp,0.238844221105528,SF_early,25.4703302024496,25.3119210051272,25.5325715162011
SBA,Temp,0.243819095477387,SF_early,25.466594509476,25.3083719456347,25.5290418177826
SBA,Temp,0.248793969849246,SF_early,25.4628845950671,25.3048473981166,25.525530905364
SBA,Temp,0.253768844221106,SF_early,25.4592010077029,25.3013478841044,25.5220391786476
SBA,Temp,0.258743718592965,SF_early,25.4555442958634,25.2978739251294,25.5185670373354
SBA,Temp,0.263718592964824,SF_early,25.4519150080288,25.294426042723,25.5151148811296
SBA,Temp,0.268693467336683,SF_early,25.4483136926793,25.2910047584165,25.5116831097323
SBA,Temp,0.273668341708543,SF_early,25.4447408982948,25.2876105937414,25.5082721228456
SBA,Temp,0.278643216080402,SF_early,25.4411971733554,25.2842440702289,25.5048823201716
SBA,Temp,0.283618090452261,SF_early,25.4376830663414,25.2809057094106,25.5015141014125
SBA,Temp,0.288592964824121,SF_early,25.4341991257327,25.2775960328176,25.4981678662705
SBA,Temp,0.29356783919598,SF_early,25.4307459000096,25.2743155619815,25.4948440144475
SBA,Temp,0.298542713567839,SF_early,25.4273239376519,25.2710648184335,25.491520605549
SBA,Temp,0.303517587939699,SF_early,25.42393378714,25.2678443237051,25.4881877251431
SBA,Temp,0.308492462311558,SF_early,25.4205759969538,25.2646545993277,25.4848868297008
SBA,Temp,0.313467336683417,SF_early,25.4172511155735,25.2614961668325,25.4816184613401
SBA,Temp,0.318442211055276,SF_early,25.4139596914791,25.258369547751,25.4783831621789
SBA,Temp,0.323417085427136,SF_early,25.4107022731508,25.2552752636145,25.4751814743355
SBA,Temp,0.328391959798995,SF_early,25.4074794090687,25.2522138359545,25.4720139399277
SBA,Temp,0.333366834170854,SF_early,25.4042916477128,25.2491857863022,25.4688811010735
SBA,Temp,0.338341708542714,SF_early,25.4011395375633,25.2461916361891,25.4657834998911
SBA,Temp,0.343316582914573,SF_early,25.3980233098197,25.2432315736407,25.4627213484941
SBA,Temp,0.348291457286432,SF_early,25.3949419265595,25.2403044526594,25.4596935389784
SBA,Temp,0.353266331658292,SF_early,25.3918940325797,25.2374087937418,25.4566986334355
SBA,Temp,0.358241206030151,SF_early,25.3889077402186,25.2345431173843,25.4537351939571
SBA,Temp,0.36321608040201,SF_early,25.3860921001895,25.2317059440835,25.4508017826347
SBA,Temp,0.368190954773869,SF_early,25.3832988853231,25.2288957943361,25.4478847404705
SBA,Temp,0.373165829145729,SF_early,25.3805267254678,25.2261111886384,25.4449385195223
SBA,Temp,0.378140703517588,SF_early,25.3777742504721,25.2233506474872,25.4420099477564
SBA,Temp,0.383115577889447,SF_early,25.3750400901843,25.220612691379,25.4390977778645
SBA,Temp,0.388090452261307,SF_early,25.3723228744529,25.2178958408102,25.4362007625383
SBA,Temp,0.393065326633166,SF_early,25.3696212331262,25.2151986162775,25.4333176544695
SBA,Temp,0.398040201005025,SF_early,25.3669337960526,25.2125195382774,25.4304472063498
SBA,Temp,0.403015075376884,SF_early,25.3642591930806,25.2098571273064,25.4275881708709
SBA,Temp,0.407989949748744,SF_early,25.3615960540585,25.2072099038612,25.4247393007246
SBA,Temp,0.412964824120603,SF_early,25.3589430088347,25.2045763884382,25.4218993486024
SBA,Temp,0.417939698492462,SF_early,25.3562986872577,25.201955101534,25.4190670671961
SBA,Temp,0.422914572864322,SF_early,25.3536003090297,25.1993445636453,25.4162412091974
SBA,Temp,0.427889447236181,SF_early,25.3508209737002,25.1967432952684,25.4134205272981
SBA,Temp,0.43286432160804,SF_early,25.3480471117373,25.1941498169,25.4106037741897
SBA,Temp,0.437839195979899,SF_early,25.345277466169,25.1915626490367,25.4077897025641
SBA,Temp,0.442814070351759,SF_early,25.3425107800234,25.1889803121749,25.4049770651128
SBA,Temp,0.447788944723618,SF_early,25.3397457963286,25.1864013268112,25.4021646145277
SBA,Temp,0.452763819095477,SF_early,25.3369812581125,25.1838242134423,25.3993511035003
SBA,Temp,0.457738693467337,SF_early,25.3343607684476,25.1812474925646,25.3965352847225
SBA,Temp,0.462713567839196,SF_early,25.3318305620078,25.1789385513428,25.3937159108858
SBA,Temp,0.467688442211055,SF_early,25.3292962027329,25.1767331648516,25.3908917346821
SBA,Temp,0.472663316582915,SF_early,25.3267560703911,25.1745266446136,25.388061508803
SBA,Temp,0.477638190954774,SF_early,25.3242085447504,25.1723171142506,25.3852239859402
SBA,Temp,0.482613065326633,SF_early,25.3216520055792,25.1701026973844,25.3823779187853
SBA,Temp,0.487587939698492,SF_early,25.3190848326456,25.1678815176367,25.3795220600302
SBA,Temp,0.492562814070352,SF_early,25.3165054057177,25.1656516986295,25.3766551623665
SBA,Temp,0.497537688442211,SF_early,25.3139121045639,25.1634113639845,25.3737759784859
SBA,Temp,0.50251256281407,SF_early,25.3113033089524,25.1611586373235,25.3708832610801
SBA,Temp,0.50748743718593,SF_early,25.308630669632,25.1588916422683,25.3679757628408
SBA,Temp,0.512462311557789,SF_early,25.305891768538,25.1566085024408,25.3650522364597
SBA,Temp,0.517437185929648,SF_early,25.3031341880586,25.1543073414628,25.3621114346285
SBA,Temp,0.522412060301508,SF_early,25.3003565580424,25.151986282956,25.3591521100389
SBA,Temp,0.527386934673367,SF_early,25.2975575083375,25.1496434505423,25.3561730153826
SBA,Temp,0.532361809045226,SF_early,25.2947356687925,25.1472769678435,25.3531729033513
SBA,Temp,0.537336683417085,SF_early,25.2918896692557,25.1448849584814,25.3501505266367
SBA,Temp,0.542311557788945,SF_early,25.2891392897624,25.1424655460779,25.3472182131937
SBA,Temp,0.547286432160804,SF_early,25.2864073040324,25.1400168542546,25.3445623362427
SBA,Temp,0.552261306532663,SF_early,25.2836504871209,25.1375370066335,25.3418806475655
SBA,Temp,0.557236180904523,SF_early,25.2808673982067,25.1350241268363,25.3391715803696
SBA,Temp,0.562211055276382,SF_early,25.2780565964686,25.1324763384848,25.3364335678621
SBA,Temp,0.567185929648241,SF_early,25.2752166410856,25.129891765201,25.3336650432504
SBA,Temp,0.572160804020101,SF_early,25.2723460912363,25.1272685306065,25.3308644397416
SBA,Temp,0.57713567839196,SF_early,25.2694435060997,25.1246047583232,25.3280301905432
SBA,Temp,0.582110552763819,SF_early,25.2665074448545,25.1218985719728,25.3251607288623
SBA,Temp,0.587085427135679,SF_early,25.2635364666797,25.1191480951773,25.3222544879062
SBA,Temp,0.592060301507538,SF_early,25.2605291307541,25.1163514515584,25.3193099008823
SBA,Temp,0.597035175879397,SF_early,25.2574839962565,25.113506764738,25.3163254009976
SBA,Temp,0.602010050251256,SF_early,25.2543996223657,25.1106121583377,25.3132994214596
SBA,Temp,0.606984924623116,SF_early,25.2512745682605,25.1076657559795,25.3102303954755
SBA,Temp,0.611959798994975,SF_early,25.2481073931199,25.1046656812852,25.3071167562526
SBA,Temp,0.616934673366834,SF_early,25.2448966561226,25.1016100578765,25.3039569369981
SBA,Temp,0.621909547738694,SF_early,25.2416409164475,25.0984970093753,25.3007493709193
SBA,Temp,0.626884422110553,SF_early,25.2383387332735,25.0953246594034,25.2974924912234
SBA,Temp,0.631859296482412,SF_early,25.2349886657793,25.0920911315826,25.2941847311178
SBA,Temp,0.636834170854271,SF_early,25.2315892731437,25.0887945495347,25.2908245238097
SBA,Temp,0.641809045226131,SF_early,25.2281391145457,25.0854330368815,25.2874103025064
SBA,Temp,0.64678391959799,SF_early,25.2246367491641,25.0820047172448,25.2839405004151
SBA,Temp,0.651758793969849,SF_early,25.2210807361777,25.0785077142465,25.2804135507432
SBA,Temp,0.656733668341709,SF_early,25.2174696347653,25.0749401515083,25.2768278866978
SBA,Temp,0.661708542713568,SF_early,25.2138020041058,25.0713001526521,25.2731819414863
SBA,Temp,0.666683417085427,SF_early,25.210076403378,25.0675858412997,25.2694741483159
SBA,Temp,0.671658291457287,SF_early,25.2062913917607,25.0637953410728,25.2657029403939
SBA,Temp,0.676633165829146,SF_early,25.2024459222356,25.0599272854575,25.2618671761545
SBA,Temp,0.681608040201005,SF_early,25.1985405229956,25.0559823473965,25.2579674149397
SBA,Temp,0.686582914572864,SF_early,25.1945761160361,25.0519617096965,25.2540046413181
SBA,Temp,0.691557788944724,SF_early,25.1905536233529,25.0478665551645,25.2499798398588
SBA,Temp,0.696532663316583,SF_early,25.1864662064276,25.0436980666074,25.2458939951306
SBA,Temp,0.701507537688442,SF_early,25.182175539555,25.0394574268319,25.2417480917023
SBA,Temp,0.706482412060302,SF_early,25.1778243275181,25.0351458186449,25.2375431141428
SBA,Temp,0.711457286432161,SF_early,25.1734135794028,25.0307644248534,25.233280047021
SBA,Temp,0.71643216080402,SF_early,25.1689443042954,25.0263144282641,25.2289598749056
SBA,Temp,0.721407035175879,SF_early,25.1644175112817,25.0217970116839,25.2245835823656
SBA,Temp,0.726381909547739,SF_early,25.1600974733609,25.0172133579197,25.2201521539697
SBA,Temp,0.731356783919598,SF_early,25.1557738466685,25.0125646497783,25.2156665742869
SBA,Temp,0.736331658291457,SF_early,25.151405548135,25.0078520700665,25.2111278278861
SBA,Temp,0.741306532663317,SF_early,25.1469934050166,25.0030768015914,25.2065368993359
SBA,Temp,0.746281407035176,SF_early,25.1425382445698,24.9982400271596,25.2018947732054
SBA,Temp,0.751256281407035,SF_early,25.1380408940508,24.9933429295781,25.1972024340634
SBA,Temp,0.756231155778895,SF_early,25.133394925613,24.9883866916536,25.1924608664787
SBA,Temp,0.761206030150754,SF_early,25.1286560423366,24.9833724961932,25.1876710550201
SBA,Temp,0.766180904522613,SF_early,25.1238729032707,24.9783015260036,25.1828339842566
SBA,Temp,0.771155778894472,SF_early,25.1190464304108,24.9731749638917,25.1779506387569
SBA,Temp,0.776130653266332,SF_early,25.1141775457527,24.9679939926643,25.17302200309
SBA,Temp,0.781105527638191,SF_early,25.1092671712919,24.9627597951283,25.1680490618247
SBA,Temp,0.78608040201005,SF_early,25.104316229024,24.9574735540906,25.1630327995298
SBA,Temp,0.79105527638191,SF_early,25.0993256409446,24.952136452358,25.1579742007743
SBA,Temp,0.796030150753769,SF_early,25.0942963290494,24.9467496727374,25.1528742501268
SBA,Temp,0.801005025125628,SF_early,25.0892292153339,24.9413143980356,25.1477339321564
SBA,Temp,0.805979899497488,SF_early,25.0841252217939,24.9358318110595,25.1425542314318
SBA,Temp,0.810954773869347,SF_early,25.0789852704248,24.9303030946159,25.1373361325219
SBA,Temp,0.815929648241206,SF_early,25.0738102832223,24.9247294315118,25.1320806199956
SBA,Temp,0.820904522613065,SF_early,25.0686011821821,24.9191120045539,25.1267886784217
SBA,Temp,0.825879396984925,SF_early,25.0633588892997,24.9134519965491,25.1214612923691
SBA,Temp,0.830854271356784,SF_early,25.0580843265708,24.9077505903043,25.1160994464066
SBA,Temp,0.835829145728643,SF_early,25.0528341309859,24.9020089686264,25.1107041251031
SBA,Temp,0.840804020100503,SF_early,25.0477499885282,24.8962283143221,25.1052763130274
SBA,Temp,0.845778894472362,SF_early,25.04264135377,24.8904098101984,25.0998169947484
SBA,Temp,0.850753768844221,SF_early,25.0374114503665,24.8845546390622,25.0943271548349
SBA,Temp,0.85572864321608,SF_early,25.0316513777966,24.8786639837201,25.0888077778559
SBA,Temp,0.86070351758794,SF_early,25.0258629017177,24.8727390269792,25.08325984838
SBA,Temp,0.865678391959799,SF_early,25.0203362793971,24.8667809516463,25.0776843509763
SBA,Temp,0.870653266331658,SF_early,25.014836749738,24.8607909405283,25.0720822702135
SBA,Temp,0.875628140703518,SF_early,25.009313248193,24.8547701764319,25.0664545906605
SBA,Temp,0.880603015075377,SF_early,25.0037666967575,24.8487198421641,25.0608022968862
SBA,Temp,0.885577889447236,SF_early,24.9981980174273,24.8426411205317,25.0551263734594
SBA,Temp,0.890552763819096,SF_early,24.9926081321979,24.8365351943416,25.049427804949
SBA,Temp,0.895527638190955,SF_early,24.986997963065,24.8304032464006,25.0437075759238
SBA,Temp,0.900502512562814,SF_early,24.9813684320242,24.8242464595156,25.0379666709526
SBA,Temp,0.905477386934673,SF_early,24.9757204610711,24.8180660164934,25.0322060746044
SBA,Temp,0.910452261306533,SF_early,24.9699064362765,24.8118631001409,25.026426771448
SBA,Temp,0.915427135678392,SF_early,24.9640378986369,24.805638893265,25.0206297460522
SBA,Temp,0.920402010050251,SF_early,24.9581527480385,24.7993945786726,25.0148159829859
SBA,Temp,0.925376884422111,SF_early,24.9522519617142,24.7931313391703,25.008986466818
SBA,Temp,0.93035175879397,SF_early,24.9463365168969,24.7868503575653,25.0031421821172
SBA,Temp,0.935326633165829,SF_early,24.9404073908194,24.7805528166642,24.9972841134525
SBA,Temp,0.940301507537689,SF_early,24.9344655607146,24.774239899274,24.9914132453926
SBA,Temp,0.945276381909548,SF_early,24.9285120038153,24.7679127882014,24.9855305625066
SBA,Temp,0.950251256281407,SF_early,24.9225476973545,24.7615726662535,24.9796370493631
SBA,Temp,0.955226130653266,SF_early,24.9163285538641,24.755220716237,24.9737336905312
SBA,Temp,0.960201005025126,SF_early,24.9100613481755,24.7488581209587,24.9678214705795
SBA,Temp,0.965175879396985,SF_early,24.9037857526416,24.7424860632256,24.961901374077
SBA,Temp,0.970150753768844,SF_early,24.897502815993,24.7361057258445,24.9559743855925
SBA,Temp,0.975125628140704,SF_early,24.8912076025925,24.7297182916222,24.9500414896949
SBA,Temp,0.980100502512563,SF_early,24.8848116049126,24.7233249433656,24.9441036709531
SBA,Temp,0.985075376884422,SF_early,24.8784114295648,24.7169268638817,24.9381619139358
SBA,Temp,0.990050251256281,SF_early,24.8718966433729,24.7105252359771,24.932217203212
SBA,Temp,0.995025125628141,SF_early,24.8653589325953,24.7041212424588,24.9262705233504
SBA,Temp,1,SF_early,24.858820129106,24.6977160661337,24.92032285892
SBA,Temp,0.01,SF_intermediate,25.701614553156,25.5470891068861,25.7774074007556
SBA,Temp,0.0149748743718593,SF_intermediate,25.6981216811416,25.542903997596,25.7733922317982
SBA,Temp,0.0199497487437186,SF_intermediate,25.6946289742841,25.5387193717297,25.7693773000104
SBA,Temp,0.0249246231155779,SF_intermediate,25.6911365977405,25.5345357127109,25.7653628425617
SBA,Temp,0.0298994974874372,SF_intermediate,25.6875883251159,25.5303535039633,25.7613490966217
SBA,Temp,0.0348743718592965,SF_intermediate,25.6835752459689,25.5261732289108,25.75733629936
SBA,Temp,0.0398492462311558,SF_intermediate,25.6795641935786,25.521995370977,25.7533246879462
SBA,Temp,0.0448241206030151,SF_intermediate,25.6755555732961,25.5178204135858,25.7493144995498
SBA,Temp,0.0497989949748744,SF_intermediate,25.671549790473,25.5136488401608,25.7453059713405
SBA,Temp,0.0547738693467337,SF_intermediate,25.6675472504604,25.5094811341259,25.7412993404877
SBA,Temp,0.059748743718593,SF_intermediate,25.6635483586098,25.5053177789047,25.7372948441611
SBA,Temp,0.0647236180904523,SF_intermediate,25.6595535202725,25.5011592579211,25.7332927195302
SBA,Temp,0.0696984924623116,SF_intermediate,25.6555631407997,25.4970060545987,25.7292932037647
SBA,Temp,0.0746733668341709,SF_intermediate,25.6515776255428,25.4928586523615,25.725296534034
SBA,Temp,0.0796482412060302,SF_intermediate,25.6475973798531,25.488717534633,25.7213029475078
SBA,Temp,0.0846231155778894,SF_intermediate,25.643622809082,25.4845831848371,25.7173126813556
SBA,Temp,0.0895979899497487,SF_intermediate,25.6396543185808,25.4804560863974,25.713325972747
SBA,Temp,0.094572864321608,SF_intermediate,25.6356923137008,25.4763367227379,25.7093430588516
SBA,Temp,0.0995477386934673,SF_intermediate,25.6317371997933,25.4722255772821,25.705364176839
SBA,Temp,0.104522613065327,SF_intermediate,25.6277893822096,25.4681231334539,25.7013895638786
SBA,Temp,0.109497487437186,SF_intermediate,25.6238492663012,25.464029874677,25.6974194571402
SBA,Temp,0.114472361809045,SF_intermediate,25.6199172574192,25.4599462843753,25.6934540937933
SBA,Temp,0.119447236180905,SF_intermediate,25.6159911430072,25.4558728459723,25.6894937110074
SBA,Temp,0.124422110552764,SF_intermediate,25.6117296850401,25.4518100428919,25.6855385459521
SBA,Temp,0.129396984924623,SF_intermediate,25.6074821478477,25.4477583585579,25.6814171120182
SBA,Temp,0.134371859296482,SF_intermediate,25.6032491366808,25.4437182763939,25.6772635515741
SBA,Temp,0.139346733668342,SF_intermediate,25.5990312567907,25.4396902798238,25.6731178678851
SBA,Temp,0.144321608040201,SF_intermediate,25.5948291134284,25.4356539300004,25.6689803760214
SBA,Temp,0.14929648241206,SF_intermediate,25.5906433118449,25.4313921906947,25.6648513910532
SBA,Temp,0.15427135678392,SF_intermediate,25.5864744572914,25.4271466682839,25.6607312280506
SBA,Temp,0.159246231155779,SF_intermediate,25.5823231550188,25.4229179419429,25.656620202084
SBA,Temp,0.164221105527638,SF_intermediate,25.5781900102784,25.4187065908465,25.6525186282235
SBA,Temp,0.169195979899498,SF_intermediate,25.574075628321,25.4145131941694,25.6484268215393
SBA,Temp,0.174170854271357,SF_intermediate,25.5699806143979,25.4103383310866,25.6443450971016
SBA,Temp,0.179145728643216,SF_intermediate,25.56590557376,25.4061825807728,25.6402737699807
SBA,Temp,0.184120603015075,SF_intermediate,25.5618511116585,25.4020803990704,25.6362131552466
SBA,Temp,0.189095477386935,SF_intermediate,25.5580696897258,25.3981022450577,25.6321635679697
SBA,Temp,0.194070351758794,SF_intermediate,25.5546092818866,25.3941400356968,25.6281253232202
SBA,Temp,0.199045226130653,SF_intermediate,25.5511563432913,25.3901942138947,25.6240987360681
SBA,Temp,0.204020100502513,SF_intermediate,25.5477110758112,25.3862652225584,25.6200841215838
SBA,Temp,0.208994974874372,SF_intermediate,25.5442736813178,25.382353504595,25.6160817948374
SBA,Temp,0.213969849246231,SF_intermediate,25.5408443616825,25.3784595029114,25.6120920708992
SBA,Temp,0.21894472361809,SF_intermediate,25.5374233187769,25.3745836604145,25.6081152648393
SBA,Temp,0.22391959798995,SF_intermediate,25.5340107544723,25.3707264200115,25.604151691728
SBA,Temp,0.228894472361809,SF_intermediate,25.5306068706403,25.3668882246092,25.6002016666354
SBA,Temp,0.233869346733668,SF_intermediate,25.5272118691522,25.3630695171148,25.5962655046318
SBA,Temp,0.238844221105528,SF_intermediate,25.5235205314732,25.3592707404351,25.5923435207874
SBA,Temp,0.243819095477387,SF_intermediate,25.5198234294987,25.3554923374772,25.5884360301723
SBA,Temp,0.248793969849246,SF_intermediate,25.5161452401316,25.3517347511481,25.5845433478568
SBA,Temp,0.253768844221106,SF_intermediate,25.5124863657677,25.3479984243547,25.5806657889111
SBA,Temp,0.258743718592965,SF_intermediate,25.5088472088029,25.3442838000041,25.5768036684053
SBA,Temp,0.263718592964824,SF_intermediate,25.5052281716331,25.3405913210033,25.5729573014097
SBA,Temp,0.268693467336683,SF_intermediate,25.5016296566543,25.3369214302592,25.5691270029945
SBA,Temp,0.273668341708543,SF_intermediate,25.4980520662622,25.3332745706789,25.5653130882299
SBA,Temp,0.278643216080402,SF_intermediate,25.4944958028529,25.3296511851693,25.5615158721861
SBA,Temp,0.283618090452261,SF_intermediate,25.4909612688222,25.3260517166374,25.5577356699333
SBA,Temp,0.288592964824121,SF_intermediate,25.487448866566,25.3224766079903,25.5539727965417
SBA,Temp,0.29356783919598,SF_intermediate,25.4839589984802,25.3189263021349,25.5502275670814
SBA,Temp,0.298542713567839,SF_intermediate,25.4804920669608,25.3154012419783,25.5465002966228
SBA,Temp,0.303517587939699,SF_intermediate,25.4770484744035,25.3119018704273,25.542791300236
SBA,Temp,0.308492462311558,SF_intermediate,25.4736286232044,25.3084286303891,25.5391008929912
SBA,Temp,0.313467336683417,SF_intermediate,25.4702329157593,25.3049819647706,25.5354293899587
SBA,Temp,0.318442211055276,SF_intermediate,25.4668617544641,25.3015623164788,25.5317771062085
SBA,Temp,0.323417085427136,SF_intermediate,25.4635155417148,25.2981701284207,25.528144356811
SBA,Temp,0.328391959798995,SF_intermediate,25.4601946799071,25.2948058435033,25.5245314568363
SBA,Temp,0.333366834170854,SF_intermediate,25.4568995714371,25.2914699046335,25.5209387213546
SBA,Temp,0.338341708542714,SF_intermediate,25.4536306187006,25.2881627547185,25.5173664654362
SBA,Temp,0.343316582914573,SF_intermediate,25.4503879143823,25.2848845266616,25.5138147657855
SBA,Temp,0.348291457286432,SF_intermediate,25.447170312322,25.2816341133522,25.5102827456439
SBA,Temp,0.353266331658292,SF_intermediate,25.4439763566484,25.2784100976762,25.5068287465826
SBA,Temp,0.358241206030151,SF_intermediate,25.4408045914901,25.2752110625194,25.5036970304732
SBA,Temp,0.36321608040201,SF_intermediate,25.4376535609757,25.2720355907675,25.5005891249824
SBA,Temp,0.368190954773869,SF_intermediate,25.4345218092338,25.2688822653065,25.4975035439628
SBA,Temp,0.373165829145729,SF_intermediate,25.431407880393,25.2657496690222,25.4944388012665
SBA,Temp,0.378140703517588,SF_intermediate,25.4283103185819,25.2626363848003,25.4913934107461
SBA,Temp,0.383115577889447,SF_intermediate,25.4252276679293,25.2595409955268,25.4883658862538
SBA,Temp,0.388090452261307,SF_intermediate,25.4221584725636,25.2564620840874,25.4853547416421
SBA,Temp,0.393065326633166,SF_intermediate,25.4191012766135,25.2533982333681,25.4823584907634
SBA,Temp,0.398040201005025,SF_intermediate,25.4160546242077,25.2503907484834,25.47937564747
SBA,Temp,0.403015075376884,SF_intermediate,25.4130170594746,25.247517467527,25.4764047256143
SBA,Temp,0.407989949748744,SF_intermediate,25.4099871265431,25.2446604957682,25.4734442390486
SBA,Temp,0.412964824120603,SF_intermediate,25.4069633695416,25.2418181473345,25.4704927016254
SBA,Temp,0.417939698492462,SF_intermediate,25.4039785838432,25.2389887363536,25.4675486271971
SBA,Temp,0.422914572864322,SF_intermediate,25.4012892584851,25.2361705769532,25.4646105296159
SBA,Temp,0.427889447236181,SF_intermediate,25.3985622705015,25.2333619832609,25.4616769227343
SBA,Temp,0.43286432160804,SF_intermediate,25.39556409938,25.2305612694043,25.4587463204047
SBA,Temp,0.437839195979899,SF_intermediate,25.3925691654343,25.2277667495111,25.4558172364794
SBA,Temp,0.442814070351759,SF_intermediate,25.3892330945833,25.224976737709,25.4528881848108
SBA,Temp,0.447788944723618,SF_intermediate,25.3855449622219,25.2221895481256,25.4499576792513
SBA,Temp,0.452763819095477,SF_intermediate,25.3818490604229,25.2194034948886,25.4470242336532
SBA,Temp,0.457738693467337,SF_intermediate,25.3781447822788,25.2166168921255,25.444086361869
SBA,Temp,0.462713567839196,SF_intermediate,25.3744315208823,25.2138280539641,25.441142577751
SBA,Temp,0.467688442211055,SF_intermediate,25.3710344888989,25.211035294532,25.4381913951516
SBA,Temp,0.472663316582915,SF_intermediate,25.3676461530194,25.2082369279568,25.4352313279231
SBA,Temp,0.477638190954774,SF_intermediate,25.3642467235918,25.2054312683663,25.431994518355
SBA,Temp,0.482613065326633,SF_intermediate,25.3608351452945,25.2026166298879,25.4286701937008
SBA,Temp,0.487587939698492,SF_intermediate,25.3574103628057,25.1997913266495,25.4253295209374
SBA,Temp,0.492562814070352,SF_intermediate,25.3539713208038,25.1969536727786,25.4219712793704
SBA,Temp,0.497537688442211,SF_intermediate,25.3505169639671,25.1941019824029,25.4185942483053
SBA,Temp,0.50251256281407,SF_intermediate,25.3470462369739,25.1912345696501,25.4151972070475
SBA,Temp,0.50748743718593,SF_intermediate,25.3435580845025,25.1883497486477,25.4117789349026
SBA,Temp,0.512462311557789,SF_intermediate,25.3400514512313,25.1854458335235,25.4083382111761
SBA,Temp,0.517437185929648,SF_intermediate,25.3365252818384,25.1825211384051,25.4048738151736
SBA,Temp,0.522412060301508,SF_intermediate,25.3329785210024,25.1795739774201,25.4013845262005
SBA,Temp,0.527386934673367,SF_intermediate,25.3294101134013,25.1766026646962,25.3978691235623
SBA,Temp,0.532361809045226,SF_intermediate,25.3258190037137,25.173605514361,25.3943263865646
SBA,Temp,0.537336683417085,SF_intermediate,25.3222041366177,25.1705808405422,25.3907550945129
SBA,Temp,0.542311557788945,SF_intermediate,25.3185644567917,25.1675269573674,25.3871540267127
SBA,Temp,0.547286432160804,SF_intermediate,25.314898908914,25.1644421789644,25.3835219624694
SBA,Temp,0.552261306532663,SF_intermediate,25.3112064376629,25.1613248194606,25.3798576810887
SBA,Temp,0.557236180904523,SF_intermediate,25.3074859877168,25.1581731929839,25.3761599618761
SBA,Temp,0.562211055276382,SF_intermediate,25.3037365037538,25.1549856136617,25.3724275841369
SBA,Temp,0.567185929648241,SF_intermediate,25.2999569304525,25.1517603956219,25.3686593271769
SBA,Temp,0.572160804020101,SF_intermediate,25.296146212491,25.1484958529919,25.3648539703014
SBA,Temp,0.57713567839196,SF_intermediate,25.2923032945476,25.1451902998996,25.361010292816
SBA,Temp,0.582110552763819,SF_intermediate,25.2882865041512,25.1418420504725,25.3571270740262
SBA,Temp,0.587085427135679,SF_intermediate,25.2842692961886,25.1384494188382,25.3532030932375
SBA,Temp,0.592060301507538,SF_intermediate,25.280368912341,25.1350107191245,25.3492371297555
SBA,Temp,0.597035175879397,SF_intermediate,25.2764266668767,25.1315242654589,25.3452279628856
SBA,Temp,0.602010050251256,SF_intermediate,25.272441503704,25.1279883719692,25.3411743719333
SBA,Temp,0.606984924623116,SF_intermediate,25.2684123667313,25.1244013527829,25.3370751362042
SBA,Temp,0.611959798994975,SF_intermediate,25.2643381998672,25.1207615220278,25.3329290350039
SBA,Temp,0.616934673366834,SF_intermediate,25.2602179470199,25.1170671938314,25.3287348476377
SBA,Temp,0.621909547738694,SF_intermediate,25.2560505520979,25.1133166823214,25.3244913534112
SBA,Temp,0.626884422110553,SF_intermediate,25.2518349590097,25.1095083016255,25.32019733163
SBA,Temp,0.631859296482412,SF_intermediate,25.2475701116636,25.1056403658714,25.3158515615995
SBA,Temp,0.636834170854271,SF_intermediate,25.2432549539681,25.1017111891865,25.3114528226252
SBA,Temp,0.641809045226131,SF_intermediate,25.2388884298316,25.0977190856988,25.3069998940128
SBA,Temp,0.64678391959799,SF_intermediate,25.2345062730696,25.0936623695356,25.3024915550676
SBA,Temp,0.651758793969849,SF_intermediate,25.2300779088296,25.0895393548248,25.2979265850952
SBA,Temp,0.656733668341709,SF_intermediate,25.2255762674273,25.0853483556939,25.2933037634011
SBA,Temp,0.661708542713568,SF_intermediate,25.2210244855745,25.0810876862707,25.2886218692909
SBA,Temp,0.666683417085427,SF_intermediate,25.2164215079494,25.0767556606827,25.28387968207
SBA,Temp,0.671658291457287,SF_intermediate,25.2117662792305,25.0723505930576,25.2790759810439
SBA,Temp,0.676633165829146,SF_intermediate,25.207058054595,25.0678712672086,25.2742099073878
SBA,Temp,0.681608040201005,SF_intermediate,25.2022973312169,25.0633183456913,25.2692820497547
SBA,Temp,0.686582914572864,SF_intermediate,25.1974849167691,25.0586929607466,25.2642933586675
SBA,Temp,0.691557788944724,SF_intermediate,25.1926216189247,25.0539962446156,25.2592447846487
SBA,Temp,0.696532663316583,SF_intermediate,25.1877082453564,25.0492293295394,25.2544322683951
SBA,Temp,0.701507537688442,SF_intermediate,25.1827456037374,25.044393347759,25.2496163526428
SBA,Temp,0.706482412060302,SF_intermediate,25.1777345017406,25.0394894315155,25.2447474853505
SBA,Temp,0.711457286432161,SF_intermediate,25.1726757470389,25.0345187130499,25.239826549044
SBA,Temp,0.71643216080402,SF_intermediate,25.1675701473053,25.0294823246032,25.234854426249
SBA,Temp,0.721407035175879,SF_intermediate,25.1624740495147,25.0243813984166,25.229831999491
SBA,Temp,0.726381909547739,SF_intermediate,25.1574387204436,25.0192170667311,25.2247601512958
SBA,Temp,0.731356783919598,SF_intermediate,25.1523618075962,25.0139904617877,25.2196397641889
SBA,Temp,0.736331658291457,SF_intermediate,25.1472440670414,25.0087027158275,25.2144717206962
SBA,Temp,0.741306532663317,SF_intermediate,25.1420862548477,25.0033549610915,25.2092569033432
SBA,Temp,0.746281407035176,SF_intermediate,25.1368891270839,24.9979483298208,25.2039961946556
SBA,Temp,0.751256281407035,SF_intermediate,25.1316534398185,24.9924839542565,25.198690477159
SBA,Temp,0.756231155778895,SF_intermediate,25.126408107662,24.9869629666395,25.1933406333792
SBA,Temp,0.761206030150754,SF_intermediate,25.1210391816712,24.981386499211,25.1879475458418
SBA,Temp,0.766180904522613,SF_intermediate,25.115521274408,24.975755684212,25.1825120970725
SBA,Temp,0.771155778894472,SF_intermediate,25.1099618574326,24.9700716538835,25.1770351695969
SBA,Temp,0.776130653266332,SF_intermediate,25.1043618139302,24.9643355404666,25.1715176459407
SBA,Temp,0.781105527638191,SF_intermediate,25.0987220270864,24.9585484762024,25.1659604086296
SBA,Temp,0.78608040201005,SF_intermediate,25.0930433800864,24.9527115933319,25.1603643401892
SBA,Temp,0.79105527638191,SF_intermediate,25.0873267561156,24.9468260240961,25.1547303231452
SBA,Temp,0.796030150753769,SF_intermediate,25.0815730383594,24.9408929007362,25.1490592400232
SBA,Temp,0.801005025125628,SF_intermediate,25.0757831100031,24.9349133554931,25.143351973349
SBA,Temp,0.805979899497488,SF_intermediate,25.0699578542321,24.9288885206079,25.1376094056481
SBA,Temp,0.810954773869347,SF_intermediate,25.0640981542319,24.9228195283217,25.1318324194463
SBA,Temp,0.815929648241206,SF_intermediate,25.0582048931876,24.9167075108755,25.1260218972693
SBA,Temp,0.820904522613065,SF_intermediate,25.0522789542848,24.9105536005104,25.1201787216426
SBA,Temp,0.825879396984925,SF_intermediate,25.0463212207088,24.9043589294674,25.1143037750919
SBA,Temp,0.830854271356784,SF_intermediate,25.0403325756449,24.8981246299876,25.108397940143
SBA,Temp,0.835829145728643,SF_intermediate,25.0343139022785,24.891851834312,25.1024620993215
SBA,Temp,0.840804020100503,SF_intermediate,25.0280434354515,24.8855416746817,25.096497135153
SBA,Temp,0.845778894472362,SF_intermediate,25.0214545138411,24.8791952833377,25.0905039301632
SBA,Temp,0.850753768844221,SF_intermediate,25.0148519959972,24.8728137925211,25.0844833668778
SBA,Temp,0.85572864321608,SF_intermediate,25.0087404315996,24.8663983344729,25.0784363278224
SBA,Temp,0.86070351758794,SF_intermediate,25.0026056851713,24.8599500414342,25.0723636955228
SBA,Temp,0.865678391959799,SF_intermediate,24.9964485560924,24.8534700456461,25.0662663525045
SBA,Temp,0.870653266331658,SF_intermediate,24.9902698437433,24.8469594793495,25.0601451812933
SBA,Temp,0.875628140703518,SF_intermediate,24.9840703475045,24.8404194747856,25.0540010644147
SBA,Temp,0.880603015075377,SF_intermediate,24.9778508667564,24.8338511641954,25.0478348843945
SBA,Temp,0.885577889447236,SF_intermediate,24.9714838238434,24.8272556798199,25.0416475237584
SBA,Temp,0.890552763819096,SF_intermediate,24.9641545475041,24.8206341539003,25.035439865032
SBA,Temp,0.895527638190955,SF_intermediate,24.957009062071,24.8139877186775,25.0292127907409
SBA,Temp,0.900502512562814,SF_intermediate,24.9498645162362,24.8073175063926,25.0229671834108
SBA,Temp,0.905477386934673,SF_intermediate,24.9426966054718,24.8006246492866,25.0167039255675
SBA,Temp,0.910452261306533,SF_intermediate,24.9355064980244,24.7939102796007,25.0104238997365
SBA,Temp,0.915427135678392,SF_intermediate,24.9282953621404,24.7871755295758,25.0041279884435
SBA,Temp,0.920402010050251,SF_intermediate,24.9210643660662,24.780421531453,24.9978170742142
SBA,Temp,0.925376884422111,SF_intermediate,24.9139822087587,24.7736494174734,24.9914920395743
SBA,Temp,0.93035175879397,SF_intermediate,24.9072153784371,24.766860319878,24.9851537670494
SBA,Temp,0.935326633165829,SF_intermediate,24.9006313891888,24.7600553709079,24.9788031391652
SBA,Temp,0.940301507537689,SF_intermediate,24.8940358261818,24.7532357028041,24.9724410384473
SBA,Temp,0.945276381909548,SF_intermediate,24.8874295797054,24.7464024478077,24.9660683474215
SBA,Temp,0.950251256281407,SF_intermediate,24.8808319408712,24.7395002016305,24.9596859486133
SBA,Temp,0.955226130653266,SF_intermediate,24.8742770574799,24.7325760136404,24.9532947245485
SBA,Temp,0.960201005025126,SF_intermediate,24.8677148410981,24.7256417546596,24.9468955577527
SBA,Temp,0.965175879396985,SF_intermediate,24.8611461065026,24.7186985436872,24.9404893307515
SBA,Temp,0.970150753768844,SF_intermediate,24.85457166847,24.711747499722,24.9340769260708
SBA,Temp,0.975125628140704,SF_intermediate,24.8479923417771,24.704789741763,24.927659226236
SBA,Temp,0.980100502512563,SF_intermediate,24.8417016679761,24.6978263888093,24.9212371137729
SBA,Temp,0.985075376884422,SF_intermediate,24.8356728430443,24.6908585598597,24.9148114712071
SBA,Temp,0.990050251256281,SF_intermediate,24.8296419787787,24.6838873739132,24.9083831810643
SBA,Temp,0.995025125628141,SF_intermediate,24.8236097549572,24.6769139499688,24.9019531258703
SBA,Temp,1,SF_intermediate,24.8175768513577,24.6699394070254,24.8955221881505
SBA,Temp,0.01,SF_advanced,25.7422842657373,25.5962197935923,25.8195264373836
SBA,Temp,0.0149748743718593,SF_advanced,25.7383070309108,25.5914127915985,25.8156747589041
SBA,Temp,0.0199497487437186,SF_advanced,25.7341421287358,25.5866065933427,25.8118232785351
SBA,Temp,0.0249246231155779,SF_advanced,25.7299782456212,25.581802002563,25.807972194387
SBA,Temp,0.0298994974874372,SF_advanced,25.725815891097,25.5769998229973,25.8041217045702
SBA,Temp,0.0348743718592965,SF_advanced,25.7216555746934,25.5722008583838,25.8002720071952
SBA,Temp,0.0398492462311558,SF_advanced,25.7174978059406,25.5674059124604,25.7964233003725
SBA,Temp,0.0448241206030151,SF_advanced,25.7133430943687,25.5626157889651,25.7925757822125
SBA,Temp,0.0497989949748744,SF_advanced,25.7091919495078,25.5578312916361,25.7887296508257
SBA,Temp,0.0547738693467337,SF_advanced,25.7050448808882,25.5530532242112,25.7848851043224
SBA,Temp,0.059748743718593,SF_advanced,25.70090239804,25.5482823904286,25.7810423408133
SBA,Temp,0.0647236180904523,SF_advanced,25.6967650104934,25.5435195940263,25.7772015584086
SBA,Temp,0.0696984924623116,SF_advanced,25.6926332277784,25.5387656387423,25.7733629552189
SBA,Temp,0.0746733668341709,SF_advanced,25.6885075594252,25.5340768371494,25.7695267293546
SBA,Temp,0.0796482412060302,SF_advanced,25.6843885149641,25.5299229818714,25.7656930789262
SBA,Temp,0.0846231155778894,SF_advanced,25.6802766039251,25.5257740413609,25.7618622020441
SBA,Temp,0.0895979899497487,SF_advanced,25.6761723358384,25.5216303666726,25.7580342968188
SBA,Temp,0.094572864321608,SF_advanced,25.6720762202342,25.5174923088614,25.7542095613607
SBA,Temp,0.0995477386934673,SF_advanced,25.6682079851183,25.5131102417273,25.7503881937802
SBA,Temp,0.104522613065327,SF_advanced,25.6645046380068,25.5077317075003,25.7465703921879
SBA,Temp,0.109497487437186,SF_advanced,25.6608069716502,25.5023749910029,25.7427563546942
SBA,Temp,0.114472361809045,SF_advanced,25.6571152850356,25.4970412405368,25.7389462794095
SBA,Temp,0.119447236180905,SF_advanced,25.65342987715,25.4917316044036,25.7351403644442
SBA,Temp,0.124422110552764,SF_advanced,25.6497510469806,25.4864472309048,25.7313388079089
SBA,Temp,0.129396984924623,SF_advanced,25.6460790935145,25.481189268342,25.727541807914
SBA,Temp,0.134371859296482,SF_advanced,25.6424143157387,25.4759588650167,25.7237495625699
SBA,Temp,0.139346733668342,SF_advanced,25.6387570126404,25.4707571692305,25.7199622699871
SBA,Temp,0.144321608040201,SF_advanced,25.6351074832067,25.465585329285,25.716180128276
SBA,Temp,0.14929648241206,SF_advanced,25.6314660264246,25.4604444934817,25.7124033355471
SBA,Temp,0.15427135678392,SF_advanced,25.6278329412813,25.4553358101222,25.7086320899108
SBA,Temp,0.159246231155779,SF_advanced,25.6242085267638,25.450271227549,25.7048665894776
SBA,Temp,0.164221105527638,SF_advanced,25.6203021458771,25.4454516844035,25.701107032358
SBA,Temp,0.169195979899498,SF_advanced,25.6159323045666,25.440666431659,25.6973536166623
SBA,Temp,0.174170854271357,SF_advanced,25.6115849289656,25.4359165754575,25.6936065405011
SBA,Temp,0.179145728643216,SF_advanced,25.6072607211275,25.4312032219408,25.6898660019848
SBA,Temp,0.184120603015075,SF_advanced,25.6029603831056,25.4265274772509,25.6861321992238
SBA,Temp,0.189095477386935,SF_advanced,25.5989413522243,25.4218904475299,25.6824053303286
SBA,Temp,0.194070351758794,SF_advanced,25.5953957398114,25.4172932389197,25.6786855934097
SBA,Temp,0.199045226130653,SF_advanced,25.5918571032047,25.4127369575622,25.6749731865774
SBA,Temp,0.204020100502513,SF_advanced,25.5883256309396,25.4082227095994,25.6712683079424
SBA,Temp,0.208994974874372,SF_advanced,25.5848015115513,25.4037516011733,25.6675711556149
SBA,Temp,0.213969849246231,SF_advanced,25.5812849335752,25.3993247384259,25.6638819277054
SBA,Temp,0.21894472361809,SF_advanced,25.5777760855466,25.3949432274991,25.6602008223245
SBA,Temp,0.22391959798995,SF_advanced,25.5742751560008,25.3906081745349,25.6565280375825
SBA,Temp,0.228894472361809,SF_advanced,25.5705519197361,25.3863206856752,25.6528637715899
SBA,Temp,0.233869346733668,SF_advanced,25.5666583215621,25.382081867062,25.6492082224572
SBA,Temp,0.238844221105528,SF_advanced,25.5627799604163,25.3778928248373,25.6455615882947
SBA,Temp,0.243819095477387,SF_advanced,25.5589171748992,25.3737546651431,25.6419240672131
SBA,Temp,0.248793969849246,SF_advanced,25.5550703036115,25.3696684941213,25.6382958573226
SBA,Temp,0.253768844221106,SF_advanced,25.5512396851538,25.3656354179139,25.6346771567338
SBA,Temp,0.258743718592965,SF_advanced,25.5474256581267,25.3616565426628,25.6310681635571
SBA,Temp,0.263718592964824,SF_advanced,25.5436744429473,25.35773297451,25.627469075903
SBA,Temp,0.268693467336683,SF_advanced,25.5402051940876,25.3538658195975,25.6238800918819
SBA,Temp,0.273668341708543,SF_advanced,25.5367428972487,25.3500561840673,25.6203014096042
SBA,Temp,0.278643216080402,SF_advanced,25.5332876861233,25.3463051740612,25.6167332271805
SBA,Temp,0.283618090452261,SF_advanced,25.5298396944041,25.3426138957214,25.6131757427211
SBA,Temp,0.288592964824121,SF_advanced,25.5263990557839,25.3389834551896,25.6096291543366
SBA,Temp,0.29356783919598,SF_advanced,25.5228483063909,25.335414958608,25.6060936601373
SBA,Temp,0.298542713567839,SF_advanced,25.5192873773802,25.3319095121185,25.6025694582338
SBA,Temp,0.303517587939699,SF_advanced,25.5157368265161,25.328468221863,25.598780321081
SBA,Temp,0.308492462311558,SF_advanced,25.5120843603827,25.3250921939836,25.5949928923068
SBA,Temp,0.313467336683417,SF_advanced,25.5084014560855,25.3217825346221,25.5912246953696
SBA,Temp,0.318442211055276,SF_advanced,25.5047319833569,25.3185403499205,25.5874760507999
SBA,Temp,0.323417085427136,SF_advanced,25.5010761623866,25.3153667460209,25.5837472791284
SBA,Temp,0.328391959798995,SF_advanced,25.4974342133644,25.3122628290651,25.5800387008856
SBA,Temp,0.333366834170854,SF_advanced,25.4938063564797,25.3092297051952,25.5768212365829
SBA,Temp,0.338341708542714,SF_advanced,25.4901928119224,25.306268480553,25.5736223850291
SBA,Temp,0.343316582914573,SF_advanced,25.4866325845586,25.3033795955236,25.5704265149484
SBA,Temp,0.348291457286432,SF_advanced,25.4831981470208,25.3005608274634,25.5672328936442
SBA,Temp,0.353266331658292,SF_advanced,25.4797831628467,25.297809287972,25.5640406323733
SBA,Temp,0.358241206030151,SF_advanced,25.4763863886158,25.2951220886487,25.5608488423924
SBA,Temp,0.36321608040201,SF_advanced,25.4731138130026,25.2924963410931,25.5576566349582
SBA,Temp,0.368190954773869,SF_advanced,25.4698725025786,25.2899291569047,25.5544631213274
SBA,Temp,0.373165829145729,SF_advanced,25.4666373902057,25.2874176476829,25.5512674127566
SBA,Temp,0.378140703517588,SF_advanced,25.4634072957487,25.2849589250272,25.5480686205026
SBA,Temp,0.383115577889447,SF_advanced,25.4601810390722,25.2825501005371,25.5448658558221
SBA,Temp,0.388090452261307,SF_advanced,25.4569330574709,25.280188285812,25.5416582299716
SBA,Temp,0.393065326633166,SF_advanced,25.4535318415908,25.2778705924515,25.538444854208
SBA,Temp,0.398040201005025,SF_advanced,25.4501308308654,25.275594132055,25.535224839788
SBA,Temp,0.403015075376884,SF_advanced,25.4467289703439,25.2733560162219,25.5319972979681
SBA,Temp,0.407989949748744,SF_advanced,25.4433252050752,25.2711533565518,25.5287613400052
SBA,Temp,0.412964824120603,SF_advanced,25.4399184801085,25.2689832646442,25.5255160771558
SBA,Temp,0.417939698492462,SF_advanced,25.4365077404928,25.2668428520984,25.5222606206768
SBA,Temp,0.422914572864322,SF_advanced,25.4330919312772,25.264729230514,25.5189940818247
SBA,Temp,0.427889447236181,SF_advanced,25.4296699975107,25.2626395114905,25.5157155718563
SBA,Temp,0.43286432160804,SF_advanced,25.4263643900006,25.2605708066273,25.5124242020282
SBA,Temp,0.437839195979899,SF_advanced,25.4235910409349,25.257820608396,25.5091190835972
SBA,Temp,0.442814070351759,SF_advanced,25.4208234299163,25.2545605095329,25.5057993278199
SBA,Temp,0.447788944723618,SF_advanced,25.4180594111294,25.2512995503224,25.5024640459531
SBA,Temp,0.452763819095477,SF_advanced,25.4152968387588,25.2480365055072,25.4991123492534
SBA,Temp,0.457738693467337,SF_advanced,25.4125335669893,25.2447701498303,25.4957433489776
SBA,Temp,0.462713567839196,SF_advanced,25.4097674500054,25.2414992580342,25.4923561563822
SBA,Temp,0.467688442211055,SF_advanced,25.4069963419918,25.2382226048618,25.488949882724
SBA,Temp,0.472663316582915,SF_advanced,25.4039688935928,25.2349389650557,25.4855236392598
SBA,Temp,0.477638190954774,SF_advanced,25.4007317057825,25.2316471133588,25.4820765372461
SBA,Temp,0.482613065326633,SF_advanced,25.3977487095501,25.2283458245138,25.4786076879397
SBA,Temp,0.487587939698492,SF_advanced,25.3947460594024,25.2250338732635,25.4751162025973
SBA,Temp,0.492562814070352,SF_advanced,25.3917208999021,25.2217100343505,25.4716011924755
SBA,Temp,0.497537688442211,SF_advanced,25.3885738188889,25.2183730825177,25.468061768831
SBA,Temp,0.50251256281407,SF_advanced,25.3854038177061,25.2150217925078,25.4644970429207
SBA,Temp,0.50748743718593,SF_advanced,25.3822093569992,25.2122589710689,25.460906126001
SBA,Temp,0.512462311557789,SF_advanced,25.3789888974137,25.2095556641758,25.4572881293288
SBA,Temp,0.517437185929648,SF_advanced,25.3757408995953,25.2068280778839,25.4536421641607
SBA,Temp,0.522412060301508,SF_advanced,25.3724638241896,25.204073874791,25.4499673417534
SBA,Temp,0.527386934673367,SF_advanced,25.3691561318422,25.2012907174949,25.4462627733636
SBA,Temp,0.532361809045226,SF_advanced,25.3658162831985,25.1984762685931,25.4425275702479
SBA,Temp,0.537336683417085,SF_advanced,25.3624427389043,25.1956281906836,25.4387608436632
SBA,Temp,0.542311557788945,SF_advanced,25.359033959605,25.1927441463639,25.434961704866
SBA,Temp,0.547286432160804,SF_advanced,25.3555884059463,25.189821798232,25.4311292651131
SBA,Temp,0.552261306532663,SF_advanced,25.3521045385737,25.1868588088854,25.4272626356612
SBA,Temp,0.557236180904523,SF_advanced,25.3485808181329,25.183852840922,25.4233609277669
SBA,Temp,0.562211055276382,SF_advanced,25.3450157052694,25.1808015569395,25.419423252687
SBA,Temp,0.567185929648241,SF_advanced,25.3414076606287,25.1777026195356,25.415448721678
SBA,Temp,0.572160804020101,SF_advanced,25.3375831692022,25.1745536913081,25.4114364459968
SBA,Temp,0.57713567839196,SF_advanced,25.3336562362334,25.1713524348547,25.4073855369
SBA,Temp,0.582110552763819,SF_advanced,25.3296232033781,25.1680965127731,25.4032951056443
SBA,Temp,0.587085427135679,SF_advanced,25.3254087311059,25.1647835876611,25.3991642634864
SBA,Temp,0.592060301507538,SF_advanced,25.3211583284128,25.1614113221164,25.394992121683
SBA,Temp,0.597035175879397,SF_advanced,25.3168711761704,25.1579773787368,25.3907777914908
SBA,Temp,0.602010050251256,SF_advanced,25.3125464552505,25.15447942012,25.3865203841665
SBA,Temp,0.606984924623116,SF_advanced,25.3085043575274,25.1509151088637,25.3822190109667
SBA,Temp,0.611959798994975,SF_advanced,25.3045789986344,25.1472821075658,25.3778727831481
SBA,Temp,0.616934673366834,SF_advanced,25.3006011197124,25.1435780788238,25.3734808119675
SBA,Temp,0.621909547738694,SF_advanced,25.2963325859947,25.1398006852356,25.3690422086816
SBA,Temp,0.626884422110553,SF_advanced,25.2919623716437,25.1359475893989,25.3645560845469
SBA,Temp,0.631859296482412,SF_advanced,25.2875722788495,25.1320164539114,25.3600215508203
SBA,Temp,0.636834170854271,SF_advanced,25.2831176467949,25.1280049413709,25.3554377187584
SBA,Temp,0.641809045226131,SF_advanced,25.2785969828127,25.1239107143752,25.3508036996179
SBA,Temp,0.64678391959799,SF_advanced,25.2740087942355,25.1197314355218,25.3461186046555
SBA,Temp,0.651758793969849,SF_advanced,25.2693929289188,25.1154647674087,25.3413815451279
SBA,Temp,0.656733668341709,SF_advanced,25.2647683423595,25.1111083726335,25.3365916322917
SBA,Temp,0.661708542713568,SF_advanced,25.2600761262336,25.106659913794,25.3317479774037
SBA,Temp,0.666683417085427,SF_advanced,25.2553148666253,25.1021170534879,25.3268496917206
SBA,Temp,0.671658291457287,SF_advanced,25.2504831496187,25.097477454313,25.321895886499
SBA,Temp,0.676633165829146,SF_advanced,25.2455799784439,25.0927394186266,25.3168859635647
SBA,Temp,0.681608040201005,SF_advanced,25.2406060249144,25.0879038078247,25.3118204870196
SBA,Temp,0.686582914572864,SF_advanced,25.2355623779894,25.082972123063,25.3067003115346
SBA,Temp,0.691557788944724,SF_advanced,25.2304501266284,25.077945865497,25.3015262917806
SBA,Temp,0.696532663316583,SF_advanced,25.2252703597905,25.0728265362825,25.2962992824286
SBA,Temp,0.701507537688442,SF_advanced,25.220024166435,25.0676156365749,25.2910201381496
SBA,Temp,0.706482412060302,SF_advanced,25.2147126355214,25.0623146675299,25.2856897136144
SBA,Temp,0.711457286432161,SF_advanced,25.2092633646547,25.0569251303032,25.280308863494
SBA,Temp,0.71643216080402,SF_advanced,25.2036611440963,25.0514485260504,25.2748784424593
SBA,Temp,0.721407035175879,SF_advanced,25.197989113881,25.0458863559271,25.2693993051813
SBA,Temp,0.726381909547739,SF_advanced,25.1922484987395,25.0402401210889,25.2638723063308
SBA,Temp,0.731356783919598,SF_advanced,25.1864405234029,25.0345113226915,25.2582983005789
SBA,Temp,0.736331658291457,SF_advanced,25.1805664126018,25.0287014618904,25.2526781425965
SBA,Temp,0.741306532663317,SF_advanced,25.1746273910672,25.0228120398413,25.2470126870545
SBA,Temp,0.746281407035176,SF_advanced,25.1686246835297,25.0168445576998,25.2413027886238
SBA,Temp,0.751256281407035,SF_advanced,25.1625595147203,25.0108005166216,25.2355493019755
SBA,Temp,0.756231155778895,SF_advanced,25.1564331093698,25.0046814177622,25.2297530817803
SBA,Temp,0.761206030150754,SF_advanced,25.1502466922089,24.9984887622773,25.2239149827092
SBA,Temp,0.766180904522613,SF_advanced,25.1439084081892,24.9922240513225,25.2180358594333
SBA,Temp,0.771155778894472,SF_advanced,25.1377546213253,24.9858887860534,25.2121165666234
SBA,Temp,0.776130653266332,SF_advanced,25.1317267768609,24.9794844676257,25.2061579589504
SBA,Temp,0.781105527638191,SF_advanced,25.1255874260776,24.973012597195,25.2001608910853
SBA,Temp,0.78608040201005,SF_advanced,25.1191196617927,24.9664746759168,25.1941262176991
SBA,Temp,0.79105527638191,SF_advanced,25.1130083550135,24.9598722049469,25.1880547934626
SBA,Temp,0.796030150753769,SF_advanced,25.1068539531312,24.9532686937384,25.1819474730468
SBA,Temp,0.801005025125628,SF_advanced,25.1006574822199,24.9474952255412,25.1758051111226
SBA,Temp,0.805979899497488,SF_advanced,25.0944199683532,24.9416870772345,25.169628562361
SBA,Temp,0.810954773869347,SF_advanced,25.088305755004,24.9358451158209,25.163418681433
SBA,Temp,0.815929648241206,SF_advanced,25.0823033234518,24.9299702083031,25.1571763230093
SBA,Temp,0.820904522613065,SF_advanced,25.0762723052174,24.924063221684,25.1509023417611
SBA,Temp,0.825879396984925,SF_advanced,25.0702134729141,24.9181250229662,25.1445975923591
SBA,Temp,0.830854271356784,SF_advanced,25.0641275991548,24.9121564791525,25.1382629294744
SBA,Temp,0.835829145728643,SF_advanced,25.0580154565526,24.9061584572456,25.1318992077779
SBA,Temp,0.840804020100503,SF_advanced,25.0518778177204,24.9001318242483,25.1255072819405
SBA,Temp,0.845778894472362,SF_advanced,25.0457154552713,24.8940774471633,25.1190880066332
SBA,Temp,0.850753768844221,SF_advanced,25.0394836241582,24.8879961929933,25.1126422365268
SBA,Temp,0.85572864321608,SF_advanced,25.0325312048445,24.8818889287412,25.1061708262924
SBA,Temp,0.86070351758794,SF_advanced,25.0255489880777,24.8757565214096,25.0996746306009
SBA,Temp,0.865678391959799,SF_advanced,25.0185380013561,24.8695998380012,25.0931545041231
SBA,Temp,0.870653266331658,SF_advanced,25.0114992721781,24.8634197455188,25.0866113015301
SBA,Temp,0.875628140703518,SF_advanced,25.003429294348,24.8572171109653,25.0800458774927
SBA,Temp,0.880603015075377,SF_advanced,24.9952796112555,24.8509928013432,25.073459086682
SBA,Temp,0.885577889447236,SF_advanced,24.9870895529808,24.8447476836553,25.0668517837688
SBA,Temp,0.890552763819096,SF_advanced,24.9788608018231,24.8384826249044,25.0602248234241
SBA,Temp,0.895527638190955,SF_advanced,24.9705950400815,24.8318364857426,25.0535790603188
SBA,Temp,0.900502512562814,SF_advanced,24.9627402636217,24.8237266168686,25.0469153491238
SBA,Temp,0.905477386934673,SF_advanced,24.9550384681048,24.8155802275506,25.0402345445101
SBA,Temp,0.910452261306533,SF_advanced,24.947793139615,24.8073991438107,25.0335375011487
SBA,Temp,0.915427135678392,SF_advanced,24.9407074678553,24.7991851916712,25.0268250737104
SBA,Temp,0.920402010050251,SF_advanced,24.9337104222738,24.7909401971542,25.0200981168662
SBA,Temp,0.925376884422111,SF_advanced,24.9266977948262,24.7826659862819,25.013357485287
SBA,Temp,0.93035175879397,SF_advanced,24.9196705593793,24.7743643850767,25.0066040336438
SBA,Temp,0.935326633165829,SF_advanced,24.9126296897995,24.7660372195606,24.9998386166075
SBA,Temp,0.940301507537689,SF_advanced,24.9055761599536,24.7576863157559,24.993062088849
SBA,Temp,0.945276381909548,SF_advanced,24.8985109437081,24.7493134996847,24.9862753050393
SBA,Temp,0.950251256281407,SF_advanced,24.8914350149297,24.7409205973693,24.9794791198493
SBA,Temp,0.955226130653266,SF_advanced,24.8843493474851,24.7325094348319,24.97267438795
SBA,Temp,0.960201005025126,SF_advanced,24.8772549152408,24.7240818380947,24.9658619640122
SBA,Temp,0.965175879396985,SF_advanced,24.8701526920635,24.7156396331798,24.9590427027069
SBA,Temp,0.970150753768844,SF_advanced,24.8630436518197,24.7071846461095,24.9522174587051
SBA,Temp,0.975125628140704,SF_advanced,24.8559287683763,24.6987187029061,24.9453870866777
SBA,Temp,0.980100502512563,SF_advanced,24.8488090155996,24.6902436295916,24.9385524412956
SBA,Temp,0.985075376884422,SF_advanced,24.8416853673565,24.6817612521883,24.9317143772297
SBA,Temp,0.990050251256281,SF_advanced,24.8345587975135,24.6732733967183,24.9248737491511
SBA,Temp,0.995025125628141,SF_advanced,24.8274302799372,24.664781889204,24.9180314117305
SBA,Temp,1,SF_advanced,24.8203007884943,24.6562885556675,24.9111882196391
