region;response;run;contrast_type;frac_area;PF_minus_SF_early;PF_minus_SF_intermediate;PF_minus_SF_advanced
SBA;Evapo;1;Spatially adjusted;0,01;162,907322441844;162,592829070438;149,901838573705
SBA;Evapo;1;Spatially adjusted;0,0302040816326531;155,988566813476;155,362188343288;142,644763765265
SBA;Evapo;1;Spatially adjusted;0,0504081632653061;149,063571133415;148,12562060547;135,378749777032
SBA;Evapo;1;Spatially adjusted;0,0706122448979592;142,126095349967;140,877198846318;128,094857429215
SBA;Evapo;1;Spatially adjusted;0,0908163265306122;135,169899411438;133,610996055163;120,78414754202
SBA;Evapo;1;Spatially adjusted;0,111020408163265;128,188743266135;126,32108522134;113,437680935656
SBA;Evapo;1;Spatially adjusted;0,131224489795918;121,176386862366;119,001539334179;106,04651843033
SBA;Evapo;1;Spatially adjusted;0,151428571428571;114,126590148436;111,646431383015;98,6017208462497
SBA;Evapo;1;Spatially adjusted;0,171632653061224;107,033113072651;104,24983435718;91,0943490036227
SBA;Evapo;1;Spatially adjusted;0,191836734693878;99,8897155833195;96,8058212460055;83,5154637226565
SBA;Evapo;1;Spatially adjusted;0,212040816326531;92,6901576287464;89,3084650388255;75,8561258235591
SBA;Evapo;1;Spatially adjusted;0,232244897959184;85,4281991572393;81,7518387249722;68,1073961265379
SBA;Evapo;1;Spatially adjusted;0,252448979591837;78,0976001171043;74,1300152937781;60,2603354518005
SBA;Evapo;1;Spatially adjusted;0,27265306122449;70,6921204566475;66,4370677345762;52,3060046195542
SBA;Evapo;1;Spatially adjusted;0,292857142857143;63,2055201241765;58,6670690366993;44,2354644500076
SBA;Evapo;1;Spatially adjusted;0,313061224489796;55,6315590679969;50,8140921894799;36,0397757633673
SBA;Evapo;1;Spatially adjusted;0,333265306122449;47,9639972364159;42,8722101822505;27,7099993798413
SBA;Evapo;1;Spatially adjusted;0,353469387755102;40,2051632762946;34,8426930133173;19,2466897862419
SBA;Evapo;1;Spatially adjusted;0,373673469387755;32,3916606287139;26,7555987168798;10,6883761357997
SBA;Evapo;1;Spatially adjusted;0,393877551020408;24,568661433309;18,6481823361103;2,08308124835003
SBA;Evapo;1;Spatially adjusted;0,414081632653061;16,7813378297155;10,5576989141816;-6,52117205627178
SBA;Evapo;1;Spatially adjusted;0,434285714285714;9,07486195756928;2,52140349426736;-15,0763609582305
SBA;Evapo;1;Spatially adjusted;0,454489795918367;1,49440595650572;-5,42344888046046;-23,5344626376909
SBA;Evapo;1;Spatially adjusted;0,47469387755102;-5,91485803383944;-13,2396031668288;-31,8474542748174
SBA;Evapo;1;Spatially adjusted;0,494897959183674;-13,1077578738311;-20,8898043216652;-39,9673130497749
SBA;Evapo;1;Spatially adjusted;0,515102040816327;-20,0391214238334;-28,3367973017969;-47,8460161427279
SBA;Evapo;1;Spatially adjusted;0,53530612244898;-26,6637765442108;-35,5433270640508;-55,4355407338412
SBA;Evapo;1;Spatially adjusted;0,555510204081633;-32,936551095328;-42,4721385652542;-62,6878640032796
SBA;Evapo;1;Spatially adjusted;0,575714285714286;-38,8122729375489;-49,0859767622344;-69,5549631312079
SBA;Evapo;1;Spatially adjusted;0,595918367346939;-44,2457699312388;-55,347586611819;-75,9888152977906
SBA;Evapo;1;Spatially adjusted;0,616122448979592;-49,1918699367614;-61,2197130708348;-81,9413976831922
SBA;Evapo;1;Spatially adjusted;0,636326530612245;-53,6054008144813;-66,6651010961093;-87,3646874675778
SBA;Evapo;1;Spatially adjusted;0,656530612244898;-57,4411904247631;-71,6464956444697;-92,2106618311116
SBA;Evapo;1;Spatially adjusted;0,676734693877551;-60,6540666279716;-76,1266416727428;-96,4312979539586
SBA;Evapo;1;Spatially adjusted;0,696938775510204;-63,2133451988545;-80,0801027237362;-99,9935909973033
SBA;Evapo;1;Spatially adjusted;0,717142857142857;-65,1462935696977;-83,5287166841731;-102,924608046409
SBA;Evapo;1;Spatially adjusted;0,73734693877551;-66,4946670871707;-86,506140026758;-105,266434167557
SBA;Evapo;1;Spatially adjusted;0,757551020408163;-67,3002210979421;-89,0460292241944;-107,061154427031
SBA;Evapo;1;Spatially adjusted;0,777755102040816;-67,6047109486817;-91,1820407491862;-108,350853891114
SBA;Evapo;1;Spatially adjusted;0,797959183673469;-67,4498919860587;-92,9478310744369;-109,177617626087
SBA;Evapo;1;Spatially adjusted;0,818163265306122;-66,8775195567423;-94,3770566726501;-109,583530698234
SBA;Evapo;1;Spatially adjusted;0,838367346938776;-65,9293490074019;-95,50337401653;-109,610678173838
SBA;Evapo;1;Spatially adjusted;0,858571428571429;-64,6471356847071;-96,3604395787797;-109,301145119181
SBA;Evapo;1;Spatially adjusted;0,878775510204082;-63,072634935327;-96,9819098321034;-108,697016600545
SBA;Evapo;1;Spatially adjusted;0,898979591836735;-61,247602105931;-97,4014412492049;-107,840377684213
SBA;Evapo;1;Spatially adjusted;0,919183673469388;-59,2137925431885;-97,6526903027877;-106,773313436468
SBA;Evapo;1;Spatially adjusted;0,939387755102041;-57,0129615937685;-97,7693134655558;-105,537908923593
SBA;Evapo;1;Spatially adjusted;0,959591836734694;-54,6868646043404;-97,7849672102123;-104,17624921187
SBA;Evapo;1;Spatially adjusted;0,979795918367347;-52,277256921574;-97,7333080094616;-102,730419367581
SBA;Evapo;1;Spatially adjusted;1;-49,8258938921379;-97,6479923360071;-101,24250445701
SBA;Evapo;1;Current landscape;0,0277554169297218;77,5405782404926;94,2622018470099;96,9159759161316
SBA;Evapo;1;Current landscape;0,0739193633198738;43,2949216430839;60,5307457638905;38,5928033187474
SBA;Evapo;1;Current landscape;0,125169351696968;53,8740334969311;70,7401088293816;75,9747262552487
SBA;Evapo;1;Current landscape;0,178569346666336;51,7182083053285;38,7757339673985;36,165451327822
SBA;Evapo;1;Current landscape;0,227247193455696;29,4614760283996;44,3418316511718;16,870132714271
SBA;Evapo;1;Current landscape;0,277571797370911;5,4153918345562;24,2818726678852;-15,5644240606443
SBA;Evapo;1;Current landscape;0,325023174285889;11,4679928690041;18,5644909030902;8,5028869915152
SBA;Evapo;1;Current landscape;0,375740885734558;-5,71095965312111;-13,5197861172369;-25,9624307033357
SBA;Evapo;1;Current landscape;0,423079013824463;-18,3666770747798;-29,3057062885644;-32,9302450764299
SBA;Evapo;1;Current landscape;0,476899057626724;-17,157730560851;-11,4782624355591;-24,7138049143862
SBA;Evapo;1;Current landscape;0,527391970157623;0,0215445434732828;-22,2003753172576;-31,5493430881497
SBA;Evapo;1;Current landscape;0,576321244239807;-19,5747949269094;-5,26336526850241;-50,3327486415465
SBA;Evapo;1;Current landscape;0,626770675182343;-40,6769890092055;-40,1961983402628;-65,5144053680572
SBA;Evapo;1;Current landscape;0,673888146877289;-24,8978838554908;-17,2578982813006;-31,7994398724425
SBA;Evapo;1;Current landscape;0,724252045154572;-31,9490201263016;-10,3091490054678;-32,1175661934512
SBA;Evapo;1;Current landscape;0,773547410964966;-13,3964697698664;-16,3879132257814;-25,8255590102579
SBA;Evapo;1;Current landscape;0,827189862728119;-16,2003765388718;-17,874390524405;-39,312007637157
SBA;Evapo;1;Current landscape;0,874211937189102;-20,2589248047109;-15,1001822726014;-23,7638119871288
SBA;Evapo;1;Current landscape;0,92826384305954;-16,9419658338109;-27,6253415728284;-42,1830604778324
SBA;Evapo;1;Current landscape;1;-27,893528161643;-30,6679479876814;-34,788675398622
SBA;Evapo;2;Spatially adjusted;0,01;143,195099252179;138,218162440869;127,706950703082
SBA;Evapo;2;Spatially adjusted;0,0302040816326531;138,387857985831;133,456553376961;122,377293136281
SBA;Evapo;2;Spatially adjusted;0,0504081632653061;133,559906002652;128,674121759703;117,024781266452
SBA;Evapo;2;Spatially adjusted;0,0706122448979592;128,69053258581;123,850045035744;111,626560790566
SBA;Evapo;2;Spatially adjusted;0,0908163265306122;123,759027018474;118,963500651736;106,159777405596
SBA;Evapo;2;Spatially adjusted;0,111020408163265;118,744678583813;113,993666054329;100,601576808513
SBA;Evapo;2;Spatially adjusted;0,131224489795918;113,626776564996;108,919718690172;94,9291046962901
SBA;Evapo;2;Spatially adjusted;0,151428571428571;108,38461024519;103,720836005916;89,1195067658975
SBA;Evapo;2;Spatially adjusted;0,171632653061224;102,997468907567;98,3761954482097;83,1499287143086
SBA;Evapo;2;Spatially adjusted;0,191836734693878;97,444641835292;92,8649744637046;76,9975162384942
SBA;Evapo;2;Spatially adjusted;0,212040816326531;91,7054183115363;87,1663504990506;70,6394150354265
SBA;Evapo;2;Spatially adjusted;0,232244897959184;85,7590876194679;81,2595010008972;64,0527708020777
SBA;Evapo;2;Spatially adjusted;0,252448979591837;79,584939042255;75,1236034158951;57,2147292354189
SBA;Evapo;2;Spatially adjusted;0,27265306122449;73,1622618630668;68,7378351906941;50,1024360324227
SBA;Evapo;2;Spatially adjusted;0,292857142857143;66,470345365072;62,0813737719445;42,6930368900605
SBA;Evapo;2;Spatially adjusted;0,313061224489796;59,4884788314389;55,1333966062962;34,9636775053045
SBA;Evapo;2;Spatially adjusted;0,333265306122449;52,195951545337;47,8730811403991;26,8915035751263
SBA;Evapo;2;Spatially adjusted;0,353469387755102;44,5877626110657;40,2935410849377;18,4699575181101
SBA;Evapo;2;Spatially adjusted;0,373673469387755;36,7217504174519;32,4436352067321;9,75766863928993
SBA;Evapo;2;Spatially adjusted;0,393877551020408;28,671463174453;24,3861585366365;0,829562965312789
SBA;Evapo;2;Spatially adjusted;0,414081632653061;20,5104490920271;16,1839061055045;-8,23943347717545
SBA;Evapo;2;Spatially adjusted;0,434285714285714;12,3122563801319;7,8996729441908;-17,3743946615277
SBA;Evapo;2;Spatially adjusted;0,454489795918367;4,15043324872477;-0,403745916450816;-26,5003945610979
SBA;Evapo;2;Spatially adjusted;0,47469387755102;-3,90147209223574;-8,66355544556609;-35,54250714924
SBA;Evapo;2;Spatially adjusted;0,494897959183674;-11,7699114327925;-16,8169606123006;-44,4258063993063
SBA;Evapo;2;Spatially adjusted;0,515102040816327;-19,3813365629874;-24,8011663858008;-53,0753662846516
SBA;Evapo;2;Spatially adjusted;0,53530612244898;-26,6621992728626;-32,5533777352121;-61,4162607786291
SBA;Evapo;2;Spatially adjusted;0,555510204081633;-33,5389513524606;-40,0107996296804;-69,3735638545916
SBA;Evapo;2;Spatially adjusted;0,575714285714286;-39,9380445918232;-47,1106370383518;-76,8723494858934
SBA;Evapo;2;Spatially adjusted;0,595918367346939;-45,7859307809931;-53,7900949303717;-83,8376916458881
SBA;Evapo;2;Spatially adjusted;0,616122448979592;-51,009061710012;-59,9863782748864;-90,1946643079286
SBA;Evapo;2;Spatially adjusted;0,636326530612245;-55,5338891689223;-65,6366920410417;-95,8683414453683
SBA;Evapo;2;Spatially adjusted;0,656530612244898;-59,2868649477664;-70,6782411979832;-100,783797031562
SBA;Evapo;2;Spatially adjusted;0,676734693877551;-62,1944408365862;-75,048230714857;-104,866105039861
SBA;Evapo;2;Spatially adjusted;0,696938775510204;-64,2048990364588;-78,7019809271067;-108,062286214777
SBA;Evapo;2;Spatially adjusted;0,717142857142857;-65,353843392598;-81,6672736353674;-110,407148385436
SBA;Evapo;2;Spatially adjusted;0,73734693877551;-65,6987081612531;-83,9900060065711;-111,957446152122
SBA;Evapo;2;Spatially adjusted;0,757551020408163;-65,2969275986732;-85,7160752076509;-112,769934115121
SBA;Evapo;2;Spatially adjusted;0,777755102040816;-64,2059359611064;-86,8913784055392;-112,901366874714
SBA;Evapo;2;Spatially adjusted;0,797959183673469;-62,4831675048022;-87,5618127671689;-112,408499031186
SBA;Evapo;2;Spatially adjusted;0,818163265306122;-60,1860564860094;-87,7732754594722;-111,348085184821
SBA;Evapo;2;Spatially adjusted;0,838367346938776;-57,3720371609766;-87,5716636493819;-109,776879935903
SBA;Evapo;2;Spatially adjusted;0,858571428571429;-54,0985437859529;-87,002874503831;-107,751637884714
SBA;Evapo;2;Spatially adjusted;0,878775510204082;-50,423010617187;-86,1128051897513;-105,329113631539
SBA;Evapo;2;Spatially adjusted;0,898979591836735;-46,4028719109281;-84,9473528740762;-102,566061776662
SBA;Evapo;2;Spatially adjusted;0,919183673469388;-42,0955619234246;-83,5524147237381;-99,5192369203658
SBA;Evapo;2;Spatially adjusted;0,939387755102041;-37,5585149109259;-81,9738879056692;-96,2453936629349
SBA;Evapo;2;Spatially adjusted;0,959591836734694;-32,8491651296804;-80,2576695868029;-92,8012866046529
SBA;Evapo;2;Spatially adjusted;0,979795918367347;-28,0249468359373;-78,4496569340711;-89,2436703458034
SBA;Evapo;2;Spatially adjusted;1;-23,1432942859449;-76,5957471144066;-85,6292994866699
SBA;Evapo;2;Current landscape;0,0248068813234568;59,0202873295307;67,6442592596768;59,530187481623
SBA;Evapo;2;Current landscape;0,0759479478001595;41,5566680628092;54,9385052004054;75,1657497164995
SBA;Evapo;2;Current landscape;0,123373478651047;51,991342936692;56,2017445782804;38,2981178287057
SBA;Evapo;2;Current landscape;0,175865337252616;36,3259567626233;48,074391183437;47,6083515053611
SBA;Evapo;2;Current landscape;0,224685281515121;23,6772117077403;34,3431797360636;28,4964193534545
SBA;Evapo;2;Current landscape;0,276017069816589;28,9819249968366;33,9715413104063;-3,14655398013383
SBA;Evapo;2;Current landscape;0,327357441186905;9,01720232274602;24,6914922843337;-18,42945903704
SBA;Evapo;2;Current landscape;0,375877141952515;-3,13700384771119;6,84758060334843;-29,9792851161883
SBA;Evapo;2;Current landscape;0,424483716487885;-7,89146492498048;4,06823105241915;-39,0794036137995
SBA;Evapo;2;Current landscape;0,477781504392624;-3,98198392092991;30,6860116981557;-35,242305894689
SBA;Evapo;2;Current landscape;0,528320014476776;-48,5118490897662;-36,4062477661792;-90,2449765415884
SBA;Evapo;2;Current landscape;0,575596332550049;-12,4876074621131;-24,5400410961211;-45,7055744378583
SBA;Evapo;2;Current landscape;0,628824234008789;-29,4254593387775;-15,4746142699678;-25,5467532027558
SBA;Evapo;2;Current landscape;0,674081981182098;-25,1591482180997;-21,7664232861748;-27,3972455699447
SBA;Evapo;2;Current landscape;0,719988107681274;-28,774429855313;-9,71995958461525;-47,9950385706827
SBA;Evapo;2;Current landscape;0,779607951641083;-49,9538153200645;-43,2093799954907;-61,5841441299322
SBA;Evapo;2;Current landscape;0,821133971214294;-14,0199451015249;-8,6920183385746;-24,6766144691458
SBA;Evapo;2;Current landscape;0,877062559127808;-17,9867283976355;-15,4444982099608;-37,1988659656161
SBA;Evapo;2;Current landscape;0,931053161621094;-8,52884923556599;-2,95500897380225;-37,498601595518
SBA;Evapo;2;Current landscape;1;0,53866892502424;-15,0654508816194;-38,3214276812453
SBA;Evapo;3;Spatially adjusted;0,01;159,412860960873;149,139698511006;141,906053819572
SBA;Evapo;3;Spatially adjusted;0,0302040816326531;153,309376696944;143,981145740732;135,996198610146
SBA;Evapo;3;Spatially adjusted;0,0504081632653061;147,192061552354;138,801961836014;130,06449868036
SBA;Evapo;3;Spatially adjusted;0,0706122448979592;141,047084646444;133,581515662411;124,089109309857
SBA;Evapo;3;Spatially adjusted;0,0908163265306122;134,860615098554;128,299176085478;118,048185778278
SBA;Evapo;3;Spatially adjusted;0,111020408163265;128,618822028023;122,934311970774;111,919883365264
SBA;Evapo;3;Spatially adjusted;0,131224489795918;122,30787455419;117,466292183856;105,682357350456
SBA;Evapo;3;Spatially adjusted;0,151428571428571;115,913941796398;111,874485590279;99,3137630134963
SBA;Evapo;3;Spatially adjusted;0,171632653061224;109,423192873984;106,138261055601;92,7922556340248
SBA;Evapo;3;Spatially adjusted;0,191836734693878;102,821796906289;100,23698744538;86,0959904916833
SBA;Evapo;3;Spatially adjusted;0,212040816326531;96,0959230126523;94,1500336251727;79,2031228661135
SBA;Evapo;3;Spatially adjusted;0,232244897959184;89,2317403124143;87,8567684605355;72,0918080369559
SBA;Evapo;3;Spatially adjusted;0,252448979591837;82,2154179249148;81,3365608170254;64,7402012838522
SBA;Evapo;3;Spatially adjusted;0,27265306122449;75,0331249694934;74,5687795602003;57,1264578864436
SBA;Evapo;3;Spatially adjusted;0,292857142857143;67,6710305654897;67,5327935556163;49,2287331243711
SBA;Evapo;3;Spatially adjusted;0,313061224489796;60,1153038322441;60,2079716688309;41,0251822772761
SBA;Evapo;3;Spatially adjusted;0,333265306122449;52,352113889096;52,5736827654014;32,4939606248004
SBA;Evapo;3;Spatially adjusted;0,353469387755102;44,3798982959379;44,6230085013367;23,6286203129291
SBA;Evapo;3;Spatially adjusted;0,373673469387755;36,2461683748697;36,4038816944546;14,4843009530284
SBA;Evapo;3;Spatially adjusted;0,393877551020408;28,0107038885444;27,9779479530255;5,13153902280828
SBA;Evapo;3;Spatially adjusted;0,414081632653061;19,7332845996141;19,4068528853193;-4,35912900002131
SBA;Evapo;3;Spatially adjusted;0,434285714285714;11,4736902707318;10,7522420996065;-13,9171666377501
SBA;Evapo;3;Spatially adjusted;0,454489795918367;3,29170066455004;2,07576120415706;-23,4720374126673
SBA;Evapo;3;Spatially adjusted;0,47469387755102;-4,75290445627888;-6,56094419275883;-32,9532048470633
SBA;Evapo;3;Spatially adjusted;0,494897959183674;-12,6003453291023;-15,0962284828713;-42,290132463228
SBA;Evapo;3;Spatially adjusted;0,515102040816327;-20,1908421912669;-23,4684460579097;-51,4122837834507
SBA;Evapo;3;Spatially adjusted;0,53530612244898;-27,4646152801213;-31,6159513096043;-60,2491223300215
SBA;Evapo;3;Spatially adjusted;0,555510204081633;-34,361884833012;-39,4770986296851;-68,7301116252302
SBA;Evapo;3;Spatially adjusted;0,575714285714286;-40,822871087287;-46,9902424098809;-76,7847151913659
SBA;Evapo;3;Spatially adjusted;0,595918367346939;-46,7877942802936;-54,0937370419231;-84,3423965507195
SBA;Evapo;3;Spatially adjusted;0,616122448979592;-52,196874649379;-60,7259369175406;-91,3326192255797
SBA;Evapo;3;Spatially adjusted;0,636326530612245;-56,9903324318907;-66,8251964284632;-97,6848467382374
SBA;Evapo;3;Spatially adjusted;0,656530612244898;-61,1083878651759;-72,329869966421;-103,328542610981
SBA;Evapo;3;Spatially adjusted;0,676734693877551;-64,4912611865827;-77,1783119231443;-108,193170366102
SBA;Evapo;3;Spatially adjusted;0,696938775510204;-67,097416780093;-81,3266288457978;-112,228799653375
SBA;Evapo;3;Spatially adjusted;0,717142857142857;-68,9582956162301;-84,8019359032903;-115,467924632523
SBA;Evapo;3;Spatially adjusted;0,73734693877551;-70,1235828121523;-87,6491004199663;-117,963645590754
SBA;Evapo;3;Spatially adjusted;0,757551020408163;-70,6429634850176;-89,912989720169;-119,769062815276
SBA;Evapo;3;Spatially adjusted;0,777755102040816;-70,5661227519845;-91,6384711282431;-120,937276593299
SBA;Evapo;3;Spatially adjusted;0,797959183673469;-69,9427457302111;-92,8704119685324;-121,521387212028
SBA;Evapo;3;Spatially adjusted;0,818163265306122;-68,8225175368552;-93,653679565381;-121,574494958675
SBA;Evapo;3;Spatially adjusted;0,838367346938776;-67,2551232890755;-94,0331412431333;-121,149700120446
SBA;Evapo;3;Spatially adjusted;0,858571428571429;-65,2902481040305;-94,0536643261325;-120,30010298455
SBA;Evapo;3;Spatially adjusted;0,878775510204082;-62,9775770988774;-93,7601161387233;-119,078803838196
SBA;Evapo;3;Spatially adjusted;0,898979591836735;-60,3667953907757;-93,1973640052502;-117,538902968592
SBA;Evapo;3;Spatially adjusted;0,919183673469388;-57,5075880968825;-92,4102752500564;-115,733500662946
SBA;Evapo;3;Spatially adjusted;0,939387755102041;-54,4496403343567;-91,4437171974867;-113,715697208467
SBA;Evapo;3;Spatially adjusted;0,959591836734694;-51,2426372203559;-90,3425571718844;-111,538592892362
SBA;Evapo;3;Spatially adjusted;0,979795918367347;-47,9362638720388;-89,1516624975939;-109,25528800184
SBA;Evapo;3;Spatially adjusted;1;-44,5802054065634;-87,9159004989597;-106,918882824111
SBA;Evapo;3;Current landscape;0,0235403049737215;74,1364314262296;84,8880130690766;68,4453662869216
SBA;Evapo;3;Current landscape;0,0758481174707413;36,8191265413275;48,2637203227585;50,4020663084777
SBA;Evapo;3;Current landscape;0,122981235384941;36,5714409266548;37,5278621852099;32,7486387228987
SBA;Evapo;3;Current landscape;0,17597883939743;17,1466612985573;27,8537126673641;18,7056529619802
SBA;Evapo;3;Current landscape;0,224856570363045;31,8346239372195;51,7356559626555;42,5029191193419
SBA;Evapo;3;Current landscape;0,279206156730652;11,9419512839966;28,7007934551118;9,60916804392218
SBA;Evapo;3;Current landscape;0,327195927500725;17,4540136955156;38,0030805630277;4,5936658640444
SBA;Evapo;3;Current landscape;0,376670509576797;-26,3977767742338;15,1423466801666;-20,3700979299779
SBA;Evapo;3;Current landscape;0,425110816955567;-23,112334625614;-16,6031950337274;-33,8451285512006
SBA;Evapo;3;Current landscape;0,474365800619125;-2,96853610407584;16,1575882941479;-31,8798953089106
SBA;Evapo;3;Current landscape;0,523607581853867;-40,8411558519183;-38,2919959630649;-49,6454628807248
SBA;Evapo;3;Current landscape;0,576495230197906;-14,5281368582025;-31,5402630576698;-55,9667014645565
SBA;Evapo;3;Current landscape;0,624141454696655;-20,0461441319255;-15,5904378418429;-53,3200898769624
SBA;Evapo;3;Current landscape;0,671348214149475;-15,0326222072658;-17,6110747504115;-35,5582768218694
SBA;Evapo;3;Current landscape;0,72653204202652;-22,0406424150681;-34,5145866782198;-68,7476360354363
SBA;Evapo;3;Current landscape;0,775223135948181;-14,6951343087924;8,50770186365389;-12,9730264730131
SBA;Evapo;3;Current landscape;0,826537489891052;-27,2784810829521;-13,3466970389029;-16,3451005069471
SBA;Evapo;3;Current landscape;0,88284569978714;-21,7640040729416;-26,4980814087462;-29,8655109509693
SBA;Evapo;3;Current landscape;0,930928826332092;-13,9252203772112;-6,39878688953786;-34,0490272872348
SBA;Evapo;3;Current landscape;1;-30,5369044854047;-36,8965779085168;-45,8135675402855
SBA;Evapo;4;Spatially adjusted;0,01;145,999802350269;146,694877257331;129,379518684633
SBA;Evapo;4;Spatially adjusted;0,0302040816326531;141,036741570676;140,874232541933;123,956769111721
SBA;Evapo;4;Spatially adjusted;0,0504081632653061;136,053723635401;135,040060622594;118,513153530576
SBA;Evapo;4;Spatially adjusted;0,0706122448979592;131,030791388762;129,178834295368;113,027805932966
SBA;Evapo;4;Spatially adjusted;0,0908163265306122;125,947987675078;123,277026356317;107,479860310658
SBA;Evapo;4;Spatially adjusted;0,111020408163265;120,785355338665;117,321109601496;101,84845065542
SBA;Evapo;4;Spatially adjusted;0,131224489795918;115,522937223843;111,297556826964;96,1127109590191
SBA;Evapo;4;Spatially adjusted;0,151428571428571;110,14077617493;105,192840828777;90,251775213223
SBA;Evapo;4;Spatially adjusted;0,171632653061224;104,618915036243;98,9934344029946;84,2447774097989
SBA;Evapo;4;Spatially adjusted;0,191836734693878;98,9373966521007;92,6858103456737;78,0708515405145
SBA;Evapo;4;Spatially adjusted;0,212040816326531;93,0762638668209;86,2564414528722;71,7091315971366
SBA;Evapo;4;Spatially adjusted;0,232244897959184;87,015559524722;79,6918005206474;65,1387515714334
SBA;Evapo;4;Spatially adjusted;0,252448979591837;80,7353264701219;72,9783603450569;58,3388454551721
SBA;Evapo;4;Spatially adjusted;0,27265306122449;74,2156075473388;66,1025937221591;51,2885472401197
SBA;Evapo;4;Spatially adjusted;0,292857142857143;67,4364456006902;59,0509734480108;43,9669909180441
SBA;Evapo;4;Spatially adjusted;0,313061224489796;60,3778834744953;51,8099723186708;36,3533104807125
SBA;Evapo;4;Spatially adjusted;0,333265306122449;53,0199640130711;44,3660631301957;28,4266399198925
SBA;Evapo;4;Spatially adjusted;0,353469387755102;45,3574616350313;36,7161397895118;20,1812093525766
SBA;Evapo;4;Spatially adjusted;0,373673469387755;37,4440770561678;28,8987806470179;11,6716333966565
SBA;Evapo;4;Spatially adjusted;0,393877551020408;29,3482425665684;20,9629851639804;2,96762279524978
SBA;Evapo;4;Spatially adjusted;0,414081632653061;21,1383904563204;12,9577528016662;-5,86111170852723
SBA;Evapo;4;Spatially adjusted;0,434285714285714;12,8829530155108;4,93208302134235;-14,7448593715571
SBA;Evapo;4;Spatially adjusted;0,454489795918367;4,65036253422773;-3,06502471572503;-23,6139094507232
SBA;Evapo;4;Spatially adjusted;0,47469387755102;-3,49094869744204;-10,9845709482686;-32,3985512029078
SBA;Evapo;4;Spatially adjusted;0,494897959183674;-11,4725483894108;-18,7775562150221;-41,0290738849944
SBA;Evapo;4;Spatially adjusted;0,515102040816327;-19,2260042515913;-26,3949810547183;-49,4357667538659
SBA;Evapo;4;Spatially adjusted;0,53530612244898;-26,682883993896;-33,7878460060908;-57,5489190664052
SBA;Evapo;4;Spatially adjusted;0,555510204081633;-33,7747553262377;-40,9071516078723;-65,2988200794953
SBA;Evapo;4;Spatially adjusted;0,575714285714286;-40,4331859585293;-47,7038983987973;-72,6157590500197
SBA;Evapo;4;Spatially adjusted;0,595918367346939;-46,5897436006821;-54,1290869175975;-79,4300252348603
SBA;Evapo;4;Spatially adjusted;0,616122448979592;-52,1759959626106;-60,1337177030071;-85,6719078909011
SBA;Evapo;4;Spatially adjusted;0,636326530612245;-57,1235107542261;-65,6687912937589;-91,2716962750246
SBA;Evapo;4;Spatially adjusted;0,656530612244898;-61,3638556854417;-70,6853082285866;-96,1596796441133
SBA;Evapo;4;Spatially adjusted;0,676734693877551;-64,82859846617;-75,1342690462229;-100,266147255051
SBA;Evapo;4;Spatially adjusted;0,696938775510204;-67,469504213427;-78,9812633162217;-103,541873764629
SBA;Evapo;4;Spatially adjusted;0,717142857142857;-69,3191276726457;-82,2502367314162;-106,019575429267
SBA;Evapo;4;Spatially adjusted;0,73734693877551;-70,4302209963612;-84,9797240154596;-107,752453905296
SBA;Evapo;4;Spatially adjusted;0,757551020408163;-70,8555363371097;-87,2082598920065;-108,793710849044
SBA;Evapo;4;Spatially adjusted;0,777755102040816;-70,6478258474269;-88,9743790847097;-109,196547916841
SBA;Evapo;4;Spatially adjusted;0,797959183673469;-69,8598416798493;-90,3166163172236;-109,014166765016
SBA;Evapo;4;Spatially adjusted;0,818163265306122;-68,5443359869123;-91,2735063132006;-108,299769049898
SBA;Evapo;4;Spatially adjusted;0,838367346938776;-66,7540609211521;-91,8835837962959;-107,106556427817
SBA;Evapo;4;Spatially adjusted;0,858571428571429;-64,5417686351038;-92,1853834901613;-105,487730555101
SBA;Evapo;4;Spatially adjusted;0,878775510204082;-61,9602112813052;-92,217440118452;-103,496493088081
SBA;Evapo;4;Spatially adjusted;0,898979591836735;-59,0621410122903;-92,0182884048206;-101,186045683086
SBA;Evapo;4;Spatially adjusted;0,919183673469388;-55,9003099805959;-91,6264630729218;-98,6095899964435
SBA;Evapo;4;Spatially adjusted;0,939387755102041;-52,5274703387579;-91,0804988464079;-95,8203276844847
SBA;Evapo;4;Spatially adjusted;0,959591836734694;-48,996374239312;-90,418930448933;-92,8714604035374
SBA;Evapo;4;Spatially adjusted;0,979795918367347;-45,3597738347946;-89,6802926041517;-89,8161898099322
SBA;Evapo;4;Spatially adjusted;1;-41,6704212777411;-88,9031200357163;-86,7077175599975
SBA;Evapo;4;Current landscape;0,0299242977052927;67,758004261344;82,2831791639758;64,3829836329226
SBA;Evapo;4;Current landscape;0,073704831302166;51,7012370315806;73,9399848476771;72,2154172183846
SBA;Evapo;4;Current landscape;0,122981235384941;45,4895454503612;67,1067560618508;67,1957560068088
SBA;Evapo;4;Current landscape;0,178903460502625;42,8742563194687;43,7114167906623;39,3573814966719
SBA;Evapo;4;Current landscape;0,227270603179932;56,394111754297;46,9887317278954;32,3476475970597
SBA;Evapo;4;Current landscape;0,277938336133957;15,191726632205;15,2525415724149;-5,0545416751504
SBA;Evapo;4;Current landscape;0,321101814508438;25,2100400023469;37,2219474832541;18,0484428665429
SBA;Evapo;4;Current landscape;0,373417168855667;0,0986060012896814;-12,5494193554168;-46,1839691733478
SBA;Evapo;4;Current landscape;0,425572723150253;-20,8654304297374;-3,89677979630665;-37,1429737717197
SBA;Evapo;4;Current landscape;0,477689951658249;-15,8212991903517;-7,43301020535091;-35,9252991649059
SBA;Evapo;4;Current landscape;0,523682296276093;-18,3578776781303;-28,6822075262542;-65,1366694107223
SBA;Evapo;4;Current landscape;0,577520072460175;-8,85577956600378;-15,4634404203277;-67,6680325618304
SBA;Evapo;4;Current landscape;0,623647332191467;-31,6457722493592;-6,59811852433836;-51,889023618799
SBA;Evapo;4;Current landscape;0,675944030284882;-32,0454427437935;-24,1360712729368;-52,1276090333304
SBA;Evapo;4;Current landscape;0,727801918983459;-39,5775269748101;-23,7838045872793;-62,1227759535798
SBA;Evapo;4;Current landscape;0,777129948139191;-56,5768512285422;-40,5785333392053;-37,3910213381637
SBA;Evapo;4;Current landscape;0,826984822750092;-39,5254170927494;-35,5883915135792;-31,205992192889
SBA;Evapo;4;Current landscape;0,878509938716888;-16,2378432034184;-13,3965542620938;-33,2579692397992
SBA;Evapo;4;Current landscape;0,926108360290527;-17,6966336726962;1,2980418995744;-42,6291513446802
SBA;Evapo;4;Current landscape;1;-27,6952517779423;-40,5606359344417;-26,3499212807778
SBA;Evapo;5;Spatially adjusted;0,01;164,167211437398;155,309291014765;147,845783822108
SBA;Evapo;5;Spatially adjusted;0,0302040816326531;157,684230163463;149,658139540533;140,533469265472
SBA;Evapo;5;Spatially adjusted;0,0504081632653061;151,18975527743;143,989231786596;133,210921919532
SBA;Evapo;5;Spatially adjusted;0,0706122448979592;144,672293167203;138,284811473252;125,867908994987
SBA;Evapo;5;Spatially adjusted;0,0908163265306122;138,120350220683;132,527122320795;118,494197702533
SBA;Evapo;5;Spatially adjusted;0,111020408163265;131,522432825773;126,698408049523;111,079555252867
SBA;Evapo;5;Spatially adjusted;0,131224489795918;124,867047370375;120,780912379732;103,613748856687
SBA;Evapo;5;Spatially adjusted;0,151428571428571;118,142700242393;114,756879031716;96,0865457246887
SBA;Evapo;5;Spatially adjusted;0,171632653061224;111,337897829728;108,608551725773;88,4877130675704
SBA;Evapo;5;Spatially adjusted;0,191836734693878;104,441146520283;102,318174182198;80,807018096029
SBA;Evapo;5;Spatially adjusted;0,212040816326531;97,4409527019607;95,8679901212881;73,034228020761
SBA;Evapo;5;Spatially adjusted;0,232244897959184;90,3258227626632;89,2402432633383;65,159110052464
SBA;Evapo;5;Spatially adjusted;0,252448979591837;83,0842630902937;82,4171773286457;57,171431401835
SBA;Evapo;5;Spatially adjusted;0,27265306122449;75,7047800727539;75,3810360375053;49,0609592795711
SBA;Evapo;5;Spatially adjusted;0,292857142857143;68,1758800979467;68,1140631102139;40,8174608963693
SBA;Evapo;5;Spatially adjusted;0,313061224489796;60,4860695537748;60,5985022670668;32,4307034629264
SBA;Evapo;5;Spatially adjusted;0,333265306122449;52,6238548281401;52,8165972283609;23,8904541899403
SBA;Evapo;5;Spatially adjusted;0,353469387755102;44,5889212553268;44,7627887295155;15,1967495489578
SBA;Evapo;5;Spatially adjusted;0,373673469387755;36,4256699551422;36,4803055664459;6,39070305492965
SBA;Evapo;5;Spatially adjusted;0,393877551020408;28,1896809937753;28,0245735501901;-2,47630251634337
SBA;Evapo;5;Spatially adjusted;0,414081632653061;19,9365344374146;19,451018491787;-11,3528843890604
SBA;Evapo;5;Spatially adjusted;0,434285714285714;11,7218103522489;10,8150662022756;-20,1876597874202
SBA;Evapo;5;Spatially adjusted;0,454489795918367;3,6010888044666;2,17214249269409;-28,929245935622
SBA;Evapo;5;Spatially adjusted;0,47469387755102;-4,37005013974272;-6,42232682591884;-37,5262600578651
SBA;Evapo;5;Spatially adjusted;0,494897959183674;-12,1360264141911;-14,9129159425243;-45,9273193783483
SBA;Evapo;5;Spatially adjusted;0,515102040816327;-19,6412599526893;-23,2441990460841;-54,0810411212708
SBA;Evapo;5;Spatially adjusted;0,53530612244898;-26,8301706890491;-31,3607503255591;-61,9360425108318
SBA;Evapo;5;Spatially adjusted;0,555510204081633;-33,6471785570811;-39,2071439699114;-69,4409407712305
SBA;Evapo;5;Spatially adjusted;0,575714285714286;-40,0367034905971;-46,7279541681016;-76,5443531266653
SBA;Evapo;5;Spatially adjusted;0,595918367346939;-45,9431654234079;-53,8677551090916;-83,1948968013362
SBA;Evapo;5;Spatially adjusted;0,616122448979592;-51,3109842893255;-60,5711209818423;-89,3411890194416
SBA;Evapo;5;Spatially adjusted;0,636326530612245;-56,0845800221603;-66,7826259753156;-94,931847005181
SBA;Evapo;5;Spatially adjusted;0,656530612244898;-60,2083725557238;-72,4468442784723;-99,9154879827531
SBA;Evapo;5;Spatially adjusted;0,676734693877551;-63,626781823828;-77,5083500802746;-104,240729176357
SBA;Evapo;5;Spatially adjusted;0,696938775510204;-66,3014178060196;-81,9278108122771;-107,87214517449
SBA;Evapo;5;Spatially adjusted;0,717142857142857;-68,2626506647903;-85,7302668764105;-110,83814002284
SBA;Evapo;5;Spatially adjusted;0,73734693877551;-69,5580406083686;-88,9568519171996;-113,183075131391
SBA;Evapo;5;Spatially adjusted;0,757551020408163;-70,2351478449823;-91,6486995791688;-114,951311910131
SBA;Evapo;5;Spatially adjusted;0,777755102040816;-70,3415325828598;-93,8469435068432;-116,187211769044
SBA;Evapo;5;Spatially adjusted;0,797959183673469;-69,9247550302287;-95,5927173447469;-116,935136118115
SBA;Evapo;5;Spatially adjusted;0,818163265306122;-69,0323753953171;-96,9271547374046;-117,239446367332
SBA;Evapo;5;Spatially adjusted;0,838367346938776;-67,7119538863535;-97,8913893293411;-117,144503926678
SBA;Evapo;5;Spatially adjusted;0,858571428571429;-66,0110507115655;-98,5265547650808;-116,694670206139
SBA;Evapo;5;Spatially adjusted;0,878775510204082;-63,977226079181;-98,8737846891481;-115,934306615702
SBA;Evapo;5;Spatially adjusted;0,898979591836735;-61,6580401974284;-98,9742127460679;-114,907774565351
SBA;Evapo;5;Spatially adjusted;0,919183673469388;-59,1010532745356;-98,8689725803649;-113,659435465073
SBA;Evapo;5;Spatially adjusted;0,939387755102041;-56,3538255187307;-98,5991978365637;-112,233650724852
SBA;Evapo;5;Spatially adjusted;0,959591836734694;-53,4639171382419;-98,2060221591883;-110,674781754675
SBA;Evapo;5;Spatially adjusted;0,979795918367347;-50,4788883412964;-97,730579192764;-109,027189964527
SBA;Evapo;5;Spatially adjusted;1;-47,4462993361235;-97,2140025818151;-107,335236764393
SBA;Evapo;5;Current landscape;0,0281156171113253;55,6067571236297;74,9830289797665;57,3782845873934
SBA;Evapo;5;Current landscape;0,0738528892397881;51,6941358310687;64,5200624048673;76,2733261739456
SBA;Evapo;5;Current landscape;0,123237997293472;26,8500003506629;56,3655461246644;49,5306499743501
SBA;Evapo;5;Current landscape;0,170546531677246;41,5658635878688;59,0225200369321;35,8789428929424
SBA;Evapo;5;Current landscape;0,223430901765823;33,8271642769671;24,2710562910006;9,41369632646229
SBA;Evapo;5;Current landscape;0,27890619635582;24,9563934785572;39,5687765331263;-1,70510214529259
SBA;Evapo;5;Current landscape;0,326846539974213;0,251178211382467;27,1610272115756;5,92370160493897
SBA;Evapo;5;Current landscape;0,371789455413818;4,7436075367882;27,1997781295354;-16,6014408880096
SBA;Evapo;5;Current landscape;0,42397940158844;-18,5389188901941;-2,35027457170895;-30,558266625537
SBA;Evapo;5;Current landscape;0,473505362868309;-28,2712173077275;-4,19159126527757;-26,3805117375621
SBA;Evapo;5;Current landscape;0,524094820022583;-17,7670463850718;-21,937557576259;-53,4520700274356
SBA;Evapo;5;Current landscape;0,57413774728775;-37,6182849932768;-38,4623361387123;-73,663878081017
SBA;Evapo;5;Current landscape;0,62389612197876;-29,3207427424575;-22,8537668289951;-55,9459082151234
SBA;Evapo;5;Current landscape;0,67256110906601;-32,1069374424803;-36,8554210460889;-60,3305087882463
SBA;Evapo;5;Current landscape;0,723973631858826;-24,4748974717807;-25,917665780132;-61,6968715223688
SBA;Evapo;5;Current landscape;0,772938191890717;-30,0136115806631;6,57217128216212;-43,8505294238153
SBA;Evapo;5;Current landscape;0,826903820037842;-32,7879514009005;-26,757675514627;-21,0624060246059
SBA;Evapo;5;Current landscape;0,876284897327423;-30,7841282477073;-46,7203079437882;-27,8885569520517
SBA;Evapo;5;Current landscape;0,926606357097626;-10,4788649657512;-11,898183238116;-49,8161471014721
SBA;Evapo;5;Current landscape;1;-41,6511948299556;-34,5335018178025;-36,5240756429153
SBA;Evapo;6;Spatially adjusted;0,01;149,962029351838;146,447670626616;133,323905029808
SBA;Evapo;6;Spatially adjusted;0,0302040816326531;144,555480389857;141,225059702011;127,646857221465
SBA;Evapo;6;Spatially adjusted;0,0504081632653061;139,130046439674;135,98219652592;121,947836975857
SBA;Evapo;6;Spatially adjusted;0,0706122448979592;133,666842513086;130,698828846855;116,204871855718
SBA;Evapo;6;Spatially adjusted;0,0908163265306122;128,146983621892;125,354704413332;110,395989423783
SBA;Evapo;6;Spatially adjusted;0,111020408163265;122,551584777889;119,929570973864;104,499217242787
SBA;Evapo;6;Spatially adjusted;0,131224489795918;116,861760992876;114,403176276963;98,4925828754638
SBA;Evapo;6;Spatially adjusted;0,151428571428571;111,058627278649;108,755268071144;92,3541138845485
SBA;Evapo;6;Spatially adjusted;0,171632653061224;105,123298647007;102,965594104921;86,0618378327756
SBA;Evapo;6;Spatially adjusted;0,191836734693878;99,036890109747;97,0139021268067;79,5937822828798
SBA;Evapo;6;Spatially adjusted;0,212040816326531;92,7805166786675;90,879939885315;72,9279747975959
SBA;Evapo;6;Spatially adjusted;0,232244897959184;86,335293365566;84,5434551289595;66,0424429396585
SBA;Evapo;6;Spatially adjusted;0,252448979591837;79,6823351822409;77,9841956062542;58,9152142718019
SBA;Evapo;6;Spatially adjusted;0,27265306122449;72,8027571404891;71,1819090657123;51,5243163567614
SBA;Evapo;6;Spatially adjusted;0,292857142857143;65,6776742521092;64,1163432558474;43,8477767572708
SBA;Evapo;6;Spatially adjusted;0,313061224489796;58,2882015288983;56,7672459251735;35,8636230360653
SBA;Evapo;6;Spatially adjusted;0,333265306122449;50,615453982655;49,1143648222039;27,5498827558795
SBA;Evapo;6;Spatially adjusted;0,353469387755102;42,6549698223369;41,1513416914415;18,9003958221738
SBA;Evapo;6;Spatially adjusted;0,373673469387755;34,4599800455444;32,9273942613452;9,97225151131261
SBA;Evapo;6;Spatially adjusted;0,393877551020408;26,0981388470379;24,5056342563623;0,838351442386511
SBA;Evapo;6;Spatially adjusted;0,414081632653061;17,6371004215782;15,9491734009412;-8,42840276551488
SBA;Evapo;6;Spatially adjusted;0,434285714285714;9,14451896392598;7,32112341952916;-17,7551094933003
SBA;Evapo;6;Spatially adjusted;0,454489795918367;0,688048668841475;-1,31540396342552;-27,0688671218807
SBA;Evapo;6;Spatially adjusted;0,47469387755102;-7,66465626891431;-9,89729702347518;-36,2967740321642
SBA;Evapo;6;Spatially adjusted;0,494897959183674;-15,8459416545811;-18,3614440361721;-45,365928605062
SBA;Evapo;6;Spatially adjusted;0,515102040816327;-23,7881532933982;-26,6447332770686;-54,203429221483
SBA;Evapo;6;Spatially adjusted;0,53530612244898;-31,423636990605;-34,6840530217162;-62,7363742623375
SBA;Evapo;6;Spatially adjusted;0,555510204081633;-38,6847385514409;-42,4162915456675;-70,8918621085343
SBA;Evapo;6;Spatially adjusted;0,575714285714286;-45,5038037811457;-49,7783371244748;-78,5969911409841
SBA;Evapo;6;Spatially adjusted;0,595918367346939;-51,8131784849582;-56,7070780336906;-85,7788597405954
SBA;Evapo;6;Spatially adjusted;0,616122448979592;-57,5452084681178;-63,1394025488662;-92,3645662882791
SBA;Evapo;6;Spatially adjusted;0,636326530612245;-62,6322395358643;-69,012198945554;-98,2812091649441
SBA;Evapo;6;Spatially adjusted;0,656530612244898;-67,006617493437;-74,2623554993068;-103,455886751501
SBA;Evapo;6;Spatially adjusted;0,676734693877551;-70,6006881460755;-78,826760485676;-107,815697428859
SBA;Evapo;6;Spatially adjusted;0,696938775510204;-73,3669059304343;-82,6606214602457;-111,309137436612
SBA;Evapo;6;Spatially adjusted;0,717142857142857;-75,338159808829;-85,7924230987239;-113,970294449094
SBA;Evapo;6;Spatially adjusted;0,73734693877551;-76,5674473749905;-88,2689693568496;-115,854653999323
SBA;Evapo;6;Spatially adjusted;0,757551020408163;-77,1077662226501;-90,1370641903627;-117,017701620317
SBA;Evapo;6;Spatially adjusted;0,777755102040816;-77,012113945538;-91,4435115550025;-117,514922845094
SBA;Evapo;6;Spatially adjusted;0,797959183673469;-76,333488137386;-92,2351154065084;-117,401803206672
SBA;Evapo;6;Spatially adjusted;0,818163265306122;-75,1248863919245;-92,5586797006199;-116,733828238069
SBA;Evapo;6;Spatially adjusted;0,838367346938776;-73,4393063028842;-92,4610083930766;-115,566483472304
SBA;Evapo;6;Spatially adjusted;0,858571428571429;-71,3297454639969;-91,9889054396176;-113,955254442394
SBA;Evapo;6;Spatially adjusted;0,878775510204082;-68,8492014689928;-91,1891747959821;-111,955626681357
SBA;Evapo;6;Spatially adjusted;0,898979591836735;-66,0506719116033;-90,1086204179107;-109,623085722212
SBA;Evapo;6;Spatially adjusted;0,919183673469388;-62,9871543855588;-88,7940462611418;-107,013117097977
SBA;Evapo;6;Spatially adjusted;0,939387755102041;-59,711646484591;-87,2922562814154;-104,181206341669
SBA;Evapo;6;Spatially adjusted;0,959591836734694;-56,2771458024302;-85,6500544344704;-101,182838986307
SBA;Evapo;6;Spatially adjusted;0,979795918367347;-52,736649932807;-83,9142446760464;-98,0735005649092
SBA;Evapo;6;Spatially adjusted;1;-49,1431564694538;-82,1316309618831;-94,9086766104929
SBA;Evapo;6;Current landscape;0,0258718635886908;51,0295919361531;60,3619480017853;54,6179625122297
SBA;Evapo;6;Current landscape;0,0730258598923683;40,9523079092764;71,2448456375107;64,8584194301316
SBA;Evapo;6;Current landscape;0,124800495803356;35,9846477576;55,7534728332755;67,4559756645754
SBA;Evapo;6;Current landscape;0,173234015703201;25,0224856821501;47,5506758362078;46,5599090218921
SBA;Evapo;6;Current landscape;0,226126119494438;40,3702115052315;37,2244774479095;41,2539845208778
SBA;Evapo;6;Current landscape;0,281836450099945;37,6554131510736;36,2397013816412;12,7903754953031
SBA;Evapo;6;Current landscape;0,324895530939102;2,34661035837257;5,93758394863721;-30,3618900181664
SBA;Evapo;6;Current landscape;0,372821033000946;-5,22175103663062;-11,8668597532035;-25,7971674683329
SBA;Evapo;6;Current landscape;0,425271451473236;-29,3910373500673;-4,52280162602642;-24,8582833626163
SBA;Evapo;6;Current landscape;0,47900515794754;-19,504718643504;-2,19861876294203;-37,0533245911161
SBA;Evapo;6;Current landscape;0,524429738521576;-36,8044529726965;-12,8383566070445;-44,9008167451423
SBA;Evapo;6;Current landscape;0,572977960109711;-33,7908728990524;-15,0100643611943;-53,1885430159734
SBA;Evapo;6;Current landscape;0,625992238521576;-62,9859869772959;-49,154897219217;-67,8321946925275
SBA;Evapo;6;Current landscape;0,672415375709534;-54,8820521925998;-40,3027841927476;-60,0884913046721
SBA;Evapo;6;Current landscape;0,723677814006805;-45,4829774038146;-28,9767154070096;-62,8611810270545
SBA;Evapo;6;Current landscape;0,773912966251373;-41,1287876218596;-50,170480329487;-73,511386497318
SBA;Evapo;6;Current landscape;0,824753671884537;-30,4608447855771;-12,227822686641;-25,8116325109568
SBA;Evapo;6;Current landscape;0,878062725067139;-18,6300165328903;-14,6425314783824;-40,4551254755643
SBA;Evapo;6;Current landscape;0,928711086511612;-9,49783379448354;-11,2950364705537;-30,5771152067837
SBA;Evapo;6;Current landscape;1;-44,9731602796078;-38,0377192532512;-43,9450151958467
SBA;Evapo;7;Spatially adjusted;0,01;157,432275191721;151,954424863515;146,69093372299
SBA;Evapo;7;Spatially adjusted;0,0302040816326531;151,029507119083;145,741762416223;139,665158461323
SBA;Evapo;7;Spatially adjusted;0,0504081632653061;144,616701454436;139,519181532269;132,631597768288
SBA;Evapo;7;Spatially adjusted;0,0706122448979592;138,183820605771;133,276763774989;125,582466212518
SBA;Evapo;7;Spatially adjusted;0,0908163265306122;131,720826981081;127,00459070772;118,509978362646
SBA;Evapo;7;Spatially adjusted;0,111020408163265;125,217682988354;120,6927438938;111,406348787303
SBA;Evapo;7;Spatially adjusted;0,131224489795918;118,664351035585;114,331304896565;104,263792055122
SBA;Evapo;7;Spatially adjusted;0,151428571428571;112,050793530762;107,910355279353;97,0745227347363
SBA;Evapo;7;Spatially adjusted;0,171632653061224;105,366972881878;101,4199766055;89,830755394778
SBA;Evapo;7;Spatially adjusted;0,191836734693878;98,6028514969241;94,8502504383444;82,5247046038787
SBA;Evapo;7;Spatially adjusted;0,212040816326531;91,7483917838911;88,1912583412227;75,1485849306714
SBA;Evapo;7;Spatially adjusted;0,232244897959184;84,7935561507702;81,4330818774718;67,694610943789
SBA;Evapo;7;Spatially adjusted;0,252448979591837;77,7283070055528;74,5658026104291;60,1549972118633
SBA;Evapo;7;Spatially adjusted;0,27265306122449;70,5426067562298;67,5795021034314;52,5219583035273
SBA;Evapo;7;Spatially adjusted;0,292857142857143;63,2264178107932;60,4642619198164;44,7877087874126
SBA;Evapo;7;Spatially adjusted;0,313061224489796;55,7697025772336;53,2101636229209;36,9444632321529
SBA;Evapo;7;Spatially adjusted;0,333265306122449;48,1624234635424;45,8072887760816;28,9844362063791
SBA;Evapo;7;Spatially adjusted;0,353469387755102;40,405171052365;38,2541852959528;20,9080881487562
SBA;Evapo;7;Spatially adjusted;0,373673469387755;32,5410486249643;30,5832665124544;12,748862978071
SBA;Evapo;7;Spatially adjusted;0,393877551020408;24,6237876372575;22,8354121088237;4,54845048314223
SBA;Evapo;7;Spatially adjusted;0,414081632653061;16,7071195451615;15,0515017682974;-3,65145954721152
SBA;Evapo;7;Spatially adjusted;0,434285714285714;8,84477580459407;7,27241517411267;-11,8091773241713
SBA;Evapo;7;Spatially adjusted;0,454489795918367;1,09048787147162;-0,460967990493828;-19,8830130589188
SBA;Evapo;7;Spatially adjusted;0,47469387755102;-6,50201279828843;-8,10776804228476;-27,8312769626355
SBA;Evapo;7;Spatially adjusted;0,494897959183674;-13,8789947487689;-15,6271052980233;-35,6122792465021
SBA;Evapo;7;Spatially adjusted;0,515102040816327;-20,986726524053;-22,9781000744724;-43,1843301217004
SBA;Evapo;7;Spatially adjusted;0,53530612244898;-27,7714766682227;-30,1198726883954;-50,5057397994119
SBA;Evapo;7;Spatially adjusted;0,555510204081633;-34,1795137253619;-37,0115434565548;-57,5348184908176
SBA;Evapo;7;Spatially adjusted;0,575714285714286;-40,1571062395533;-43,6122326957141;-64,2298764070993
SBA;Evapo;7;Spatially adjusted;0,595918367346939;-45,6505227548792;-49,8810607226365;-70,5492237594378
SBA;Evapo;7;Spatially adjusted;0,616122448979592;-50,6060318154227;-55,7771478540847;-76,4511707590148
SBA;Evapo;7;Spatially adjusted;0,636326530612245;-54,9699019652669;-61,2596144068214;-81,8940276170117
SBA;Evapo;7;Spatially adjusted;0,656530612244898;-58,6884017484945;-66,2875806976103;-86,8361045446097
SBA;Evapo;7;Spatially adjusted;0,676734693877551;-61,7077997091883;-70,820167043214;-91,23571175299
SBA;Evapo;7;Spatially adjusted;0,696938775510204;-63,9911616474012;-74,828893078731;-95,0641927463464
SBA;Evapo;7;Spatially adjusted;0,717142857142857;-65,5687423870668;-78,3348757126028;-98,3450242009187
SBA;Evapo;7;Spatially adjusted;0,73734693877551;-66,4875940080876;-81,3716311716053;-101,11471608596
SBA;Evapo;7;Spatially adjusted;0,757551020408163;-66,7947685903671;-83,9726756825146;-103,409778370721
SBA;Evapo;7;Spatially adjusted;0,777755102040816;-66,5373182138087;-86,1715254721078;-105,266721024455
SBA;Evapo;7;Spatially adjusted;0,797959183673469;-65,7622949583151;-88,0016967671604;-106,722054016415
SBA;Evapo;7;Spatially adjusted;0,818163265306122;-64,5167509037899;-89,4967057944493;-107,812287315852
SBA;Evapo;7;Spatially adjusted;0,838367346938776;-62,8477381301359;-90,6900687807508;-108,573930892018
SBA;Evapo;7;Spatially adjusted;0,858571428571429;-60,8023087172567;-91,6153019528415;-109,043494714167
SBA;Evapo;7;Spatially adjusted;0,878775510204082;-58,4275147450549;-92,3059215374976;-109,25748875155
SBA;Evapo;7;Spatially adjusted;0,898979591836735;-55,7704082934342;-92,7954437614956;-109,252422973419
SBA;Evapo;7;Spatially adjusted;0,919183673469388;-52,8780414422977;-93,1173848516114;-109,064807349027
SBA;Evapo;7;Spatially adjusted;0,939387755102041;-49,7974662715487;-93,3052610346217;-108,731151847626
SBA;Evapo;7;Spatially adjusted;0,959591836734694;-46,5757348610896;-93,3925885373028;-108,287966438468
SBA;Evapo;7;Spatially adjusted;0,979795918367347;-43,2598992908245;-93,4128835864315;-107,771761090805
SBA;Evapo;7;Spatially adjusted;1;-39,8970116406561;-93,3996624087831;-107,21904577389
SBA;Evapo;7;Current landscape;0,0259493254125118;42,3594540628771;52,8662456592661;36,5034410272365
SBA;Evapo;7;Current landscape;0,0751736164093018;38,1831237855017;52,8730678644258;39,3633015611908
SBA;Evapo;7;Current landscape;0,124284364283085;28,6768141761875;42,3631332525176;37,3184210327358
SBA;Evapo;7;Current landscape;0,179182425141335;8,2945220703798;5,80990223547383;11,0544217848035
SBA;Evapo;7;Current landscape;0,227104842662811;7,68560245351227;10,8423124092931;-1,59963147458075
SBA;Evapo;7;Current landscape;0,274673759937286;11,0246842905333;7,04889404399;1,76550102441706
SBA;Evapo;7;Current landscape;0,326047420501709;0,216539290164974;3,1178409602785;-23,9058016140036
SBA;Evapo;7;Current landscape;0,373226195573807;6,67148162835065;12,4738691720584;-19,3115502598816
SBA;Evapo;7;Current landscape;0,424240976572037;-15,2022154873557;3,94199820400945;-25,9736630604359
SBA;Evapo;7;Current landscape;0,476274743676186;-16,7475461438955;2,93378034461989;-35,0781382102075
SBA;Evapo;7;Current landscape;0,522300362586975;-17,7817634542607;-9,6378253826565;-35,7747857917161
SBA;Evapo;7;Current landscape;0,576947718858719;-16,8499107877149;-21,5566364522581;-57,1502352379146
SBA;Evapo;7;Current landscape;0,624312102794647;-34,79455726877;-26,6968554664795;-51,0890662782379
SBA;Evapo;7;Current landscape;0,675803780555725;-5,81473919758628;-29,4527069697665;-50,6963559039791
SBA;Evapo;7;Current landscape;0,727635502815247;-29,7738594383836;-5,39548897043528;-27,2281980620855
SBA;Evapo;7;Current landscape;0,777500867843628;-22,8382107803409;-18,5566495241462;-38,4729501841355
SBA;Evapo;7;Current landscape;0,824606835842133;-21,6435243169117;-6,66303153975582;-9,06575600246265
SBA;Evapo;7;Current landscape;0,874734878540039;-25,499564044213;-27,4050508684884;-26,3306435227364
SBA;Evapo;7;Current landscape;0,927150815725327;-26,0652157696527;-48,3179930459944;-59,9169486151595
SBA;Evapo;7;Current landscape;1;-26,4242909397115;-41,4780162376378;-55,3915474012499
SBA;Evapo;8;Spatially adjusted;0,01;159,62666630523;161,113843709137;151,437257256117
SBA;Evapo;8;Spatially adjusted;0,0302040816326531;153,341845786214;154,448900467203;144,123060465501
SBA;Evapo;8;Spatially adjusted;0,0504081632653061;147,047543697327;147,772686895679;136,797062754808
SBA;Evapo;8;Spatially adjusted;0,0706122448979592;140,734278468696;141,073932664971;129,447463203958
SBA;Evapo;8;Spatially adjusted;0,0908163265306122;134,39256853045;134,341367445489;122,062460892874
SBA;Evapo;8;Spatially adjusted;0,111020408163265;128,012932312717;127,563720907642;114,630254901479
SBA;Evapo;8;Spatially adjusted;0,131224489795918;121,585888245627;120,729722721837;107,139044309692
SBA;Evapo;8;Spatially adjusted;0,151428571428571;115,101954759306;113,828102558484;99,5770281974383
SBA;Evapo;8;Spatially adjusted;0,171632653061224;108,551650283883;106,847590087991;91,9324056446376
SBA;Evapo;8;Spatially adjusted;0,191836734693878;101,925493249486;99,7769149807666;84,1933757312127
SBA;Evapo;8;Spatially adjusted;0,212040816326531;95,2140020862455;92,6048069072188;76,3481375370855
SBA;Evapo;8;Spatially adjusted;0,232244897959184;88,4076952242872;85,3199955377572;68,3848901421777
SBA;Evapo;8;Spatially adjusted;0,252448979591837;81,4970910937407;77,9112105427898;60,2918326264116
SBA;Evapo;8;Spatially adjusted;0,27265306122449;74,4727081247338;70,3671815927253;52,0571640697087
SBA;Evapo;8;Spatially adjusted;0,292857142857143;67,3250647473951;62,6766383579725;43,6690835519917
SBA;Evapo;8;Spatially adjusted;0,313061224489796;60,0446793918529;54,8283105089395;35,1157901531822
SBA;Evapo;8;Spatially adjusted;0,333265306122449;52,6220704882355;46,8109277160352;26,3854829532017
SBA;Evapo;8;Spatially adjusted;0,353469387755102;45,057216883775;38,6227137251933;17,4776321099334
SBA;Evapo;8;Spatially adjusted;0,373673469387755;37,3879390941183;30,29986858445;8,43679209310312
SBA;Evapo;8;Spatially adjusted;0,393877551020408;29,6615180520166;21,8880864173668;-0,681211549602949
SBA;Evapo;8;Spatially adjusted;0,414081632653061;21,9252346902201;13,433061347504;-9,8205532704992
SBA;Evapo;8;Spatially adjusted;0,434285714285714;14,2263699414805;4,98048749842383;-18,925407521898
SBA;Evapo;8;Spatially adjusted;0,454489795918367;6,61220473854746;-3,42394100631304;-27,9399487561138
SBA;Evapo;8;Spatially adjusted;0,47469387755102;-0,86997998582774;-11,7345300431446;-36,8083514254602
SBA;Evapo;8;Spatially adjusted;0,494897959183674;-8,17290329889352;-19,9055854885103;-45,4747899822503
SBA;Evapo;8;Spatially adjusted;0,515102040816327;-15,2492842679003;-27,8914132188486;-53,8834388787982
SBA;Evapo;8;Spatially adjusted;0,53530612244898;-22,0518419600965;-35,6463191105984;-61,9784725674176
SBA;Evapo;8;Spatially adjusted;0,555510204081633;-28,5332954427313;-43,124609040198;-69,7040655004219
SBA;Evapo;8;Spatially adjusted;0,575714285714286;-34,6463637830541;-50,2805888840865;-77,0043921301244
SBA;Evapo;8;Spatially adjusted;0,595918367346939;-40,3437660483141;-57,0685645187023;-83,8236269088395
SBA;Evapo;8;Spatially adjusted;0,616122448979592;-45,5782213057605;-63,4428418204846;-90,1059442888804
SBA;Evapo;8;Spatially adjusted;0,636326530612245;-50,3024486226425;-69,3577266658715;-95,7955187225607
SBA;Evapo;8;Spatially adjusted;0,656530612244898;-54,4691670662092;-74,7675249313024;-100,836524662194
SBA;Evapo;8;Spatially adjusted;0,676734693877551;-58,0310957037095;-79,6265424932153;-105,173136560094
SBA;Evapo;8;Spatially adjusted;0,696938775510204;-60,9556261613809;-83,9029141947588;-108,766752080578
SBA;Evapo;8;Spatially adjusted;0,717142857142857;-63,2688403014117;-87,6200907459156;-111,647661735982
SBA;Evapo;8;Spatially adjusted;0,73734693877551;-65,0114925449775;-90,8153518233783;-113,863379250643
SBA;Evapo;8;Spatially adjusted;0,757551020408163;-66,2243373132546;-93,5259771038395;-115,461418348902
SBA;Evapo;8;Spatially adjusted;0,777755102040816;-66,9481290274191;-95,7892462639916;-116,489292755095
SBA;Evapo;8;Spatially adjusted;0,797959183673469;-67,2236221086471;-97,642438980527;-116,994516193562
SBA;Evapo;8;Spatially adjusted;0,818163265306122;-67,0915709781143;-99,1228349301377;-117,024602388642
SBA;Evapo;8;Spatially adjusted;0,838367346938776;-66,5927300569972;-100,267713789517;-116,627065064673
SBA;Evapo;8;Spatially adjusted;0,858571428571429;-65,7678537664713;-101,114355235356;-115,849417945994
SBA;Evapo;8;Spatially adjusted;0,878775510204082;-64,6576965277131;-101,700038944349;-114,739174756945
SBA;Evapo;8;Spatially adjusted;0,898979591836735;-63,3030127618988;-102,062044593187;-113,343849221863
SBA;Evapo;8;Spatially adjusted;0,919183673469388;-61,7445568902042;-102,237651858563;-111,710955065088
SBA;Evapo;8;Spatially adjusted;0,939387755102041;-60,0230833338055;-102,26414041717;-109,888006010957
SBA;Evapo;8;Spatially adjusted;0,959591836734694;-58,1793465138783;-102,178789945698;-107,92251578381
SBA;Evapo;8;Spatially adjusted;0,979795918367347;-56,2541008515991;-102,018880120843;-105,861998107986
SBA;Evapo;8;Spatially adjusted;1;-54,2881007681438;-101,821690619294;-103,753966707823
SBA;Evapo;8;Current landscape;0,0277606509625912;71,6382058981151;83,6344425914304;82,377908576005
SBA;Evapo;8;Current landscape;0,0753700658679009;32,2768456520228;53,6372249272038;38,9429610509651
SBA;Evapo;8;Current landscape;0,125169351696968;9,8237316901234;34,5684034395356;19,9370518886349
SBA;Evapo;8;Current landscape;0,17929020524025;36,9023186954821;42,1155401327039;33,3019641746023
SBA;Evapo;8;Current landscape;0,22606585919857;20,3584093988986;12,9954552901891;5,59883922932363
SBA;Evapo;8;Current landscape;0,277963995933533;31,4741935671839;43,7026492868492;6,04165770633676
SBA;Evapo;8;Current landscape;0,324223190546036;18,6808032538809;18,476468592231;-18,7231692854737
SBA;Evapo;8;Current landscape;0,374078899621964;20,7988559887622;26,6308002960959;-0,941080081717928
SBA;Evapo;8;Current landscape;0,425626575946808;-7,89195270543223;-7,04024618961944;-28,774719210775
SBA;Evapo;8;Current landscape;0,479232579469681;10,3478946753548;6,00865273651857;-14,0079865593257
SBA;Evapo;8;Current landscape;0,522016406059265;-32,1577739580102;-30,3630147500226;-69,2347243961019
SBA;Evapo;8;Current landscape;0,576222717761993;-25,5195107613426;-26,2635928896032;-63,791956115354
SBA;Evapo;8;Current landscape;0,623850524425507;-39,1221283410714;-27,281916925145;-33,3223818461343
SBA;Evapo;8;Current landscape;0,676360249519348;-20,494686999697;-36,1799245287098;-41,4657483418141
SBA;Evapo;8;Current landscape;0,72359162569046;-18,6897560652849;-23,6798637332247;-44,2854097092102
SBA;Evapo;8;Current landscape;0,775701940059662;-13,8017268061685;-8,81594986949517;-26,1685079853367
SBA;Evapo;8;Current landscape;0,825001209974289;-11,3514570269874;-10,0104726611119;-37,971923750478
SBA;Evapo;8;Current landscape;0,872311443090439;-10,6405845305103;-20,1567176906151;-32,0469004289428
SBA;Evapo;8;Current landscape;0,926800310611725;6,91644977015017;-6,02653239101915;-36,6041212321891
SBA;Evapo;8;Current landscape;1;-28,507128715597;-31,6918727177729;-49,2220028295028
SBA;Evapo;9;Spatially adjusted;0,01;143,715023755922;139,6217015365;135,192629044539
SBA;Evapo;9;Spatially adjusted;0,0302040816326531;139,554641792553;135,06772657863;129,909821507328
SBA;Evapo;9;Spatially adjusted;0,0504081632653061;135,367222987476;130,490295565289;124,601972758386
SBA;Evapo;9;Spatially adjusted;0,0706122448979592;131,12573049898;125,865952441003;119,244041585982
SBA;Evapo;9;Spatially adjusted;0,0908163265306122;126,80312748536;121,171241150302;113,810986778384
SBA;Evapo;9;Spatially adjusted;0,111020408163265;122,372377104903;116,382705637712;108,277767123862
SBA;Evapo;9;Spatially adjusted;0,131224489795918;117,806442515904;111,476889847762;102,619341410683
SBA;Evapo;9;Spatially adjusted;0,151428571428571;113,078286876652;106,430337724981;96,8106684271179
SBA;Evapo;9;Spatially adjusted;0,171632653061224;108,16087334544;101,219593213895;90,8267069614346
SBA;Evapo;9;Spatially adjusted;0,191836734693878;103,027165080558;95,8212002590321;84,6424158019017
SBA;Evapo;9;Spatially adjusted;0,212040816326531;97,6501252402977;90,211702804922;78,2327537367887
SBA;Evapo;9;Spatially adjusted;0,232244897959184;92,0027169829505;84,3676447960916;71,572679554364
SBA;Evapo;9;Spatially adjusted;0,252448979591837;86,0579034668076;78,2655701770689;64,6371520428963
SBA;Evapo;9;Spatially adjusted;0,27265306122449;79,7886478501607;71,8820228923819;57,4011299906547
SBA;Evapo;9;Spatially adjusted;0,292857142857143;73,1679132913007;65,1935468865586;49,8395721859083
SBA;Evapo;9;Spatially adjusted;0,313061224489796;66,1686629485189;58,1766861041274;41,9274374169254
SBA;Evapo;9;Spatially adjusted;0,333265306122449;58,7638599801069;50,8079844896156;33,6396844719752
SBA;Evapo;9;Spatially adjusted;0,353469387755102;50,9445351498978;43,0787288297843;24,9685436275354
SBA;Evapo;9;Spatially adjusted;0,373673469387755;42,7739896438957;35,0391772803264;15,9753311129214
SBA;Evapo;9;Spatially adjusted;0,393877551020408;34,3335922536458;26,7543308391664;6,7386346456567
SBA;Evapo;9;Spatially adjusted;0,414081632653061;25,7047117706934;18,2891905042302;-2,66295805673417
SBA;Evapo;9;Spatially adjusted;0,434285714285714;16,9687169865849;9,70875727344219;-12,1508592767275
SBA;Evapo;9;Spatially adjusted;0,454489795918367;8,20697669286528;1,07803214472847;-21,6464812967988
SBA;Evapo;9;Spatially adjusted;0,47469387755102;-0,499140318919444;-7,53798388398604;-31,0712363994242
SBA;Evapo;9;Spatially adjusted;0,494897959183674;-9,06826525722363;-16,0742898147757;-40,34653686708
SBA;Evapo;9;Spatially adjusted;0,515102040816327;-17,4190293305019;-24,4658846497159;-49,3937949822414
SBA;Evapo;9;Spatially adjusted;0,53530612244898;-25,4700637472079;-32,647767390881;-58,1344230273844
SBA;Evapo;9;Spatially adjusted;0,555510204081633;-33,1399997157969;-40,5549370403458;-66,4898332849859
SBA;Evapo;9;Spatially adjusted;0,575714285714286;-40,3474684447231;-48,1223926001851;-74,3814380375209
SBA;Evapo;9;Spatially adjusted;0,595918367346939;-47,0111011424399;-55,2851330724732;-81,7306495674652
SBA;Evapo;9;Spatially adjusted;0,616122448979592;-53,0495290174031;-61,9781574592855;-88,4588801572952
SBA;Evapo;9;Spatially adjusted;0,636326530612245;-58,3813832780657;-68,1364647626963;-94,4875420894866
SBA;Evapo;9;Spatially adjusted;0,656530612244898;-62,9252951328829;-73,6950539847805;-99,7380476465153
SBA;Evapo;9;Spatially adjusted;0,676734693877551;-66,5998957903089;-78,5889241276129;-104,131809110858
SBA;Evapo;9;Spatially adjusted;0,696938775510204;-69,3472808406066;-82,7715089437263;-107,6130797576
SBA;Evapo;9;Spatially adjusted;0,717142857142857;-71,2034034012761;-86,2699811874861;-110,217476832269
SBA;Evapo;9;Spatially adjusted;0,73734693877551;-72,2276809716259;-89,1299483637158;-112,003458573004
SBA;Evapo;9;Spatially adjusted;0,757551020408163;-72,4795310509642;-91,3970179772393;-113,029483217942
SBA;Evapo;9;Spatially adjusted;0,777755102040816;-72,0183711386003;-93,1167975328799;-113,354009005223
SBA;Evapo;9;Spatially adjusted;0,797959183673469;-70,9036187338418;-94,3348945354612;-113,035494172983
SBA;Evapo;9;Spatially adjusted;0,818163265306122;-69,194691335998;-95,0969164898065;-112,132396959362
SBA;Evapo;9;Spatially adjusted;0,838367346938776;-66,9510064443769;-95,44847090074;-110,703175602497
SBA;Evapo;9;Spatially adjusted;0,858571428571429;-64,2319815582876;-95,4351652730847;-108,806288340527
SBA;Evapo;9;Spatially adjusted;0,878775510204082;-61,0970341770376;-95,1026071116646;-106,50019341159
SBA;Evapo;9;Spatially adjusted;0,898979591836735;-57,605581799937;-94,4964039213028;-103,843349053824
SBA;Evapo;9;Spatially adjusted;0,919183673469388;-53,8170419262938;-93,6621632068234;-100,894213505366
SBA;Evapo;9;Spatially adjusted;0,939387755102041;-49,7908320554161;-92,6454924730499;-97,7112450043569
SBA;Evapo;9;Spatially adjusted;0,959591836734694;-45,5863696866124;-91,4919992248053;-94,3529017889323
SBA;Evapo;9;Spatially adjusted;0,979795918367347;-41,2630723191917;-90,2472909669136;-90,8776420972315
SBA;Evapo;9;Spatially adjusted;1;-36,8803574524627;-88,9569752041987;-87,3439241673927
SBA;Evapo;9;Current landscape;0,0268565211445093;53,3636326053409;68,2700836214781;59,7472877590112
SBA;Evapo;9;Current landscape;0,074509534984827;22,1084268415541;43,5577577687241;38,1041486009633
SBA;Evapo;9;Current landscape;0,123535864055157;34,4369689916184;53,9471115261943;43,4182938618076
SBA;Evapo;9;Current landscape;0,176248714327812;19,2490985681745;24,8206844734432;26,8616431965343
SBA;Evapo;9;Current landscape;0,225189253687859;24,1916953092493;31,5084804737526;28,9839180963977
SBA;Evapo;9;Current landscape;0,277026027441025;20,2510330412576;28,0979966232117;5,63271308160324
SBA;Evapo;9;Current landscape;0,327170699834824;1,12832910012889;3,04961212394164;-17,1577919630327
SBA;Evapo;9;Current landscape;0,374548673629761;40,4816115011367;29,0323398536236;31,8271503461315
SBA;Evapo;9;Current landscape;0,426892906427383;1,14453108638827;-1,7659317786572;-6,45543777408693
SBA;Evapo;9;Current landscape;0,479809492826462;-24,4412317742358;1,01297597330768;-17,6819662995688
SBA;Evapo;9;Current landscape;0,523012280464172;-9,71751531414657;9,02752539327253;-28,1502888610457
SBA;Evapo;9;Current landscape;0,574328243732452;-21,4428377822285;-19,3652811160775;-54,7550721675355
SBA;Evapo;9;Current landscape;0,627498269081116;-51,5431887523641;-21,5134536477703;-54,1512164408807
SBA;Evapo;9;Current landscape;0,674255549907685;-38,9988514775159;-5,68742099056408;-21,5200777286989
SBA;Evapo;9;Current landscape;0,723555624485015;-9,05820341078652;-12,643331919923;-35,1430300741706
SBA;Evapo;9;Current landscape;0,774824112653732;-28,8845496013846;-26,2137603340634;-39,3845626438224
SBA;Evapo;9;Current landscape;0,827973484992981;-38,7374177605238;-22,4114528714536;-14,8037201929724
SBA;Evapo;9;Current landscape;0,878674626350403;-23,2763674493442;-29,6625001561665;-46,6671531118045
SBA;Evapo;9;Current landscape;0,930293262004852;-24,9178093253056;-7,93557069291774;-36,7362945846969
SBA;Evapo;9;Current landscape;1;-25,3128994018366;-41,6208096201335;-27,5622676973324
SBA;Evapo;10;Spatially adjusted;0,01;153,560736791673;147,725041402216;144,07268052272
SBA;Evapo;10;Spatially adjusted;0,0302040816326531;147,927997671018;142,384858807765;137,598936295313
SBA;Evapo;10;Spatially adjusted;0,0504081632653061;142,277335632343;137,023939181998;131,110315024417
SBA;Evapo;10;Spatially adjusted;0,0706122448979592;136,590827757627;131,621545493595;124,591939666542
SBA;Evapo;10;Spatially adjusted;0,0908163265306122;130,85055112885;126,156940711241;118,028933178199
SBA;Evapo;10;Spatially adjusted;0,111020408163265;125,038582827992;120,609387803617;111,406418515898
SBA;Evapo;10;Spatially adjusted;0,131224489795918;119,136999937033;114,958149739406;104,709518636151
SBA;Evapo;10;Spatially adjusted;0,151428571428571;113,127879537953;109,182489487292;97,9233564954682
SBA;Evapo;10;Spatially adjusted;0,171632653061224;106,993298712731;103,261670015956;91,0330550503595
SBA;Evapo;10;Spatially adjusted;0,191836734693878;100,715334543347;97,1749542940818;84,0237372573363
SBA;Evapo;10;Spatially adjusted;0,212040816326531;94,2760641117814;90,9016052903512;76,8805260729091
SBA;Evapo;10;Spatially adjusted;0,232244897959184;87,6575645000128;84,4208859734476;69,5885444535886
SBA;Evapo;10;Spatially adjusted;0,252448979591837;80,8419127900218;77,7120593120535;62,132915355885
SBA;Evapo;10;Spatially adjusted;0,27265306122449;73,8111860637878;70,754388274851;54,4987617363097
SBA;Evapo;10;Spatially adjusted;0,292857142857143;66,5474614032908;63,5271358305231;46,6712065513727
SBA;Evapo;10;Spatially adjusted;0,313061224489796;59,0328158905102;56,0095649477532;38,6353727575852
SBA;Evapo;10;Spatially adjusted;0,333265306122449;51,2493266074264;48,1809385952229;30,3763833114574
SBA;Evapo;10;Spatially adjusted;0,353469387755102;43,1934005751627;40,0347756596711;21,8914631158052
SBA;Evapo;10;Spatially adjusted;0,373673469387755;34,918764571423;31,6216187000605;13,2262448586655
SBA;Evapo;10;Spatially adjusted;0,393877551020408;26,4934753130544;23,0062661934085;4,43846317437874
SBA;Evapo;10;Spatially adjusted;0,414081632653061;17,9855895169039;14,2535166167336;-4,41414730271299
SBA;Evapo;10;Spatially adjusted;0,434285714285714;9,46316389981962;5,42816844705362;-13,2738519382681
SBA;Evapo;10;Spatially adjusted;0,454489795918367;0,994255178647791;-3,40497983861292;-22,0829160979456
SBA;Evapo;10;Spatially adjusted;0,47469387755102;-7,35307992976323;-12,1811297632485;-30,7836051474039
SBA;Evapo;10;Spatially adjusted;0,494897959183674;-15,5107847085662;-20,8354828498343;-39,3181844523015
SBA;Evapo;10;Spatially adjusted;0,515102040816327;-23,4108024409138;-29,3032406213529;-47,628919378297
SBA;Evapo;10;Spatially adjusted;0,53530612244898;-30,9850764099588;-37,5196046007859;-55,6580752910488
SBA;Evapo;10;Spatially adjusted;0,555510204081633;-38,1655498988539;-45,4197763111154;-63,3479175562161
SBA;Evapo;10;Spatially adjusted;0,575714285714286;-44,8841661907513;-52,938957275323;-70,6407115394566
SBA;Evapo;10;Spatially adjusted;0,595918367346939;-51,0728685688036;-60,0123490163908;-77,4787226064289
SBA;Evapo;10;Spatially adjusted;0,616122448979592;-56,6636003161636;-66,5751530573007;-83,804216122792
SBA;Evapo;10;Spatially adjusted;0,636326530612245;-61,5883047159841;-72,5625709210344;-89,5594574542047
SBA;Evapo;10;Spatially adjusted;0,656530612244898;-65,7789250514175;-77,9098041305745;-94,6867119663248
SBA;Evapo;10;Spatially adjusted;0,676734693877551;-69,167404605616;-82,5520542089018;-99,1282450248114
SBA;Evapo;10;Spatially adjusted;0,696938775510204;-71,7060940051463;-86,4433409835879;-102,843688768629
SBA;Evapo;10;Spatially adjusted;0,717142857142857;-73,4289732502239;-89,6129575005577;-105,862142429971
SBA;Evapo;10;Spatially adjusted;0,73734693877551;-74,3904296844803;-92,1090151103265;-108,230072014334
SBA;Evapo;10;Spatially adjusted;0,757551020408163;-74,6448506515453;-93,9796251634082;-109,993943527217
SBA;Evapo;10;Spatially adjusted;0,777755102040816;-74,2466234950489;-95,2728990103169;-111,200222974119
SBA;Evapo;10;Spatially adjusted;0,797959183673469;-73,2501355586212;-96,0369480015672;-111,895376360538
SBA;Evapo;10;Spatially adjusted;0,818163265306122;-71,709774185892;-96,3198834876735;-112,125869691973
SBA;Evapo;10;Spatially adjusted;0,838367346938776;-69,679926720492;-96,1698168191508;-111,938168973922
SBA;Evapo;10;Spatially adjusted;0,858571428571429;-67,214980506051;-95,6348593465125;-111,378740211883
SBA;Evapo;10;Spatially adjusted;0,878775510204082;-64,3693228861987;-94,7631224202735;-110,494049411355
SBA;Evapo;10;Spatially adjusted;0,898979591836735;-61,1973412045663;-93,6027173909481;-109,330562577836
SBA;Evapo;10;Spatially adjusted;0,919183673469388;-57,7534228047835;-92,2017556090509;-107,934745716825
SBA;Evapo;10;Spatially adjusted;0,939387755102041;-54,0919550304795;-90,6083484250962;-106,353064833821
SBA;Evapo;10;Spatially adjusted;0,959591836734694;-50,2673252252855;-88,8706071895979;-104,631985934321
SBA;Evapo;10;Spatially adjusted;0,979795918367347;-46,3339207328315;-87,0366432530714;-102,817975023824
SBA;Evapo;10;Spatially adjusted;1;-42,3461288967469;-85,1545679660299;-100,957498107828
SBA;Evapo;10;Current landscape;0,0299242977052927;68,5555757309064;85,3127478549093;73,230813844762
SBA;Evapo;10;Current landscape;0,075101412832737;36,1325155366997;51,635238248052;44,0481694024386
SBA;Evapo;10;Current landscape;0,125240534543991;44,7354005535519;49,1664049264268;51,2744719633518
SBA;Evapo;10;Current landscape;0,175626456737518;31,6332542736209;42,8819369034407;37,574300431656
SBA;Evapo;10;Current landscape;0,224780514836311;6,98087826137999;23,5450225069546;-0,612920765593117
SBA;Evapo;10;Current landscape;0,275604650378227;35,5357872855125;27,4506871686745;0,852000388876149
SBA;Evapo;10;Current landscape;0,324527025222778;14,9209911255671;17,9616433978217;-23,317421447018
SBA;Evapo;10;Current landscape;0,375202238559723;9,86739824871825;3,99045174638286;-19,0396465515851
SBA;Evapo;10;Current landscape;0,425242036581039;-2,98185421136895;0,861030411617776;-12,7281623661941
SBA;Evapo;10;Current landscape;0,470710277557373;-15,8905305134431;1,07597943589553;-27,7137062175063
SBA;Evapo;10;Current landscape;0,523383319377899;-35,3321241336578;-29,4646331026686;-64,9418732249819
SBA;Evapo;10;Current landscape;0,575920283794403;-35,5469980202665;-29,5501022657008;-59,3698981330672
SBA;Evapo;10;Current landscape;0,625249445438385;-26,0613753917792;-27,8503026968428;-63,0887377358984
SBA;Evapo;10;Current landscape;0,673950970172882;-25,3417351493536;-16,352671071196;-36,8948500600488
SBA;Evapo;10;Current landscape;0,723703920841217;-33,6969347841841;3,59978468061217;-21,8929915549352
SBA;Evapo;10;Current landscape;0,776575982570648;-16,4760632189827;-7,00133722711576;-16,0596463795468
SBA;Evapo;10;Current landscape;0,825439691543579;-40,880520486761;-17,6582516856313;-29,7350370871407
SBA;Evapo;10;Current landscape;0,876337289810181;-25,6361871901217;-28,9066359824963;-38,5610905872654
SBA;Evapo;10;Current landscape;0,931122422218323;-13,6037619897966;4,23193370430727;-24,2355244128835
SBA;Evapo;10;Current landscape;1;-31,0882955540874;-44,7855034492975;-29,24282895326
SBA;Evapo;11;Spatially adjusted;0,01;159,794788953474;154,543123121037;132,81250280563
SBA;Evapo;11;Spatially adjusted;0,0302040816326531;153,737388514235;148,736665847568;127,269379921971
SBA;Evapo;11;Spatially adjusted;0,0504081632653061;147,667322184175;142,91258315875;121,704998185298
SBA;Evapo;11;Spatially adjusted;0,0706122448979592;141,571924072473;137,053249639229;116,098098742598
SBA;Evapo;11;Spatially adjusted;0,0908163265306122;135,43852828831;131,141039873657;110,427422740855
SBA;Evapo;11;Spatially adjusted;0,111020408163265;129,254468940864;125,158328446683;104,671711327057
SBA;Evapo;11;Spatially adjusted;0,131224489795918;123,007080139314;119,087489942956;98,8097056481904
SBA;Evapo;11;Spatially adjusted;0,151428571428571;116,68369599284;112,910898947125;92,8201468512395
SBA;Evapo;11;Spatially adjusted;0,171632653061224;110,271650610622;106,610930043841;86,6817760831921
SBA;Evapo;11;Spatially adjusted;0,191836734693878;103,758278101838;100,169957817752;80,3733344910333
SBA;Evapo;11;Spatially adjusted;0,212040816326531;97,1309125756684;93,5703568535073;73,8735632217492
SBA;Evapo;11;Spatially adjusted;0,232244897959184;90,3768881412914;86,7945017357572;67,1612034223263
SBA;Evapo;11;Spatially adjusted;0,252448979591837;83,4835389078876;79,8247670491508;60,2149962397514
SBA;Evapo;11;Spatially adjusted;0,27265306122449;76,4381989846352;72,6435273783379;53,0136828210091
SBA;Evapo;11;Spatially adjusted;0,292857142857143;69,2282024807144;65,2331573079671;45,536004313087
SBA;Evapo;11;Spatially adjusted;0,313061224489796;61,8408835053035;57,5760314226884;37,7607018629697
SBA;Evapo;11;Spatially adjusted;0,333265306122449;54,2635761675829;49,654524307151;29,6665166176447
SBA;Evapo;11;Spatially adjusted;0,353469387755102;46,4948214599958;41,4637999020754;21,2474628031302
SBA;Evapo;11;Spatially adjusted;0,373673469387755;38,5779879080455;33,0501795724647;12,5586469615782
SBA;Evapo;11;Spatially adjusted;0,393877551020408;30,5676509205002;24,4727740393935;3,67044871417284
SBA;Evapo;11;Spatially adjusted;0,414081632653061;22,5183859061262;15,7906940239357;-5,34675231790197
SBA;Evapo;11;Spatially adjusted;0,434285714285714;14,484768273692;7,06305024716608;-14,4225765134609
SBA;Evapo;11;Spatially adjusted;0,454489795918367;6,52137343196478;-1,65104656984158;-23,4866442513207
SBA;Evapo;11;Spatially adjusted;0,47469387755102;-1,31722321028747;-10,2924857060132;-32,4685759102963
SBA;Evapo;11;Spatially adjusted;0,494897959183674;-8,97644624429745;-18,8021564402739;-41,2979918692033
SBA;Evapo;11;Spatially adjusted;0,515102040816327;-16,4017202612972;-27,1209480515499;-49,9045125068578
SBA;Evapo;11;Spatially adjusted;0,53530612244898;-23,5384698525197;-35,1897498187666;-58,2177582020752
SBA;Evapo;11;Spatially adjusted;0,555510204081633;-30,3321196091965;-42,9494510208501;-66,1673493336709
SBA;Evapo;11;Spatially adjusted;0,575714285714286;-36,7280941225611;-50,3409409367262;-73,6829062804609
SBA;Evapo;11;Spatially adjusted;0,595918367346939;-42,6718179838451;-57,3051088453199;-80,6940494212606
SBA;Evapo;11;Spatially adjusted;0,616122448979592;-48,108715784281;-63,7828440255578;-87,1303991348859
SBA;Evapo;11;Spatially adjusted;0,636326530612245;-52,984212115101;-69,7150357563651;-92,9215758001519
SBA;Evapo;11;Spatially adjusted;0,656530612244898;-57,2437315675381;-75,0425733166676;-97,9971997958749
SBA;Evapo;11;Spatially adjusted;0,676734693877551;-60,8326987328242;-79,7063459853919;-102,28689150087
SBA;Evapo;11;Spatially adjusted;0,696938775510204;-63,7131875171524;-83,6646247826066;-105,740921146566
SBA;Evapo;11;Spatially adjusted;0,717142857142857;-65,9138690865573;-86,9452076929592;-108,392158374845
SBA;Evapo;11;Spatially adjusted;0,73734693877551;-67,4800639220332;-89,5932744422403;-110,294122680201
SBA;Evapo;11;Spatially adjusted;0,757551020408163;-68,4570925045753;-91,6540047562407;-111,500333557128
SBA;Evapo;11;Spatially adjusted;0,777755102040816;-68,8902753151788;-93,1725783607515;-112,064310500121
SBA;Evapo;11;Spatially adjusted;0,797959183673469;-68,8249328348384;-94,1941749815626;-112,039573003675
SBA;Evapo;11;Spatially adjusted;0,818163265306122;-68,3063855445487;-94,7639743444661;-111,479640562283
SBA;Evapo;11;Spatially adjusted;0,838367346938776;-67,3799539253057;-94,9271561752521;-110,438032670442
SBA;Evapo;11;Spatially adjusted;0,858571428571429;-66,0909584581025;-94,7289001997112;-108,968268822643
SBA;Evapo;11;Spatially adjusted;0,878775510204082;-64,484719623935;-94,2143861436346;-107,123868513384
SBA;Evapo;11;Spatially adjusted;0,898979591836735;-62,6065579037986;-93,4287937328133;-104,958351237157
SBA;Evapo;11;Spatially adjusted;0,919183673469388;-60,5017937786877;-92,4173026930378;-102,525236488458
SBA;Evapo;11;Spatially adjusted;0,939387755102041;-58,2157477295969;-91,2250927500991;-99,8780437617809
SBA;Evapo;11;Spatially adjusted;0,959591836734694;-55,7937402375214;-89,8973436297879;-97,0702925516205
SBA;Evapo;11;Spatially adjusted;0,979795918367347;-53,2810917834563;-88,4792350578948;-94,1555023524709
SBA;Evapo;11;Spatially adjusted;1;-50,7231228483963;-87,0159467602114;-91,1871926588269
SBA;Evapo;11;Current landscape;0,0274911317974329;58,8095576184655;69,6189569252722;45,4319558596592
SBA;Evapo;11;Current landscape;0,0734888911247253;34,0230099117455;56,332402397403;34,5022270562658
SBA;Evapo;11;Current landscape;0,126338481903076;48,9365934301065;52,1812983191524;46,9414970025664
SBA;Evapo;11;Current landscape;0,175546169281006;48,9465573569216;51,5046118123887;30,9717604116879
SBA;Evapo;11;Current landscape;0,226128980517387;15,7719532067365;14,7582478710253;5,49422859821175
SBA;Evapo;11;Current landscape;0,272777050733566;35,7826833498968;42,1923482928808;30,8426192879731
SBA;Evapo;11;Current landscape;0,326846539974213;20,3715906248103;31,8875630744424;16,2309495696475
SBA;Evapo;11;Current landscape;0,377167999744415;23,5483212849827;-2,86597478570525;-30,7129093635015
SBA;Evapo;11;Current landscape;0,426536411046982;7,01979237204228;-1,8031494512627;-43,8600846829575
SBA;Evapo;11;Current landscape;0,474178850650787;2,59576475244512;7,62073905605075;-30,7183304092475
SBA;Evapo;11;Current landscape;0,524394541978836;-9,96015261484604;-34,7970630538437;-64,1407467254701
SBA;Evapo;11;Current landscape;0,573468625545502;-8,89895583128941;-37,0079326322523;-58,7242143503338
SBA;Evapo;11;Current landscape;0,626519680023193;-28,2546121847997;-24,9465293883477;-53,8211411890222
SBA;Evapo;11;Current landscape;0,675770342350006;-30,1948905879033;-27,7241587165415;-65,3428458715921
SBA;Evapo;11;Current landscape;0,724261939525604;-19,1754834730612;-28,4916766567524;-52,488968872857
SBA;Evapo;11;Current landscape;0,774312019348145;-14,9469274445398;-8,59110686517124;-22,6196663100302
SBA;Evapo;11;Current landscape;0,828531324863434;-52,2273396767978;-29,6392918390436;-29,1582172964038
SBA;Evapo;11;Current landscape;0,878227710723877;-10,4510725696266;-19,5613688031306;-20,0297615050497
SBA;Evapo;11;Current landscape;0,929594397544861;-9,97334360344621;-6,54665608107666;-51,3182900449026
SBA;Evapo;11;Current landscape;1;-39,4292391837928;-43,6961179656883;-51,9267145400395
SBA;Evapo;12;Spatially adjusted;0,01;155,575737844064;148,696151774466;129,102052226398
SBA;Evapo;12;Spatially adjusted;0,0302040816326531;149,829538617985;143,095288207272;124,241037304943
SBA;Evapo;12;Spatially adjusted;0,0504081632653061;144,066023992786;137,475482785481;119,354074569589
SBA;Evapo;12;Spatially adjusted;0,0706122448979592;138,267878569347;131,817793654493;114,415216206435
SBA;Evapo;12;Spatially adjusted;0,0908163265306122;132,417786948547;126,103278959711;109,398514401581
SBA;Evapo;12;Spatially adjusted;0,111020408163265;126,498433731266;120,312996846536;104,278021341128
SBA;Evapo;12;Spatially adjusted;0,131224489795918;120,492503518384;114,42800546037;99,027789211176
SBA;Evapo;12;Spatially adjusted;0,151428571428571;114,38268091078;108,429362946615;93,6218701978244
SBA;Evapo;12;Spatially adjusted;0,171632653061224;108,151650509335;102,298127450673;88,0343164871733
SBA;Evapo;12;Spatially adjusted;0,191836734693878;101,782096914928;96,0153571179451;82,2391802653235
SBA;Evapo;12;Spatially adjusted;0,212040816326531;95,2567047284397;89,5621100938345;76,2105137183746
SBA;Evapo;12;Spatially adjusted;0,232244897959184;88,5581585507484;82,9194445237415;69,9223690324268
SBA;Evapo;12;Spatially adjusted;0,252448979591837;81,6691429827347;76,068418553069;63,3487983935804
SBA;Evapo;12;Spatially adjusted;0,27265306122449;74,5723426252782;68,9900903272187;56,4638539879356
SBA;Evapo;12;Spatially adjusted;0,292857142857143;67,2504420792589;61,6655179915915;49,2415880015922
SBA;Evapo;12;Spatially adjusted;0,313061224489796;59,6861259455563;54,0757596915908;41,6560526206506
SBA;Evapo;12;Spatially adjusted;0,333265306122449;51,8620788250503;46,2018735726169;33,6813000312111
SBA;Evapo;12;Spatially adjusted;0,353469387755102;43,7751946331323;38,0383673791396;25,3084667096064
SBA;Evapo;12;Spatially adjusted;0,373673469387755;35,4792045432412;29,6335472518938;16,5970262931039
SBA;Evapo;12;Spatially adjusted;0,393877551020408;27,0420490433278;21,0491689306823;7,62353670920379
SBA;Evapo;12;Spatially adjusted;0,414081632653061;18,5316686213425;12,3469881553076;-1,53544411459393
SBA;Evapo;12;Spatially adjusted;0,434285714285714;10,0160037652358;3,58876066557218;-10,8033582507892
SBA;Evapo;12;Spatially adjusted;0,454489795918367;1,56299496295856;-5,16375779872146;-20,1036477718815
SBA;Evapo;12;Spatially adjusted;0,47469387755102;-6,75941729753936;-13,8488114977708;-29,3597547503709
SBA;Evapo;12;Spatially adjusted;0,494897959183674;-14,8832925283061;-22,4046446917737;-38,4951212587573
SBA;Evapo;12;Spatially adjusted;0,515102040816327;-22,7406902413923;-30,7695016409268;-47,4331893695405
SBA;Evapo;12;Spatially adjusted;0,53530612244898;-30,2636699488467;-38,8816266054284;-56,0974011552201
SBA;Evapo;12;Spatially adjusted;0,555510204081633;-37,3842911627189;-46,6792638454761;-64,4111986882965
SBA;Evapo;12;Spatially adjusted;0,575714285714286;-44,0346133950582;-54,1006576212669;-72,2980240412687
SBA;Evapo;12;Spatially adjusted;0,595918367346939;-50,1466961579142;-61,0840521929984;-79,6813192866375
SBA;Evapo;12;Spatially adjusted;0,616122448979592;-55,6525989633362;-67,5676918208685;-86,4845264969017
SBA;Evapo;12;Spatially adjusted;0,636326530612245;-60,4843813233738;-73,489820765074;-92,6310877445621
SBA;Evapo;12;Spatially adjusted;0,656530612244898;-64,574102750076;-78,7886832858128;-98,0444451021178
SBA;Evapo;12;Spatially adjusted;0,676734693877551;-67,853822755493;-83,4025236432826;-102,648040642069
SBA;Evapo;12;Spatially adjusted;0,696938775510204;-70,2760694945525;-87,2876576574713;-106,387308588844
SBA;Evapo;12;Spatially adjusted;0,717142857142857;-71,8752456937034;-90,4726873875304;-109,295651774583
SBA;Evapo;12;Spatially adjusted;0,73734693877551;-72,7062227222728;-93,0042864524019;-111,428465183356
SBA;Evapo;12;Spatially adjusted;0,757551020408163;-72,8238719495873;-94,9291284710275;-112,841143799231
SBA;Evapo;12;Spatially adjusted;0,777755102040816;-72,2830647449748;-96,2938870623498;-113,589082606277
SBA;Evapo;12;Spatially adjusted;0,797959183673469;-71,1386724777622;-97,1452358453098;-113,727676588564
SBA;Evapo;12;Spatially adjusted;0,818163265306122;-69,445566517277;-97,52984843885;-113,31232073016
SBA;Evapo;12;Spatially adjusted;0,838367346938776;-67,2586182328462;-97,4943984619126;-112,398410015135
SBA;Evapo;12;Spatially adjusted;0,858571428571429;-64,6326989937973;-97,0855595334394;-111,041339427558
SBA;Evapo;12;Spatially adjusted;0,878775510204082;-61,6226801694577;-96,3500052723723;-109,296503951497
SBA;Evapo;12;Spatially adjusted;0,898979591836735;-58,2834331291542;-95,3344092976531;-107,219298571022
SBA;Evapo;12;Spatially adjusted;0,919183673469388;-54,6698292422143;-94,0854452282244;-104,865118270202
SBA;Evapo;12;Spatially adjusted;0,939387755102041;-50,8367398779658;-92,6497866830273;-102,289358033106
SBA;Evapo;12;Spatially adjusted;0,959591836734694;-46,839036405735;-91,0741072810047;-99,5474128438023
SBA;Evapo;12;Spatially adjusted;0,979795918367347;-42,7315901948498;-89,4050806410978;-96,6946776863608
SBA;Evapo;12;Spatially adjusted;1;-38,5692726146376;-87,6893803822491;-93,78654754485
SBA;Evapo;12;Current landscape;0,027618657797575;78,8843299545083;106,903110456311;88,6949759532909
SBA;Evapo;12;Current landscape;0,0774504318833351;39,0282403407045;64,5868282170382;72,1866518892953
SBA;Evapo;12;Current landscape;0,125169351696968;38,310389063515;38,8298979221765;44,1219028214041
SBA;Evapo;12;Current landscape;0,177760869264603;26,5941653120535;25,3194875780796;6,57674071589736
SBA;Evapo;12;Current landscape;0,226068392395973;40,0796635121515;46,7703135366801;34,8141844031441
SBA;Evapo;12;Current landscape;0,275495946407318;21,8641189654909;35,5201059183473;26,891034245848
SBA;Evapo;12;Current landscape;0,323224276304245;9,34809306970192;28,6942177177598;17,0421044783
SBA;Evapo;12;Current landscape;0,37333482503891;-14,3840027784217;6,87884762127419;-17,2569243877858
SBA;Evapo;12;Current landscape;0,425349444150925;-39,5243918398708;-32,2667884586365;-41,18825328969
SBA;Evapo;12;Current landscape;0,47688239812851;-19,6450964578171;-0,477202264097741;-22,9977826408112
SBA;Evapo;12;Current landscape;0,528396129608154;-37,7393983476575;-52,3913109996847;-68,4426677925069
SBA;Evapo;12;Current landscape;0,570889502763748;-22,7073469863494;-30,4768545227669;-54,510024490424
SBA;Evapo;12;Current landscape;0,62434983253479;-32,7665963174929;-20,5893324456958;-55,1063355046583
SBA;Evapo;12;Current landscape;0,675132393836975;-11,1803773749164;-27,6304200708291;-46,4751898821096
SBA;Evapo;12;Current landscape;0,722262501716614;-31,3446548563979;-28,9279740418278;-48,3602627575706
SBA;Evapo;12;Current landscape;0,772938191890717;-20,148344882115;-10,6167468088111;-38,6305754808032
SBA;Evapo;12;Current landscape;0,822679221630096;-18,5985184294593;-9,57901351348937;-21,7428316689093
SBA;Evapo;12;Current landscape;0,877860248088837;-19,8247222834668;-32,5531850706921;-39,6934646461928
SBA;Evapo;12;Current landscape;0,929996639490128;-18,6512404409364;-15,958863830112;-42,649191984287
SBA;Evapo;12;Current landscape;1;-38,4639560446487;-49,8811886236595;-37,0627226776976
SBA;Evapo;13;Spatially adjusted;0,01;157,249802751411;151,091026502196;139,478360877856
SBA;Evapo;13;Spatially adjusted;0,0302040816326531;151,026275301515;144,526788591133;132,963063370311
SBA;Evapo;13;Spatially adjusted;0,0504081632653061;144,791174796266;137,955444243453;126,433426799081
SBA;Evapo;13;Spatially adjusted;0,0706122448979592;138,532928180313;131,369887022538;119,875112100483
SBA;Evapo;13;Spatially adjusted;0,0908163265306122;132,239962398303;124,76301049177;113,27378021083
SBA;Evapo;13;Spatially adjusted;0,111020408163265;125,900704394884;118,127708214531;106,615092066439
SBA;Evapo;13;Spatially adjusted;0,131224489795918;119,503581114703;111,456873754205;99,8847086036249
SBA;Evapo;13;Spatially adjusted;0,151428571428571;113,037019502409;104,743400674173;93,0682907587034
SBA;Evapo;13;Spatially adjusted;0,171632653061224;106,489446502648;97,980182537817;86,1514994679897
SBA;Evapo;13;Spatially adjusted;0,191836734693878;99,8492890600683;91,1601129085207;79,1199956677995
SBA;Evapo;13;Spatially adjusted;0,212040816326531;93,1049741193181;84,2760853496659;71,9594402944481
SBA;Evapo;13;Spatially adjusted;0,232244897959184;86,2449286250444;77,3209934246349;64,6554942842504
SBA;Evapo;13;Spatially adjusted;0,252448979591837;79,2575795218954;70,2877306968103;57,193818573523
SBA;Evapo;13;Spatially adjusted;0,27265306122449;72,1313537545186;63,1691907295744;49,5600740985804
SBA;Evapo;13;Spatially adjusted;0,292857142857143;64,8546782675619;55,9582670863097;41,7399217957377
SBA;Evapo;13;Spatially adjusted;0,313061224489796;57,4159800056725;48,6478533303982;33,7190226013111
SBA;Evapo;13;Spatially adjusted;0,333265306122449;49,8036859134984;41,2308430252228;25,4830374516157
SBA;Evapo;13;Spatially adjusted;0,353469387755102;42,017801898895;33,7076927058854;17,0302178194736
SBA;Evapo;13;Spatially adjusted;0,373673469387755;34,1046497225457;26,1091107943673;8,40917732373168
SBA;Evapo;13;Spatially adjusted;0,393877551020408;26,1221301083428;18,4733686843704;-0,318879880254826
SBA;Evapo;13;Spatially adjusted;0,414081632653061;18,1281437801781;10,8387377695954;-9,09274963713256
SBA;Evapo;13;Spatially adjusted;0,434285714285714;10,1805914619431;3,24348944374378;-17,8512277915472
SBA;Evapo;13;Spatially adjusted;0,454489795918367;2,3373738775299;-4,27410489948238;-26,5331101881441
SBA;Evapo;13;Spatially adjusted;0,47469387755102;-5,34360824917053;-11,6757738663828;-35,0771926715697
SBA;Evapo;13;Spatially adjusted;0,494897959183674;-12,8044541942659;-18,9232460632559;-43,4222710864697
SBA;Evapo;13;Spatially adjusted;0,515102040816327;-19,9872632338645;-25,9782500963997;-51,5071412774903
SBA;Evapo;13;Spatially adjusted;0,53530612244898;-26,834134644075;-32,802514572114;-59,2705990892771
SBA;Evapo;13;Spatially adjusted;0,555510204081633;-33,2871677010053;-39,3577680966964;-66,6514403664755
SBA;Evapo;13;Spatially adjusted;0,575714285714286;-39,2884616807642;-45,6057392764465;-73,5884609537325
SBA;Evapo;13;Spatially adjusted;0,595918367346939;-44,7801158594593;-51,5081567176626;-80,0204566956925
SBA;Evapo;13;Spatially adjusted;0,616122448979592;-49,7042295131992;-57,0267490266431;-85,8862234370026
SBA;Evapo;13;Spatially adjusted;0,636326530612245;-54,0029019180927;-62,1232448096871;-91,1245570223082
SBA;Evapo;13;Spatially adjusted;0,656530612244898;-57,6182323502476;-66,7593726730931;-95,6742532962551
SBA;Evapo;13;Spatially adjusted;0,676734693877551;-60,4923200857713;-70,8968612231597;-99,474108103489
SBA;Evapo;13;Spatially adjusted;0,696938775510204;-62,585238932053;-74,5094104516677;-102,481566373112
SBA;Evapo;13;Spatially adjusted;0,717142857142857;-63,928960821595;-77,6186058923252;-104,728669372047
SBA;Evapo;13;Spatially adjusted;0,73734693877551;-64,5734322181802;-80,2580044643221;-106,266107451673
SBA;Evapo;13;Spatially adjusted;0,757551020408163;-64,568599585592;-82,461163086849;-107,144570963371
SBA;Evapo;13;Spatially adjusted;0,777755102040816;-63,9644093876114;-84,2616386790946;-107,414750258518
SBA;Evapo;13;Spatially adjusted;0,797959183673469;-62,8108080880222;-85,6929881602503;-107,127335688494
SBA;Evapo;13;Spatially adjusted;0,818163265306122;-61,1577421506067;-86,7887684495054;-106,333017604677
SBA;Evapo;13;Spatially adjusted;0,838367346938776;-59,0551580391477;-87,5825364660502;-105,082486358449
SBA;Evapo;13;Spatially adjusted;0,858571428571429;-56,5530022174276;-88,107849129075;-103,426432301188
SBA;Evapo;13;Spatially adjusted;0,878775510204082;-53,7012211492293;-88,3982633577693;-101,415545784271
SBA;Evapo;13;Spatially adjusted;0,898979591836735;-50,5497612983352;-88,4873360713234;-99,10051715908
SBA;Evapo;13;Spatially adjusted;0,919183673469388;-47,1485691285279;-88,4086241889272;-96,532036776993
SBA;Evapo;13;Spatially adjusted;0,939387755102041;-43,5475911035901;-88,1956846297715;-93,7607949893891
SBA;Evapo;13;Spatially adjusted;0,959591836734694;-39,7967736873047;-87,882074313045;-90,8374821476477
SBA;Evapo;13;Spatially adjusted;0,979795918367347;-35,9460633434537;-87,5013501579385;-87,812788603148
SBA;Evapo;13;Spatially adjusted;1;-32,0454065358201;-87,0870690836423;-84,7374047072692
SBA;Evapo;13;Current landscape;0,0256175678223372;74,82630227542;81,6329671421183;63,8431272515868
SBA;Evapo;13;Current landscape;0,0738128647208214;65,7506110361019;85,5417290111516;84,0050335700714
SBA;Evapo;13;Current landscape;0,124359391629696;43,1940925581346;55,8479894884388;52,2298410770479
SBA;Evapo;13;Current landscape;0,17262102663517;16,9116042468374;20,1836392930552;4,66152842013162
SBA;Evapo;13;Current landscape;0,226048097014427;0,496259133283047;12,678524824772;5,43189800079858
SBA;Evapo;13;Current landscape;0,273473203182221;8,68368314165173;7,62761555954353;16,1669910461931
SBA;Evapo;13;Current landscape;0,323747903108597;19,6755272387215;3,28809120623305;-1,98364656043077
SBA;Evapo;13;Current landscape;0,373995244503021;4,59265538688624;13,1199363724186;-29,3492180572673
SBA;Evapo;13;Current landscape;0,427962690591812;-26,8949443731362;-8,63895630650768;-46,2268445444026
SBA;Evapo;13;Current landscape;0,472147971391678;-24,1943313727611;-5,84901158964658;-19,2138215738444
SBA;Evapo;13;Current landscape;0,522217631340027;-48,9665699722398;-33,6429378974428;-72,7515279576392
SBA;Evapo;13;Current landscape;0,574856340885162;-16,1924408336583;-15,5433523414815;-37,979254532916
SBA;Evapo;13;Current landscape;0,627011239528656;-19,6467213777917;-27,3939204107817;-48,4800906738194
SBA;Evapo;13;Current landscape;0,673865556716919;-23,1903691268944;-28,196326021096;-46,2001167864339
SBA;Evapo;13;Current landscape;0,722398519515991;-30,522483063857;-19,6340688667904;-43,5021132586976
SBA;Evapo;13;Current landscape;0,772044718265533;-32,5660407514092;-5,47452797621349;-29,9127626791012
SBA;Evapo;13;Current landscape;0,828303754329681;-34,6304817930964;-30,6532474179467;-45,4542816058565
SBA;Evapo;13;Current landscape;0,877503514289856;-26,0629486383743;-37,7676709144935;-46,9755127871654
SBA;Evapo;13;Current landscape;0,926387310028077;-6,70573547036361;-11,850196606794;-43,0503487038666
SBA;Evapo;13;Current landscape;1;-26,5553664135632;-40,1277170727738;-52,4715686380907
SBA;Evapo;14;Spatially adjusted;0,01;151,275404163405;153,393280912268;140,360373657451
SBA;Evapo;14;Spatially adjusted;0,0302040816326531;145,246451791963;147,142381880595;134,012451349463
SBA;Evapo;14;Spatially adjusted;0,0504081632653061;139,205551260216;140,880066215296;127,651669568613
SBA;Evapo;14;Spatially adjusted;0,0706122448979592;133,140754407861;134,594917282745;121,265168842039
SBA;Evapo;14;Spatially adjusted;0,0908163265306122;127,040113074591;128,275518449316;114,840089696879
SBA;Evapo;14;Spatially adjusted;0,111020408163265;120,891679100104;121,910453081384;108,36357266027
SBA;Evapo;14;Spatially adjusted;0,131224489795918;114,683504324093;115,488304545321;101,822758259351
SBA;Evapo;14;Spatially adjusted;0,151428571428571;108,403640586254;108,997656207503;95,2047870212582
SBA;Evapo;14;Spatially adjusted;0,171632653061224;102,040139726283;102,427091434302;88,4967994731312
SBA;Evapo;14;Spatially adjusted;0,191836734693878;95,5810535838755;95,7651935920947;81,6859361421071
SBA;Evapo;14;Spatially adjusted;0,212040816326531;89,0144339987262;89,0005460472528;74,7593375553238
SBA;Evapo;14;Spatially adjusted;0,232244897959184;82,328332810531;82,1217321661509;67,7041442399193
SBA;Evapo;14;Spatially adjusted;0,252448979591837;75,5108018589851;75,1173353151635;60,5074967230314
SBA;Evapo;14;Spatially adjusted;0,27265306122449;68,5498929837841;67,9759388606644;53,156535531798
SBA;Evapo;14;Spatially adjusted;0,292857142857143;61,4336580246227;60,6861261690274;45,6384011933569
SBA;Evapo;14;Spatially adjusted;0,313061224489796;54,150148821197;53,2364806066266;37,940234234846
SBA;Evapo;14;Spatially adjusted;0,333265306122449;46,6874172132023;45,6155855398363;30,0491751834034
SBA;Evapo;14;Spatially adjusted;0,353469387755102;39,0446901589112;37,821759557236;21,9633103192261
SBA;Evapo;14;Spatially adjusted;0,373673469387755;31,2658950909085;29,8922621362281;13,7245089347496
SBA;Evapo;14;Spatially adjusted;0,393877551020408;23,406134560355;21,8740879764193;5,38558607546861
SBA;Evapo;14;Spatially adjusted;0,414081632653061;15,5205111184125;13,8142317774177;-3,00064321312198
SBA;Evapo;14;Spatially adjusted;0,434285714285714;7,66412731624314;5,75968823883113;-11,3813638855277
SBA;Evapo;14;Spatially adjusted;0,454489795918367;-0,107914294992042;-2,24254793973273;-19,7037608962535
SBA;Evapo;14;Spatially adjusted;0,47469387755102;-7,74051116413125;-10,1454820586662;-27,9150191998051
SBA;Evapo;14;Spatially adjusted;0,494897959183674;-15,1785607400127;-17,902119418362;-35,9623237506871
SBA;Evapo;14;Spatially adjusted;0,515102040816327;-22,3669604714751;-25,4654653192122;-43,7928595034052
SBA;Evapo;14;Spatially adjusted;0,53530612244898;-29,2506078073566;-32,7885250616093;-51,3538114124645
SBA;Evapo;14;Spatially adjusted;0,555510204081633;-35,7744001964952;-39,8243039459455;-58,5923644323705
SBA;Evapo;14;Spatially adjusted;0,575714285714286;-41,8832350877301;-46,5258072726131;-65,4557035176279
SBA;Evapo;14;Spatially adjusted;0,595918367346939;-47,5220099298992;-52,8460403420049;-71,8910136227423
SBA;Evapo;14;Spatially adjusted;0,616122448979592;-52,6356221718409;-58,7380084545125;-77,8454797022187
SBA;Evapo;14;Spatially adjusted;0,636326530612245;-57,1689692623936;-64,154716910529;-83,266286710563
SBA;Evapo;14;Spatially adjusted;0,656530612244898;-61,0669486503955;-69,0491710104464;-88,1006196022797
SBA;Evapo;14;Spatially adjusted;0,676734693877551;-64,2744577846854;-73,374376054657;-92,2956633318743
SBA;Evapo;14;Spatially adjusted;0,696938775510204;-66,7533442560125;-77,0975889992724;-95,8146147802638
SBA;Evapo;14;Spatially adjusted;0,717142857142857;-68,5332562227702;-80,2430734232805;-98,6847185340127
SBA;Evapo;14;Spatially adjusted;0,73734693877551;-69,6607919852634;-82,8493445613885;-100,949231106097
SBA;Evapo;14;Spatially adjusted;0,757551020408163;-70,1825498437966;-84,954917648304;-102,651409009492
SBA;Evapo;14;Spatially adjusted;0,777755102040816;-70,1451280986742;-86,5983079187333;-103,834508757175
SBA;Evapo;14;Spatially adjusted;0,797959183673469;-69,5951250502012;-87,8180306073839;-104,541786862121
SBA;Evapo;14;Spatially adjusted;0,818163265306122;-68,5791389986821;-88,6526009489635;-104,816499837307
SBA;Evapo;14;Spatially adjusted;0,838367346938776;-67,1437682444212;-89,1405341781783;-104,701904195708
SBA;Evapo;14;Spatially adjusted;0,858571428571429;-65,3356110877235;-89,3203455297357;-104,241256450301
SBA;Evapo;14;Spatially adjusted;0,878775510204082;-63,2012658288936;-89,2305502383436;-103,477813114061
SBA;Evapo;14;Spatially adjusted;0,898979591836735;-60,787330768236;-88,9096635387082;-102,454830699965
SBA;Evapo;14;Spatially adjusted;0,919183673469388;-58,1404042060551;-88,3962006655374;-101,215565720989
SBA;Evapo;14;Spatially adjusted;0,939387755102041;-55,3070844426561;-87,728676853538;-99,803274690109
SBA;Evapo;14;Spatially adjusted;0,959591836734694;-52,3339697783429;-86,9456073374172;-98,2612141203003
SBA;Evapo;14;Spatially adjusted;0,979795918367347;-49,2676585134209;-86,0855073518819;-96,6326405245395
SBA;Evapo;14;Spatially adjusted;1;-46,1547489481939;-85,1868921316393;-94,9608104158031
SBA;Evapo;14;Current landscape;0,0281156171113253;55,7728111408562;76,2744724236936;61,3488052052494
SBA;Evapo;14;Current landscape;0,0749967992305756;48,2552081562878;70,1926800252591;67,2246561660586
SBA;Evapo;14;Current landscape;0,125169351696968;-5,17703574773327;-2,63615158456923;-9,11002720650163
SBA;Evapo;14;Current landscape;0,180263936519623;6,95445011390279;13,485828603194;6,32115229463034
SBA;Evapo;14;Current landscape;0,225639179348946;8,32250623602363;2,65085513875965;-5,88237853980581
SBA;Evapo;14;Current landscape;0,277035623788834;38,4662095157501;20,6322189878995;1,81296757684845
SBA;Evapo;14;Current landscape;0,326690033078194;13,6583588249237;22,6017274955905;-10,8544202502649
SBA;Evapo;14;Current landscape;0,375917434692383;3,81070550946447;23,4222318791024;-5,13289688617192
SBA;Evapo;14;Current landscape;0,426192045211792;-13,8349430815731;3,93431463577417;-9,41298133139094
SBA;Evapo;14;Current landscape;0,479255810379982;-40,6326097596646;-27,1560184779403;-39,1359925123402
SBA;Evapo;14;Current landscape;0,524864017963409;-14,4964784697104;-13,3437110862144;-51,9320389496961
SBA;Evapo;14;Current landscape;0,573835790157318;-2,63232422831447;-17,0904470605813;-45,5928701018127
SBA;Evapo;14;Current landscape;0,623274147510529;-25,8898378753468;-15,3269870172298;-39,6965906313185
SBA;Evapo;14;Current landscape;0,675350844860077;-25,9308222388638;-25,301738703595;-48,5976370530548
SBA;Evapo;14;Current landscape;0,727702617645264;-26,275445229287;-9,79688196779603;-60,0436204114083
SBA;Evapo;14;Current landscape;0,777070581912994;-17,9036321152853;-2,2398279993713;-33,3126844795677
SBA;Evapo;14;Current landscape;0,822067856788635;-23,6586980399964;-18,2693062217741;-26,4792513460741
SBA;Evapo;14;Current landscape;0,875254809856415;-10,4882319885446;-5,01869715926182;-14,8252781757528
SBA;Evapo;14;Current landscape;0,927772641181946;-41,0615973789993;-32,8587711316843;-49,4182869612225
SBA;Evapo;14;Current landscape;1;-53,3895551907749;-46,4014612583424;-56,7654550834341
SBA;Evapo;15;Spatially adjusted;0,01;154,05707418874;158,963458905191;145,048566487451
SBA;Evapo;15;Spatially adjusted;0,0302040816326531;148,586969075772;152,60018633926;139,021147357112
SBA;Evapo;15;Spatially adjusted;0,0504081632653061;143,099452050956;146,222966861464;132,970876327024
SBA;Evapo;15;Spatially adjusted;0,0706122448979592;137,577111202447;139,81785355994;126,874901497436
SBA;Evapo;15;Spatially adjusted;0,0908163265306122;132,002534618396;133,370899522823;120,710370968601
SBA;Evapo;15;Spatially adjusted;0,111020408163265;126,358310386959;126,868157838247;114,454432840766
SBA;Evapo;15;Spatially adjusted;0,131224489795918;120,627026596287;120,29568159435;108,084235214185
SBA;Evapo;15;Spatially adjusted;0,151428571428571;114,791271334534;113,639523879267;101,576926189105
SBA;Evapo;15;Spatially adjusted;0,171632653061224;108,833632689852;106,885737781132;94,9096538657795
SBA;Evapo;15;Spatially adjusted;0,191836734693878;102,736698750396;100,020376388082;88,0595663444572
SBA;Evapo;15;Spatially adjusted;0,212040816326531;96,4830576043175;93,0294927882526;81,0038117253889
SBA;Evapo;15;Spatially adjusted;0,232244897959184;90,0552973397707;85,8991400697789;73,719538108825
SBA;Evapo;15;Spatially adjusted;0,252448979591837;83,436006044908;78,6153713207971;66,1838935950163
SBA;Evapo;15;Spatially adjusted;0,27265306122449;76,6077718078827;71,1642396294417;58,3740262842127
SBA;Evapo;15;Spatially adjusted;0,292857142857143;69,5531827168481;63,5317980838493;50,2670842766654
SBA;Evapo;15;Spatially adjusted;0,313061224489796;62,2548268599574;55,7040997721554;41,8402156726243
SBA;Evapo;15;Spatially adjusted;0,333265306122449;54,6952923253634;47,6671977824951;33,0705685723401
SBA;Evapo;15;Spatially adjusted;0,353469387755102;46,8707995648733;39,4182488358515;23,9522395475372
SBA;Evapo;15;Spatially adjusted;0,373673469387755;38,8320984849111;30,9988241845965;14,5471190558367
SBA;Evapo;15;Spatially adjusted;0,393877551020408;30,6435713555541;22,4615987139489;4,93404602633382
SBA;Evapo;15;Spatially adjusted;0,414081632653061;22,3696004468802;13,8592473091276;-4,8081406118763
SBA;Evapo;15;Spatially adjusted;0,434285714285714;14,074568028967;5,24444485535173;-14,6006019296979
SBA;Evapo;15;Spatially adjusted;0,454489795918367;5,82285637189193;-3,33013376215968;-24,3644989980367
SBA;Evapo;15;Spatially adjusted;0,47469387755102;-2,32115225426696;-11,8118136581875;-34,0209928877966
SBA;Evapo;15;Spatially adjusted;0,494897959183674;-10,2930755794325;-20,147919947513;-43,4912446698834
SBA;Evapo;15;Spatially adjusted;0,515102040816327;-18,0285313335262;-28,2857777449169;-52,6964154152008
SBA;Evapo;15;Spatially adjusted;0,53530612244898;-25,4631372464714;-36,1727121651809;-61,5576661946543
SBA;Evapo;15;Spatially adjusted;0,555510204081633;-32,5325110481895;-43,756048323085;-69,9961580791485
SBA;Evapo;15;Spatially adjusted;0,575714285714286;-39,1722704686035;-50,9831113334112;-77,9330521395882
SBA;Evapo;15;Spatially adjusted;0,595918367346939;-45,3180332376353;-57,8012263109395;-85,2895094468781
SBA;Evapo;15;Spatially adjusted;0,616122448979592;-50,9054170852073;-64,1577183704517;-91,9866910719231
SBA;Evapo;15;Spatially adjusted;0,636326530612245;-55,8700397412417;-69,9999126267283;-97,9457580856279
SBA;Evapo;15;Spatially adjusted;0,656530612244898;-60,1475189356615;-75,2751341945507;-103,087871558898
SBA;Evapo;15;Spatially adjusted;0,676734693877551;-63,6734723983884;-79,9307081886996;-107,334192562636
SBA;Evapo;15;Spatially adjusted;0,696938775510204;-66,4027472793762;-83,9297422304396;-110,629174399668
SBA;Evapo;15;Spatially adjusted;0,717142857142857;-68,3671084087043;-87,2984739669676;-113,010439300487
SBA;Evapo;15;Spatially adjusted;0,73734693877551;-69,6175500364834;-90,0789235519653;-114,53890172751
SBA;Evapo;15;Spatially adjusted;0,757551020408163;-70,2050664128242;-92,3131111391126;-115,275476143149
SBA;Evapo;15;Spatially adjusted;0,777755102040816;-70,180651787837;-94,0430568820909;-115,281077009819
SBA;Evapo;15;Spatially adjusted;0,797959183673469;-69,5953004116325;-95,3107809345804;-114,616618789933
SBA;Evapo;15;Spatially adjusted;0,818163265306122;-68,5000065343215;-96,1583034502623;-113,343015945906
SBA;Evapo;15;Spatially adjusted;0,838367346938776;-66,9457644060149;-96,6276445828171;-111,521182940153
SBA;Evapo;15;Spatially adjusted;0,858571428571429;-64,983568276823;-96,7608244859259;-109,212034235086
SBA;Evapo;15;Spatially adjusted;0,878775510204082;-62,6644123968563;-96,599863313269;-106,476484293121
SBA;Evapo;15;Spatially adjusted;0,898979591836735;-60,0392910162261;-96,1867812185278;-103,375447576671
SBA;Evapo;15;Spatially adjusted;0,919183673469388;-57,1591983850424;-95,5635983553827;-99,9698385481502
SBA;Evapo;15;Spatially adjusted;0,939387755102041;-54,0751287534163;-94,7723348775144;-96,3205716699733
SBA;Evapo;15;Spatially adjusted;0,959591836734694;-50,8380763714579;-93,8550109386038;-92,4885614045541
SBA;Evapo;15;Spatially adjusted;0,979795918367347;-47,4990354892784;-92,8536466923315;-88,5347222143064
SBA;Evapo;15;Spatially adjusted;1;-44,1090003569884;-91,8102622923786;-84,5199685616449
SBA;Evapo;15;Current landscape;0,0271984245628119;91,8606167129765;113,279150078401;104,31828809944
SBA;Evapo;15;Current landscape;0,075333945453167;49,5783824684093;80,6424741556994;61,4530247033479
SBA;Evapo;15;Current landscape;0,126428797841072;31,2388032870799;56,4849105325479;57,9207189164858
SBA;Evapo;15;Current landscape;0,177899554371834;10,5685931704502;38,3343839294623;31,3125781220383
SBA;Evapo;15;Current landscape;0,226809047162533;27,0095596204685;19,2477610077294;17,8236387862733
SBA;Evapo;15;Current landscape;0,277568727731705;24,7749048412077;23,3956056588909;14,0712469970567
SBA;Evapo;15;Current landscape;0,325244873762131;13,655426315599;23,3858443045795;-10,2732311913528
SBA;Evapo;15;Current landscape;0,373812675476075;-0,593824055372579;5,44498144490444;-8,51978667322305
SBA;Evapo;15;Current landscape;0,427017718553543;-5,82122258081495;-0,054904397058408;-10,7916747150837
SBA;Evapo;15;Current landscape;0,474796190857887;-2,6670794362326;-8,16048029386229;-24,037068143979
SBA;Evapo;15;Current landscape;0,522008866071701;-13,0690201980324;-16,6737268762668;-50,4355656223597
SBA;Evapo;15;Current landscape;0,576251089572906;-30,8942502880598;-22,496352408471;-45,4728084869134
SBA;Evapo;15;Current landscape;0,624836027622223;-55,2278160276947;-42,1871627527407;-52,3850272533114
SBA;Evapo;15;Current landscape;0,677774369716644;-38,0580842881393;-46,8845144601821;-39,0974689162836
SBA;Evapo;15;Current landscape;0,724131524562836;-18,4521395265306;-18,586955591566;-43,5340502062497
SBA;Evapo;15;Current landscape;0,778391391038895;-28,8557361961148;-16,3146209542444;-41,883629358533
SBA;Evapo;15;Current landscape;0,825487852096557;-37,7585654012921;-27,3617783227892;-24,2790076674062
SBA;Evapo;15;Current landscape;0,876373946666718;-20,5249311071129;-47,8898525267794;-34,2821232904789
SBA;Evapo;15;Current landscape;0,928875505924225;-20,1475925208781;-35,3040582885617;-41,8030645270176
SBA;Evapo;15;Current landscape;1;-32,7677650780299;-30,9802814849359;-14,0234997390285
SBA;Evapo;16;Spatially adjusted;0,01;150,587423832968;146,770645775588;140,158777811259
SBA;Evapo;16;Spatially adjusted;0,0302040816326531;145,044723580131;141,428418534584;133,874536085912
SBA;Evapo;16;Spatially adjusted;0,0504081632653061;139,484703678329;136,068491534303;127,574193529252
SBA;Evapo;16;Spatially adjusted;0,0706122448979592;133,890044478601;130,673165015465;121,241649309967
SBA;Evapo;16;Spatially adjusted;0,0908163265306122;128,243426331981;125,224739218792;114,860802596743
SBA;Evapo;16;Spatially adjusted;0,111020408163265;122,527529589508;119,705514385008;108,415552558267
SBA;Evapo;16;Spatially adjusted;0,131224489795918;116,725034602216;114,097790754832;101,889798363227
SBA;Evapo;16;Spatially adjusted;0,151428571428571;110,818621721142;108,383868568988;95,2674391803098
SBA;Evapo;16;Spatially adjusted;0,171632653061224;104,790971297323;102,546048068196;88,5323741782029
SBA;Evapo;16;Spatially adjusted;0,191836734693878;98,6247636817955;96,5666294931798;81,6685025255927
SBA;Evapo;16;Spatially adjusted;0,212040816326531;92,3026792255951;90,4279130846601;74,6597233911668
SBA;Evapo;16;Spatially adjusted;0,232244897959184;85,8073982797587;84,1121990833588;67,4899359436126
SBA;Evapo;16;Spatially adjusted;0,252448979591837;79,1216011953225;77,601787729998;60,1430393516164
SBA;Evapo;16;Spatially adjusted;0,27265306122449;72,2279683233226;70,8789792652999;52,6029327838662
SBA;Evapo;16;Spatially adjusted;0,292857142857143;65,109180014796;63,9260739299855;44,8535154090487
SBA;Evapo;16;Spatially adjusted;0,313061224489796;57,7479166207791;56,7253719647774;36,8786863958508
SBA;Evapo;16;Spatially adjusted;0,333265306122449;50,1268584923075;49,2591736103971;28,6623449129602
SBA;Evapo;16;Spatially adjusted;0,353469387755102;42,2422499150377;41,5220422661098;20,2017345781974
SBA;Evapo;16;Spatially adjusted;0,373673469387755;34,1445909131044;33,5575939653547;11,5474768059153
SBA;Evapo;16;Spatially adjusted;0,393877551020408;25,8979454452615;25,4217079001132;2,76353745960137
SBA;Evapo;16;Spatially adjusted;0,414081632653061;17,5663774702632;17,1702632623676;-6,08611759725773
SBA;Evapo;16;Spatially adjusted;0,434285714285714;9,21395094686341;8,85913924409942;-14,9375225011743
SBA;Evapo;16;Spatially adjusted;0,454489795918367;0,904729833816418;0,544215037291451;-23,7267113886624
SBA;Evapo;16;Spatially adjusted;0,47469387755102;-7,29722191012343;-7,71863016607495;-32,3897183962342
SBA;Evapo;16;Spatially adjusted;0,494897959183674;-15,3278403262025;-15,8735171740175;-40,8625776604035
SBA;Evapo;16;Spatially adjusted;0,515102040816327;-23,123061455666;-23,8645667945539;-49,0813233176825
SBA;Evapo;16;Spatially adjusted;0,53530612244898;-30,6188213397604;-31,6358998357027;-56,981989504585
SBA;Evapo;16;Spatially adjusted;0,555510204081633;-37,7510560197313;-39,1316371054818;-64,5006103576238
SBA;Evapo;16;Spatially adjusted;0,575714285714286;-44,4557015368246;-46,2958994119085;-71,5732200133118
SBA;Evapo;16;Spatially adjusted;0,595918367346939;-50,668693932286;-53,0728075630018;-78,1358526081622
SBA;Evapo;16;Spatially adjusted;0,616122448979592;-56,3259692473616;-59,4064823667789;-84,1245422786876
SBA;Evapo;16;Spatially adjusted;0,636326530612245;-61,3634635232975;-65,2410446312581;-89,475323161402
SBA;Evapo;16;Spatially adjusted;0,656530612244898;-65,7171128013388;-70,520615164457;-94,1242293928174
SBA;Evapo;16;Spatially adjusted;0,676734693877551;-69,3228531227321;-75,1893147743942;-98,0072951094476
SBA;Evapo;16;Spatially adjusted;0,696938775510204;-72,135755906384;-79,2075227814514;-101,079859241493
SBA;Evapo;16;Spatially adjusted;0,717142857142857;-74,1874340818465;-82,6006525554681;-103,374479893909
SBA;Evapo;16;Spatially adjusted;0,73734693877551;-75,5286359563318;-85,4103759786458;-104,943019965336
SBA;Evapo;16;Spatially adjusted;0,757551020408163;-76,2101098370524;-87,6783649331881;-105,837342354416
SBA;Evapo;16;Spatially adjusted;0,777755102040816;-76,2826040312216;-89,4462913012974;-106,109309959793
SBA;Evapo;16;Spatially adjusted;0,797959183673469;-75,7968668460515;-90,7558269651759;-105,810785680107
SBA;Evapo;16;Spatially adjusted;0,818163265306122;-74,8036465887549;-91,6486438070274;-104,993632414
SBA;Evapo;16;Spatially adjusted;0,838367346938776;-73,3536915665443;-92,1664137090541;-103,709713060116
SBA;Evapo;16;Spatially adjusted;0,858571428571429;-71,4977500866326;-92,3508085534588;-102,010890517095
SBA;Evapo;16;Spatially adjusted;0,878775510204082;-69,2865704562325;-92,2435002224443;-99,94902768358
SBA;Evapo;16;Spatially adjusted;0,898979591836735;-66,7709009825562;-91,8861605982131;-97,5759874582127
SBA;Evapo;16;Spatially adjusted;0,919183673469388;-64,0014899728169;-91,3204615629684;-94,9436327396354
SBA;Evapo;16;Spatially adjusted;0,939387755102041;-61,0290857342272;-90,5880749989131;-92,1038264264903
SBA;Evapo;16;Spatially adjusted;0,959591836734694;-57,9044365739994;-89,730672788249;-89,1084314174184
SBA;Evapo;16;Spatially adjusted;0,979795918367347;-54,6782907993459;-88,7899268131791;-86,0093106110633
SBA;Evapo;16;Spatially adjusted;1;-51,4013967174801;-87,8075089559072;-82,8583269060653
SBA;Evapo;16;Current landscape;0,0322621874511242;53,8162575099889;60,13345068745;57,8150283607943
SBA;Evapo;16;Current landscape;0,0745555683970451;50,2586420011214;60,985836321159;49,8840571893093
SBA;Evapo;16;Current landscape;0,127420678734779;29,4413484231145;53,4965569780047;31,6923879304122
SBA;Evapo;16;Current landscape;0,17741647362709;31,8539375343144;48,6513173709805;51,136904659159
SBA;Evapo;16;Current landscape;0,224789217114449;32,6792127240358;42,5370382151971;14,9720734179723
SBA;Evapo;16;Current landscape;0,278626084327698;7,17938576249981;31,4995867365678;-7,15637981587884
SBA;Evapo;16;Current landscape;0,323995918035507;-4,75405588019135;13,3332914858083;-26,120581457973
SBA;Evapo;16;Current landscape;0,376741915941238;-8,91815128736266;10,1154954002736;-13,0820242721099
SBA;Evapo;16;Current landscape;0,423748046159744;-9,63525880439761;-9,47678560406916;-25,4268346623128
SBA;Evapo;16;Current landscape;0,477083802223206;-18,4398838849966;-9,06664013751902;-20,7940157103078
SBA;Evapo;16;Current landscape;0,525513112545013;-23,6938558950424;-10,8938138405053;-31,3730827525169
SBA;Evapo;16;Current landscape;0,570510923862457;-8,28212098357358;-28,314353583535;-60,4442885765163
SBA;Evapo;16;Current landscape;0,626991987228394;-49,1084248515308;-41,4749811566064;-64,1626444700655
SBA;Evapo;16;Current landscape;0,670763164758682;-33,9081212740775;-28,8802058629365;-48,9981514733606
SBA;Evapo;16;Current landscape;0,724400281906128;-42,9206756769213;-30,0270378943253;-54,4386280023912
SBA;Evapo;16;Current landscape;0,773159861564636;-43,7812474253988;-17,7747438231575;-49,316341701571
SBA;Evapo;16;Current landscape;0,82677149772644;-33,5414437016793;-8,86106100729171;-31,7827707980032
SBA;Evapo;16;Current landscape;0,874945461750031;-40,6093370862479;-32,1182054445478;-37,4418142805546
SBA;Evapo;16;Current landscape;0,928236305713654;-14,2053769163572;-18,5488389376874;-45,9311020461437
SBA;Evapo;16;Current landscape;1;-38,3037273698028;-33,498613146952;-39,8036749104069
SBA;Evapo;17;Spatially adjusted;0,01;163,684364116107;156,173674404267;142,846025894047
SBA;Evapo;17;Spatially adjusted;0,0302040816326531;156,873391237228;149,226785986579;136,499909135701
SBA;Evapo;17;Spatially adjusted;0,0504081632653061;150,05375884276;142,274239429396;130,13819143385
SBA;Evapo;17;Spatially adjusted;0,0706122448979592;143,216807417111;135,310376593224;123,74527184499
SBA;Evapo;17;Spatially adjusted;0,0908163265306122;136,353877444692;128,329539338568;117,305549425617
SBA;Evapo;17;Spatially adjusted;0,111020408163265;129,456309409913;121,326069525933;110,803423232226
SBA;Evapo;17;Spatially adjusted;0,131224489795918;122,515443797183;114,294309015826;104,223292321312
SBA;Evapo;17;Spatially adjusted;0,151428571428571;115,522621090913;107,228599668751;97,5495557493721
SBA;Evapo;17;Spatially adjusted;0,171632653061224;108,469181775511;100,123283345214;90,7666125729006
SBA;Evapo;17;Spatially adjusted;0,191836734693878;101,346466335389;92,97270190572;83,8588618483936
SBA;Evapo;17;Spatially adjusted;0,212040816326531;94,1458152549555;85,7711972107745;76,8107026323462
SBA;Evapo;17;Spatially adjusted;0,232244897959184;86,858569018621;78,513111120883;69,606533981254
SBA;Evapo;17;Spatially adjusted;0,252448979591837;79,476068110795;71,1927854965504;62,2307549516124
SBA;Evapo;17;Spatially adjusted;0,27265306122449;71,9896530158878;63,8045621982833;54,6677645999175
SBA;Evapo;17;Spatially adjusted;0,292857142857143;64,390664218309;56,3427830865853;46,9019619826647
SBA;Evapo;17;Spatially adjusted;0,313061224489796;56,6704422024689;48,8017900219638;38,9177461563493
SBA;Evapo;17;Spatially adjusted;0,333265306122449;48,8203274527771;41,1759248649225;30,6995161774664
SBA;Evapo;17;Spatially adjusted;0,353469387755102;40,84181748063;33,4663924726867;22,2440661597377
SBA;Evapo;17;Spatially adjusted;0,373673469387755;32,7770379053734;25,7018496893552;13,5977704457848
SBA;Evapo;17;Spatially adjusted;0,393877551020408;24,6782713733385;17,9178163557465;4,81939843545501
SBA;Evapo;17;Spatially adjusted;0,414081632653061;16,5978005308566;10,1498123126789;-4,03228047140465
SBA;Evapo;17;Spatially adjusted;0,434285714285714;8,58790802426074;2,43335740097086;-12,8984968749467
SBA;Evapo;17;Spatially adjusted;0,454489795918367;0,700876499882043;-5,19602853855986;-21,7204813753233
SBA;Evapo;17;Spatially adjusted;0,47469387755102;-7,01101139594766;-12,7028256650947;-30,4394645726879
SBA;Evapo;17;Spatially adjusted;0,494897959183674;-14,4954730168963;-20,0515141378153;-38,9966770671929
SBA;Evapo;17;Spatially adjusted;0,515102040816327;-21,7002257166328;-27,2065741159036;-47,3333494589908
SBA;Evapo;17;Spatially adjusted;0,53530612244898;-28,5729868488243;-34,1324857585412;-55,3907123482347
SBA;Evapo;17;Spatially adjusted;0,555510204081633;-35,0614737671397;-40,7937292249101;-63,1099963350773
SBA;Evapo;17;Spatially adjusted;0,575714285714286;-41,1134038252469;-47,1547846741919;-70,4324320196708
SBA;Evapo;17;Spatially adjusted;0,595918367346939;-46,6764943768139;-53,1801322655681;-77,2992500021685
SBA;Evapo;17;Spatially adjusted;0,616122448979592;-51,6984627755098;-58,8342521582208;-83,6516808827228
SBA;Evapo;17;Spatially adjusted;0,636326530612245;-56,1270263750014;-64,0816245113315;-89,4309552614864
SBA;Evapo;17;Spatially adjusted;0,656530612244898;-59,9099025289579;-68,886729484082;-94,578303738612
SBA;Evapo;17;Spatially adjusted;0,676734693877551;-62,9948085910469;-73,2140472356541;-99,0349569142525
SBA;Evapo;17;Spatially adjusted;0,696938775510204;-65,3459908220154;-77,0393248472615;-102,759747212507
SBA;Evapo;17;Spatially adjusted;0,717142857142857;-66,9938111109223;-80,3833770882473;-105,781914353262
SBA;Evapo;17;Spatially adjusted;0,73734693877551;-67,985160253905;-83,2782856499857;-108,148299880352
SBA;Evapo;17;Spatially adjusted;0,757551020408163;-68,366929047101;-85,7561322238519;-109,905745337609
SBA;Evapo;17;Spatially adjusted;0,777755102040816;-68,1860082866474;-87,8489985012207;-111,101092268866
SBA;Evapo;17;Spatially adjusted;0,797959183673469;-67,4892887686829;-89,5889661734666;-111,781182217957
SBA;Evapo;17;Spatially adjusted;0,818163265306122;-66,3236612893431;-91,0081169319647;-111,992856728715
SBA;Evapo;17;Spatially adjusted;0,838367346938776;-64,736016644767;-92,1385324680896;-111,782957344974
SBA;Evapo;17;Spatially adjusted;0,858571428571429;-62,7732456310907;-93,0122944732161;-111,198325610567
SBA;Evapo;17;Spatially adjusted;0,878775510204082;-60,4822390444526;-93,661484638719;-110,285803069326
SBA;Evapo;17;Spatially adjusted;0,898979591836735;-57,9098876809896;-94,1181846559734;-109,092231265086
SBA;Evapo;17;Spatially adjusted;0,919183673469388;-55,1030823368401;-94,4144762163535;-107,664451741679
SBA;Evapo;17;Spatially adjusted;0,939387755102041;-52,1087138081405;-94,5824410112348;-106,04930604294
SBA;Evapo;17;Spatially adjusted;0,959591836734694;-48,9736728910286;-94,6541607319916;-104,2936357127
SBA;Evapo;17;Spatially adjusted;0,979795918367347;-45,7448503816418;-94,6617170699988;-102,444282294794
SBA;Evapo;17;Spatially adjusted;1;-42,4691370761175;-94,6371917166312;-100,548087333054
SBA;Evapo;17;Current landscape;0,0299614723771811;55,2011085706313;64,6937451511753;68,1419099287612
SBA;Evapo;17;Current landscape;0,0763901621103287;51,7475467193842;64,9140979789165;81,3907949697607
SBA;Evapo;17;Current landscape;0,122981235384941;36,8680961831899;33,3054831582128;39,9542779991157
SBA;Evapo;17;Current landscape;0,180015206336975;26,2115741776543;23,5860192567043;19,4477690537176
SBA;Evapo;17;Current landscape;0,226959481835365;20,4776195161458;17,6730814049774;17,5150205632915
SBA;Evapo;17;Current landscape;0,27554839849472;18,2390432541179;16,065835310201;1,56548386385771
SBA;Evapo;17;Current landscape;0,324478924274445;-9,41669230074694;-2,17894001391778;-28,8651647441889
SBA;Evapo;17;Current landscape;0,373153477907181;3,7281709605104;-1,1295317096085;-18,1642637462046
SBA;Evapo;17;Current landscape;0,42564845085144;-3,95715447701696;0,661645592274454;-23,2956815677355
SBA;Evapo;17;Current landscape;0,47978013753891;-5,2305620974862;7,9959521945334;-20,8364583008399
SBA;Evapo;17;Current landscape;0,523805528879166;-25,6809809482356;-31,388171919891;-62,53701176661
SBA;Evapo;17;Current landscape;0,572250425815582;-21,1017322238849;-23,8707427975537;-66,4246443522343
SBA;Evapo;17;Current landscape;0,622366726398468;-21,3824749568153;-29,0875507282112;-68,7658148059013
SBA;Evapo;17;Current landscape;0,676002264022827;-18,6037425011953;-16,4781939261964;-41,981172399144
SBA;Evapo;17;Current landscape;0,727679491043091;-35,3406417125782;-27,6542015829843;-58,6903150217831
SBA;Evapo;17;Current landscape;0,776895046234131;-2,03034723324117;-16,1831854655823;-47,2282854531475
SBA;Evapo;17;Current landscape;0,825400948524475;-15,0664920208176;-3,89194043816997;-17,8408770512913
SBA;Evapo;17;Current landscape;0,875165343284607;-15,5263062991346;-21,1170255452196;-31,3574238786994
SBA;Evapo;17;Current landscape;0,926311314105988;0,36446765081314;-11,1349050860965;-38,0694177773653
SBA;Evapo;17;Current landscape;1;-25,166143944821;-28,7854105643085;-36,1400145730472
SBA;Evapo;18;Spatially adjusted;0,01;162,14420595292;155,346604875844;149,776312967721
SBA;Evapo;18;Spatially adjusted;0,0302040816326531;156,390581437026;149,356081979866;143,802286881557
SBA;Evapo;18;Spatially adjusted;0,0504081632653061;150,618224965953;143,349012954305;137,80553709653
SBA;Evapo;18;Spatially adjusted;0,0706122448979592;144,808404584523;137,30885166958;131,763339913777
SBA;Evapo;18;Spatially adjusted;0,0908163265306122;138,942388337557;131,219051996106;125,652971634436
SBA;Evapo;18;Spatially adjusted;0,111020408163265;133,001444269876;125,063067804302;119,451708559645
SBA;Evapo;18;Spatially adjusted;0,131224489795918;126,966840426302;118,824352964585;113,136826990539
SBA;Evapo;18;Spatially adjusted;0,151428571428571;120,819844851656;112,486361347372;106,685603228256
SBA;Evapo;18;Spatially adjusted;0,171632653061224;114,54172559076;106,032546823081;100,075313573935
SBA;Evapo;18;Spatially adjusted;0,191836734693878;108,113750688434;99,4463632621291;93,2832343287112
SBA;Evapo;18;Spatially adjusted;0,212040816326531;101,5171881895;92,7112645349341;86,2866417937228
SBA;Evapo;18;Spatially adjusted;0,232244897959184;94,7333061387799;85,810704511913;79,0628122701066
SBA;Evapo;18;Spatially adjusted;0,252448979591837;87,7433725810943;78,7281370634833;71,5890220590002
SBA;Evapo;18;Spatially adjusted;0,27265306122449;80,5286555612652;71,4470160600624;63,8425474615408
SBA;Evapo;18;Spatially adjusted;0,292857142857143;73,0704231241132;63,9507953720674;55,800664778865
SBA;Evapo;18;Spatially adjusted;0,313061224489796;65,3499433144602;56,2229288699164;47,4406503121109
SBA;Evapo;18;Spatially adjusted;0,333265306122449;57,3484841771274;48,2468704240259;38,7397803624153
SBA;Evapo;18;Spatially adjusted;0,353469387755102;49,0618556841528;40,0184438227132;29,6911842137506
SBA;Evapo;18;Spatially adjusted;0,373673469387755;40,5440355164408;31,582952525893;20,3514030814301
SBA;Evapo;18;Spatially adjusted;0,393877551020408;31,8635432821129;22,9980699113787;10,7928311636017
SBA;Evapo;18;Spatially adjusted;0,414081632653061;23,0888985892896;14,3214693569839;1,08786265841331
SBA;Evapo;18;Spatially adjusted;0,434285714285714;14,2886210460924;5,61082424052302;-8,69110823598658
SBA;Evapo;18;Spatially adjusted;0,454489795918367;5,53123026064259;-3,07619206019058;-18,4716873214497
SBA;Evapo;18;Spatially adjusted;0,47469387755102;-3,11475415893915;-11,6819061673427;-28,1814803998284
SBA;Evapo;18;Spatially adjusted;0,494897959183674;-11,5808126045313;-20,14864470312;-37,7480932729739
SBA;Evapo;18;Spatially adjusted;0,515102040816327;-19,7984254680125;-28,418734289708;-47,0991317427386
SBA;Evapo;18;Spatially adjusted;0,53530612244898;-27,6990731412623;-36,4345015492941;-56,1622016109743
SBA;Evapo;18;Spatially adjusted;0,555510204081633;-35,2142360161593;-44,138273104063;-64,8649086795324
SBA;Evapo;18;Spatially adjusted;0,575714285714286;-42,275394484582;-51,4723755762018;-73,1348587502653
SBA;Evapo;18;Spatially adjusted;0,595918367346939;-48,8140289384096;-58,3791355878968;-80,8996576250247
SBA;Evapo;18;Spatially adjusted;0,616122448979592;-54,7616197695209;-64,8008797613336;-88,086911105662
SBA;Evapo;18;Spatially adjusted;0,636326530612245;-60,0496473697947;-70,6799347186986;-94,6242249940299
SBA;Evapo;18;Spatially adjusted;0,656530612244898;-64,6095921311098;-75,9586270821781;-100,439205091979
SBA;Evapo;18;Spatially adjusted;0,676734693877551;-68,3729344453454;-80,5792834739582;-105,459457201363
SBA;Evapo;18;Spatially adjusted;0,696938775510204;-71,2915863271421;-84,5012980515849;-109,633685346502
SBA;Evapo;18;Spatially adjusted;0,717142857142857;-73,3991862821879;-87,752335114043;-112,994986441596
SBA;Evapo;18;Spatially adjusted;0,73734693877551;-74,7498044389327;-90,377126495677;-115,597555623315
SBA;Evapo;18;Spatially adjusted;0,757551020408163;-75,3975109258272;-92,4204040308314;-117,495588028329
SBA;Evapo;18;Spatially adjusted;0,777755102040816;-75,396375871321;-93,9268995538514;-118,743278793306
SBA;Evapo;18;Spatially adjusted;0,797959183673469;-74,8004694038643;-94,9413448990808;-119,394823054918
SBA;Evapo;18;Spatially adjusted;0,818163265306122;-73,6638616519069;-95,5084719008642;-119,504415949833
SBA;Evapo;18;Spatially adjusted;0,838367346938776;-72,0406227438989;-95,6730123935468;-119,126252614722
SBA;Evapo;18;Spatially adjusted;0,858571428571429;-69,9848228082906;-95,4796982114724;-118,314528186254
SBA;Evapo;18;Spatially adjusted;0,878775510204082;-67,5505319735319;-94,9732611889863;-117,123437801098
SBA;Evapo;18;Spatially adjusted;0,898979591836735;-64,7918203680729;-94,1984331604331;-115,607176595923
SBA;Evapo;18;Spatially adjusted;0,919183673469388;-61,7627581203638;-93,1999459601564;-113,819939707401
SBA;Evapo;18;Spatially adjusted;0,939387755102041;-58,5174153588544;-92,0225314225015;-111,815922272201
SBA;Evapo;18;Spatially adjusted;0,959591836734694;-55,1098622119946;-90,7109213818133;-109,649319426991
SBA;Evapo;18;Spatially adjusted;0,979795918367347;-51,5941688082351;-89,3098476724356;-107,374326308442
SBA;Evapo;18;Spatially adjusted;1;-48,0244052760252;-87,8640421287132;-105,045138053224
SBA;Evapo;18;Current landscape;0,0268565211445093;60,7412967045275;61,8498549450155;53,9173707530013
SBA;Evapo;18;Current landscape;0,0727228447794914;36,0266200218825;47,8936985302958;53,6905048934607
SBA;Evapo;18;Current landscape;0,125370100140572;24,6695670988265;29,1354978252068;18,3210350553659
SBA;Evapo;18;Current landscape;0,175639346241951;31,1967567803524;29,3235349706533;37,4225403856731
SBA;Evapo;18;Current landscape;0,224385336041451;29,1747833694205;43,4164933731333;33,2793909797881
SBA;Evapo;18;Current landscape;0,279486149549484;17,5858069061612;20,7175324304897;-5,16940115875696
SBA;Evapo;18;Current landscape;0,3239526450634;10,0383995267407;34,3740334696652;-6,84808504134412
SBA;Evapo;18;Current landscape;0,374032884836197;6,11911331402348;21,0588803682826;-15,7934020879538
SBA;Evapo;18;Current landscape;0,424016296863556;-23,7878785570827;-27,0303507832814;-38,1061375872591
SBA;Evapo;18;Current landscape;0,478442341089249;-10,9286281883315;-0,990909702520639;-18,2774503279852
SBA;Evapo;18;Current landscape;0,523685604333878;-24,8459468014457;-5,57425839452344;-52,7620627236083
SBA;Evapo;18;Current landscape;0,57533586025238;-17,8286607005746;-35,4124770614899;-74,2877588354963
SBA;Evapo;18;Current landscape;0,628142952919006;-33,4474712678039;-27,3100345051562;-72,7955917055188
SBA;Evapo;18;Current landscape;0,677673101425171;-29,510441856396;-25,2556042956824;-38,5353577304268
SBA;Evapo;18;Current landscape;0,727304816246033;-38,9227373248393;-25,2025903171436;-50,4428759889513
SBA;Evapo;18;Current landscape;0,770807504653931;-26,0694475799774;-14,7989221089622;-52,6659448342596
SBA;Evapo;18;Current landscape;0,823972404003143;-17,011989707026;-2,70031349476585;-28,558261261142
SBA;Evapo;18;Current landscape;0,877943634986877;-36,3838049847575;-31,1861221509885;-50,0131508853629
SBA;Evapo;18;Current landscape;0,931261837482452;-7,67338777482837;0,227866942015226;-20,4949001439679
SBA;Evapo;18;Current landscape;1;-36,9886129666174;-29,9190009719655;-33,7791632764831
SBA;Evapo;19;Spatially adjusted;0,01;159,020780124082;145,640145152665;135,796931409386
SBA;Evapo;19;Spatially adjusted;0,0302040816326531;152,980200936099;140,421795144189;129,415336810047
SBA;Evapo;19;Spatially adjusted;0,0504081632653061;146,928021993973;135,185804836658;123,022011796322
SBA;Evapo;19;Spatially adjusted;0,0706122448979592;140,852643543561;129,914533931014;116,605225953826
SBA;Evapo;19;Spatially adjusted;0,0908163265306122;134,742465830719;124,590342128201;110,153248868174
SBA;Evapo;19;Spatially adjusted;0,111020408163265;128,585889101304;119,195589129164;103,654350124981
SBA;Evapo;19;Spatially adjusted;0,131224489795918;122,371313601174;113,712634634846;97,0967993098605
SBA;Evapo;19;Spatially adjusted;0,151428571428571;116,087139576184;108,12383834619;90,4688660084275
SBA;Evapo;19;Spatially adjusted;0,171632653061224;109,721767272193;102,411559964142;83,758819806297
SBA;Evapo;19;Spatially adjusted;0,191836734693878;103,263596935056;96,5581591896437;76,9549302890835
SBA;Evapo;19;Spatially adjusted;0,212040816326531;96,7010288106308;90,5459957236401;70,045467042401
SBA;Evapo;19;Spatially adjusted;0,232244897959184;90,0224631447738;84,3574292670742;63,0186996518646
SBA;Evapo;19;Spatially adjusted;0,252448979591837;83,2163001833419;77,9748195208906;55,8628977030894
SBA;Evapo;19;Spatially adjusted;0,27265306122449;76,2709401721923;71,3805261860327;48,5663307816892
SBA;Evapo;19;Spatially adjusted;0,292857142857143;69,1747833571815;64,5569089634441;41,1172684732787
SBA;Evapo;19;Spatially adjusted;0,313061224489796;61,9162299841664;57,4863275540693;33,5039803634729
SBA;Evapo;19;Spatially adjusted;0,333265306122449;54,4836802990039;50,1511416588514;25,714736037886
SBA;Evapo;19;Spatially adjusted;0,353469387755102;46,8761341729023;42,5455781050264;17,7477815381671
SBA;Evapo;19;Spatially adjusted;0,373673469387755;39,1349899784773;34,7113322249984;9,64126873010355
SBA;Evapo;19;Spatially adjusted;0,393877551020408;31,312245713696;26,7019664774614;1,44332593551439
SBA;Evapo;19;Spatially adjusted;0,414081632653061;23,4598993765253;18,5710433211116;-6,79791852377798
SBA;Evapo;19;Spatially adjusted;0,434285714285714;15,6299489649321;10,372125214644;-15,0343363259533
SBA;Evapo;19;Spatially adjusted;0,454489795918367;7,8743924768844;2,1587746167545;-23,2177991491908
SBA;Evapo;19;Spatially adjusted;0,47469387755102;0,245227910348376;-6,0154460138624;-31,3001786716695
SBA;Evapo;19;Spatially adjusted;0,494897959183674;-7,20554673670858;-14,0969742185105;-39,2333465715685
SBA;Evapo;19;Spatially adjusted;0,515102040816327;-14,4259334663195;-22,0322475384951;-46,969174527067
SBA;Evapo;19;Spatially adjusted;0,53530612244898;-21,3639342805168;-29,767703515121;-54,4595342163443
SBA;Evapo;19;Spatially adjusted;0,555510204081633;-27,9675511813339;-37,2497796896923;-61,6562973175792
SBA;Evapo;19;Spatially adjusted;0,575714285714286;-34,1847861708036;-44,4249136035137;-68,5113355089513
SBA;Evapo;19;Spatially adjusted;0,595918367346939;-39,9636412509585;-51,2395427978904;-74,9765204686396
SBA;Evapo;19;Spatially adjusted;0,616122448979592;-45,2521184238317;-57,6401048141263;-81,003723874823
SBA;Evapo;19;Spatially adjusted;0,636326530612245;-49,9982196914561;-63,5730371935267;-86,5448174056808
SBA;Evapo;19;Spatially adjusted;0,656530612244898;-54,1499470558647;-68,9847774773959;-91,5516727393922
SBA;Evapo;19;Spatially adjusted;0,676734693877551;-57,6553025190901;-73,8217632070391;-95,9761615541365
SBA;Evapo;19;Spatially adjusted;0,696938775510204;-60,4782291026093;-78,0459039690941;-99,7847445696543
SBA;Evapo;19;Spatially adjusted;0,717142857142857;-62,6464339056754;-81,680997531535;-103,002238671933
SBA;Evapo;19;Spatially adjusted;0,73734693877551;-64,2035650469852;-84,7663137076697;-105,668049788522
SBA;Evapo;19;Spatially adjusted;0,757551020408163;-65,1932706452356;-87,3411223108051;-107,821583846972
SBA;Evapo;19;Spatially adjusted;0,777755102040816;-65,6591988191231;-89,4446931542493;-109,502246774829
SBA;Evapo;19;Spatially adjusted;0,797959183673469;-65,6449976873453;-91,11629605131;-110,749444499646
SBA;Evapo;19;Spatially adjusted;0,818163265306122;-65,1943153685986;-92,3952008152946;-111,602582948969
SBA;Evapo;19;Spatially adjusted;0,838367346938776;-64,3507999815797;-93,3206772595106;-112,101068050349
SBA;Evapo;19;Spatially adjusted;0,858571428571429;-63,1580996449859;-93,9319951972659;-112,284305731336
SBA;Evapo;19;Spatially adjusted;0,878775510204082;-61,6598624775136;-94,2684244418676;-112,191701919477
SBA;Evapo;19;Spatially adjusted;0,898979591836735;-59,8997365978603;-94,369234806624;-111,862662542322
SBA;Evapo;19;Spatially adjusted;0,919183673469388;-57,9213701247227;-94,2736961048427;-111,336593527422
SBA;Evapo;19;Spatially adjusted;0,939387755102041;-55,7684111767974;-94,0210781498302;-110,652900802325
SBA;Evapo;19;Spatially adjusted;0,959591836734694;-53,4845078727815;-93,6506507548954;-109,850990294579
SBA;Evapo;19;Spatially adjusted;0,979795918367347;-51,1133083313721;-93,2016837333451;-108,970267931736
SBA;Evapo;19;Spatially adjusted;1;-48,6984606712651;-92,7134468984873;-108,050139641342
SBA;Evapo;19;Current landscape;0,0293343886733055;70,6660084968669;73,423934278004;56,8126323493796
SBA;Evapo;19;Current landscape;0,0751648023724556;48,9757596389543;79,7337891854022;60,7584218753261
SBA;Evapo;19;Current landscape;0,127571016550064;45,1442553889258;63,3763845005551;51,1142532887934
SBA;Evapo;19;Current landscape;0,178185537457466;23,1005277725772;26,799772980133;16,1937117076168
SBA;Evapo;19;Current landscape;0,226620584726334;42,5195394450348;59,633282038769;20,6263765276603
SBA;Evapo;19;Current landscape;0,280338823795319;24,8545504926276;40,9440674436564;5,55207122660863
SBA;Evapo;19;Current landscape;0,329635262489319;19,6721958805429;34,8276771428218;2,31932326399578
SBA;Evapo;19;Current landscape;0,375621289014816;-10,2573342272442;7,20836514131202;-19,092069324098
SBA;Evapo;19;Current landscape;0,422899156808853;6,31973759980133;21,5221110663049;2,13139197451414
SBA;Evapo;19;Current landscape;0,478869616985321;-30,533522552837;0,739998006925362;-0,859139263955967
SBA;Evapo;19;Current landscape;0,526468634605408;-28,7339050128792;-24,3165158266709;-61,7219920909299
SBA;Evapo;19;Current landscape;0,573852121829987;-8,55446847163944;-17,8505937169477;-45,0449455935568
SBA;Evapo;19;Current landscape;0,623994588851929;-41,843572141456;-42,1065259436418;-34,7431770385922
SBA;Evapo;19;Current landscape;0,673031091690063;-32,131178572414;-41,91867917068;-31,8110158411926
SBA;Evapo;19;Current landscape;0,723861336708069;-40,4688180943135;-25,8195625999367;-56,3686856316972
SBA;Evapo;19;Current landscape;0,775407493114471;-43,4727278900102;-21,5107168343511;-51,7121381346208
SBA;Evapo;19;Current landscape;0,827832043170929;-56,7373622675464;-33,5851971999159;-41,7925741341828
SBA;Evapo;19;Current landscape;0,875269055366516;-32,9331251145704;-24,4163377528662;-31,5600881938958
SBA;Evapo;19;Current landscape;0,926594913005829;-4,62052971696517;-10,601485315558;-46,6578002140343
SBA;Evapo;19;Current landscape;1;-28,1820586773818;-33,3220234916557;-46,303969615243
SBA;Evapo;20;Spatially adjusted;0,01;143,785282304717;145,918142927846;139,98103830151
SBA;Evapo;20;Spatially adjusted;0,0302040816326531;138,694648648514;140,248325677935;132,911148271865
SBA;Evapo;20;Spatially adjusted;0,0504081632653061;133,588004174038;134,564894170192;125,83321879768
SBA;Evapo;20;Spatially adjusted;0,0706122448979592;128,449338063017;128,854234146786;118,739210434415
SBA;Evapo;20;Spatially adjusted;0,0908163265306122;123,262639497179;123,102731349886;111,62108373753
SBA;Evapo;20;Spatially adjusted;0,111020408163265;118,011897658251;117,296771521661;104,470799262486
SBA;Evapo;20;Spatially adjusted;0,131224489795918;112,68110172796;111,422740404277;97,2803175647418
SBA;Evapo;20;Spatially adjusted;0,151428571428571;107,254240888034;105,467023739906;90,0415991997579
SBA;Evapo;20;Spatially adjusted;0,171632653061224;101,715304320202;99,4160072707152;82,7466047229946
SBA;Evapo;20;Spatially adjusted;0,191836734693878;96,0482812061885;93,2560767388725;75,3872946899116
SBA;Evapo;20;Spatially adjusted;0,212040816326531;90,237160727723;86,9736178865476;67,9556296559688
SBA;Evapo;20;Spatially adjusted;0,232244897959184;84,265932066533;80,5550164559084;60,4435701766265
SBA;Evapo;20;Spatially adjusted;0,252448979591837;78,118584404345;73,9866581891236;52,8430768073451
SBA;Evapo;20;Spatially adjusted;0,27265306122449;71,7791069228877;67,2549288283619;45,1461101035841
SBA;Evapo;20;Spatially adjusted;0,292857142857143;65,2314888038877;60,3462141157916;37,3446306208039
SBA;Evapo;20;Spatially adjusted;0,313061224489796;58,459719229073;53,2468997935816;29,4305989144643
SBA;Evapo;20;Spatially adjusted;0,333265306122449;51,4477873801709;45,9433716039005;21,3959755400253
SBA;Evapo;20;Spatially adjusted;0,353469387755102;44,1922250980761;38,4323415374722;13,2420545859804
SBA;Evapo;20;Spatially adjusted;0,373673469387755;36,7397348603527;30,7518265792419;5,00746427295485
SBA;Evapo;20;Spatially adjusted;0,393877551020408;29,149561803732;22,9501699627103;-3,25983364539388
SBA;Evapo;20;Spatially adjusted;0,414081632653061;21,4809510649445;15,0757149213785;-11,5118774154068
SBA;Evapo;20;Spatially adjusted;0,434285714285714;13,7931477807219;7,17680468874642;-19,7007052834258
SBA;Evapo;20;Spatially adjusted;0,454489795918367;6,14539708779557;-0,698217501684212;-27,778355495793
SBA;Evapo;20;Spatially adjusted;0,47469387755102;-1,40305587710418;-8,50100841641347;-35,6968662988495
SBA;Evapo;20;Spatially adjusted;0,494897959183674;-8,79296597724556;-16,1832248219405;-43,4082759389373
SBA;Evapo;20;Spatially adjusted;0,515102040816327;-15,9650880758975;-23,6965234847646;-50,8646226623985
SBA;Evapo;20;Spatially adjusted;0,53530612244898;-22,8601770363287;-30,9925611713845;-58,0179447155742
SBA;Evapo;20;Spatially adjusted;0,555510204081633;-29,4189877218087;-38,0229946483005;-64,8202803448069
SBA;Evapo;20;Spatially adjusted;0,575714285714286;-35,5822749956058;-44,7394806820112;-71,2236677964379
SBA;Evapo;20;Spatially adjusted;0,595918367346939;-41,2907937209886;-51,0936760390159;-77,1801453168087
SBA;Evapo;20;Spatially adjusted;0,616122448979592;-46,4852987612264;-57,0372374858141;-82,6417511522616
SBA;Evapo;20;Spatially adjusted;0,636326530612245;-51,1065449795879;-62,5218217889053;-87,5605235491375
SBA;Evapo;20;Spatially adjusted;0,656530612244898;-55,0952872393425;-67,4990857147886;-91,888500753779
SBA;Evapo;20;Spatially adjusted;0,676734693877551;-58,3922804037582;-71,920686029963;-95,5777210125279
SBA;Evapo;20;Spatially adjusted;0,696938775510204;-60,9559763821433;-75,7526284444721;-98,5953695171218
SBA;Evapo;20;Spatially adjusted;0,717142857142857;-62,8156152679628;-79,0183144425348;-100,969219240887
SBA;Evapo;20;Spatially adjusted;0,73734693877551;-64,0181342007218;-81,7554944519145;-102,742190102544
SBA;Evapo;20;Spatially adjusted;0,757551020408163;-64,6104703199237;-84,001918900374;-103,957202020816
SBA;Evapo;20;Spatially adjusted;0,777755102040816;-64,6395607650738;-85,7953382156764;-104,657174914425
SBA;Evapo;20;Spatially adjusted;0,797959183673469;-64,1523426756762;-87,1735028255855;-104,885028702092
SBA;Evapo;20;Spatially adjusted;0,818163265306122;-63,1957531912342;-88,174163157863;-104,68368330254
SBA;Evapo;20;Spatially adjusted;0,838367346938776;-61,8167294512534;-88,8350696402729;-104,09605863449
SBA;Evapo;20;Spatially adjusted;0,858571428571429;-60,0622085952375;-89,1939727005783;-103,165074616664
SBA;Evapo;20;Spatially adjusted;0,878775510204082;-57,9791277626914;-89,288622766542;-101,933651167785
SBA;Evapo;20;Spatially adjusted;0,898979591836735;-55,6144240931189;-89,1567702659272;-100,444708206574
SBA;Evapo;20;Spatially adjusted;0,919183673469388;-53,0150347260249;-88,8361656264972;-98,7411656517534
SBA;Evapo;20;Spatially adjusted;0,939387755102041;-50,2278968009136;-88,3645592760147;-96,8659434220451
SBA;Evapo;20;Spatially adjusted;0,959591836734694;-47,2999474572889;-87,7797016422428;-94,861961436171
SBA;Evapo;20;Spatially adjusted;0,979795918367347;-44,2781238346556;-87,1193431529448;-92,7721396128527
SBA;Evapo;20;Spatially adjusted;1;-41,2093630725178;-86,4212342358835;-90,6393978708124
SBA;Evapo;20;Current landscape;0,0281156171113253;52,2698255619239;60,5826326240378;42,2990385463716
SBA;Evapo;20;Current landscape;0,074152335524559;22,6602140852897;40,8796091595368;30,8865288016855
SBA;Evapo;20;Current landscape;0,123696327209473;24,1831697659097;42,1929450976124;34,8159749753738
SBA;Evapo;20;Current landscape;0,177855744957924;4,17835047096401;21,2171673262017;-1,72929847772116
SBA;Evapo;20;Current landscape;0,223215013742447;19,6847988376799;37,2039886415203;8,97205933202417
SBA;Evapo;20;Current landscape;0,276124775409698;22,0657391025593;21,1433012876494;1,374262226464
SBA;Evapo;20;Current landscape;0,327833414077759;26,1134030078947;37,6760413631243;3,03082480277772
SBA;Evapo;20;Current landscape;0,374699085950851;14,2536688173016;25,4926600765107;-3,49643974039122
SBA;Evapo;20;Current landscape;0,425719022750854;-49,3855583381808;-33,6968076840219;-51,4859007390971
SBA;Evapo;20;Current landscape;0,475769400596619;-19,2004161365373;-12,5227279478333;-38,3232687596794
SBA;Evapo;20;Current landscape;0,524500608444214;-23,957666312423;-42,9179857313507;-59,2246837773687
SBA;Evapo;20;Current landscape;0,573286175727844;-14,8362228905746;-20,5274354012115;-52,1509942462778
SBA;Evapo;20;Current landscape;0,62629097700119;-20,8480384392583;-21,0383798302585;-45,5585650461619
SBA;Evapo;20;Current landscape;0,676620125770569;-16,486756784404;-25,2554576629057;-30,2743261214953
SBA;Evapo;20;Current landscape;0,727052688598633;-19,5931623380197;-10,4373959735133;-42,5400342583764
SBA;Evapo;20;Current landscape;0,775707483291626;-21,7550716107155;-9,82957762823685;-31,4888312929786
SBA;Evapo;20;Current landscape;0,823083817958832;-13,2923584721766;0,464501702410189;3,79848799959632
SBA;Evapo;20;Current landscape;0,874971508979797;-29,3021453877461;-14,8831675093022;-33,5812766281699
SBA;Evapo;20;Current landscape;0,926155567169189;-20,8691249136971;0,20563155072341;-24,081653500687
SBA;Evapo;20;Current landscape;1;-34,0420275824145;-37,8093138798995;-32,7448533212207
SBA;Evapo;21;Spatially adjusted;0,01;172,612600866822;169,230409415055;145,341801830398
SBA;Evapo;21;Spatially adjusted;0,0302040816326531;165,855384571138;162,180104778377;138,245519943228
SBA;Evapo;21;Spatially adjusted;0,0504081632653061;159,083727967145;155,119611451868;131,142084220714
SBA;Evapo;21;Spatially adjusted;0,0706122448979592;152,283190746537;148,038740745701;124,024340827513
SBA;Evapo;21;Spatially adjusted;0,0908163265306122;145,439332601003;140,927303970046;116,885135928281
SBA;Evapo;21;Spatially adjusted;0,111020408163265;138,537713222236;133,775112435074;109,717315687674
SBA;Evapo;21;Spatially adjusted;0,131224489795918;131,563892301928;126,571977450955;102,513726270348
SBA;Evapo;21;Spatially adjusted;0,151428571428571;124,503429531771;119,307710327859;95,2672138409591
SBA;Evapo;21;Spatially adjusted;0,171632653061224;117,341884603455;111,972122375959;87,9706245641644
SBA;Evapo;21;Spatially adjusted;0,191836734693878;110,064817208674;104,555024905423;80,61680460462
SBA;Evapo;21;Spatially adjusted;0,212040816326531;102,657787039118;97,0462292264238;73,1986001269816
SBA;Evapo;21;Spatially adjusted;0,232244897959184;95,1063537864791;89,4355466491306;65,7088572959062
SBA;Evapo;21;Spatially adjusted;0,252448979591837;87,3960771424497;81,7127884837146;58,1404222760493
SBA;Evapo;21;Spatially adjusted;0,27265306122449;79,5125167987212;73,8677660403466;50,4861412320674
SBA;Evapo;21;Spatially adjusted;0,292857142857143;71,441232446985;65,8902906291969;42,738860328617
SBA;Evapo;21;Spatially adjusted;0,313061224489796;63,1677837789332;57,7701735604364;34,8914257303543
SBA;Evapo;21;Spatially adjusted;0,333265306122449;54,6777304862576;49,4972261442358;26,9366836019353
SBA;Evapo;21;Spatially adjusted;0,353469387755102;45,9699525829399;41,0708164180826;18,8751836541314
SBA;Evapo;21;Spatially adjusted;0,373673469387755;37,0966113721222;32,5285393287336;10,7382897821767
SBA;Evapo;21;Spatially adjusted;0,393877551020408;28,1231884792369;23,9175465502622;2,56506942741839
SBA;Evapo;21;Spatially adjusted;0,414081632653061;19,1151655297163;15,2849897567417;-5,60540996879468
SBA;Evapo;21;Spatially adjusted;0,434285714285714;10,1380241489926;6,6780206222461;-13,7340809651146
SBA;Evapo;21;Spatially adjusted;0,454489795918367;1,25724596249802;-1,85620917915094;-21,7818761201922
SBA;Evapo;21;Spatially adjusted;0,47469387755102;-7,46168740433495;-10,2705479733759;-29,70972799268
SBA;Evapo;21;Spatially adjusted;0,494897959183674;-15,9532943260735;-18,5178440863554;-37,478569141229
SBA;Evapo;21;Spatially adjusted;0,515102040816327;-24,152093177287;-26,5509458440156;-45,0493321244912
SBA;Evapo;21;Spatially adjusted;0,53530612244898;-31,9926023325413;-34,3227015722832;-52,3829495011182
SBA;Evapo;21;Spatially adjusted;0,555510204081633;-39,4093401664054;-41,785959597084;-59,4403538297622
SBA;Evapo;21;Spatially adjusted;0,575714285714286;-46,3368250534463;-48,8935682443453;-66,1824776690742
SBA;Evapo;21;Spatially adjusted;0,595918367346939;-52,7095753682318;-55,5983758399925;-72,5702535777054
SBA;Evapo;21;Spatially adjusted;0,616122448979592;-58,4621094853301;-61,8532307099529;-78,5646141143084
SBA;Evapo;21;Spatially adjusted;0,636326530612245;-63,5289457793078;-67,6109811801523;-84,1264918375348
SBA;Evapo;21;Spatially adjusted;0,656530612244898;-67,8446026247341;-72,8244755765175;-89,2168193060354
SBA;Evapo;21;Spatially adjusted;0,676734693877551;-71,3435983961756;-77,4465622249745;-93,796529078463
SBA;Evapo;21;Spatially adjusted;0,696938775510204;-73,9805540588911;-81,4445997244411;-97,8387908405412
SBA;Evapo;21;Spatially adjusted;0,717142857142857;-75,7905009409042;-84,8439877658002;-101,365722786287
SBA;Evapo;21;Spatially adjusted;0,73734693877551;-76,8285729609268;-87,6846363129253;-104,411680236788
SBA;Evapo;21;Spatially adjusted;0,757551020408163;-77,1499040376739;-90,00645532969;-107,011018513134
SBA;Evapo;21;Spatially adjusted;0,777755102040816;-76,8096280898581;-91,849354779969;-109,198092936413
SBA;Evapo;21;Spatially adjusted;0,797959183673469;-75,8628790361934;-93,2532446276355;-111,007258827715
SBA;Evapo;21;Spatially adjusted;0,818163265306122;-74,364790795393;-94,2580348365634;-112,472871508128
SBA;Evapo;21;Spatially adjusted;0,838367346938776;-72,370497286171;-94,903635370627;-113,629286298741
SBA;Evapo;21;Spatially adjusted;0,858571428571429;-69,9351324272407;-95,2299561936995;-114,510858520644
SBA;Evapo;21;Spatially adjusted;0,878775510204082;-67,1138301373155;-95,2769072696551;-115,151943494924
SBA;Evapo;21;Spatially adjusted;0,898979591836735;-63,9617243351086;-95,0843985623676;-115,586896542671
SBA;Evapo;21;Spatially adjusted;0,919183673469388;-60,5339489393346;-94,6923400357109;-115,850072984974
SBA;Evapo;21;Spatially adjusted;0,939387755102041;-56,885637868706;-94,140641653559;-115,975828142921
SBA;Evapo;21;Spatially adjusted;0,959591836734694;-53,0719250419368;-93,4692133797853;-115,998517337602
SBA;Evapo;21;Spatially adjusted;0,979795918367347;-49,147944377741;-92,717965178264;-115,952495890105
SBA;Evapo;21;Spatially adjusted;1;-45,168829794831;-91,9268070128685;-115,872119121519
SBA;Evapo;21;Current landscape;0,0278566889464855;75,7802025625058;88,1993141172873;83,6832324164461
SBA;Evapo;21;Current landscape;0,0737549215555191;22,6959069309366;44,1287956290498;32,2609810148811
SBA;Evapo;21;Current landscape;0,123026169836521;43,2316165992397;50,4725319788863;38,5732200129323
SBA;Evapo;21;Current landscape;0,180435374379158;21,4312297283534;35,1467891689574;13,2549293436903
SBA;Evapo;21;Current landscape;0,225969687104225;23,7002739343609;27,8798527090523;10,3884799541449
SBA;Evapo;21;Current landscape;0,279325276613235;31,8697840275374;28,1418025482094;5,45447399843943
SBA;Evapo;21;Current landscape;0,325798511505127;-1,18708738741952;1,4976941583102;-17,8483542682698
SBA;Evapo;21;Current landscape;0,376962304115296;29,4989623884417;7,68455538164562;-13,0271890648437
SBA;Evapo;21;Current landscape;0,421433687210083;-1,20924985357465;7,63074191306873;-26,2417184692904
SBA;Evapo;21;Current landscape;0,475385218858719;-6,83738073094446;-6,98621093038878;-13,9753310247847
SBA;Evapo;21;Current landscape;0,523885488510132;-34,5592111562887;-10,7054097674877;-45,8064411087551
SBA;Evapo;21;Current landscape;0,573737382888794;-26,4900599954524;-7,43579211867791;-48,4843890708012
SBA;Evapo;21;Current landscape;0,625094473361969;-53,6201173098561;-32,5272600440958;-54,6361255379825
SBA;Evapo;21;Current landscape;0,676684260368347;-39,7310012984776;-36,4924818368099;-42,6252270083482
SBA;Evapo;21;Current landscape;0,726783096790314;-40,9449413979166;-9,15814299624662;-36,453439924798
SBA;Evapo;21;Current landscape;0,774391233921051;-24,7780842686304;-4,47416496541132;-7,72888802243892
SBA;Evapo;21;Current landscape;0,823404729366302;-33,3751455222539;-23,2649059493781;-29,3969486190506
SBA;Evapo;21;Current landscape;0,874581217765808;-28,4089724359765;-39,480787362274;-35,6778745978043
SBA;Evapo;21;Current landscape;0,929128289222717;-4,48021328819459;-15,9607008994517;-41,3893519942367
SBA;Evapo;21;Current landscape;1;-25,8740448965714;-22,2392138192715;-24,8511490975309
SBA;Evapo;22;Spatially adjusted;0,01;144,913011262227;138,778040855328;125,645171094381
SBA;Evapo;22;Spatially adjusted;0,0302040816326531;139,684272273458;133,379989802552;120,247770262481
SBA;Evapo;22;Spatially adjusted;0,0504081632653061;134,439172705141;127,967849831542;114,832359401392
SBA;Evapo;22;Spatially adjusted;0,0706122448979592;129,16135197773;122,527532024065;109,380928481924
SBA;Evapo;22;Spatially adjusted;0,0908163265306122;123,834449511676;117,044947461889;103,875467474888
SBA;Evapo;22;Spatially adjusted;0,111020408163265;118,442104727434;111,50600722678;98,2979663510935
SBA;Evapo;22;Spatially adjusted;0,131224489795918;112,967957045455;105,896622400505;92,6304150813528
SBA;Evapo;22;Spatially adjusted;0,151428571428571;107,395645886192;100,20270406483;86,8548036364757
SBA;Evapo;22;Spatially adjusted;0,171632653061224;101,708810670098;94,4101633015221;80,9531219872731
SBA;Evapo;22;Spatially adjusted;0,191836734693878;95,8910908176251;88,5049111923486;74,9073601045557
SBA;Evapo;22;Spatially adjusted;0,212040816326531;89,9261257492272;82,4728588190756;68,6995079591334
SBA;Evapo;22;Spatially adjusted;0,232244897959184;83,7975548853558;76,2999172634702;62,3115555218176
SBA;Evapo;22;Spatially adjusted;0,252448979591837;77,4890176464642;69,9719976072986;55,7254927634185
SBA;Evapo;22;Spatially adjusted;0,27265306122449;70,9841534530049;63,4750109323286;48,9233096547468
SBA;Evapo;22;Spatially adjusted;0,292857142857143;64,2666017254303;56,7948683203258;41,8869961666135
SBA;Evapo;22;Spatially adjusted;0,313061224489796;57,3200018841938;49,9174808530577;34,5985422698286
SBA;Evapo;22;Spatially adjusted;0,333265306122449;50,1279933497474;42,8287596122907;27,0399379352029
SBA;Evapo;22;Spatially adjusted;0,353469387755102;42,6872226240303;35,5250919788814;19,2061090181874
SBA;Evapo;22;Spatially adjusted;0,373673469387755;35,0463645349241;28,0447705300458;11,1437249127919
SBA;Evapo;22;Spatially adjusted;0,393877551020408;27,2671009917976;20,4365641420886;2,91239089766646
SBA;Evapo;22;Spatially adjusted;0,414081632653061;19,4111139040187;12,7492416913162;-5,42828774853797
SBA;Evapo;22;Spatially adjusted;0,434285714285714;11,5400851809561;5,03157205403295;-13,8187057471728
SBA;Evapo;22;Spatially adjusted;0,454489795918367;3,71569673197746;-2,667675893455;-22,1992578195866
SBA;Evapo;22;Spatially adjusted;0,47469387755102;-4,00036953354902;-10,2997332748425;-30,5103386871294
SBA;Evapo;22;Spatially adjusted;0,494897959183674;-11,5464317062549;-17,8158312138241;-38,6923430711508
SBA;Evapo;22;Spatially adjusted;0,515102040816327;-18,860807876772;-25,1672008340943;-46,6856656930015
SBA;Evapo;22;Spatially adjusted;0,53530612244898;-25,8818161357317;-32,3050732593474;-54,430701274031
SBA;Evapo;22;Spatially adjusted;0,555510204081633;-32,5477745737669;-39,1806796132787;-61,8678445355884
SBA;Evapo;22;Spatially adjusted;0,575714285714286;-38,7970012815083;-45,7452510195824;-68,9374901990248
SBA;Evapo;22;Spatially adjusted;0,595918367346939;-44,5678143495884;-51,9500186019527;-75,5800329856891
SBA;Evapo;22;Spatially adjusted;0,616122448979592;-49,7985318686383;-57,7462134840848;-81,7358676169315
SBA;Evapo;22;Spatially adjusted;0,636326530612245;-54,4274719292905;-63,085066789673;-87,3453888141016
SBA;Evapo;22;Spatially adjusted;0,656530612244898;-58,3929526221762;-67,9178096424114;-92,3489912985497
SBA;Evapo;22;Spatially adjusted;0,676734693877551;-61,6332920379277;-72,1956731659955;-96,6870697916254
SBA;Evapo;22;Spatially adjusted;0,696938775510204;-64,1052846602638;-75,8843046323102;-100,317506657683
SBA;Evapo;22;Spatially adjusted;0,717142857142857;-65,8396305452538;-79,007015906006;-103,268134833094
SBA;Evapo;22;Spatially adjusted;0,73734693877551;-66,8855061420541;-81,6015349999243;-105,584274897235
SBA;Evapo;22;Spatially adjusted;0,757551020408163;-67,2920878998205;-83,7055899269062;-107,311247429484
SBA;Evapo;22;Spatially adjusted;0,777755102040816;-67,1085522677104;-85,3569086997927;-108,494373009215
SBA;Evapo;22;Spatially adjusted;0,797959183673469;-66,3840756948794;-86,5932193314256;-109,178972215806
SBA;Evapo;22;Spatially adjusted;0,818163265306122;-65,1678346304843;-87,4522498346457;-109,410365628632
SBA;Evapo;22;Spatially adjusted;0,838367346938776;-63,5090055236819;-87,9717282222946;-109,233873827071
SBA;Evapo;22;Spatially adjusted;0,858571428571429;-61,4567648236277;-88,1893825072134;-108,694817390499
SBA;Evapo;22;Spatially adjusted;0,878775510204082;-59,0602889794789;-88,1429407022431;-107,838516898292
SBA;Evapo;22;Spatially adjusted;0,898979591836735;-56,3687544403915;-87,8701308202253;-106,710292929826
SBA;Evapo;22;Spatially adjusted;0,919183673469388;-53,4313376555219;-87,4086808740012;-105,355466064478
SBA;Evapo;22;Spatially adjusted;0,939387755102041;-50,2972150740268;-86,7963188764122;-103,819356881625
SBA;Evapo;22;Spatially adjusted;0,959591836734694;-47,0155631450621;-86,0707728402995;-102,147285960642
SBA;Evapo;22;Spatially adjusted;0,979795918367347;-43,6355583177849;-85,2697707785042;-100,384573880907
SBA;Evapo;22;Spatially adjusted;1;-40,2063770413513;-84,4310407038674;-98,5765412217948
SBA;Evapo;22;Current landscape;0,0275062322616577;69,63688891516;77,0562251239628;75,6711420324025
SBA;Evapo;22;Current landscape;0,0738528892397881;18,1985928970046;39,5441416481058;26,2701760255684
SBA;Evapo;22;Current landscape;0,126538187265396;56,0863819131503;60,5289844546205;73,1498066859817
SBA;Evapo;22;Current landscape;0,180491000413895;15,8684709729534;23,2505332610986;21,8850464427048
SBA;Evapo;22;Current landscape;0,229254841804504;46,7514183800247;41,8397196885032;30,4936277171996
SBA;Evapo;22;Current landscape;0,275916755199432;26,2875202653961;40,4938754690463;26,596890806482
SBA;Evapo;22;Current landscape;0,324648082256317;13,9890409489922;26,2937072232405;-11,594163237012
SBA;Evapo;22;Current landscape;0,372964799404144;29,4396294110227;22,827995667571;-11,883671046779
SBA;Evapo;22;Current landscape;0,426049202680588;-5,5736175550087;3,33287043813334;-37,0221161615227
SBA;Evapo;22;Current landscape;0,473971724510193;-26,6197781620583;0,575255314334299;-27,1392722866744
SBA;Evapo;22;Current landscape;0,524719893932343;-21,3256585961724;-16,2943537074261;-49,9307229783867
SBA;Evapo;22;Current landscape;0,57346773147583;-6,93225290749479;-4,26004761011973;-55,7458099728317
SBA;Evapo;22;Current landscape;0,622781813144684;-29,017372488488;-16,4596222367597;-55,7406124437907
SBA;Evapo;22;Current landscape;0,675445735454559;-39,1899401437295;-13,3902731182466;-41,3143504967197
SBA;Evapo;22;Current landscape;0,725781559944153;-49,8218558360284;-18,2097768914839;-39,4523143281904
SBA;Evapo;22;Current landscape;0,775088548660278;-32,4583697164132;-25,8118182431028;-20,0444042216784
SBA;Evapo;22;Current landscape;0,82617199420929;-42,8483959245673;-25,6920003250466;-16,8209406886338
SBA;Evapo;22;Current landscape;0,877333641052246;-24,9608699725616;-0,349484236521676;-29,2155719475138
SBA;Evapo;22;Current landscape;0,926477432250977;8,04249233896439;8,5163767637946;-23,7266396130872
SBA;Evapo;22;Current landscape;1;-21,1975769781805;-12,8902686457773;-32,0635459716862
SBA;Evapo;23;Spatially adjusted;0,01;152,521821453885;152,105104713818;133,018154977363
SBA;Evapo;23;Spatially adjusted;0,0302040816326531;146,933338564169;145,629391824405;127,486838572564
SBA;Evapo;23;Spatially adjusted;0,0504081632653061;141,329017740789;139,144058950053;121,933636070669
SBA;Evapo;23;Spatially adjusted;0,0706122448979592;135,693021050081;132,639486105826;116,336661374585
SBA;Evapo;23;Spatially adjusted;0,0908163265306122;130,009510558382;126,106053306784;110,674028387218
SBA;Evapo;23;Spatially adjusted;0,111020408163265;124,262648332028;119,53414056799;104,923851011471
SBA;Evapo;23;Spatially adjusted;0,131224489795918;118,436596437356;112,914127904505;99,0642431502502
SBA;Evapo;23;Spatially adjusted;0,151428571428571;112,515516940702;106,236395331391;93,0733187064616
SBA;Evapo;23;Spatially adjusted;0,171632653061224;106,483571908401;99,4913228637097;86,9291915830102
SBA;Evapo;23;Spatially adjusted;0,191836734693878;100,324923406791;92,6692905165237;80,609975682801
SBA;Evapo;23;Spatially adjusted;0,212040816326531;94,023733502208;85,7606783048946;74,0937849087393
SBA;Evapo;23;Spatially adjusted;0,232244897959184;87,5641642609878;78,7558662438842;67,3587331637305
SBA;Evapo;23;Spatially adjusted;0,252448979591837;80,9303777494668;71,6452343485542;60,3829343506802
SBA;Evapo;23;Spatially adjusted;0,27265306122449;74,1065360339815;64,4191626339664;53,1445023724934
SBA;Evapo;23;Spatially adjusted;0,292857142857143;67,0768011808675;57,068031115183;45,6215511320752
SBA;Evapo;23;Spatially adjusted;0,313061224489796;59,8253352564623;49,5822198072658;37,7921945323312
SBA;Evapo;23;Spatially adjusted;0,333265306122449;52,3363003271015;41,9521087252765;29,6345464761664
SBA;Evapo;23;Spatially adjusted;0,353469387755102;44,60677125999;34,1772181909319;21,1426692685807
SBA;Evapo;23;Spatially adjusted;0,373673469387755;36,6854741258103;26,2936297525653;12,3744188229487
SBA;Evapo;23;Spatially adjusted;0,393877551020408;28,6340477961123;18,3465652651662;3,40359945474052
SBA;Evapo;23;Spatially adjusted;0,414081632653061;20,5141311424468;10,3812465837229;-5,69598452057517
SBA;Evapo;23;Spatially adjusted;0,434285714285714;12,3873630363646;2,44289556322474;-14,8505287875289
SBA;Evapo;23;Spatially adjusted;0,454489795918367;4,31538234941581;-5,42326594134011;-23,986229030651
SBA;Evapo;23;Spatially adjusted;0,47469387755102;-3,64017204684865;-13,1720160749826;-33,0292809344721
SBA;Evapo;23;Spatially adjusted;0,494897959183674;-11,4176612808785;-20,7581329827142;-41,9058801835229
SBA;Evapo;23;Spatially adjusted;0,515102040816327;-18,9554464811226;-28,1363948095461;-50,5422224623342
SBA;Evapo;23;Spatially adjusted;0,53530612244898;-26,191888776031;-35,2615797004892;-58,8645034554363
SBA;Evapo;23;Spatially adjusted;0,555510204081633;-33,0653492940526;-42,0884658005555;-66,7989188473603
SBA;Evapo;23;Spatially adjusted;0,575714285714286;-39,5141891636374;-48,5718312547558;-74,2716643226368
SBA;Evapo;23;Spatially adjusted;0,595918367346939;-45,4767695132343;-54,6664542081014;-81,2089355657954
SBA;Evapo;23;Spatially adjusted;0,616122448979592;-50,8914514712928;-60,3271128056035;-87,5369282613683
SBA;Evapo;23;Spatially adjusted;0,636326530612245;-55,6965961662627;-65,5085851922736;-93,1818380938851
SBA;Evapo;23;Spatially adjusted;0,656530612244898;-59,8305647265934;-70,1656495131229;-98,0698607478767
SBA;Evapo;23;Spatially adjusted;0,676734693877551;-63,2317182807333;-74,2530839131623;-102,127191907874
SBA;Evapo;23;Spatially adjusted;0,696938775510204;-65,8569666636179;-77,7396082192329;-105,301749809
SBA;Evapo;23;Spatially adjusted;0,717142857142857;-67,7374145361207;-80,6497089854927;-107,628342888754
SBA;Evapo;23;Spatially adjusted;0,73734693877551;-68,9227152656006;-83,0218144479286;-109,163502135228
SBA;Evapo;23;Spatially adjusted;0,757551020408163;-69,4625222194161;-84,8943528425289;-109,963758536511
SBA;Evapo;23;Spatially adjusted;0,777755102040816;-69,4064887649263;-86,3057524052799;-110,085643080697
SBA;Evapo;23;Spatially adjusted;0,797959183673469;-68,8042682694897;-87,29444137217;-109,585686755877
SBA;Evapo;23;Spatially adjusted;0,818163265306122;-67,7055141004653;-87,8988479791858;-108,520420550141
SBA;Evapo;23;Spatially adjusted;0,838367346938776;-66,1598796252117;-88,1574004623151;-106,946375451582
SBA;Evapo;23;Spatially adjusted;0,858571428571429;-64,2170182110879;-88,1085270575454;-104,920082448291
SBA;Evapo;23;Spatially adjusted;0,878775510204082;-61,9265832254523;-87,7906560008639;-102,498072528359
SBA;Evapo;23;Spatially adjusted;0,898979591836735;-59,3382280356641;-87,2422155282577;-99,7368766798791
SBA;Evapo;23;Spatially adjusted;0,919183673469388;-56,5016060090823;-86,5016338757148;-96,6930258909411
SBA;Evapo;23;Spatially adjusted;0,939387755102041;-53,4663705130652;-85,6073392792223;-93,4230511496373
SBA;Evapo;23;Spatially adjusted;0,959591836734694;-50,2821749149714;-84,5977599747675;-89,983483444059
SBA;Evapo;23;Spatially adjusted;0,979795918367347;-46,9986725821605;-83,5113241983381;-86,4308537622976
SBA;Evapo;23;Spatially adjusted;1;-43,6655168819905;-82,3864601859214;-82,8216930924446
SBA;Evapo;23;Current landscape;0,0294638779014349;73,1296897601171;82,1900253087356;69,5370711038763
SBA;Evapo;23;Current landscape;0,0740721896290779;33,3600238079921;67,4607173433567;48,7677684484224
SBA;Evapo;23;Current landscape;0,1249690502882;9,6188764912124;38,7694503479015;30,2023436751822
SBA;Evapo;23;Current landscape;0,177566781640053;22,2177273374293;39,0704257202779;36,8607865981141
SBA;Evapo;23;Current landscape;0,224856570363045;29,8753989244308;28,6506271837257;20,4456282974638
SBA;Evapo;23;Current landscape;0,275406539440155;32,0021997885219;27,1532661431108;2,65867883942815
SBA;Evapo;23;Current landscape;0,321621760725975;20,3985060342472;9,7408837644607;-5,26009413910742
SBA;Evapo;23;Current landscape;0,375302702188492;4,09361573019078;-12,3993927543518;-37,6942520771709
SBA;Evapo;23;Current landscape;0,424183458089828;-14,8134265352451;-19,4640039862713;-38,3860131743797
SBA;Evapo;23;Current landscape;0,477635905146599;-8,84859024532716;-2,21995742127888;-24,2075216241842
SBA;Evapo;23;Current landscape;0,52472859621048;-22,677229274992;-9,39603725242046;-39,5913517329284
SBA;Evapo;23;Current landscape;0,57159036397934;-43,6535302414154;-26,644489852167;-43,3795991775839
SBA;Evapo;23;Current landscape;0,62494283914566;-50,0478084384813;-30,2795011672927;-57,5834020985585
SBA;Evapo;23;Current landscape;0,675385862588882;-18,1244195739855;-23,9622295464474;-27,0771546356291
SBA;Evapo;23;Current landscape;0,730947196483612;-11,6674855451013;-12,4087047850426;-43,5892536716551
SBA;Evapo;23;Current landscape;0,774629712104797;-34,1581791483229;-28,3739872694332;-54,4568542455002
SBA;Evapo;23;Current landscape;0,826006352901459;-31,4795701594578;1,48882387939989;-14,4133987975677
SBA;Evapo;23;Current landscape;0,879450619220734;-9,65096466377963;-1,18679509878393;-9,3946708653757
SBA;Evapo;23;Current landscape;0,924812614917755;-6,26953845763069;-1,90646222304099;-49,5683903100553
SBA;Evapo;23;Current landscape;1;-21,9950134923447;-27,1726207675422;-29,8970401122861
SBA;Evapo;24;Spatially adjusted;0,01;155,191850472388;148,51288493738;136,07989138368
SBA;Evapo;24;Spatially adjusted;0,0302040816326531;149,44587266074;142,980096745366;129,843883247733
SBA;Evapo;24;Spatially adjusted;0,0504081632653061;143,684999682674;137,43075987978;123,592590497459
SBA;Evapo;24;Spatially adjusted;0,0706122448979592;137,89433637177;131,84832566705;117,310728518529
SBA;Evapo;24;Spatially adjusted;0,0908163265306122;132,05898756161;126,216245433602;110,983012696618
SBA;Evapo;24;Spatially adjusted;0,111020408163265;126,164058085774;120,517970505866;104,594158417397
SBA;Evapo;24;Spatially adjusted;0,131224489795918;120,194652777844;114,736952210268;98,1288810665399
SBA;Evapo;24;Spatially adjusted;0,151428571428571;114,135876471401;108,856641873236;91,5718960297183
SBA;Evapo;24;Spatially adjusted;0,171632653061224;107,972834000026;102,860490821198;84,9079186926053
SBA;Evapo;24;Spatially adjusted;0,191836734693878;101,690630197301;96,731950380582;78,1216644408739
SBA;Evapo;24;Spatially adjusted;0,212040816326531;95,2743698968056;90,454471877815;71,1978486601961
SBA;Evapo;24;Spatially adjusted;0,232244897959184;88,7091579321225;84,0115066393248;64,1211867362451
SBA;Evapo;24;Spatially adjusted;0,252448979591837;81,9800991368318;77,3865059915397;56,8763940546933
SBA;Evapo;24;Spatially adjusted;0,27265306122449;75,0722983445155;70,5629212608869;49,4481860012131
SBA;Evapo;24;Spatially adjusted;0,292857142857143;67,9708603887539;63,5242037737942;41,8212779614776
SBA;Evapo;24;Spatially adjusted;0,313061224489796;60,6608901031289;56,2538048566892;33,9803853211593
SBA;Evapo;24;Spatially adjusted;0,333265306122449;53,1274923212213;48,7351758359996;25,9102234659306
SBA;Evapo;24;Spatially adjusted;0,353469387755102;45,3683972221415;40,963665035345;17,6078536843027
SBA;Evapo;24;Spatially adjusted;0,373673469387755;37,4318363671159;32,9822087671125;9,11972087613799
SBA;Evapo;24;Spatially adjusted;0,393877551020408;29,3786666628998;24,84564034088;0,504615844136879
SBA;Evapo;24;Spatially adjusted;0,414081632653061;21,2697450162493;16,6087930662254;-8,17867060899948
SBA;Evapo;24;Spatially adjusted;0,434285714285714;13,1659283339195;8,32650025272869;-16,8713476805708
SBA;Evapo;24;Spatially adjusted;0,454489795918367;5,12807352266577;0,053595209966943;-25,5146245678759
SBA;Evapo;24;Spatially adjusted;0,47469387755102;-2,78296251075631;-8,15508875248088;-34,0497104682145
SBA;Evapo;24;Spatially adjusted;0,494897959183674;-10,5063228595907;-16,2447183250363;-42,4178145788858
SBA;Evapo;24;Spatially adjusted;0,515102040816327;-17,981150617082;-24,160460198121;-50,5601460971898
SBA;Evapo;24;Spatially adjusted;0,53530612244898;-25,1465888764756;-31,8474810621565;-58,4179142204239
SBA;Evapo;24;Spatially adjusted;0,555510204081633;-31,9417807310149;-39,2509476075643;-65,9323281458894
SBA;Evapo;24;Spatially adjusted;0,575714285714286;-38,3058692739448;-46,3160265247659;-73,0445970708847
SBA;Evapo;24;Spatially adjusted;0,595918367346939;-44,1779975985096;-52,9878845041831;-79,6959301927095
SBA;Evapo;24;Spatially adjusted;0,616122448979592;-49,497308797954;-59,211688236237;-85,8275367086626
SBA;Evapo;24;Spatially adjusted;0,636326530612245;-54,2029459655223;-64,9326044113495;-91,3806258160441
SBA;Evapo;24;Spatially adjusted;0,656530612244898;-58,2340521944589;-70,0957997199423;-96,2964067121523
SBA;Evapo;24;Spatially adjusted;0,676734693877551;-61,529770578009;-74,6464408524369;-100,516088594288
SBA;Evapo;24;Spatially adjusted;0,696938775510204;-64,0476812433769;-78,5457853371599;-103,998542562456
SBA;Evapo;24;Spatially adjusted;0,717142857142857;-65,8191124536111;-81,819454054061;-106,773287327492
SBA;Evapo;24;Spatially adjusted;0,73734693877551;-66,8938295057205;-84,5091587209952;-108,887503502938
SBA;Evapo;24;Spatially adjusted;0,757551020408163;-67,321597696714;-86,6566110558167;-110,388371702336
SBA;Evapo;24;Spatially adjusted;0,777755102040816;-67,1521823236008;-88,3035227763808;-111,323072539229
SBA;Evapo;24;Spatially adjusted;0,797959183673469;-66,4353486833895;-89,491605600542;-111,738786627158
SBA;Evapo;24;Spatially adjusted;0,818163265306122;-65,2208620730889;-90,2625712461552;-111,682694579667
SBA;Evapo;24;Spatially adjusted;0,838367346938776;-63,5584877897081;-90,6581314310754;-111,201977010296
SBA;Evapo;24;Spatially adjusted;0,858571428571429;-61,4979911302562;-90,7199978731569;-110,343814532587
SBA;Evapo;24;Spatially adjusted;0,878775510204082;-59,0891373917418;-90,4898822902549;-109,155387760084
SBA;Evapo;24;Spatially adjusted;0,898979591836735;-56,3816918711739;-90,0094964002242;-107,683877306328
SBA;Evapo;24;Spatially adjusted;0,919183673469388;-53,4254198655615;-89,3205519209194;-105,976463784862
SBA;Evapo;24;Spatially adjusted;0,939387755102041;-50,2700866719135;-88,4647605701957;-104,080327809226
SBA;Evapo;24;Spatially adjusted;0,959591836734694;-46,9654575872387;-87,4838340659071;-102,042649992965
SBA;Evapo;24;Spatially adjusted;0,979795918367347;-43,5612979085461;-86,4194841259093;-99,9106109496192
SBA;Evapo;24;Spatially adjusted;1;-40,1073729328443;-85,3134224680564;-97,7313912927316
SBA;Evapo;24;Current landscape;0,0291649457067251;44,8777365039375;61,7877052179802;51,0250581748355
SBA;Evapo;24;Current landscape;0,0760085433721542;46,1554824485136;67,1211579043104;77,3794568569881
SBA;Evapo;24;Current landscape;0,1249690502882;40,837759583123;49,7096921405841;33,3835142320543
SBA;Evapo;24;Current landscape;0,173916161060333;22,8434362514524;42,8354755090315;11,3936941829447
SBA;Evapo;24;Current landscape;0,222963601350784;16,8295025286359;36,8479989109444;9,74835461148064
SBA;Evapo;24;Current landscape;0,272983938455582;19,8735059935761;41,5444820934295;22,7356533486166
SBA;Evapo;24;Current landscape;0,325566321611404;9,7877840381359;27,3728980813519;23,4803434037324
SBA;Evapo;24;Current landscape;0,376025378704071;13,2557444789154;26,6664448500546;9,69431413109805
SBA;Evapo;24;Current landscape;0,426045179367065;-4,36145775106775;6,90982151536537;-21,4970540037818
SBA;Evapo;24;Current landscape;0,47765588760376;-18,3034402832329;-6,80437457037351;-13,5429443752687
SBA;Evapo;24;Current landscape;0,524552613496781;-9,48643482613602;0,340180384697987;-41,1958509195163
SBA;Evapo;24;Current landscape;0,57674378156662;-23,6240476084163;-15,7048848153249;-68,5191342166641
SBA;Evapo;24;Current landscape;0,623695015907288;-37,0812866335637;-31,0476138800386;-50,0832321072735
SBA;Evapo;24;Current landscape;0,674139320850372;-33,8588117133272;-21,1198680050111;-39,9688139076725
SBA;Evapo;24;Current landscape;0,72066468000412;-28,3500656523927;-17,618247720156;-35,7304568410777
SBA;Evapo;24;Current landscape;0,778784453868866;-22,0774230779657;-4,55578056664263;-40,3118876286867
SBA;Evapo;24;Current landscape;0,822527289390564;-21,7841868507026;-7,25698207688879;-24,3279704547824
SBA;Evapo;24;Current landscape;0,879375517368317;-17,1890667450871;-15,5601326885774;-32,6541979156953
SBA;Evapo;24;Current landscape;0,92671936750412;-17,3786266042596;-1,59093634130318;-33,5447457582816
SBA;Evapo;24;Current landscape;1;-31,3652685301408;-31,8104742933388;-35,794057743102
SBA;Evapo;25;Spatially adjusted;0,01;154,496990498336;151,714887868066;132,074207799919
SBA;Evapo;25;Spatially adjusted;0,0302040816326531;148,607420135643;145,57479437525;125,756156363973
SBA;Evapo;25;Spatially adjusted;0,0504081632653061;142,704274486272;139,422208751961;119,425865436194
SBA;Evapo;25;Spatially adjusted;0,0706122448979592;136,773978263543;133,244638867726;113,07109552475
SBA;Evapo;25;Spatially adjusted;0,0908163265306122;130,802956180777;127,029592592071;106,679607137809
SBA;Evapo;25;Spatially adjusted;0,111020408163265;124,777632951296;120,764577794523;100,239160783538
SBA;Evapo;25;Spatially adjusted;0,131224489795918;118,684433288421;114,43710234461;93,7375169701047
SBA;Evapo;25;Spatially adjusted;0,151428571428571;112,509781905474;108,034674111858;87,1624362056764
SBA;Evapo;25;Spatially adjusted;0,171632653061224;106,240103515774;101,544800965793;80,5016789984209
SBA;Evapo;25;Spatially adjusted;0,191836734693878;99,8618228326438;94,9549907759435;73,7430058565058
SBA;Evapo;25;Spatially adjusted;0,212040816326531;93,3613645694045;88,2527514118356;66,8741772880985
SBA;Evapo;25;Spatially adjusted;0,232244897959184;86,7251534393768;81,4255907429956;59,8829538013663
SBA;Evapo;25;Spatially adjusted;0,252448979591837;79,9396141558821;74,4610166389514;52,7570959044772
SBA;Evapo;25;Spatially adjusted;0,27265306122449;72,9911714322416;67,3465369692287;45,4843641055986
SBA;Evapo;25;Spatially adjusted;0,292857142857143;65,8662499817765;60,0696596033554;38,0525189128975
SBA;Evapo;25;Spatially adjusted;0,313061224489796;58,551274517808;52,6178924108576;30,4493208345425
SBA;Evapo;25;Spatially adjusted;0,333265306122449;51,0326697536571;44,9787432612627;22,6625303787005
SBA;Evapo;25;Spatially adjusted;0,353469387755102;43,3088797073092;37,1499900958454;14,6905118776176
SBA;Evapo;25;Spatially adjusted;0,373673469387755;35,4264256154065;29,1704911428744;6,57404495985702
SBA;Evapo;25;Spatially adjusted;0,393877551020408;27,4438480192553;21,0893747023672;-1,63548692194013
SBA;Evapo;25;Spatially adjusted;0,414081632653061;19,4196874601619;12,9557690743404;-9,8867003151322
SBA;Evapo;25;Spatially adjusted;0,434285714285714;11,4124844794326;4,81880255881151;-18,1282117670778
SBA;Evapo;25;Spatially adjusted;0,454489795918367;3,48077961837339;-3,27239654420328;-26,3086378251351
SBA;Evapo;25;Spatially adjusted;0,47469387755102;-4,31688658170924;-11,2686999346861;-34,3765950366628
SBA;Evapo;25;Spatially adjusted;0,494897959183674;-11,9219735795093;-19,1209793126204;-42,2806999490199
SBA;Evapo;25;Spatially adjusted;0,515102040816327;-19,2759408337201;-26,7801063779887;-49,9695691095642
SBA;Evapo;25;Spatially adjusted;0,53530612244898;-26,3202478030353;-34,1969528307745;-57,3918190656546
SBA;Evapo;25;Spatially adjusted;0,555510204081633;-32,9963539461492;-41,3223903709604;-64,4960663646491
SBA;Evapo;25;Spatially adjusted;0,575714285714286;-39,2457187217553;-48,1072906985298;-71,2309275539069
SBA;Evapo;25;Spatially adjusted;0,595918367346939;-45,0098015885471;-54,5025255134651;-77,5450191807861
SBA;Evapo;25;Spatially adjusted;0,616122448979592;-50,2300620052188;-60,4589665157491;-83,3869577926453
SBA;Evapo;25;Spatially adjusted;0,636326530612245;-54,8479594304633;-65,9274854053656;-88,7053599368428
SBA;Evapo;25;Spatially adjusted;0,656530612244898;-58,8049533229751;-70,8589538822971;-93,4488421607373
SBA;Evapo;25;Spatially adjusted;0,676734693877551;-62,0425031414477;-75,2042436465267;-97,5660210116873
SBA;Evapo;25;Spatially adjusted;0,696938775510204;-64,5199291078689;-78,9290322294226;-101,021136183591
SBA;Evapo;25;Spatially adjusted;0,717142857142857;-66,2679944974036;-82,0582204878945;-103,840919956509
SBA;Evapo;25;Spatially adjusted;0,73734693877551;-67,3353233485111;-84,6315151102369;-106,067727757038
SBA;Evapo;25;Spatially adjusted;0,757551020408163;-67,7705396996507;-86,6886227847454;-107,743915011779
SBA;Evapo;25;Spatially adjusted;0,777755102040816;-67,6222675892807;-88,2692501997144;-108,91183714733
SBA;Evapo;25;Spatially adjusted;0,797959183673469;-66,9391310558608;-89,4131040434395;-109,613849590291
SBA;Evapo;25;Spatially adjusted;0,818163265306122;-65,7697541378502;-90,1598910042148;-109,892307767261
SBA;Evapo;25;Spatially adjusted;0,838367346938776;-64,1627608737074;-90,5493177703359;-109,789567104838
SBA;Evapo;25;Spatially adjusted;0,858571428571429;-62,1667753018919;-90,621091030097;-109,347983029623
SBA;Evapo;25;Spatially adjusted;0,878775510204082;-59,8304214608627;-90,4149174717941;-108,609910968213
SBA;Evapo;25;Spatially adjusted;0,898979591836735;-57,2023233890793;-89,9705037837211;-107,617706347209
SBA;Evapo;25;Spatially adjusted;0,919183673469388;-54,331105125;-89,3275566541738;-106,413724593209
SBA;Evapo;25;Spatially adjusted;0,939387755102041;-51,2653907070846;-88,5257827714465;-105,040321132813
SBA;Evapo;25;Spatially adjusted;0,959591836734694;-48,0538041737921;-87,6048888238349;-103,539851392619
SBA;Evapo;25;Spatially adjusted;0,979795918367347;-44,744969563581;-86,604581499633;-101,954670799227
SBA;Evapo;25;Spatially adjusted;1;-41,387510914911;-85,5645674871362;-100,327134779236
SBA;Evapo;25;Current landscape;0,0263508260250092;42,2930080637948;51,0400857278626;31,9273874929363
SBA;Evapo;25;Current landscape;0,0763901621103287;42,2510982596243;69,0069013467714;53,4697394976893
SBA;Evapo;25;Current landscape;0,127163112163544;22,5780759727302;53,8156755666228;25,7273165715646
SBA;Evapo;25;Current landscape;0,177855744957924;37,4353106791396;41,1602320772254;20,7627362458077
SBA;Evapo;25;Current landscape;0,227691307663918;20,3292647780875;23,7899070168796;11,8964498688104
SBA;Evapo;25;Current landscape;0,275953948497772;-2,74261140495787;-1,22491151677309;-25,6094514714928
SBA;Evapo;25;Current landscape;0,324992001056671;11,547844808741;18,2823217241159;-15,655585701777
SBA;Evapo;25;Current landscape;0,375410914421082;10,134341775338;7,77379442624851;-11,6235481307021
SBA;Evapo;25;Current landscape;0,425494998693466;-6,99098864526513;-8,33978460964227;-42,0656791647154
SBA;Evapo;25;Current landscape;0,477172493934631;-16,866776406873;-6,86963937986752;-23,1361070345274
SBA;Evapo;25;Current landscape;0,524293631315232;-30,6379478803779;-4,34658057495153;-53,9485979815793
SBA;Evapo;25;Current landscape;0,575693368911743;-45,3508475670003;-14,5201712970791;-41,1513888263032
SBA;Evapo;25;Current landscape;0,625481784343719;-33,9922310904688;-20,9954442626386;-19,6091469440862
SBA;Evapo;25;Current landscape;0,67233270406723;-39,7693599941281;-32,2049482559532;-37,9369376091925
SBA;Evapo;25;Current landscape;0,727029860019684;-6,72079076026557;0,439400495092286;-33,0165331632632
SBA;Evapo;25;Current landscape;0,776392638683319;-32,7985612786815;-16,6490580455381;-37,0318896922097
SBA;Evapo;25;Current landscape;0,826485574245453;-26,8636182718747;-17,5815652299348;-23,8592208867703
SBA;Evapo;25;Current landscape;0,873911678791046;-45,1299545097363;-51,0723521326872;-55,7397330927404
SBA;Evapo;25;Current landscape;0,926287084817887;-10,1755171650661;-15,9448942802162;-45,9820983531429
SBA;Evapo;25;Current landscape;1;-24,5684199938244;-17,1258498356062;-32,0443181200531
SBA;Evapo;26;Spatially adjusted;0,01;162,757814053028;160,082014214584;140,423263309198
SBA;Evapo;26;Spatially adjusted;0,0302040816326531;155,396450046545;152,981435930141;134,054554751403
SBA;Evapo;26;Spatially adjusted;0,0504081632653061;148,033707805574;145,875960369181;127,673653170501
SBA;Evapo;26;Spatially adjusted;0,0706122448979592;140,668209095624;138,760690255186;121,268365543388
SBA;Evapo;26;Spatially adjusted;0,0908163265306122;133,298575682207;131,630728311639;114,826498846956
SBA;Evapo;26;Spatially adjusted;0,111020408163265;125,923429330834;124,481177262022;108,335860058101
SBA;Evapo;26;Spatially adjusted;0,131224489795918;118,541391807016;117,307139829819;101,784256153715
SBA;Evapo;26;Spatially adjusted;0,151428571428571;111,151084876265;110,103718738511;95,1594941106923
SBA;Evapo;26;Spatially adjusted;0,171632653061224;103,75113030409;102,866016711581;88,4493809059281
SBA;Evapo;26;Spatially adjusted;0,191836734693878;96,3401498560029;95,5891364725121;81,6417235163156
SBA;Evapo;26;Spatially adjusted;0,212040816326531;88,9167652975152;88,2681807447871;74,7243289187486
SBA;Evapo;26;Spatially adjusted;0,232244897959184;81,4795983941374;80,8982522518882;67,6850040901211
SBA;Evapo;26;Spatially adjusted;0,252448979591837;74,0272709113806;73,4744537172981;60,5115560073273
SBA;Evapo;26;Spatially adjusted;0,27265306122449;66,5584046147558;65,9918878644987;53,191791647261
SBA;Evapo;26;Spatially adjusted;0,292857142857143;59,0716212697742;58,445657416974;45,713517986816
SBA;Evapo;26;Spatially adjusted;0,313061224489796;51,5655426419464;50,8308650982056;38,064542002887
SBA;Evapo;26;Spatially adjusted;0,333265306122449;44,0387904967838;43,1426136316766;30,232670672367
SBA;Evapo;26;Spatially adjusted;0,353469387755102;36,496434323951;35,3827785345138;22,215911632921
SBA;Evapo;26;Spatially adjusted;0,373673469387755;28,9693345097294;27,580326498424;14,0530751652932
SBA;Evapo;26;Spatially adjusted;0,393877551020408;21,4947991645538;19,7709970087585;5,79317221099927
SBA;Evapo;26;Spatially adjusted;0,414081632653061;14,1101363988587;11,9905295508679;-2,5147862884462
SBA;Evapo;26;Spatially adjusted;0,434285714285714;6,85265432307961;4,27466361010352;-10,8217893915275
SBA;Evapo;26;Spatially adjusted;0,454489795918367;-0,240338952348566;-3,34086132818356;-19,0788261567304
SBA;Evapo;26;Spatially adjusted;0,47469387755102;-7,13153531699072;-10,8203057786423;-27,2368856425387
SBA;Evapo;26;Spatially adjusted;0,494897959183674;-13,7836266604127;-18,1279302559217;-35,2469569074383
SBA;Evapo;26;Spatially adjusted;0,515102040816327;-20,1593048721786;-25,2279952746701;-43,0600290099135
SBA;Evapo;26;Spatially adjusted;0,53530612244898;-26,2212618418539;-32,0847613495373;-50,6270910084493
SBA;Evapo;26;Spatially adjusted;0,555510204081633;-31,9321894590034;-38,6624889951715;-57,8991319615307
SBA;Evapo;26;Spatially adjusted;0,575714285714286;-37,2547796131926;-44,925438726222;-64,8271409276426
SBA;Evapo;26;Spatially adjusted;0,595918367346939;-42,1517241939862;-50,8378710573372;-71,3621069652697
SBA;Evapo;26;Spatially adjusted;0,616122448979592;-46,585715090949;-56,3640465031665;-77,4550191328972
SBA;Evapo;26;Spatially adjusted;0,636326530612245;-50,5194441936467;-61,4682255783589;-83,0568664890097
SBA;Evapo;26;Spatially adjusted;0,656530612244898;-53,9156033916438;-66,1146687975629;-88,118638092092
SBA;Evapo;26;Spatially adjusted;0,676734693877551;-56,7368845745054;-70,2676366754276;-92,5913230006292
SBA;Evapo;26;Spatially adjusted;0,696938775510204;-58,9585745890108;-73,9028589619384;-96,4407256137347
SBA;Evapo;26;Spatially adjusted;0,717142857142857;-60,6063401107938;-77,041942348427;-99,6919116930335
SBA;Evapo;26;Spatially adjusted;0,73734693877551;-61,7184427727025;-79,7179627615615;-102,38476234078
SBA;Evapo;26;Spatially adjusted;0,757551020408163;-62,3331442075858;-81,9639961280095;-104,559158659227
SBA;Evapo;26;Spatially adjusted;0,777755102040816;-62,4887060482911;-83,8131183744404;-106,254981750629
SBA;Evapo;26;Spatially adjusted;0,797959183673469;-62,2233899276666;-85,2984054275212;-107,51211271724
SBA;Evapo;26;Spatially adjusted;0,818163265306122;-61,575457478561;-86,4529332139207;-108,370432661314
SBA;Evapo;26;Spatially adjusted;0,838367346938776;-60,5831703338217;-87,309777660307;-108,869822685103
SBA;Evapo;26;Spatially adjusted;0,858571428571429;-59,2847901262974;-87,9020146933478;-109,050163890862
SBA;Evapo;26;Spatially adjusted;0,878775510204082;-57,7185784888359;-88,2627202397116;-108,951337380845
SBA;Evapo;26;Spatially adjusted;0,898979591836735;-55,9227970542856;-88,4249702260663;-108,613224257306
SBA;Evapo;26;Spatially adjusted;0,919183673469388;-53,9357074554948;-88,4218405790807;-108,075705622497
SBA;Evapo;26;Spatially adjusted;0,939387755102041;-51,7955713253114;-88,2864072254224;-107,378662578674
SBA;Evapo;26;Spatially adjusted;0,959591836734694;-49,5406502965834;-88,051746091759;-106,561976228089
SBA;Evapo;26;Spatially adjusted;0,979795918367347;-47,2092060021589;-87,75093310476;-105,665527672997
SBA;Evapo;26;Spatially adjusted;1;-44,8395000748867;-87,4170441910926;-104,729198015651
SBA;Evapo;26;Current landscape;0,0270171705633402;50,3358186786916;72,4466180921072;45,7163702902783
SBA;Evapo;26;Current landscape;0,0748538449406624;47,5057354275348;74,3423213191807;70,176994649999
SBA;Evapo;26;Current landscape;0,124284364283085;33,1990556036401;42,3442191430963;30,5480638761783
SBA;Evapo;26;Current landscape;0,175923727452755;35,4740712401206;41,0462980527143;25,2653198218352
SBA;Evapo;26;Current landscape;0,227178946137428;19,0766999292184;11,0385401421777;12,0984643122679
SBA;Evapo;26;Current landscape;0,278330534696579;-9,23627560576369;-11,9381154523637;-23,3526449931076
SBA;Evapo;26;Current landscape;0,323928117752075;7,90758220496991;17,2917600431645;4,43957860075284
SBA;Evapo;26;Current landscape;0,374255955219269;24,911680430886;38,7142342685229;15,5238185808698
SBA;Evapo;26;Current landscape;0,431066691875458;-28,2352534941522;-13,4667061459086;-25,5978924426024
SBA;Evapo;26;Current landscape;0,474469244480133;-16,926863192122;6,63134044901972;-28,270500392586
SBA;Evapo;26;Current landscape;0,523214757442474;-13,0367921169791;-23,6906045718456;-52,8882976815255
SBA;Evapo;26;Current landscape;0,575831413269043;-19,7458450452193;-38,9174475394559;-75,6192806617164
SBA;Evapo;26;Current landscape;0,624456346035004;-23,7174318836471;-25,4054805155588;-50,4827924549748
SBA;Evapo;26;Current landscape;0,675854742527008;-5,5109332798138;-17,7802303084409;-26,334235239977
SBA;Evapo;26;Current landscape;0,726673364639282;-0,860764330602706;-9,72791958272046;-61,0827681504654
SBA;Evapo;26;Current landscape;0,775195419788361;-16,8242833460456;-3,35833050591236;-55,1644502127774
SBA;Evapo;26;Current landscape;0,825696408748627;-27,713349133013;-24,5991290834195;-17,7928037004185
SBA;Evapo;26;Current landscape;0,876170516014099;-17,2004630922881;-24,6276554768901;-48,088830189143
SBA;Evapo;26;Current landscape;0,92641630768776;-29,6082576621441;-25,7843315007019;-64,9918893379656
SBA;Evapo;26;Current landscape;1;-29,241925667229;-16,3314072407491;-37,9759300176186
SBA;Evapo;27;Spatially adjusted;0,01;166,621404771731;164,090536655744;144,166058098392
SBA;Evapo;27;Spatially adjusted;0,0302040816326531;160,196830099436;157,251893826042;137,634226482734
SBA;Evapo;27;Spatially adjusted;0,0504081632653061;153,758182127922;150,400563179417;131,084791684692
SBA;Evapo;27;Spatially adjusted;0,0706122448979592;147,291387557967;143,523856898946;124,500150521885
SBA;Evapo;27;Spatially adjusted;0,0908163265306122;140,782373090352;136,609087167706;117,862699811928
SBA;Evapo;27;Spatially adjusted;0,111020408163265;134,217065425858;129,643566168773;111,154836372439
SBA;Evapo;27;Spatially adjusted;0,131224489795918;127,581391265263;122,614606085226;104,358957021036
SBA;Evapo;27;Spatially adjusted;0,151428571428571;120,861277309348;115,509519100139;97,4574585753351
SBA;Evapo;27;Spatially adjusted;0,171632653061224;114,042650258893;108,315617396592;90,4327378529531
SBA;Evapo;27;Spatially adjusted;0,191836734693878;107,111436814678;101,020213157659;83,2671916715071
SBA;Evapo;27;Spatially adjusted;0,212040816326531;100,053563677483;93,6106185664189;75,9432168486144
SBA;Evapo;27;Spatially adjusted;0,232244897959184;92,8549575480872;86,0741458059481;68,4432102018918
SBA;Evapo;27;Spatially adjusted;0,252448979591837;85,5015451272716;78,3981070593229;60,7495685489566
SBA;Evapo;27;Spatially adjusted;0,27265306122449;77,9792531158164;70,5698145096214;52,8446887074254
SBA;Evapo;27;Spatially adjusted;0,292857142857143;70,2740082145008;62,5765803399197;44,7109674949156
SBA;Evapo;27;Spatially adjusted;0,313061224489796;62,371737124105;54,4057167332951;36,3308017290442
SBA;Evapo;27;Spatially adjusted;0,333265306122449;54,258366545409;46,0445358728241;27,6865882274278
SBA;Evapo;27;Spatially adjusted;0,353469387755102;45,9323709682478;37,491253386404;18,7747992277436
SBA;Evapo;27;Spatially adjusted;0,373673469387755;37,4424160386741;28,7876986812107;9,64820864790818
SBA;Evapo;27;Spatially adjusted;0,393877551020408;28,8497151917959;19,9866046092402;0,373665825898343
SBA;Evapo;27;Spatially adjusted;0,414081632653061;20,2154818627214;11,140704022489;-8,98197990030985
SBA;Evapo;27;Spatially adjusted;0,434285714285714;11,6009294865582;2,30272977295317;-18,3518791927399
SBA;Evapo;27;Spatially adjusted;0,454489795918367;3,06727149841436;-6,47458528737184;-27,669182713415
SBA;Evapo;27;Spatially adjusted;0,47469387755102;-5,32427866660214;-15,1385083064893;-36,8670411243591
SBA;Evapo;27;Spatially adjusted;0,494897959183674;-13,5125075733836;-23,6363064324032;-45,8786050875956
SBA;Evapo;27;Spatially adjusted;0,515102040816327;-21,4362017868223;-31,9152468131179;-54,6370252651473
SBA;Evapo;27;Spatially adjusted;0,53530612244898;-29,0341478718099;-39,9225965966366;-63,0754523190385
SBA;Evapo;27;Spatially adjusted;0,555510204081633;-36,2451323932387;-47,6056229309638;-71,1270369112926
SBA;Evapo;27;Spatially adjusted;0,575714285714286;-43,0079419160011;-54,9115929641032;-78,7249297039332
SBA;Evapo;27;Spatially adjusted;0,595918367346939;-49,2613630049887;-61,7877738440584;-85,8022813589835
SBA;Evapo;27;Spatially adjusted;0,616122448979592;-54,9441822250938;-68,1814327188342;-92,2922425384672
SBA;Evapo;27;Spatially adjusted;0,636326530612245;-59,9951861412089;-74,0398367364332;-98,1279639044074
SBA;Evapo;27;Spatially adjusted;0,656530612244898;-64,3531613182254;-79,3102530448605;-103,242596118828
SBA;Evapo;27;Spatially adjusted;0,676734693877551;-67,9568943210361;-83,9399487921194;-107,569289843753
SBA;Evapo;27;Spatially adjusted;0,696938775510204;-70,7638682829809;-87,8922034079337;-111,061241337404
SBA;Evapo;27;Spatially adjusted;0,717142857142857;-72,8063526111939;-91,1943454489065;-113,751829242799
SBA;Evapo;27;Spatially adjusted;0,73734693877551;-74,1353132812571;-93,8897157533602;-115,694477799156
SBA;Evapo;27;Spatially adjusted;0,757551020408163;-74,8017162687525;-96,0216551596181;-116,942611245691
SBA;Evapo;27;Spatially adjusted;0,777755102040816;-74,8565275492626;-97,6335045060027;-117,549653821622
SBA;Evapo;27;Spatially adjusted;0,797959183673469;-74,3507130983692;-98,768604630837;-117,569029766165
SBA;Evapo;27;Spatially adjusted;0,818163265306122;-73,3352388916544;-99,4702963724431;-117,054163318538
SBA;Evapo;27;Spatially adjusted;0,838367346938776;-71,8610709047009;-99,7819205691446;-116,058478717958
SBA;Evapo;27;Spatially adjusted;0,858571428571429;-69,9791751130899;-99,7468180592639;-114,635400203641
SBA;Evapo;27;Spatially adjusted;0,878775510204082;-67,7405174924043;-99,4083296811236;-112,838352014805
SBA;Evapo;27;Spatially adjusted;0,898979591836735;-65,1960640182258;-98,8097962730467;-110,720758390667
SBA;Evapo;27;Spatially adjusted;0,919183673469388;-62,3967806661369;-97,9945586733559;-108,336043570444
SBA;Evapo;27;Spatially adjusted;0,939387755102041;-59,3936334117193;-97,0059577203745;-105,737631793352
SBA;Evapo;27;Spatially adjusted;0,959591836734694;-56,2375882305557;-95,8873342524241;-102,978947298609
SBA;Evapo;27;Spatially adjusted;0,979795918367347;-52,9796110982272;-94,6820291078284;-100,113414325432
SBA;Evapo;27;Spatially adjusted;1;-49,6706679903171;-93,43338312491;-97,1944571130387
SBA;Evapo;27;Current landscape;0,0282885227352381;88,8285218733427;112,139361946667;88,8206282721471
SBA;Evapo;27;Current landscape;0,0764208771288395;53,5123837011304;75,7717254953832;69,4603830657259
SBA;Evapo;27;Current landscape;0,125240534543991;47,2101543343558;73,916372101739;69,7523240839146
SBA;Evapo;27;Current landscape;0,175693228840828;29,6282075729712;32,5687422196329;20,6931903523978
SBA;Evapo;27;Current landscape;0,224789217114449;37,8261779624165;37,4238651164692;29,6078013826157
SBA;Evapo;27;Current landscape;0,277486979961395;10,2405361387016;17,5793855641116;-5,73317911898471
SBA;Evapo;27;Current landscape;0,327232673764229;22,5916822448544;21,2024065693834;13,4552968454159
SBA;Evapo;27;Current landscape;0,376826584339142;17,2878497135748;29,4677980138272;-1,08590356143986
SBA;Evapo;27;Current landscape;0,423574134707451;4,23304128786026;-0,837804664398163;-20,9552544366341
SBA;Evapo;27;Current landscape;0,475195974111557;-3,55050267528395;5,89449784969793;-30,1892230422279
SBA;Evapo;27;Current landscape;0,525624513626099;-16,597621269962;-16,7651859315354;-33,2905539952678
SBA;Evapo;27;Current landscape;0,574496567249298;-54,0337736837664;-28,3504234346267;-45,050701674028
SBA;Evapo;27;Current landscape;0,623686820268631;-36,7975947720929;-40,1216256484422;-54,3051727682184
SBA;Evapo;27;Current landscape;0,677213966846466;-24,52181324607;-20,8437442031427;-47,4892827873673
SBA;Evapo;27;Current landscape;0,725840210914612;13,5902637814659;-7,76652220296478;-42,1446907875397
SBA;Evapo;27;Current landscape;0,778810858726501;-34,8448489424281;-19,356670293279;-40,3212375963888
SBA;Evapo;27;Current landscape;0,822608977556229;-31,5803900009055;-22,2232881416517;-26,5074582237678
SBA;Evapo;27;Current landscape;0,871939539909363;-43,2340831555036;-46,9578661884304;-50,4152864999401
SBA;Evapo;27;Current landscape;0,927602767944336;-7,00677274437771;-15,8434401124225;-50,4028905319458
SBA;Evapo;27;Current landscape;1;-32,4208905201033;-32,7700810856018;-38,65372623233
SBA;Evapo;28;Spatially adjusted;0,01;151,039699239046;154,851787507608;140,849647347741
SBA;Evapo;28;Spatially adjusted;0,0302040816326531;145,078717309735;148,470820320473;134,911946743755
SBA;Evapo;28;Spatially adjusted;0,0504081632653061;139,106759914638;142,078968303562;128,955490016706
SBA;Evapo;28;Spatially adjusted;0,0706122448979592;133,112851587967;135,665346627101;122,96152104353
SBA;Evapo;28;Spatially adjusted;0,0908163265306122;127,086016863934;129,219070461315;116,911283701163
SBA;Evapo;28;Spatially adjusted;0,111020408163265;121,015280276753;122,729254976428;110,786021866544
SBA;Evapo;28;Spatially adjusted;0,131224489795918;114,889666360637;116,185015342667;104,566979416608
SBA;Evapo;28;Spatially adjusted;0,151428571428571;108,698199649799;109,575466730253;98,2354002282923
SBA;Evapo;28;Spatially adjusted;0,171632653061224;102,429904678451;102,889724309415;91,7725281785331
SBA;Evapo;28;Spatially adjusted;0,191836734693878;96,0738059808064;96,1169032503749;85,1596071442673
SBA;Evapo;28;Spatially adjusted;0,212040816326531;89,6189280910785;89,2461187233587;78,3778810024319
SBA;Evapo;28;Spatially adjusted;0,232244897959184;83,0542955434799;82,2664858985916;71,4085936299628
SBA;Evapo;28;Spatially adjusted;0,252448979591837;76,3689328722233;75,1671199462983;64,2329889037976
SBA;Evapo;28;Spatially adjusted;0,27265306122449;69,5518646115224;67,9371360367031;56,8323107008723
SBA;Evapo;28;Spatially adjusted;0,292857142857143;62,5921152955896;60,5656493400316;49,1878028981237
SBA;Evapo;28;Spatially adjusted;0,313061224489796;55,4787094586375;53,0417750265081;41,2807093724889
SBA;Evapo;28;Spatially adjusted;0,333265306122449;48,2006716348801;45,3546282663579;33,0922740009041
SBA;Evapo;28;Spatially adjusted;0,353469387755102;40,7572560597491;37,5026678037102;24,6177196468418
SBA;Evapo;28;Spatially adjusted;0,373673469387755;33,1886357735557;29,5217266783141;15,908185119916
SBA;Evapo;28;Spatially adjusted;0,393877551020408;25,5452135178311;21,4569815038219;7,02878821627792
SBA;Evapo;28;Spatially adjusted;0,414081632653061;17,8773920341059;13,3536088938872;-1,95535326792356
SBA;Evapo;28;Spatially adjusted;0,434285714285714;10,2355740639109;5,25678546216295;-10,9791215365374
SBA;Evapo;28;Spatially adjusted;0,454489795918367;2,67016234877678;-2,78831217769789;-19,9773987934141
SBA;Evapo;28;Spatially adjusted;0,47469387755102;-4,76844036976581;-10,7365074120416;-28,885067242403
SBA;Evapo;28;Spatially adjusted;0,494897959183674;-12,0298313501853;-18,5426236272158;-37,637009087355
SBA;Evapo;28;Spatially adjusted;0,515102040816327;-19,0636078509517;-26,1614842095671;-46,1681065321191
SBA;Evapo;28;Spatially adjusted;0,53530612244898;-25,8193671305342;-33,5479125454426;-54,4132417805454
SBA;Evapo;28;Spatially adjusted;0,555510204081633;-32,2467064474015;-40,6567320211887;-62,307297036484
SBA;Evapo;28;Spatially adjusted;0,575714285714286;-38,2952230600231;-47,4427660231525;-69,7851545037845
SBA;Evapo;28;Spatially adjusted;0,595918367346939;-43,9145142268678;-53,860837937681;-76,781696386297
SBA;Evapo;28;Spatially adjusted;0,616122448979592;-49,0541772064059;-59,865771151121;-83,2318048878715
SBA;Evapo;28;Spatially adjusted;0,636326530612245;-53,6638092571054;-65,4123890498195;-89,0703622123576
SBA;Evapo;28;Spatially adjusted;0,656530612244898;-57,6930076374361;-70,4555150201234;-94,2322505636057
SBA;Evapo;28;Spatially adjusted;0,676734693877551;-61,0913696058669;-74,9499724483792;-98,6523521454653
SBA;Evapo;28;Spatially adjusted;0,696938775510204;-63,8239891189708;-78,8643000435816;-102,284807383702
SBA;Evapo;28;Spatially adjusted;0,717142857142857;-65,9179469257338;-82,2218978053143;-105,160789591747
SBA;Evapo;28;Spatially adjusted;0,73734693877551;-67,4158204732448;-85,0598810558088;-107,330730304946
SBA;Evapo;28;Spatially adjusted;0,757551020408163;-68,3601872085935;-87,4153651172965;-108,845061058644
SBA;Evapo;28;Spatially adjusted;0,777755102040816;-68,7936245788696;-89,325465312008;-109,754213388189
SBA;Evapo;28;Spatially adjusted;0,797959183673469;-68,7587100311623;-90,8272969621753;-110,108618828926
SBA;Evapo;28;Spatially adjusted;0,818163265306122;-68,2980210125606;-91,9579753900296;-109,958708916201
SBA;Evapo;28;Spatially adjusted;0,838367346938776;-67,4541349701542;-92,7546159178023;-109,354915185361
SBA;Evapo;28;Spatially adjusted;0,858571428571429;-66,269629351033;-93,2543338677244;-108,347669171751
SBA;Evapo;28;Spatially adjusted;0,878775510204082;-64,7870816022855;-93,4942445620272;-106,987402410719
SBA;Evapo;28;Spatially adjusted;0,898979591836735;-63,0490691710018;-93,5114633229421;-105,32454643761
SBA;Evapo;28;Spatially adjusted;0,919183673469388;-61,098169504271;-93,3431054727007;-103,40953278777
SBA;Evapo;28;Spatially adjusted;0,939387755102041;-58,9769600491827;-93,026286333534;-101,292792996545
SBA;Evapo;28;Spatially adjusted;0,959591836734694;-56,7280182528264;-92,5981212276733;-99,0247585992815
SBA;Evapo;28;Spatially adjusted;0,979795918367347;-54,3939215622907;-92,09572547735;-96,655861131326
SBA;Evapo;28;Spatially adjusted;1;-52,0172474246658;-91,5562144047956;-94,2365321280242
SBA;Evapo;28;Current landscape;0,024819603189826;65,5085920935671;82,0688828882783;68,9268332342379
SBA;Evapo;28;Current landscape;0,0781034231185913;3,93827199928933;34,204226024591;34,847996749905
SBA;Evapo;28;Current landscape;0,122981235384941;22,848496219824;27,9232209670172;42,588790790182
SBA;Evapo;28;Current landscape;0,179275691509247;18,5609058386935;23,9418675715444;40,2922076910324
SBA;Evapo;28;Current landscape;0,224936246871948;37,7795472032956;36,6797860473471;24,3010191142607
SBA;Evapo;28;Current landscape;0,281173288822174;-0,148093789870018;12,7486868177252;1,8216775052947
SBA;Evapo;28;Current landscape;0,325677424669266;12,497980603237;23,6403748120472;3,35223901556947
SBA;Evapo;28;Current landscape;0,37975025177002;-1,6027870151463;15,7786710618147;-18,5619415964791
SBA;Evapo;28;Current landscape;0,426230281591415;-10,9134560238044;-16,4193822392174;-31,2311558290555
SBA;Evapo;28;Current landscape;0,477822750806808;-18,9193222966903;-2,39110961366441;-32,7808122087704
SBA;Evapo;28;Current landscape;0,526057958602905;-23,0195053645818;-20,5745769729458;-68,8275655704176
SBA;Evapo;28;Current landscape;0,573932349681854;-23,4096498087877;-21,9266259487806;-59,8374539912159
SBA;Evapo;28;Current landscape;0,62468683719635;-22,0030831197698;-8,40779612670758;-36,5835189740353
SBA;Evapo;28;Current landscape;0,675087869167328;-32,2802678321564;-44,0588779447458;-52,7718055379101
SBA;Evapo;28;Current landscape;0,725795835256577;-19,4611022424949;-10,4975669011612;-60,2341817698148
SBA;Evapo;28;Current landscape;0,775929570198059;-35,9852132936264;-30,282484023686;-51,3669632986055
SBA;Evapo;28;Current landscape;0,821205973625183;-36,0949247908966;-36,7143955527849;-37,9745647741886
SBA;Evapo;28;Current landscape;0,87020879983902;-24,150967443089;-37,6965785549064;-37,0342111192347
SBA;Evapo;28;Current landscape;0,93023020029068;-45,7544809897106;-25,1049490625344;-55,2021454009753
SBA;Evapo;28;Current landscape;1;-35,8592527205642;-39,229721832482;-40,3746345275149
SBA;Evapo;29;Spatially adjusted;0,01;155,162359917995;155,232448436124;131,178928673146
SBA;Evapo;29;Spatially adjusted;0,0302040816326531;148,70406948623;147,586739679349;124,420022669678
SBA;Evapo;29;Spatially adjusted;0,0504081632653061;142,239042351508;139,943937686354;117,656383302225
SBA;Evapo;29;Spatially adjusted;0,0706122448979592;135,760541810872;132,306949220919;110,8832772068
SBA;Evapo;29;Spatially adjusted;0,0908163265306122;129,261831161365;124,678681046823;104,095971019417
SBA;Evapo;29;Spatially adjusted;0,111020408163265;122,736173700029;117,062039927846;97,2897313760909
SBA;Evapo;29;Spatially adjusted;0,131224489795918;116,176832723909;109,459932627768;90,4598249128349
SBA;Evapo;29;Spatially adjusted;0,151428571428571;109,577071530047;101,875265910368;83,6015182656638
SBA;Evapo;29;Spatially adjusted;0,171632653061224;102,930153415485;94,3109465394273;76,7100780705916
SBA;Evapo;29;Spatially adjusted;0,191836734693878;96,2293416772682;86,7698812787248;69,7807709636318
SBA;Evapo;29;Spatially adjusted;0,212040816326531;89,4678996124378;79,2549768920403;62,8088635807994
SBA;Evapo;29;Spatially adjusted;0,232244897959184;82,6390905180369;71,7691401431537;55,789622558108
SBA;Evapo;29;Spatially adjusted;0,252448979591837;75,7361776911091;64,3152777958446;48,7183145315719
SBA;Evapo;29;Spatially adjusted;0,27265306122449;68,7524244286976;56,8962966138929;41,5902061372046
SBA;Evapo;29;Spatially adjusted;0,292857142857143;61,6810940278447;49,5151033610782;34,4005640110211
SBA;Evapo;29;Spatially adjusted;0,313061224489796;54,5154497855938;42,174604801181;27,144654789035
SBA;Evapo;29;Spatially adjusted;0,333265306122449;47,2487549989876;34,87770769798;19,8177451072609
SBA;Evapo;29;Spatially adjusted;0,353469387755102;39,8833587841959;27,6300120139945;12,4215041846467
SBA;Evapo;29;Spatially adjusted;0,373673469387755;32,4579535338967;20,447890506699;4,9832115718832
SBA;Evapo;29;Spatially adjusted;0,393877551020408;25,0203174598935;13,3504091323057;-2,46345059740656
SBA;Evapo;29;Spatially adjusted;0,414081632653061;17,6182287739905;6,35663384702775;-9,88480018959876
SBA;Evapo;29;Spatially adjusted;0,434285714285714;10,2994656879919;-0,514369392921935;-17,2471550710688
SBA;Evapo;29;Spatially adjusted;0,454489795918367;3,11180641370152;-7,24353463133025;-24,5168331081929
SBA;Evapo;29;Spatially adjusted;0,47469387755102;-3,89697083707574;-13,8117959119838;-31,6601521673467
SBA;Evapo;29;Spatially adjusted;0,494897959183674;-10,6790878525367;-20,2000872786705;-38,6434301149066
SBA;Evapo;29;Spatially adjusted;0,515102040816327;-17,1867664208764;-26,3893427751766;-45,4329848172481
SBA;Evapo;29;Spatially adjusted;0,53530612244898;-23,3722283302916;-32,3604964452895;-51,9951341407475
SBA;Evapo;29;Spatially adjusted;0,555510204081633;-29,1876953689773;-38,0944823327964;-58,2961959517802
SBA;Evapo;29;Spatially adjusted;0,575714285714286;-34,5853893251294;-43,572234481484;-64,3024881167225
SBA;Evapo;29;Spatially adjusted;0,595918367346939;-39,5175319869447;-48,7746869351395;-69,9803285019507
SBA;Evapo;29;Spatially adjusted;0,616122448979592;-43,9363451426182;-53,68277373755;-75,2960349738401
SBA;Evapo;29;Spatially adjusted;0,636326530612245;-47,7940505803463;-58,2774289325021;-80,2159253987666
SBA;Evapo;29;Spatially adjusted;0,656530612244898;-51,0428700883242;-62,5395865637834;-84,7063176431066
SBA;Evapo;29;Spatially adjusted;0,676734693877551;-53,6350254547485;-66,450180675181;-88,7335295732362
SBA;Evapo;29;Spatially adjusted;0,696938775510204;-55,5380394442962;-69,9971836935592;-92,2746683949661
SBA;Evapo;29;Spatially adjusted;0,717142857142857;-56,7806387275709;-73,1967215780969;-95,3499986718512
SBA;Evapo;29;Spatially adjusted;0,73734693877551;-57,4068509516571;-76,0719586710495;-97,9905743068807
SBA;Evapo;29;Spatially adjusted;0,757551020408163;-57,4607037636401;-78,6460593146737;-100,227449203045
SBA;Evapo;29;Spatially adjusted;0,777755102040816;-56,9862248106044;-80,9421878512246;-102,091677263332
SBA;Evapo;29;Spatially adjusted;0,797959183673469;-56,0274417396349;-82,9835086229593;-103,614312390734
SBA;Evapo;29;Spatially adjusted;0,818163265306122;-54,628382197817;-84,7931859721334;-104,826408488238
SBA;Evapo;29;Spatially adjusted;0,838367346938776;-52,833073832235;-86,3943842410029;-105,759019458835
SBA;Evapo;29;Spatially adjusted;0,858571428571429;-50,6855442899744;-87,8102677718239;-106,443199205515
SBA;Evapo;29;Spatially adjusted;0,878775510204082;-48,229821218119;-89,064000906852;-106,910001631268
SBA;Evapo;29;Spatially adjusted;0,898979591836735;-45,5099322637545;-90,1787479883444;-107,190480639082
SBA;Evapo;29;Spatially adjusted;0,919183673469388;-42,5699050739663;-91,1776733585562;-107,315690131948
SBA;Evapo;29;Spatially adjusted;0,939387755102041;-39,4537672958379;-92,0839413597439;-107,316684012855
SBA;Evapo;29;Spatially adjusted;0,959591836734694;-36,2055465764549;-92,9207163341632;-107,224516184793
SBA;Evapo;29;Spatially adjusted;0,979795918367347;-32,8692705629023;-93,7111626240705;-107,070240550752
SBA;Evapo;29;Spatially adjusted;1;-29,4889669022648;-94,4784445717219;-106,884911013721
SBA;Evapo;29;Current landscape;0,0248011332005262;51,9486864959583;76,0210519192667;46,3796740339365
SBA;Evapo;29;Current landscape;0,0759556964039803;33,868333874088;63,744705425268;60,8987118496368
SBA;Evapo;29;Current landscape;0,124939292669296;39,8525451861633;50,8586922681639;67,1879057019007
SBA;Evapo;29;Current landscape;0,175219297409058;19,5404420521129;20,3905636951104;13,7817325410394
SBA;Evapo;29;Current landscape;0,226506970822812;23,182467685142;28,2462182149261;15,1779866713987
SBA;Evapo;29;Current landscape;0,278152227401733;6,06279223069919;7,87152009409442;-7,39328477264326
SBA;Evapo;29;Current landscape;0,321762651205063;0,974347447619493;8,36924874928081;-9,57715539833794
SBA;Evapo;29;Current landscape;0,375971049070358;6,51874294512049;6,8583209299893;-26,2418745662449
SBA;Evapo;29;Current landscape;0,424240976572037;-15,144041987955;-12,0904968405314;-43,0206168938926
SBA;Evapo;29;Current landscape;0,477306336164474;-14,2907475319387;12,3419883188337;-36,4516839357941
SBA;Evapo;29;Current landscape;0,524925291538239;-29,1561725534725;-15,9157583141903;-39,0830544922294
SBA;Evapo;29;Current landscape;0,575909018516541;-12,3708151632441;-33,0384778551802;-62,6965408284957
SBA;Evapo;29;Current landscape;0,623349070549011;-30,1880133561676;-24,3974541307457;-46,0244660002229
SBA;Evapo;29;Current landscape;0,674175173044205;-39,11890321227;-47,2495664834014;-67,9100139088769
SBA;Evapo;29;Current landscape;0,721270680427551;-10,6175329938392;-6,58796830873348;-37,476992121246
SBA;Evapo;29;Current landscape;0,773020803928375;-20,9001619570822;-31,8137125900234;-42,2836051415752
SBA;Evapo;29;Current landscape;0,826166927814484;-26,9083710200355;-28,9333950004534;-35,339747248993
SBA;Evapo;29;Current landscape;0,87640106678009;-9,41480654899306;-25,1458802963318;-39,0776485109182
SBA;Evapo;29;Current landscape;0,927723586559296;4,77177395002946;-15,1804339668447;-46,9945167991266
SBA;Evapo;29;Current landscape;1;-9,60158559070851;-30,6653369336777;-35,3833824738158
SBA;Evapo;30;Spatially adjusted;0,01;150,898170939352;144,742098295552;129,164688066593
SBA;Evapo;30;Spatially adjusted;0,0302040816326531;145,970511087431;139,885856805937;124,165687656716
SBA;Evapo;30;Spatially adjusted;0,0504081632653061;141,019723970884;135,006735955828;119,140896789037
SBA;Evapo;30;Spatially adjusted;0,0706122448979592;136,022682325082;130,081856384729;114,064525005756
SBA;Evapo;30;Spatially adjusted;0,0908163265306122;130,9562588854;125,088338732144;108,910781849072
SBA;Evapo;30;Spatially adjusted;0,111020408163265;125,797326387209;120,00330363758;103,653876861185
SBA;Evapo;30;Spatially adjusted;0,131224489795918;120,522757565883;114,80387174054;98,2680195842918
SBA;Evapo;30;Spatially adjusted;0,151428571428571;115,109425156795;109,46716368053;92,727419560593
SBA;Evapo;30;Spatially adjusted;0,171632653061224;109,534201895317;103,970300097056;87,0062863322871
SBA;Evapo;30;Spatially adjusted;0,191836734693878;103,773960516824;98,2904016296204;81,0788294415736
SBA;Evapo;30;Spatially adjusted;0,212040816326531;97,8055737566863;92,4045889177301;74,9192584306509
SBA;Evapo;30;Spatially adjusted;0,232244897959184;91,6059143502791;86,2899826008893;68,5017828417183
SBA;Evapo;30;Spatially adjusted;0,252448979591837;85,1518550329745;79,9237033186032;61,8006122169745
SBA;Evapo;30;Spatially adjusted;0,27265306122449;78,4202685401456;73,2828717103773;54,7899560986189
SBA;Evapo;30;Spatially adjusted;0,292857142857143;71,388027607165;66,3446084157158;47,4440240288504
SBA;Evapo;30;Spatially adjusted;0,313061224489796;64,032004969406;59,0860340741238;39,7370255498674
SBA;Evapo;30;Spatially adjusted;0,333265306122449;56,3290733622416;51,4842693251064;31,6431702038699
SBA;Evapo;30;Spatially adjusted;0,353469387755102;48,2726445578424;43,5312811575509;23,1539204813944
SBA;Evapo;30;Spatially adjusted;0,373673469387755;39,9222864755732;35,2784219578737;14,3297506663325
SBA;Evapo;30;Spatially adjusted;0,393877551020408;31,3541060715957;26,7918904618725;5,24838799091322
SBA;Evapo;30;Spatially adjusted;0,414081632653061;22,6442103020722;18,137885405346;-4,01244031263423
SBA;Evapo;30;Spatially adjusted;0,434285714285714;13,8687061231649;9,3826055240927;-13,37500701208
SBA;Evapo;30;Spatially adjusted;0,454489795918367;5,1037004910354;0,592249553910961;-22,7615848751955
SBA;Evapo;30;Spatially adjusted;0,47469387755102;-3,57469963815356;-8,16698376940053;-32,0944466697511
SBA;Evapo;30;Spatially adjusted;0,494897959183674;-12,09038730824;-16,8288957100442;-41,2958651635176
SBA;Evapo;30;Spatially adjusted;0,515102040816327;-20,3672555630621;-25,3272875322211;-50,2881131242657
SBA;Evapo;30;Spatially adjusted;0,53530612244898;-28,3291974464569;-33,5959605001328;-58,9934633197654
SBA;Evapo;30;Spatially adjusted;0,555510204081633;-35,9001060022626;-41,5687158779813;-67,3341885177883
SBA;Evapo;30;Spatially adjusted;0,575714285714286;-43,0038742743177;-49,1793549299678;-75,2325614861045
SBA;Evapo;30;Spatially adjusted;0,595918367346939;-49,5643953064594;-56,3616789202943;-82,6108549924852
SBA;Evapo;30;Spatially adjusted;0,616122448979592;-55,5055621425254;-63,0494891131616;-89,3913418047007
SBA;Evapo;30;Spatially adjusted;0,636326530612245;-60,7512678263543;-69,1765867727725;-95,4962946905218
SBA;Evapo;30;Spatially adjusted;0,656530612244898;-65,2254054017835;-74,6767731633274;-100,847986417719
SBA;Evapo;30;Spatially adjusted;0,676734693877551;-68,8518679126505;-79,4838495490292;-105,368689754064
SBA;Evapo;30;Spatially adjusted;0,696938775510204;-71,57685562487;-83,55055978276;-109,003097793771
SBA;Evapo;30;Spatially adjusted;0,717142857142857;-73,4357976926608;-86,9054180721296;-111,785584936838
SBA;Evapo;30;Spatially adjusted;0,73734693877551;-74,4864304923176;-89,5958812134284;-113,772945909709
SBA;Evapo;30;Spatially adjusted;0,757551020408163;-74,7864904001367;-91,6694060029477;-115,021975438825
SBA;Evapo;30;Spatially adjusted;0,777755102040816;-74,3937137924127;-93,1734492369774;-115,589468250629
SBA;Evapo;30;Spatially adjusted;0,797959183673469;-73,3658370454407;-94,155467711809;-115,532219071564
SBA;Evapo;30;Spatially adjusted;0,818163265306122;-71,7605965355165;-94,662918223733;-114,907022628073
SBA;Evapo;30;Spatially adjusted;0,838367346938776;-69,6357286389348;-94,7432575690402;-113,770673646598
SBA;Evapo;30;Spatially adjusted;0,858571428571429;-67,0489697319913;-94,4439425440212;-112,179966853581
SBA;Evapo;30;Spatially adjusted;0,878775510204082;-64,058056190981;-93,8124299449669;-110,191696975467
SBA;Evapo;30;Spatially adjusted;0,898979591836735;-60,7207243921992;-92,8961765681681;-107,862658738696
SBA;Evapo;30;Spatially adjusted;0,919183673469388;-57,0947107119412;-91,7426392099158;-105,249646869712
SBA;Evapo;30;Spatially adjusted;0,939387755102041;-53,2377515265018;-90,3992746664999;-102,409456094957
SBA;Evapo;30;Spatially adjusted;0,959591836734694;-49,2075832121773;-88,9135397342122;-99,3988811408754
SBA;Evapo;30;Spatially adjusted;0,979795918367347;-45,061942145262;-87,3328912093427;-96,2747167339073
SBA;Evapo;30;Spatially adjusted;1;-40,8585647020514;-85,7047858881824;-93,0937576004969
SBA;Evapo;30;Current landscape;0,0280252695083618;69,7531451323055;83,6614720136099;71,3890311215175
SBA;Evapo;30;Current landscape;0,0787231251597404;45,1786334022386;48,9364103610151;57,4261206692361
SBA;Evapo;30;Current landscape;0,12578434497118;56,1613083345173;68,9348114407612;57,5115807343621
SBA;Evapo;30;Current landscape;0,177159324288368;34,2816780526841;47,4768160917884;28,5648899691207
SBA;Evapo;30;Current landscape;0,224792346358299;31,1713317561271;41,5218963755065;23,3852405698733
SBA;Evapo;30;Current landscape;0,276358157396317;18,6478330401112;31,2162605897838;-5,50719696779993
SBA;Evapo;30;Current landscape;0,326796531677246;16,8181233387813;38,6910959081388;-5,29555182417562
SBA;Evapo;30;Current landscape;0,374930888414383;19,6882987507879;22,6084436894607;-21,0548359114568
SBA;Evapo;30;Current landscape;0,424006968736649;-12,4857521963988;-6,17578258659478;-36,1916735628272
SBA;Evapo;30;Current landscape;0,475385218858719;-2,50445742374836;6,58147110682012;-9,56351747845929
SBA;Evapo;30;Current landscape;0,523685038089752;-15,5992137617077;0,177631677038107;-41,5044169459052
SBA;Evapo;30;Current landscape;0,574736297130585;-39,2932433219794;-29,7041354796122;-64,2481868254774
SBA;Evapo;30;Current landscape;0,623072385787964;-37,7173704641621;-27,6592985894804;-55,3585993650847
SBA;Evapo;30;Current landscape;0,675272762775421;-22,9820329313909;-23,4987144984709;-46,556529789922
SBA;Evapo;30;Current landscape;0,726561188697815;-15,1329537931015;-8,12299892175429;-33,199125867751
SBA;Evapo;30;Current landscape;0,777364492416382;-21,7088347025779;-1,73192399940035;-9,16313835795927
SBA;Evapo;30;Current landscape;0,823522686958313;-39,5028026260925;-14,5580095141293;-9,80040671130382
SBA;Evapo;30;Current landscape;0,877656519412994;-17,7059795578584;-20,3811602001965;-26,9938334390606
SBA;Evapo;30;Current landscape;0,921878337860107;-30,9374202551694;-3,15770468939422;-62,2896810231021
SBA;Evapo;30;Current landscape;1;-24,9449576952584;-33,1698040536658;-34,7813245072348
