region;response;run;contrast_type;frac_area;PF_minus_SF_early;PF_minus_SF_intermediate;PF_minus_SF_advanced
CBA;Prec;1;Spatially adjusted;0,01;3,28728825390181;-7,06444813443022;0,882397418623441
CBA;Prec;1;Spatially adjusted;0,0302040816326531;3,53749539193723;-6,81502734429614;0,857191807764139
CBA;Prec;1;Spatially adjusted;0,0504081632653061;3,7848826825475;-6,56703849038104;0,835665121341208
CBA;Prec;1;Spatially adjusted;0,0706122448979592;4,02663027830704;-6,32191350890435;0,821496283790566
CBA;Prec;1;Spatially adjusted;0,0908163265306122;4,25991833179069;-6,0810843360855;0,81836421954813
CBA;Prec;1;Spatially adjusted;0,111020408163265;4,48192699557239;-5,84598290814301;0,829947853050726
CBA;Prec;1;Spatially adjusted;0,131224489795918;4,68983642222702;-5,61804116129724;0,859926108733816
CBA;Prec;1;Spatially adjusted;0,151428571428571;4,88082676432941;-5,39869103176625;0,911977911033773
CBA;Prec;1;Spatially adjusted;0,171632653061224;5,05207817445444;-5,18936445576946;0,989782184387423
CBA;Prec;1;Spatially adjusted;0,191836734693878;5,20077080517604;-4,99149336952723;1,09701785322977
CBA;Prec;1;Spatially adjusted;0,212040816326531;5,32408480906906;-4,80650970925717;1,2373638419981
CBA;Prec;1;Spatially adjusted;0,232244897959184;5,41920033870792;-4,63584541117962;1,41449907512788
CBA;Prec;1;Spatially adjusted;0,252448979591837;5,48329754666793;-4,48093241151264;1,63210247705592
CBA;Prec;1;Spatially adjusted;0,27265306122449;5,51355658552302;-4,34320264647658;1,89385297221725
CBA;Prec;1;Spatially adjusted;0,292857142857143;5,50715760784806;-4,22408805228997;2,20342948504913
CBA;Prec;1;Spatially adjusted;0,313061224489796;5,4612807662179;-4,12502056517269;2,56451093998658
CBA;Prec;1;Spatially adjusted;0,333265306122449;5,37310621320648;-4,04743212134326;2,98077626146687
CBA;Prec;1;Spatially adjusted;0,353469387755102;5,24190365589175;-3,99243280274459;3,45344427502187
CBA;Prec;1;Spatially adjusted;0,373673469387755;5,07530101936072;-3,95984527421024;3,97389341056442
CBA;Prec;1;Spatially adjusted;0,393877551020408;4,88301578320443;-3,94917034629862;4,53104199910422
CBA;Prec;1;Spatially adjusted;0,414081632653061;4,67476542701343;-3,95990882956676;5,11380837165098
CBA;Prec;1;Spatially adjusted;0,434285714285714;4,46026743037646;-3,99156153457261;5,71111085921348
CBA;Prec;1;Spatially adjusted;0,454489795918367;4,24923927288592;-4,04362927187412;6,31186779280233
CBA;Prec;1;Spatially adjusted;0,47469387755102;4,0513984341319;-4,11561285202788;6,90499750342542
CBA;Prec;1;Spatially adjusted;0,494897959183674;3,87646239370315;-4,20701308559228;7,47941832209244
CBA;Prec;1;Spatially adjusted;0,515102040816327;3,7341486311916;-4,31733078312482;8,02404857981355
CBA;Prec;1;Spatially adjusted;0,53530612244898;3,63417462618691;-4,44606675518253;8,52780660759754
CBA;Prec;1;Spatially adjusted;0,555510204081633;3,58625785828008;-4,59272181232291;8,97961073645365
CBA;Prec;1;Spatially adjusted;0,575714285714286;3,60011580706032;-4,75679676510481;9,36837929739204
CBA;Prec;1;Spatially adjusted;0,595918367346939;3,68546595211956;-4,93779242408482;9,68303062142104
CBA;Prec;1;Spatially adjusted;0,616122448979592;3,85202577304699;-5,13520959982043;9,91248303955035
CBA;Prec;1;Spatially adjusted;0,636326530612245;4,10951274943318;-5,34854910286958;10,0456548827901
CBA;Prec;1;Spatially adjusted;0,656530612244898;4,46764436086914;-5,57731174378932;10,0714644821492
CBA;Prec;1;Spatially adjusted;0,676734693877551;4,93613808694408;-5,82099833313805;9,97883016863625
CBA;Prec;1;Spatially adjusted;0,696938775510204;5,52184099821125;-6,07904262180682;9,75986644290424
CBA;Prec;1;Spatially adjusted;0,717142857142857;6,22011852906917;-6,3506101220255;9,41947248417682
CBA;Prec;1;Spatially adjusted;0,73734693877551;7,02346570487816;-6,63479928635707;8,96574364132039
CBA;Prec;1;Spatially adjusted;0,757551020408163;7,92437755099945;-6,93070856736495;8,40677526320042
CBA;Prec;1;Spatially adjusted;0,777755102040816;8,91534909279289;-7,23743641761212;7,75066269868421
CBA;Prec;1;Spatially adjusted;0,797959183673469;9,98887535561971;-7,55408128966246;7,00550129663816
CBA;Prec;1;Spatially adjusted;0,818163265306122;11,1374513648402;-7,87974163607896;6,1793864059282
CBA;Prec;1;Spatially adjusted;0,838367346938776;12,3535721458147;-8,2135159094255;5,28041337542072
CBA;Prec;1;Spatially adjusted;0,858571428571429;13,6297327239049;-8,55450256226459;4,31667755398212
CBA;Prec;1;Spatially adjusted;0,878775510204082;14,9584281244706;-8,90180004716058;3,29627429047923
CBA;Prec;1;Spatially adjusted;0,898979591836735;16,3321533728727;-9,25450681667598;2,22729893377755
CBA;Prec;1;Spatially adjusted;0,919183673469388;17,7434034944713;-9,61172132337515;1,11784683274436
CBA;Prec;1;Spatially adjusted;0,939387755102041;19,1846735146278;-9,97254201982014;-0,0239866637543855
CBA;Prec;1;Spatially adjusted;0,959591836734694;20,648458458702;-10,3360673585757;-1,19010620685231
CBA;Prec;1;Spatially adjusted;0,979795918367347;22,1272533520551;-10,7013957922045;-2,37241644768301
CBA;Prec;1;Spatially adjusted;1;23,6135532200474;-11,0676257732694;-3,56282203737965
CBA;Prec;1;Current landscape;0,0269597321748734;228,928964864351;178,026436092013;136,030911484687
CBA;Prec;1;Current landscape;0,072057418525219;80,5639053821901;43,5039457820635;21,161912549871
CBA;Prec;1;Current landscape;0,130162566900253;105,687783446728;108,311240924951;67,1067561013119
CBA;Prec;1;Current landscape;0,175811246037483;123,806726193818;98,9542163546985;88,538074528592
CBA;Prec;1;Current landscape;0,225277200341225;149,79312073542;99,0270250034546;40,0373616232214
CBA;Prec;1;Current landscape;0,275228291749954;123,336840554612;93,3783195342271;48,3523979732017
CBA;Prec;1;Current landscape;0,323820769786835;145,279820860959;128,562344212318;67,7284009851519
CBA;Prec;1;Current landscape;0,374434590339661;93,6624524579815;97,9620373591793;71,8338017246752
CBA;Prec;1;Current landscape;0,425799459218979;27,5832120558475;15,1683473955127;12,1011478818896
CBA;Prec;1;Current landscape;0,474281787872314;96,6858125309777;38,1046749893699;41,7947305657526
CBA;Prec;1;Current landscape;0,527213603258133;109,172288449649;71,3096641051579;62,1243561743086
CBA;Prec;1;Current landscape;0,574741840362549;197,237820681439;58,5927872112961;21,4333895361356
CBA;Prec;1;Current landscape;0,625683009624481;97,8988108316571;9,45166838689238;-15,714484784347
CBA;Prec;1;Current landscape;0,675532698631287;107,593706392868;-25,4220400620357;-39,6535836081794
CBA;Prec;1;Current landscape;0,723317801952362;74,546642454869;-9,60627512126985;-29,8236112606369
CBA;Prec;1;Current landscape;0,774782598018646;112,146566092994;8,10668599300516;16,7402212003713
CBA;Prec;1;Current landscape;0,824866652488709;-38,6565141277069;-153,697711108332;-113,977567064538
CBA;Prec;1;Current landscape;0,876155853271484;12,5635058386069;-122,403641869683;-122,601370631603
CBA;Prec;1;Current landscape;0,925547868013382;-4,58377443407608;-105,141537444907;-179,122305863106
CBA;Prec;1;Current landscape;1;-68,8652277019933;-75,8683400108539;-93,6096589737244
CBA;Prec;2;Spatially adjusted;0,01;-6,20633774684347;-10,0913255333289;-8,47370636184496
CBA;Prec;2;Spatially adjusted;0,0302040816326531;-4,24212129187072;-10,1714843668451;-7,05694438315459
CBA;Prec;2;Spatially adjusted;0,0504081632653061;-2,29594631004511;-10,2470318032115;-5,64696213017896
CBA;Prec;2;Spatially adjusted;0,0706122448979592;-0,38585427451244;-10,3133564452787;-4,25053932863375
CBA;Prec;2;Spatially adjusted;0,0908163265306122;1,47011334157924;-10,365846895897;-2,8744557042337
CBA;Prec;2;Spatially adjusted;0,111020408163265;3,25391506508413;-10,399891757917;-1,52549098269355
CBA;Prec;2;Spatially adjusted;0,131224489795918;4,94750942285418;-10,4108796341884;-0,210424889728529
CBA;Prec;2;Spatially adjusted;0,151428571428571;6,53285494174406;-10,3941991275624;1,06396284894663
CBA;Prec;2;Spatially adjusted;0,171632653061224;7,99191014860662;-10,3452388408891;2,29089250761626
CBA;Prec;2;Spatially adjusted;0,191836734693878;9,3066335702938;-10,2593873770188;3,46358436056516
CBA;Prec;2;Spatially adjusted;0,212040816326531;10,4589837336603;-10,1320333388021;4,57525868207949
CBA;Prec;2;Spatially adjusted;0,232244897959184;11,4309191655584;-9,9585653290892;5,61913574644359
CBA;Prec;2;Spatially adjusted;0,252448979591837;12,2043983928415;-9,73437195073075;6,58843582794134
CBA;Prec;2;Spatially adjusted;0,27265306122449;12,761379942363;-9,4548418065765;7,47637920085981
CBA;Prec;2;Spatially adjusted;0,292857142857143;13,0838223409755;-9,11536349947755;8,27618613948243
CBA;Prec;2;Spatially adjusted;0,313061224489796;13,1536841155335;-8,71132563228321;8,98107691809446
CBA;Prec;2;Spatially adjusted;0,333265306122449;12,9529237928882;-8,23811680784547;9,58427181098114
CBA;Prec;2;Spatially adjusted;0,353469387755102;12,4731049739598;-7,69421465173718;10,08086698645
CBA;Prec;2;Spatially adjusted;0,373673469387755;11,7442115559306;-7,09045288042444;10,4734621888992
CBA;Prec;2;Spatially adjusted;0,393877551020408;10,8058325100483;-6,44075423309823;10,7665330567502
CBA;Prec;2;Spatially adjusted;0,414081632653061;9,69755680755998;-5,75904144894867;10,9645552284233
CBA;Prec;2;Spatially adjusted;0,434285714285714;8,4589734197134;-5,05923726716492;11,0720043423403
CBA;Prec;2;Spatially adjusted;0,454489795918367;7,12967131775667;-4,35526442693845;11,0933560369217
CBA;Prec;2;Spatially adjusted;0,47469387755102;5,74923947293792;-3,66104566745753;11,033085950588
CBA;Prec;2;Spatially adjusted;0,494897959183674;4,35726685650434;-2,99050372791317;10,8956697217609
CBA;Prec;2;Spatially adjusted;0,515102040816327;2,99334243970361;-2,3575613474959;10,6855829888618
CBA;Prec;2;Spatially adjusted;0,53530612244898;1,69705519378385;-1,77614126539493;10,4073013903103
CBA;Prec;2;Spatially adjusted;0,555510204081633;0,507994089992735;-1,26016622080124;10,065300564529
CBA;Prec;2;Spatially adjusted;0,575714285714286;-0,534251900421168;-0,823558952903568;9,66405614993801
CBA;Prec;2;Spatially adjusted;0,595918367346939;-1,39009380621201;-0,480242200892917;9,20804378495814
CBA;Prec;2;Spatially adjusted;0,616122448979592;-2,01994265613075;-0,244138703959379;8,70173910801077
CBA;Prec;2;Spatially adjusted;0,636326530612245;-2,38420947892973;-0,129171201292138;8,14961775751681
CBA;Prec;2;Spatially adjusted;0,656530612244898;-2,44330530336083;-0,149262432082651;7,5561553718976
CBA;Prec;2;Spatially adjusted;0,676734693877551;-2,15764115817728;-0,318335135519646;6,92582758957315
CBA;Prec;2;Spatially adjusted;0,696938775510204;-1,49822986880599;-0,646294675388617;6,26270150254368
CBA;Prec;2;Spatially adjusted;0,717142857142857;-0,478491447374836;-1,12697691385529;5,56921001712362
CBA;Prec;2;Spatially adjusted;0,73734693877551;0,877552297310103;-1,75020033767942;4,84737749320539
CBA;Prec;2;Spatially adjusted;0,757551020408163;2,54587955644729;-2,50578343362076;4,09922829068182
CBA;Prec;2;Spatially adjusted;0,777755102040816;4,50246852123155;-3,38354468844045;3,32678676944533
CBA;Prec;2;Spatially adjusted;0,797959183673469;6,72329738285862;-4,37330258889779;2,53207728938833
CBA;Prec;2;Spatially adjusted;0,818163265306122;9,18434433252514;-5,46487562175344;1,71712421040502
CBA;Prec;2;Spatially adjusted;0,838367346938776;11,8615875614282;-6,64808227376761;0,883951892386449
CBA;Prec;2;Spatially adjusted;0,858571428571429;14,7310052607618;-7,91274103170008;0,0345846952268403
CBA;Prec;2;Spatially adjusted;0,878775510204082;17,7685756217229;-9,2486703823115;-0,82895302118277
CBA;Prec;2;Spatially adjusted;0,898979591836735;20,9502768355073;-10,6456888123612;-1,70463689694816
CBA;Prec;2;Spatially adjusted;0,919183673469388;24,2520870933122;-12,0936148086107;-2,59044257217738
CBA;Prec;2;Spatially adjusted;0,939387755102041;27,6499845863327;-13,5822668578189;-3,48434568697758
CBA;Prec;2;Spatially adjusted;0,959591836734694;31,1199475057642;-15,1014634467469;-4,38432188145544
CBA;Prec;2;Spatially adjusted;0,979795918367347;34,6379540428043;-16,6410230621545;-5,28834679571946
CBA;Prec;2;Spatially adjusted;1;38,1799823886486;-18,1907641908024;-6,19439606987589
CBA;Prec;2;Current landscape;0,0277646463364363;165,501031375874;138,233638244657;101,748722996466
CBA;Prec;2;Current landscape;0,0723076909780502;136,380966641922;94,7228477608969;84,1304515484017
CBA;Prec;2;Current landscape;0,129118263721466;178,42485410261;136,28983689997;90,5671707733095
CBA;Prec;2;Current landscape;0,178754806518555;138,708085356365;101,629602709364;52,3752866326736
CBA;Prec;2;Current landscape;0,226354718208313;202,527010363519;128,900126396482;103,64692453406
CBA;Prec;2;Current landscape;0,275489389896393;138,980906459817;97,4968256438392;58,9255455963189
CBA;Prec;2;Current landscape;0,323196053504944;142,467011277729;100,381681742781;62,0366162327023
CBA;Prec;2;Current landscape;0,373382091522217;121,638521171871;110,200404507568;68,1497288839555
CBA;Prec;2;Current landscape;0,427091956138611;62,7656635630169;58,1359625972286;2,03098460473893
CBA;Prec;2;Current landscape;0,474190831184387;58,1209446812181;-1,36859629263245;3,69946404338589
CBA;Prec;2;Current landscape;0,522423386573792;116,21596672008;48,8902120570001;14,3772162326741
CBA;Prec;2;Current landscape;0,573881804943085;168,643637398066;30,5569834565145;21,5371933259312
CBA;Prec;2;Current landscape;0,624649375677109;34,0300237629203;-64,8811881277425;-91,8331465540755
CBA;Prec;2;Current landscape;0,676104366779327;138,715418025112;-2,37886430587014;-9,42520403539265
CBA;Prec;2;Current landscape;0,725155651569366;78,7909936953993;31,1845906048311;-3,92250862338096
CBA;Prec;2;Current landscape;0,769977271556854;89,9524611552474;-27,3497077234847;-24,6358855088229
CBA;Prec;2;Current landscape;0,827952265739441;7,34788575625362;-109,405989950386;-75,7292129026773
CBA;Prec;2;Current landscape;0,874947279691696;30,7945609665371;-111,124359844443;-115,527437572542
CBA;Prec;2;Current landscape;0,926777124404907;30,1934219715681;-84,2946159467206;-161,092232524217
CBA;Prec;2;Current landscape;1;-85,3132207399372;-108,585568502017;-125,497689781748
CBA;Prec;3;Spatially adjusted;0,01;-5,33252546987296;-12,8940259932456;-12,0833888769539
CBA;Prec;3;Spatially adjusted;0,0302040816326531;-4,15710480420148;-12,1304226427815;-11,0355482155719
CBA;Prec;3;Spatially adjusted;0,0504081632653061;-2,99258334491969;-11,371719483579;-9,98890462310692
CBA;Prec;3;Spatially adjusted;0,0706122448979592;-1,8498602984173;-10,6228167069003;-8,9446551684764
CBA;Prec;3;Spatially adjusted;0,0908163265306122;-0,739834871083076;-9,88861450400691;-7,90399692059691
CBA;Prec;3;Spatially adjusted;0,111020408163265;0,326593730691457;-9,17401306616102;-6,86812694838636
CBA;Prec;3;Spatially adjusted;0,131224489795918;1,33852630051888;-8,48391258462334;-5,83824232076131
CBA;Prec;3;Spatially adjusted;0,151428571428571;2,28506363200768;-7,82321325065732;-4,81554010663922
CBA;Prec;3;Spatially adjusted;0,171632653061224;3,15530651876952;-7,19681525552323;-3,80121737493755
CBA;Prec;3;Spatially adjusted;0,191836734693878;3,93835575441335;-6,60961879048318;-2,79647119457241
CBA;Prec;3;Spatially adjusted;0,212040816326531;4,62331213255129;-6,06652404680017;-1,80249863446124
CBA;Prec;3;Spatially adjusted;0,232244897959184;5,19927644679274;-5,57243121573447;-0,820496763521987
CBA;Prec;3;Spatially adjusted;0,252448979591837;5,65534949074845;-5,13224048854863;0,148337349328813
CBA;Prec;3;Spatially adjusted;0,27265306122449;5,98063205802828;-4,7508520565043;1,10280663517369
CBA;Prec;3;Spatially adjusted;0,292857142857143;6,16422494224253;-4,43316611086357;2,0417140250961
CBA;Prec;3;Spatially adjusted;0,313061224489796;6,19522893700241;-4,18408284288762;2,96386245017857
CBA;Prec;3;Spatially adjusted;0,333265306122449;6,06274483591733;-4,00850244383855;3,86805484150409
CBA;Prec;3;Spatially adjusted;0,353469387755102;5,76217803487316;-3,90947684720823;4,75229750035851
CBA;Prec;3;Spatially adjusted;0,373673469387755;5,31415233885809;-3,88266495540393;5,61141020884043
CBA;Prec;3;Spatially adjusted;0,393877551020408;4,74559615513272;-3,92187741306589;6,43941611925311
CBA;Prec;3;Spatially adjusted;0,414081632653061;4,08343789096125;-4,02092486483161;7,23033838389756
CBA;Prec;3;Spatially adjusted;0,434285714285714;3,35460595360564;-4,17361795533952;7,97820015507659
CBA;Prec;3;Spatially adjusted;0,454489795918367;2,58602875032784;-4,37376732922803;8,67702458509257
CBA;Prec;3;Spatially adjusted;0,47469387755102;1,80463468839071;-4,61518363113601;9,32083482624739
CBA;Prec;3;Spatially adjusted;0,494897959183674;1,03735217505664;-4,89167750570095;9,90365403084297
CBA;Prec;3;Spatially adjusted;0,515102040816327;0,311109617587135;-5,1970595975622;10,4195053511812
CBA;Prec;3;Spatially adjusted;0,53530612244898;-0,34716457675313;-5,52514055135725;10,8624119395658
CBA;Prec;3;Spatially adjusted;0,555510204081633;-0,910542000703572;-5,86973101172544;11,2263969482974
CBA;Prec;3;Spatially adjusted;0,575714285714286;-1,35209424700042;-6,22464162330425;11,5054835296792
CBA;Prec;3;Spatially adjusted;0,595918367346939;-1,64489290838264;-6,58368303073257;11,693694836013
CBA;Prec;3;Spatially adjusted;0,616122448979592;-1,76200957758692;-6,94066587864836;11,7850540196005
CBA;Prec;3;Spatially adjusted;0,636326530612245;-1,67651584735086;-7,28940081169094;11,7735842327443
CBA;Prec;3;Spatially adjusted;0,656530612244898;-1,3614833104125;-7,62369847449827;11,6533086277464
CBA;Prec;3;Spatially adjusted;0,676734693877551;-0,789983559508073;-7,93736951170831;11,4182503569095
CBA;Prec;3;Spatially adjusted;0,696938775510204;0,0574717070257975;-8,22553546032168;11,0646866254178
CBA;Prec;3;Spatially adjusted;0,717142857142857;1,17061036846007;-8,48856142678687;10,5979108499851
CBA;Prec;3;Spatially adjusted;0,73734693877551;2,53172019846897;-8,72812340991277;10,0254705002067
CBA;Prec;3;Spatially adjusted;0,757551020408163;4,12308897072489;-8,94589740851006;9,35491304567995
CBA;Prec;3;Spatially adjusted;0,777755102040816;5,92700445890205;-9,14355942138855;8,59378595600037
CBA;Prec;3;Spatially adjusted;0,797959183673469;7,92575443667283;-9,322785447358;7,74963670076386
CBA;Prec;3;Spatially adjusted;0,818163265306122;10,101626677711;-9,48525148522822;6,83001274956587
CBA;Prec;3;Spatially adjusted;0,838367346938776;12,4369089556899;-9,63263353380898;5,84246157200414
CBA;Prec;3;Spatially adjusted;0,858571428571429;14,9138890442828;-9,76660759191054;4,79453063767369
CBA;Prec;3;Spatially adjusted;0,878775510204082;17,5148547171621;-9,88884965834313;3,69376741617043
CBA;Prec;3;Spatially adjusted;0,898979591836735;20,222093748002;-10,0010357319161;2,5477193770912
CBA;Prec;3;Spatially adjusted;0,919183673469388;23,0178939104758;-10,1048418114392;1,363933990031
CBA;Prec;3;Spatially adjusted;0,939387755102041;25,8845429782564;-10,2019438957227;0,149958724587123
CBA;Prec;3;Spatially adjusted;0,959591836734694;28,8043287250175;-10,2940179835769;-1,08665894964543
CBA;Prec;3;Spatially adjusted;0,979795918367347;31,7595389244316;-10,382740073811;-2,33837156307027
CBA;Prec;3;Spatially adjusted;1;34,7324613501728;-10,4697861652353;-3,59763164609103
CBA;Prec;3;Current landscape;0,0282969363033772;140,418264000065;99,976884537939;55,9951152223625
CBA;Prec;3;Current landscape;0,0768662095069885;104,654367860086;57,4862257323443;17,0692618149064
CBA;Prec;3;Current landscape;0,129977285861969;129,271869924063;103,707141610395;42,7724709037093
CBA;Prec;3;Current landscape;0,174292907118798;91,8683007601935;74,0425031798977;5,07894340368512
CBA;Prec;3;Current landscape;0,22993329167366;173,404261807036;111,323030183416;71,0456700701802
CBA;Prec;3;Current landscape;0,275734484195709;153,102150787972;100,765054761133;76,2998796073812
CBA;Prec;3;Current landscape;0,324103444814682;143,663619160638;129,06721716505;95,4514320067474
CBA;Prec;3;Current landscape;0,37593400478363;99,7462833313816;97,5086078964991;70,1756052799929
CBA;Prec;3;Current landscape;0,425928175449371;39,0791644302458;14,3726511004852;-21,7154071204154
CBA;Prec;3;Current landscape;0,475646823644638;131,865641074659;51,5407564911166;34,1590536752478
CBA;Prec;3;Current landscape;0,523772954940796;94,0540581128053;35,6039695738473;11,4699768158366
CBA;Prec;3;Current landscape;0,576909601688385;156,435770889966;19,0287769470783;19,9859642584383
CBA;Prec;3;Current landscape;0,627150177955627;77,0176461184096;-11,8832229746818;-35,8965998246626
CBA;Prec;3;Current landscape;0,675992488861084;99,8735689105047;-52,6375309528212;-75,7918148396125
CBA;Prec;3;Current landscape;0,726926147937775;68,5366033936734;-4,94898352326527;-43,0959409744064
CBA;Prec;3;Current landscape;0,770597934722901;68,8701235590206;-60,4243982293701;-71,3774203781263
CBA;Prec;3;Current landscape;0,823873996734619;-11,0739058086037;-126,402691054092;-91,6611024710114
CBA;Prec;3;Current landscape;0,876879453659058;95,7494392412687;-42,4596658708806;-47,241291734148
CBA;Prec;3;Current landscape;0,928258240222931;66,1192703059228;-44,0062191983125;-125,747376500125
CBA;Prec;3;Current landscape;1;-91,8945806326119;-105,707128564879;-129,819853865311
CBA;Prec;4;Spatially adjusted;0,01;-15,8323170827962;-3,29023832593202;-22,5855148058231
CBA;Prec;4;Spatially adjusted;0,0302040816326531;-14,2773785444483;-3,31855543270876;-20,4542086405645
CBA;Prec;4;Spatially adjusted;0,0504081632653061;-12,7309441329376;-3,34719835037367;-18,3302480936309
CBA;Prec;4;Spatially adjusted;0,0706122448979592;-11,2015179751015;-3,37649288981629;-16,2209787833467
CBA;Prec;4;Spatially adjusted;0,0908163265306122;-9,69760419777685;-3,40676486192433;-14,1337463280374
CBA;Prec;4;Spatially adjusted;0,111020408163265;-8,22770692780205;-3,43834007758551;-12,0758963460275
CBA;Prec;4;Spatially adjusted;0,131224489795918;-6,8003302920124;-3,47154434769027;-10,0547744556425
CBA;Prec;4;Spatially adjusted;0,151428571428571;-5,42397841724642;-3,50670348312542;-8,07772627520671
CBA;Prec;4;Spatially adjusted;0,171632653061224;-4,10715543034166;-3,5441432947805;-6,15209742304478
CBA;Prec;4;Spatially adjusted;0,191836734693878;-2,85836545813481;-3,58418959354276;-4,28523351748299
CBA;Prec;4;Spatially adjusted;0,212040816326531;-1,68611262746299;-3,62716819030265;-2,4844801768445
CBA;Prec;4;Spatially adjusted;0,232244897959184;-0,598901065163773;-3,67340489594699;-0,757183019455169
CBA;Prec;4;Spatially adjusted;0,252448979591837;0,394765101925714;-3,72322552136484;0,889312336359581
CBA;Prec;4;Spatially adjusted;0,27265306122449;1,28638174696789;-3,77695587744483;2,44766027227615
CBA;Prec;4;Spatially adjusted;0,292857142857143;2,06744474312654;-3,83492177507515;3,91051516996913
CBA;Prec;4;Spatially adjusted;0,313061224489796;2,72944996356273;-3,8974490251444;5,2705314111131
CBA;Prec;4;Spatially adjusted;0,333265306122449;3,26389328144114;-3,96486343854167;6,52036337738355
CBA;Prec;4;Spatially adjusted;0,353469387755102;3,66643461454441;-4,03753329390156;7,65421087559298
CBA;Prec;4;Spatially adjusted;0,373673469387755;3,94939005914512;-4,11599674084755;8,67245541310194
CBA;Prec;4;Spatially adjusted;0,393877551020408;4,12923975613785;-4,20083439674954;9,57702392240708
CBA;Prec;4;Spatially adjusted;0,414081632653061;4,22246384641358;-4,29262687897653;10,3698433360082
CBA;Prec;4;Spatially adjusted;0,434285714285714;4,24554247086917;-4,39195480489889;11,0528405864015
CBA;Prec;4;Spatially adjusted;0,454489795918367;4,21495577039514;-4,49939879188605;11,6279426060851
CBA;Prec;4;Spatially adjusted;0,47469387755102;4,14718388588608;-4,61553945730884;12,0970763275573
CBA;Prec;4;Spatially adjusted;0,494897959183674;4,05870695823569;-4,74095741853671;12,4621686833152
CBA;Prec;4;Spatially adjusted;0,515102040816327;3,96600512833766;-4,87623329293865;12,7251466058569
CBA;Prec;4;Spatially adjusted;0,53530612244898;3,88555853708522;-5,02194769788503;12,88793702768
CBA;Prec;4;Spatially adjusted;0,555510204081633;3,83384732537206;-5,1786812507462;12,9524668812828
CBA;Prec;4;Spatially adjusted;0,575714285714286;3,82735163409143;-5,34701456889115;12,9206630991621
CBA;Prec;4;Spatially adjusted;0,595918367346939;3,88255160413746;-5,52752826969027;12,7944526138162
CBA;Prec;4;Spatially adjusted;0,616122448979592;4,01592737640249;-5,72080297051298;12,5757623577433
CBA;Prec;4;Spatially adjusted;0,636326530612245;4,24395909178111;-5,92741928873011;12,2665192634404
CBA;Prec;4;Spatially adjusted;0,656530612244898;4,58312689116565;-6,14795784170974;11,8686502634059
CBA;Prec;4;Spatially adjusted;0,676734693877551;5,04991091545071;-6,3829992468236;11,384082290137
CBA;Prec;4;Spatially adjusted;0,696938775510204;5,65654361157067;-6,632870232404;10,8153041628066
CBA;Prec;4;Spatially adjusted;0,717142857142857;6,39826665062219;-6,89688197064425;10,1670522472864
CBA;Prec;4;Spatially adjusted;0,73734693877551;7,26607400974262;-7,17409174469958;9,44462479612093
CBA;Prec;4;Spatially adjusted;0,757551020408163;8,25095966607069;-7,46355683772617;8,65332006185781
CBA;Prec;4;Spatially adjusted;0,777755102040816;9,34391759674463;-7,76433453288018;7,79843629704237
CBA;Prec;4;Spatially adjusted;0,797959183673469;10,5359417789009;-8,07548211331732;6,88527175422041
CBA;Prec;4;Spatially adjusted;0,818163265306122;11,8180261896791;-8,3960568621942;5,91912468593864
CBA;Prec;4;Spatially adjusted;0,838367346938776;13,1811648062162;-8,72511606266653;4,9052933447424
CBA;Prec;4;Spatially adjusted;0,858571428571429;14,6163516056495;-9,06171699789047;3,84907598317795
CBA;Prec;4;Spatially adjusted;0,878775510204082;16,1145805651177;-9,40491695102173;2,75577085379109
CBA;Prec;4;Spatially adjusted;0,898979591836735;17,666845661759;-9,75377320521693;1,63067620912852
CBA;Prec;4;Spatially adjusted;0,919183673469388;19,2641408727104;-10,1073430436322;0,479090301735596
CBA;Prec;4;Spatially adjusted;0,939387755102041;20,8974601751102;-10,4646837494229;-0,693688615840983
CBA;Prec;4;Spatially adjusted;0,959591836734694;22,5577975460965;-10,8248526057455;-1,88236229105542
CBA;Prec;4;Spatially adjusted;0,979795918367347;24,2361469628077;-11,1869068957562;-3,08163247136281
CBA;Prec;4;Spatially adjusted;1;25,9235024023801;-11,5499039026104;-4,28620090421555
CBA;Prec;4;Current landscape;0,0283756777644157;142,192594314732;101,698093278617;35,7531022331323
CBA;Prec;4;Current landscape;0,0745690166950226;85,1092209752528;49,221025080145;-32,8156695576954
CBA;Prec;4;Current landscape;0,126393705606461;121,114719246119;99,8453348687836;12,5668213030949
CBA;Prec;4;Current landscape;0,173031762242317;146,800636912868;132,887743439079;89,7508650873961
CBA;Prec;4;Current landscape;0,225960776209831;142,135512400368;109,384691426633;77,6085429279883
CBA;Prec;4;Current landscape;0,275596082210541;117,11347032692;88,4916801171135;87,2188498793767
CBA;Prec;4;Current landscape;0,321590691804886;147,01993504552;102,979185941198;77,3325989293549
CBA;Prec;4;Current landscape;0,37609013915062;91,5977675815402;82,4003548948135;79,46921543688
CBA;Prec;4;Current landscape;0,426275312900543;72,9440451952964;60,5139053131566;17,9976118424183
CBA;Prec;4;Current landscape;0,47368249297142;80,4346676321625;29,2680719493555;0,0311399888960295
CBA;Prec;4;Current landscape;0,525927275419235;101,519091089358;33,0442696743326;23,0349133008972
CBA;Prec;4;Current landscape;0,575088798999786;175,2177172825;24,2262687416505;-23,9976979037274
CBA;Prec;4;Current landscape;0,624415099620819;85,1444697764223;-15,4986781783159;-31,1484468539811
CBA;Prec;4;Current landscape;0,676142513751984;109,506149012946;-22,8218827832347;-30,8444098107084
CBA;Prec;4;Current landscape;0,726508259773254;64,4432822005156;4,34946040979457;-19,2451168649632
CBA;Prec;4;Current landscape;0,774588346481323;122,624055125849;7,37267558069834;16,1281068264202
CBA;Prec;4;Current landscape;0,820661783218384;2,88252662001605;-114,645872115906;-76,8676171191123
CBA;Prec;4;Current landscape;0,870901226997375;53,8058306133867;-83,0844475942076;-84,9818432372963
CBA;Prec;4;Current landscape;0,927762508392334;43,8687421932714;-58,6616251778837;-137,429652108473
CBA;Prec;4;Current landscape;1;-75,137919529132;-80,521532112949;-101,456768217798
CBA;Prec;5;Spatially adjusted;0,01;-10,7887628018134;0,486611755269678;-8,58291882630601
CBA;Prec;5;Spatially adjusted;0,0302040816326531;-9,35673927564994;0,490025465828694;-8,43316347054861
CBA;Prec;5;Spatially adjusted;0,0504081632653061;-7,93671171644974;0,495653647697964;-8,27845146754407
CBA;Prec;5;Spatially adjusted;0,0706122448979592;-6,54067609117192;0,505710772189104;-8,11382617004574
CBA;Prec;5;Spatially adjusted;0,0908163265306122;-5,18062836678018;0,52241131061237;-7,93433093080648
CBA;Prec;5;Spatially adjusted;0,111020408163265;-3,86856451023641;0,547969734278922;-7,73500910258008
CBA;Prec;5;Spatially adjusted;0,131224489795918;-2,61648048850293;0,584600514499471;-7,51090403811895
CBA;Prec;5;Spatially adjusted;0,151428571428571;-1,43637226854025;0,634518122584268;-7,25705909017643
CBA;Prec;5;Spatially adjusted;0,171632653061224;-0,340235817311623;0,699937029845387;-6,96851761150492
CBA;Prec;5;Spatially adjusted;0,191836734693878;0,659932898221541;0,783071707592171;-6,64032295485913
CBA;Prec;5;Spatially adjusted;0,212040816326531;1,55213791109736;0,886136627136239;-6,26751847299056
CBA;Prec;5;Spatially adjusted;0,232244897959184;2,32438325435396;1,01134625978784;-5,84514751865254
CBA;Prec;5;Spatially adjusted;0,252448979591837;2,96467296102946;1,16091507685815;-5,3682534445993
CBA;Prec;5;Spatially adjusted;0,27265306122449;3,46101106416108;1,33705754965831;-4,83187960358282
CBA;Prec;5;Spatially adjusted;0,292857142857143;3,80140159678786;1,54198814949814;-4,23106934835687
CBA;Prec;5;Spatially adjusted;0,313061224489796;3,97384859194744;1,77792134768924;-3,56086603167341
CBA;Prec;5;Spatially adjusted;0,333265306122449;3,96635608267798;2,04707161554143;-2,81631300628715
CBA;Prec;5;Spatially adjusted;0,353469387755102;3,77396580461618;2,34936896175714;-1,99587472438088
CBA;Prec;5;Spatially adjusted;0,373673469387755;3,41987030379096;2,67560554459442;-1,11170003586221
CBA;Prec;5;Spatially adjusted;0,393877551020408;2,93429982883208;3,01428905970442;-0,179358890070034
CBA;Prec;5;Spatially adjusted;0,414081632653061;2,34748462836751;3,35392720273694;0,785578763656758
CBA;Prec;5;Spatially adjusted;0,434285714285714;1,68965495102657;3,68302766934221;1,76754297598063
CBA;Prec;5;Spatially adjusted;0,454489795918367;0,99104104543585;3,99009815516956;2,75096379756269
CBA;Prec;5;Spatially adjusted;0,47469387755102;0,281873160225587;4,26364635586879;3,72027127906404
CBA;Prec;5;Spatially adjusted;0,494897959183674;-0,407618455976262;4,49217996709103;4,65989547114668
CBA;Prec;5;Spatially adjusted;0,515102040816327;-1,04720355454174;4,66420668448563;5,55426642447219
CBA;Prec;5;Spatially adjusted;0,53530612244898;-1,60665188684243;4,76823420370283;6,38781418970211
CBA;Prec;5;Spatially adjusted;0,555510204081633;-2,05573320424901;4,7927702203915;7,14496881749756
CBA;Prec;5;Spatially adjusted;0,575714285714286;-2,36421725813398;4,72632243020325;7,81016035852008
CBA;Prec;5;Spatially adjusted;0,595918367346939;-2,50187379986846;4,55739852878742;8,36781886343169
CBA;Prec;5;Spatially adjusted;0,616122448979592;-2,43847258082405;4,27450621179332;8,80237438289396
CBA;Prec;5;Spatially adjusted;0,636326530612245;-2,14378335237143;3,86615317487167;9,09825696756843
CBA;Prec;5;Spatially adjusted;0,656530612244898;-1,58757586588308;3,32084711367224;9,23989666811531
CBA;Prec;5;Spatially adjusted;0,676734693877551;-0,739619872731055;2,62709572384483;9,21172353519796
CBA;Prec;5;Spatially adjusted;0,696938775510204;0,421922555575293;1,77698810210859;9,00269368168711
CBA;Prec;5;Spatially adjusted;0,717142857142857;1,88532006696914;0,776938949455143;8,61986746929824
CBA;Prec;5;Spatially adjusted;0,73734693877551;3,63044898924318;-0,363055632053602;8,07483132195603
CBA;Prec;5;Spatially adjusted;0,757551020408163;5,63718565019372;-1,63299954035665;7,37917166358602
CBA;Prec;5;Spatially adjusted;0,777755102040816;7,88540637761298;-3,02289667339392;6,54447491811379
CBA;Prec;5;Spatially adjusted;0,797959183673469;10,3549874992959;-4,52275092910259;5,58232750946354
CBA;Prec;5;Spatially adjusted;0,818163265306122;13,0258053430375;-6,12256620542257;4,50431586156128
CBA;Prec;5;Spatially adjusted;0,838367346938776;15,8777362366313;-7,81234640029243;3,32202639833167
CBA;Prec;5;Spatially adjusted;0,858571428571429;18,8906565078714;-9,58209541165115;2,04704554370119
CBA;Prec;5;Spatially adjusted;0,878775510204082;22,0444424845518;-11,4218171374382;0,690959721593117
CBA;Prec;5;Spatially adjusted;0,898979591836735;25,3189704944671;-13,3215154755917;-0,734644644065611
CBA;Prec;5;Spatially adjusted;0,919183673469388;28,6941168654121;-15,2711943240506;-2,2181811293508
CBA;Prec;5;Spatially adjusted;0,939387755102041;32,14975792518;-17,260857580754;-3,74806331033642
CBA;Prec;5;Spatially adjusted;0,959591836734694;35,6657700015649;-19,2805091436408;-5,31270476309828
CBA;Prec;5;Spatially adjusted;0,979795918367347;39,2220294223616;-21,3201529106495;-6,90051906370991
CBA;Prec;5;Spatially adjusted;1;42,7984125153639;-23,3697927797193;-8,4999197882471
CBA;Prec;5;Current landscape;0,031574510037899;98,9892912189166;84,325014473247;13,9307481289084
CBA;Prec;5;Current landscape;0,0703256949782372;202,861047405473;165,684331529456;122,296506230921
CBA;Prec;5;Current landscape;0,126180574297905;144,208320257803;121,253960594916;40,9028433589392
CBA;Prec;5;Current landscape;0,175296008586884;116,905150841176;95,5969923280868;29,1048635553966
CBA;Prec;5;Current landscape;0,228955820202827;135,593590799507;95,155285156236;22,8610711360116
CBA;Prec;5;Current landscape;0,277330160140991;119,981864931948;74,6248995821611;36,6870261196141
CBA;Prec;5;Current landscape;0,323875784873962;146,617124732078;114,700612692949;69,7328329188968
CBA;Prec;5;Current landscape;0,376530945301056;101,465988254573;69,903923488519;28,7458653321678
CBA;Prec;5;Current landscape;0,425894051790237;83,7868707181619;85,7902592626142;22,9953801756142
CBA;Prec;5;Current landscape;0,477559953927994;102,18791458276;67,8313832556332;26,0537638288292
CBA;Prec;5;Current landscape;0,526361763477325;63,0549257294874;38,7377964112229;23,3628259743091
CBA;Prec;5;Current landscape;0,576557099819184;147,512775006057;21,453326271007;-19,2372318519442
CBA;Prec;5;Current landscape;0,626518547534943;70,9989571978258;-9,00421973031007;-46,3349344468752
CBA;Prec;5;Current landscape;0,676731079816818;112,719492408045;-11,5952544870452;-23,8306432269178
CBA;Prec;5;Current landscape;0,723935067653656;81,0353843400749;27,1862762824517;-18,8255018087825
CBA;Prec;5;Current landscape;0,773794621229172;66,0936055680172;-33,065840982254;-13,9746139758404
CBA;Prec;5;Current landscape;0,825303494930267;-28,3442619784814;-150,040480970079;-112,378278461719
CBA;Prec;5;Current landscape;0,873916029930115;49,8943654492823;-95,3506611466396;-96,5288991322823
CBA;Prec;5;Current landscape;0,925527691841125;20,3728685231081;-99,3035879785689;-172,187306826416
CBA;Prec;5;Current landscape;1;-85,3280147080272;-119,2913917085;-132,092538154029
CBA;Prec;6;Spatially adjusted;0,01;-2,78811722825958;3,16669366818496;-19,0542934733703
CBA;Prec;6;Spatially adjusted;0,0302040816326531;-1,40744012286541;2,50315564239099;-16,8429379953386
CBA;Prec;6;Spatially adjusted;0,0504081632653061;-0,0402325029945132;1,84524837638855;-14,6429664410757
CBA;Prec;6;Spatially adjusted;0,0706122448979592;1,30003614582938;1,19860262996963;-12,4657627343522
CBA;Prec;6;Spatially adjusted;0,0908163265306122;2,59989633808164;0,568849162926654;-10,3227107989364
CBA;Prec;6;Spatially adjusted;0,111020408163265;3,84587858824034;-0,0383812649492938;-8,22519455859811
CBA;Prec;6;Spatially adjusted;0,131224489795918;5,02451341077995;-0,617457893866686;-6,18459793710645
CBA;Prec;6;Spatially adjusted;0,151428571428571;6,12233132017718;-1,16274996403354;-4,21230485823071
CBA;Prec;6;Spatially adjusted;0,171632653061224;7,12586283090968;-1,66862671565696;-2,31969924574014
CBA;Prec;6;Spatially adjusted;0,191836734693878;8,02163845745235;-2,12945738894678;-0,51816502340489
CBA;Prec;6;Spatially adjusted;0,212040816326531;8,79618871428238;-2,53961122411056;1,1809138850067
CBA;Prec;6;Spatially adjusted;0,232244897959184;9,43604411587467;-2,89345746135587;2,76615355572494
CBA;Prec;6;Spatially adjusted;0,252448979591837;9,92773517670821;-3,18536534089208;4,22617006498058
CBA;Prec;6;Spatially adjusted;0,27265306122449;10,257792411257;-3,40970410292675;5,54957948900392
CBA;Prec;6;Spatially adjusted;0,292857142857143;10,4127463339992;-3,56084298766746;6,72499790402617
CBA;Prec;6;Spatially adjusted;0,313061224489796;10,3791274594091;-3,63315123532402;7,74104138627763
CBA;Prec;6;Spatially adjusted;0,333265306122449;10,1434663019654;-3,6209980861031;8,58632601198906
CBA;Prec;6;Spatially adjusted;0,353469387755102;9,69978025389446;-3,52183406184395;9,25338354050155
CBA;Prec;6;Spatially adjusted;0,373673469387755;9,07203421843906;-3,34543481090122;9,75040846360116
CBA;Prec;6;Spatially adjusted;0,393877551020408;8,29167997659033;-3,10465726326356;10,0895109561829
CBA;Prec;6;Spatially adjusted;0,414081632653061;7,39016930934258;-2,8123583489155;10,2828011931442
CBA;Prec;6;Spatially adjusted;0,434285714285714;6,39895399768784;-2,48139499784429;10,3423893493796
CBA;Prec;6;Spatially adjusted;0,454489795918367;5,34948582261904;-2,12462414003539;10,2803855997854
CBA;Prec;6;Spatially adjusted;0,47469387755102;4,27321656513004;-1,75490270547607;10,1089001192577
CBA;Prec;6;Spatially adjusted;0,494897959183674;3,20159800621241;-1,38508762415177;9,84004308269368
CBA;Prec;6;Spatially adjusted;0,515102040816327;2,16608192686135;-1,02803582604884;9,48592466498758
CBA;Prec;6;Spatially adjusted;0,53530612244898;1,19812010806709;-0,696604241153636;9,05865504103667
CBA;Prec;6;Spatially adjusted;0,555510204081633;0,329164330824369;-0,403649799452523;8,57034438573601
CBA;Prec;6;Spatially adjusted;0,575714285714286;-0,409333623874772;-0,162029430931852;8,03310287398199
CBA;Prec;6;Spatially adjusted;0,595918367346939;-0,985921975036035;0,015399934422021;7,45904068067148
CBA;Prec;6;Spatially adjusted;0,616122448979592;-1,36914894166785;0,115781366622741;6,86026798069906
CBA;Prec;6;Spatially adjusted;0,636326530612245;-1,52756274277635;0,126257935684862;6,24889494896206
CBA;Prec;6;Spatially adjusted;0,656530612244898;-1,42971159736953;0,0339727116211179;5,63703176035506
CBA;Prec;6;Spatially adjusted;0,676734693877551;-1,04414372445399;-0,173931235553937;5,03678858977537
CBA;Prec;6;Spatially adjusted;0,696938775510204;-0,347973978498885;-0,506829726110027;4,45801006012607
CBA;Prec;6;Spatially adjusted;0,717142857142857;0,647416244177748;-0,960174141444895;3,90147858634191
CBA;Prec;6;Spatially adjusted;0,73734693877551;1,92207891179169;-1,52593475324147;3,36571103136521
CBA;Prec;6;Spatially adjusted;0,757551020408163;3,45606599256462;-2,19608183317905;2,84922425813829
CBA;Prec;6;Spatially adjusted;0,777755102040816;5,22942945471368;-2,96258565294102;2,35053512960349
CBA;Prec;6;Spatially adjusted;0,797959183673469;7,22222126645784;-3,81741648420712;1,86816050870357
CBA;Prec;6;Spatially adjusted;0,818163265306122;9,41449339601513;-4,75254459865982;1,40061725837995
CBA;Prec;6;Spatially adjusted;0,838367346938776;11,7862978116045;-5,75994026798026;0,946422241574965
CBA;Prec;6;Spatially adjusted;0,858571428571429;14,317686481445;-6,83157376384952;0,504092321232292
CBA;Prec;6;Spatially adjusted;0,878775510204082;16,9887113737559;-7,95941535794964;0,0721443602928957
CBA;Prec;6;Spatially adjusted;0,898979591836735;19,7794244567544;-9,13543532196081;-0,350904778300446
CBA;Prec;6;Spatially adjusted;0,919183673469388;22,6698776986596;-10,3516039275655;-0,766538231605409
CBA;Prec;6;Spatially adjusted;0,939387755102041;25,6401230676902;-11,5998914464444;-1,17623913667967
CBA;Prec;6;Spatially adjusted;0,959591836734694;28,6702125320644;-12,8722681502795;-1,5814906305809
CBA;Prec;6;Spatially adjusted;0,979795918367347;31,7401980600025;-14,1607043107515;-1,98377585036633
CBA;Prec;6;Spatially adjusted;1;34,8301316197208;-15,4571701995424;-2,38457793309453
CBA;Prec;6;Current landscape;0,0246061440557241;184,146938168448;149,670032871543;86,0842376624155
CBA;Prec;6;Current landscape;0,0696782171726227;82,5053132742696;63,3064322378773;-18,0569485738656
CBA;Prec;6;Current landscape;0,127116367220879;116,594908032361;94,5742526669824;60,5960116579622
CBA;Prec;6;Current landscape;0,173971146345139;144,018054113935;91,7094522273333;71,612233500503
CBA;Prec;6;Current landscape;0,22718571126461;153,079589947915;104,11071740837;75,8362379637783
CBA;Prec;6;Current landscape;0,276668608188629;120,661433133835;85,3775039794377;56,2467290099403
CBA;Prec;6;Current landscape;0,321450293064117;133,4571131971;81,5804670529519;59,9410084576889
CBA;Prec;6;Current landscape;0,37593400478363;99,0761202035051;51,2543227572728;39,1281648691238
CBA;Prec;6;Current landscape;0,426205113530159;41,1259051344769;-1,84444848078192;-21,9266537987455
CBA;Prec;6;Current landscape;0,476121634244919;86,631718648503;64,608006780647;44,2836976526087
CBA;Prec;6;Current landscape;0,524731159210205;82,2903094795156;23,9814791927279;10,2423981966767
CBA;Prec;6;Current landscape;0,577133029699326;174,852737873955;62,0416131484326;49,4324023277227
CBA;Prec;6;Current landscape;0,625239551067352;61,3530530147373;-15,8647904869167;-39,0791001823627
CBA;Prec;6;Current landscape;0,674481153488159;104,0452229777;-19,5803058212814;-37,8328037390847
CBA;Prec;6;Current landscape;0,724593102931976;-10,0898158222649;-57,1666824289141;-102,590693743739
CBA;Prec;6;Current landscape;0,776292532682419;74,2393615206502;-47,7000210640908;-43,6604573956438
CBA;Prec;6;Current landscape;0,824504554271698;17,0071938038714;-97,9333334444837;-63,5664612599603
CBA;Prec;6;Current landscape;0,877308666706085;21,5243842067193;-115,926272246252;-119,343240198041
CBA;Prec;6;Current landscape;0,930167019367218;14,5293192477748;-94,1455812616327;-168,905471359781
CBA;Prec;6;Current landscape;1;-89,7225545386477;-107,340119151054;-122,394796768903
CBA;Prec;7;Spatially adjusted;0,01;-10,4252456150994;-2,5885472864943;-11,3538288298118
CBA;Prec;7;Spatially adjusted;0,0302040816326531;-8,51810496043481;-2,92159178562997;-10,4244342251977
CBA;Prec;7;Spatially adjusted;0,0504081632653061;-6,62143676877486;-3,25078288025725;-9,495889856747
CBA;Prec;7;Spatially adjusted;0,0706122448979592;-4,7457135031259;-3,57226716586911;-8,56904596062486
CBA;Prec;7;Spatially adjusted;0,0908163265306122;-2,90140762649298;-3,8821912379567;-7,64475277299471
CBA;Prec;7;Spatially adjusted;0,111020408163265;-1,09899160188115;-4,17670169201301;-6,72386053002174
CBA;Prec;7;Spatially adjusted;0,131224489795918;0,651062107704092;-4,45194512352873;-5,80721946786889
CBA;Prec;7;Spatially adjusted;0,151428571428571;2,3382810392568;-4,70406812799729;-4,89567982270091
CBA;Prec;7;Spatially adjusted;0,171632653061224;3,95219272977238;-4,92921730090984;-3,99009183068119
CBA;Prec;7;Spatially adjusted;0,191836734693878;5,48232471624533;-5,12353923775891;-3,09130572797494
CBA;Prec;7;Spatially adjusted;0,212040816326531;6,91820453567152;-5,28318053403564;-2,20017175074508
CBA;Prec;7;Spatially adjusted;0,232244897959184;8,24935972504272;-5,40428778523301;-1,31754013515683
CBA;Prec;7;Spatially adjusted;0,252448979591837;9,46531782135617;-5,48300758684309;-0,444261117373571
CBA;Prec;7;Spatially adjusted;0,27265306122449;10,5556063616054;-5,51548653435748;0,418815066440402
CBA;Prec;7;Spatially adjusted;0,292857142857143;11,5097528827855;-5,49787122326825;1,27083818012079
CBA;Prec;7;Spatially adjusted;0,313061224489796;12,3172849218918;-5,42630824906746;2,11095798750375
CBA;Prec;7;Spatially adjusted;0,333265306122449;12,9677300159174;-5,29694420724718;2,93832425242499
CBA;Prec;7;Spatially adjusted;0,353469387755102;13,4547915258477;-5,10811048714641;3,75120338004308
CBA;Prec;7;Spatially adjusted;0,373673469387755;13,7888761086247;-4,86687765349416;4,54432834080535
CBA;Prec;7;Spatially adjusted;0,393877551020408;13,9845662451798;-4,58250106486503;5,31154874648337
CBA;Prec;7;Spatially adjusted;0,414081632653061;14,0564444164465;-4,26423607983452;6,04671420884733
CBA;Prec;7;Spatially adjusted;0,434285714285714;14,0190931033549;-3,92133805697904;6,74367433966791
CBA;Prec;7;Spatially adjusted;0,454489795918367;13,8870947868377;-3,56306235487227;7,39627875071483
CBA;Prec;7;Spatially adjusted;0,47469387755102;13,6750319478269;-3,19866433209108;7,99837705375967
CBA;Prec;7;Spatially adjusted;0,494897959183674;13,3974870672546;-2,83739934721052;8,54381886057263
CBA;Prec;7;Spatially adjusted;0,515102040816327;13,0690426260526;-2,48852275880518;9,02645378292391
CBA;Prec;7;Spatially adjusted;0,53530612244898;12,704281105152;-2,16128992545191;9,44013143258462
CBA;Prec;7;Spatially adjusted;0,555510204081633;12,317784985486;-1,86495620572532;9,77870142132542
CBA;Prec;7;Spatially adjusted;0,575714285714286;11,9241367479863;-1,60877695820045;10,0360133609161
CBA;Prec;7;Spatially adjusted;0,595918367346939;11,5379188735837;-1,40200754145371;10,2059168631276
CBA;Prec;7;Spatially adjusted;0,616122448979592;11,1737138432113;-1,2539033140597;10,2822615397304
CBA;Prec;7;Spatially adjusted;0,636326530612245;10,8461041378;-1,17371963459436;10,2588970024954
CBA;Prec;7;Spatially adjusted;0,656530612244898;10,5696722382831;-1,17071186163275;10,1296728631928
CBA;Prec;7;Spatially adjusted;0,676734693877551;10,3590006255918;-1,25413535374992;9,88843873359292
CBA;Prec;7;Spatially adjusted;0,696938775510204;10,2254044633387;-1,43070617409694;9,53130012744805
CBA;Prec;7;Spatially adjusted;0,717142857142857;10,1671296458576;-1,69698320411999;9,06338616643461
CBA;Prec;7;Spatially adjusted;0,73734693877551;10,1791547501643;-2,04698602984081;8,49208187421073
CBA;Prec;7;Spatially adjusted;0,757551020408163;10,2564583532744;-2,47473423728115;7,8247722744336
CBA;Prec;7;Spatially adjusted;0,777755102040816;10,3940190322023;-2,97424741246232;7,06884239076226
CBA;Prec;7;Spatially adjusted;0,797959183673469;10,586815363964;-3,53954514140651;6,23167724685391
CBA;Prec;7;Spatially adjusted;0,818163265306122;10,829825925573;-4,16464701013456;5,32066186636621
CBA;Prec;7;Spatially adjusted;0,838367346938776;11,1180292940467;-4,84357260466823;4,34318127295774
CBA;Prec;7;Spatially adjusted;0,858571428571429;11,4464040463986;-5,57034151102971;3,30662049028615
CBA;Prec;7;Spatially adjusted;0,878775510204082;11,8099287596451;-6,33897331523986;2,21836454200866
CBA;Prec;7;Spatially adjusted;0,898979591836735;12,2035820108003;-7,14348760332041;1,08579845178383
CBA;Prec;7;Spatially adjusted;0,919183673469388;12,6223423768788;-7,97790396129312;-0,0836927567297607
CBA;Prec;7;Spatially adjusted;0,939387755102041;13,0611884348978;-8,8362419751802;-1,28272405987582
CBA;Prec;7;Spatially adjusted;0,959591836734694;13,5150987618713;-9,71252123100157;-2,50391043399532
CBA;Prec;7;Spatially adjusted;0,979795918367347;13,9790519348139;-10,6007613147804;-3,73986685543059
CBA;Prec;7;Spatially adjusted;1;14,4480265307416;-11,4949818125374;-4,98320830052353
CBA;Prec;7;Current landscape;0,0305681545287371;111,425579839966;75,983030993661;34,9248087972105
CBA;Prec;7;Current landscape;0,0736729502677917;108,299030848334;88,2338598357555;26,9585083364582
CBA;Prec;7;Current landscape;0,13056617975235;168,823827117021;126,725085296751;93,195141262906
CBA;Prec;7;Current landscape;0,173821017146111;145,337377237761;92,4904179021178;47,6857284800362
CBA;Prec;7;Current landscape;0,228558152914047;114,034958308735;44,2852301750786;-17,9991934843888
CBA;Prec;7;Current landscape;0,27683812379837;127,562840179723;110,290905715585;80,7780410579194
CBA;Prec;7;Current landscape;0,32539376616478;148,448192786943;92,3856388512158;67,8696624553336
CBA;Prec;7;Current landscape;0,374287217855453;117,538824103027;51,9732322862815;41,2303881590528
CBA;Prec;7;Current landscape;0,42781925201416;95,3763606371986;22,7860108928539;8,52102570569423
CBA;Prec;7;Current landscape;0,474400788545609;97,706112575393;53,6159216055808;9,68472633504143
CBA;Prec;7;Current landscape;0,527287900447845;122,385608399826;32,0528953163011;10,2244209140572
CBA;Prec;7;Current landscape;0,575774013996124;186,967668701481;33,5003664451406;41,2291955711062
CBA;Prec;7;Current landscape;0,625061869621277;63,3280540833503;-27,0369546298557;-43,8319072146132
CBA;Prec;7;Current landscape;0,674143195152283;133,587923993641;-3,69891495461343;-19,4648519571251
CBA;Prec;7;Current landscape;0,724279880523682;65,8940671680539;3,60080423163708;-45,7862352417446
CBA;Prec;7;Current landscape;0,773653149604797;85,5989865645411;-24,0535586315436;-17,8886472242157
CBA;Prec;7;Current landscape;0,823485255241394;3,7951438102973;-110,747421107885;-73,0188978090964
CBA;Prec;7;Current landscape;0,874129056930542;51,7805525040808;-80,9019408849554;-82,5063076750198
CBA;Prec;7;Current landscape;0,930397152900696;23,0718640397708;-71,3016561816526;-146,500411641826
CBA;Prec;7;Current landscape;1;-108,376228701132;-106,902097488965;-125,3478376654
CBA;Prec;8;Spatially adjusted;0,01;-7,66741003734524;-14,3045335162265;-13,593837272495
CBA;Prec;8;Spatially adjusted;0,0302040816326531;-6,67243549447039;-12,9178369296824;-12,1803975770631
CBA;Prec;8;Spatially adjusted;0,0504081632653061;-5,68153972342725;-11,5385234847395;-10,7728570449081
CBA;Prec;8;Spatially adjusted;0,0706122448979592;-4,69880149604796;-10,1739763230003;-9,37711483930616
CBA;Prec;8;Spatially adjusted;0,0908163265306122;-3,72829958416469;-8,83157858606455;-7,99907012353424
CBA;Prec;8;Spatially adjusted;0,111020408163265;-2,77411275960822;-7,51871341553488;-6,64462206086864
CBA;Prec;8;Spatially adjusted;0,131224489795918;-1,84031979421297;-6,24276395301285;-5,31966981458572
CBA;Prec;8;Spatially adjusted;0,151428571428571;-0,9309994598093;-5,01111334009966;-4,03011254796365
CBA;Prec;8;Spatially adjusted;0,171632653061224;-0,0502305282288944;-3,8311447183969;-2,78184942427697
CBA;Prec;8;Spatially adjusted;0,191836734693878;0,797908228696088;-2,71024122950621;-1,58077960680384
CBA;Prec;8;Spatially adjusted;0,212040816326531;1,60933803913304;-1,65578601502784;-0,432802258820175
CBA;Prec;8;Spatially adjusted;0,232244897959184;2,37998013125161;-0,675162216564786;0,656183456398139
CBA;Prec;8;Spatially adjusted;0,252448979591837;3,10575573321694;0,224247024281794;1,68027837557293
CBA;Prec;8;Spatially adjusted;0,27265306122449;3,78258607320049;1,03505856591119;2,63358333542783
CBA;Prec;8;Spatially adjusted;0,292857142857143;4,40639237936739;1,74988926672131;3,51019917268741
CBA;Prec;8;Spatially adjusted;0,313061224489796;4,9730958798873;2,36135598511055;4,30422672407394
CBA;Prec;8;Spatially adjusted;0,333265306122449;5,47861780292806;2,86207557947773;5,00976682631108
CBA;Prec;8;Spatially adjusted;0,353469387755102;5,92049541783945;3,24694464200547;5,62246218320433
CBA;Prec;8;Spatially adjusted;0,373673469387755;6,3027301587008;3,51997870001287;6,14412296688442
CBA;Prec;8;Spatially adjusted;0,393877551020408;6,63093950077291;3,6874730146028;6,57810121656394
CBA;Prec;8;Spatially adjusted;0,414081632653061;6,9107409193166;3,75572284687996;6,92774897145682
CBA;Prec;8;Spatially adjusted;0,434285714285714;7,1477518895922;3,73102345794587;7,19641827077612
CBA;Prec;8;Spatially adjusted;0,454489795918367;7,3475898868619;3,6196701089043;7,38746115373306
CBA;Prec;8;Spatially adjusted;0,47469387755102;7,51587238638558;3,42795806085906;7,50422965954249
CBA;Prec;8;Spatially adjusted;0,494897959183674;7,65821686342497;3,16218257491255;7,55007582741609
CBA;Prec;8;Spatially adjusted;0,515102040816327;7,78024079324041;2,82863891216857;7,52835169656737
CBA;Prec;8;Spatially adjusted;0,53530612244898;7,88756165109271;2,43362233373091;7,4424093062089
CBA;Prec;8;Spatially adjusted;0,555510204081633;7,98579691224359;1,98342810070153;7,29560069555464
CBA;Prec;8;Spatially adjusted;0,575714285714286;8,08056405195293;1,48435147418468;7,09127790381626
CBA;Prec;8;Spatially adjusted;0,595918367346939;8,17748054548292;0,942687715283228;6,83279297020727
CBA;Prec;8;Spatially adjusted;0,616122448979592;8,2821638680939;0,364732085100513;6,52349793394023
CBA;Prec;8;Spatially adjusted;0,636326530612245;8,40023149504668;-0,243220155259678;6,16674483422912
CBA;Prec;8;Spatially adjusted;0,656530612244898;8,53730090160207;-0,874873744695378;5,7658857102856
CBA;Prec;8;Spatially adjusted;0,676734693877551;8,69898956302131;-1,52393342210235;5,32427260132317
CBA;Prec;8;Spatially adjusted;0,696938775510204;8,88966374274969;-2,18503739878133;4,84508847695452
CBA;Prec;8;Spatially adjusted;0,717142857142857;9,10868485697029;-2,85655777564944;4,33084002839314
CBA;Prec;8;Spatially adjusted;0,73734693877551;9,35416311004929;-3,53780012602692;3,78386487725129
CBA;Prec;8;Spatially adjusted;0,757551020408163;9,62420870635469;-4,22807002323589;3,20650064514211
CBA;Prec;8;Spatially adjusted;0,777755102040816;9,91693185025406;-4,92667304059478;2,60108495367876
CBA;Prec;8;Spatially adjusted;0,797959183673469;10,2304427461145;-5,6329147514266;1,96995542447348
CBA;Prec;8;Spatially adjusted;0,818163265306122;10,5628515983017;-6,34610072905025;1,31544967913942
CBA;Prec;8;Spatially adjusted;0,838367346938776;10,912268611185;-7,06553654678783;0,639905339289726
CBA;Prec;8;Spatially adjusted;0,858571428571429;11,2768039891307;-7,7905277779596;-0,054339973462902
CBA;Prec;8;Spatially adjusted;0,878775510204082;11,6545679365054;-8,52037999588583;-0,764948637506222
CBA;Prec;8;Spatially adjusted;0,898979591836735;12,043670657677;-9,25439877388771;-1,48958303122618
CBA;Prec;8;Spatially adjusted;0,919183673469388;12,4422223570132;-9,99188968528597;-2,22590553301052
CBA;Prec;8;Spatially adjusted;0,939387755102041;12,8483332388796;-10,7321583034013;-2,97157852124701
CBA;Prec;8;Spatially adjusted;0,959591836734694;13,2601135076443;-11,4745102015545;-3,72426437432159
CBA;Prec;8;Spatially adjusted;0,979795918367347;13,6756733676762;-12,2182509530658;-4,48162547062202
CBA;Prec;8;Spatially adjusted;1;14,0931230233391;-12,9626861312572;-5,24132418853515
CBA;Prec;8;Current landscape;0,0264182984828949;164,171088437465;126,331636694181;61,0490825803104
CBA;Prec;8;Current landscape;0,0704970061779022;130,510920862668;86,9174076627246;50,9111533279302
CBA;Prec;8;Current landscape;0,128641486167908;175,93918937606;121,849946361001;42,7365651545338
CBA;Prec;8;Current landscape;0,173249617218971;147,74020586957;117,917033954227;55,0679188511395
CBA;Prec;8;Current landscape;0,227497979998589;156,617868779489;96,275964456439;43,9957648261848
CBA;Prec;8;Current landscape;0,273524045944214;158,562732529042;131,991119359516;80,5652881252854
CBA;Prec;8;Current landscape;0,322602719068527;105,475464692605;119,114940951715;82,9905074973613
CBA;Prec;8;Current landscape;0,375479400157928;111,13862984952;82,3896925494159;63,437892868199
CBA;Prec;8;Current landscape;0,423549592494965;50,2574360198855;29,2446225386479;0,525695010209802
CBA;Prec;8;Current landscape;0,472959339618683;107,985580680283;60,6309593374581;45,6618679015296
CBA;Prec;8;Current landscape;0,527444541454315;110,738006950255;17,7039192370839;-21,5915904908907
CBA;Prec;8;Current landscape;0,574054926633835;179,001984931464;32,8010053347243;-5,2072011646228
CBA;Prec;8;Current landscape;0,624187052249908;96,9816229728476;0,636225124118937;-23,4825430437122
CBA;Prec;8;Current landscape;0,67472904920578;149,639474302605;-2,72152911883086;-21,0197593025464
CBA;Prec;8;Current landscape;0,725274682044983;81,383415567168;22,7100769273652;-15,4893051789454
CBA;Prec;8;Current landscape;0,776135861873627;111,539795838965;5,91436337312052;4,85086532861396
CBA;Prec;8;Current landscape;0,823181986808777;-30,8237567646147;-145,008652329676;-111,163152874956
CBA;Prec;8;Current landscape;0,874467015266418;73,1815592162288;-59,3014329836042;-64,3855768597473
CBA;Prec;8;Current landscape;0,926968693733215;15,859177469441;-80,3182721566741;-158,78848024215
CBA;Prec;8;Current landscape;1;-92,0622046400454;-90,2017747720443;-109,677797073816
CBA;Prec;9;Spatially adjusted;0,01;-0,877178782135161;-9,7164991912091;-8,15972573747558
CBA;Prec;9;Spatially adjusted;0,0302040816326531;-0,802910303184035;-8,73690386288672;-7,36143159191715
CBA;Prec;9;Spatially adjusted;0,0504081632653061;-0,726561521189069;-7,76345261819733;-6,56434183097281
CBA;Prec;9;Spatially adjusted;0,0706122448979592;-0,646052133107787;-6,80228954077347;-5,76966083925572
CBA;Prec;9;Spatially adjusted;0,0908163265306122;-0,559301835894985;-5,85955871424812;-4,97859300137998
CBA;Prec;9;Spatially adjusted;0,111020408163265;-0,464230326508641;-4,94140422225473;-4,19234270196057
CBA;Prec;9;Spatially adjusted;0,131224489795918;-0,358757301904461;-4,05397014842492;-3,41211432560931
CBA;Prec;9;Spatially adjusted;0,151428571428571;-0,240802459038605;-3,20340057639305;-2,63911225694164
CBA;Prec;9;Spatially adjusted;0,171632653061224;-0,108285494868596;-2,39583958979074;-1,87454088057075
CBA;Prec;9;Spatially adjusted;0,191836734693878;0,0408738936507689;-1,63743127225143;-1,11960458111071
CBA;Prec;9;Spatially adjusted;0,212040816326531;0,208756009561057;-0,934319707407667;-0,375507743174239
CBA;Prec;9;Spatially adjusted;0,232244897959184;0,397441155907472;-0,29264897889334;0,356545248622751
CBA;Prec;9;Spatially adjusted;0,252448979591837;0,609009635732946;0,281436829660379;1,07535000966845
CBA;Prec;9;Spatially adjusted;0,27265306122449;0,845541752080408;0,781793634619135;1,77970215534742
CBA;Prec;9;Spatially adjusted;0,292857142857143;1,10911780799506;1,20227735235039;2,46839730104693
CBA;Prec;9;Spatially adjusted;0,313061224489796;1,40181810651848;1,53674389922207;3,140231062152
CBA;Prec;9;Spatially adjusted;0,333265306122449;1,72572295069585;1,77904919160028;3,79399905404989
CBA;Prec;9;Spatially adjusted;0,353469387755102;2,08184035489694;1,92520669775786;4,42783261209161
CBA;Prec;9;Spatially adjusted;0,373673469387755;2,46688917880419;1,97986009358328;5,03720595148434
CBA;Prec;9;Spatially adjusted;0,393877551020408;2,87651599342735;1,94981060687269;5,61692900740309
CBA;Prec;9;Spatially adjusted;0,414081632653061;3,30636736977704;1,84185946541857;6,16181171502012
CBA;Prec;9;Spatially adjusted;0,434285714285714;3,75208987886117;1,66280789701659;6,66666400950908
CBA;Prec;9;Spatially adjusted;0,454489795918367;4,20933009168948;1,41945712946153;7,12629582604404
CBA;Prec;9;Spatially adjusted;0,47469387755102;4,6737345792717;1,1186083905468;7,53551709979683
CBA;Prec;9;Spatially adjusted;0,494897959183674;5,14094991261845;0,767062908067146;7,889137765942
CBA;Prec;9;Spatially adjusted;0,515102040816327;5,60662266273721;0,37162190981735;8,18196775965225
CBA;Prec;9;Spatially adjusted;0,53530612244898;6,06639940063997;-0,0609133764082799;8,40881701610124
CBA;Prec;9;Spatially adjusted;0,555510204081633;6,51592669733418;-0,52374172281543;8,56449547046213
CBA;Prec;9;Spatially adjusted;0,575714285714286;6,95085112383049;-1,01006190161024;8,64381305790812
CBA;Prec;9;Spatially adjusted;0,595918367346939;7,36681925113771;-1,51307268499659;8,64157971361328
CBA;Prec;9;Spatially adjusted;0,616122448979592;7,75947765026649;-2,02597284518151;8,55260537275035
CBA;Prec;9;Spatially adjusted;0,636326530612245;8,12447289222519;-2,54196115437026;8,3716999704925
CBA;Prec;9;Spatially adjusted;0,656530612244898;8,45745154802398;-3,0542363847685;8,09367344201382
CBA;Prec;9;Spatially adjusted;0,676734693877551;8,75406018867261;-3,55599730858148;7,71333572248614
CBA;Prec;9;Spatially adjusted;0,696938775510204;9,01109515922235;-4,04175660613055;7,22748156263788
CBA;Prec;9;Spatially adjusted;0,717142857142857;9,22995190088932;-4,51128259019833;6,64084497540716
CBA;Prec;9;Spatially adjusted;0,73734693877551;9,413175628933;-4,9656574816845;5,96014478928555
CBA;Prec;9;Spatially adjusted;0,757551020408163;9,56331155861199;-5,40596350148644;5,19209983276596
CBA;Prec;9;Spatially adjusted;0,777755102040816;9,68290490518575;-5,83328287050472;4,34342893434041
CBA;Prec;9;Spatially adjusted;0,797959183673469;9,77450088391333;-6,24869780963581;3,4208509225009
CBA;Prec;9;Spatially adjusted;0,818163265306122;9,84064471005149;-6,65329053978076;2,43108462574037
CBA;Prec;9;Spatially adjusted;0,838367346938776;9,88388159886063;-7,04814328183647;1,38084887254945
CBA;Prec;9;Spatially adjusted;0,858571428571429;9,90675676560022;-7,43433825670309;0,276862491421525
CBA;Prec;9;Spatially adjusted;0,878775510204082;9,91181542552749;-7,81295768527798;-0,874155689151394
CBA;Prec;9;Spatially adjusted;0,898979591836735;9,90160279390193;-8,18508378846127;-2,06548684067729
CBA;Prec;9;Spatially adjusted;0,919183673469388;9,87866408598256;-8,55179878715035;-3,29041213466417
CBA;Prec;9;Spatially adjusted;0,939387755102041;9,84554451702797;-8,91418490224442;-4,54221274261954
CBA;Prec;9;Spatially adjusted;0,959591836734694;9,80478930229719;-9,27332435464268;-5,81416983605141
CBA;Prec;9;Spatially adjusted;0,979795918367347;9,75894365704835;-9,63029936524345;-7,09956458646821
CBA;Prec;9;Spatially adjusted;1;9,71055279654138;-9,986192154945;-8,39167816537656
CBA;Prec;9;Current landscape;0,0226361025124788;140,94403104801;118,999299429969;36,5563904772257
CBA;Prec;9;Current landscape;0,0727158561348915;110,843541804178;81,8105373817243;43,2371853435902
CBA;Prec;9;Current landscape;0,126430913805962;77,183077165796;59,4022884900032;10,2703778598452
CBA;Prec;9;Current landscape;0,175033718347549;95,4600438362368;63,0289651763305;21,8365796775511
CBA;Prec;9;Current landscape;0,227959305047989;144,712567307374;103,461019444625;67,2413056491314
CBA;Prec;9;Current landscape;0,27450430393219;207,74760700786;96,5970785014256;77,8194117762155
CBA;Prec;9;Current landscape;0,325313687324524;187,485872151194;100,950157415602;60,3013245948637
CBA;Prec;9;Current landscape;0,378035426139832;107,597617017235;67,8682242876207;33,478473677128
CBA;Prec;9;Current landscape;0,425741642713547;43,4705035078059;-16,00492308414;-59,4662717784527
CBA;Prec;9;Current landscape;0,474133968353272;118,960467679976;84,8360370290247;45,03773963287
CBA;Prec;9;Current landscape;0,524606466293335;64,085218965954;8,36969435216179;-10,7316533912567
CBA;Prec;9;Current landscape;0,575441658496857;164,981211546965;30,411971249715;9,38588584869967
CBA;Prec;9;Current landscape;0,625634759664536;72,8414571694912;-11,9341121596394;-28,9422816531469
CBA;Prec;9;Current landscape;0,675695836544037;98,2768313149522;-35,4624077287231;-55,7102575240383
CBA;Prec;9;Current landscape;0,7231205701828;51,533246452997;7,96814841526748;-38,6952883257823
CBA;Prec;9;Current landscape;0,775426089763641;71,8586185362997;-24,3094146771641;-15,9197625990137
CBA;Prec;9;Current landscape;0,827618420124054;16,6327046494471;-96,9713097566896;-61,3929413379506
CBA;Prec;9;Current landscape;0,873559385538101;46,613715053019;-82,458397392315;-87,6772854907154
CBA;Prec;9;Current landscape;0,92563784122467;3,98647771643164;-85,5860992773542;-165,710718338524
CBA;Prec;9;Current landscape;1;-115,066093733172;-107,575677456874;-130,679184593197
CBA;Prec;10;Spatially adjusted;0,01;-1,78138222626603;9,57285865513359;-25,7646869621885
CBA;Prec;10;Spatially adjusted;0,0302040816326531;-0,795004720306224;8,01166397133738;-22,857401886733
CBA;Prec;10;Spatially adjusted;0,0504081632653061;0,180362709849305;6,46498221738511;-19,9663674630592
CBA;Prec;10;Spatially adjusted;0,0706122448979592;1,13370998839719;4,94732632312162;-17,107834342949
CBA;Prec;10;Spatially adjusted;0,0908163265306122;2,05402703953405;3,47320921839082;-14,2980531781832
CBA;Prec;10;Spatially adjusted;0,111020408163265;2,93030378745425;2,05714383303621;-11,5532746205449
CBA;Prec;10;Spatially adjusted;0,131224489795918;3,75153015635624;0,713643096902615;-8,88974932181463
CBA;Prec;10;Spatially adjusted;0,151428571428571;4,50669607043437;-0,542780060165114;-6,32372793377408
CBA;Prec;10;Spatially adjusted;0,171632653061224;5,18479145388528;-1,69761270832441;-3,87146110820595
CBA;Prec;10;Spatially adjusted;0,191836734693878;5,7748062309056;-2,73634191772999;-1,54919949689065
CBA;Prec;10;Spatially adjusted;0,212040816326531;6,26573032569104;-3,6444547585379;0,626806248388675
CBA;Prec;10;Spatially adjusted;0,232244897959184;6,64655366243733;-4,40743830090378;2,64030547585207
CBA;Prec;10;Spatially adjusted;0,252448979591837;6,90626616534155;-5,01077961498368;4,47504753371641
CBA;Prec;10;Spatially adjusted;0,27265306122449;7,03385775859852;-5,43996577093321;6,11478177020081
CBA;Prec;10;Spatially adjusted;0,292857142857143;7,01831836640622;-5,68048383890891;7,5432575335235
CBA;Prec;10;Spatially adjusted;0,313061224489796;6,84863791295811;-5,71782088906548;8,74422417190226
CBA;Prec;10;Spatially adjusted;0,333265306122449;6,51380632245309;-5,53746399155943;9,70143103355622
CBA;Prec;10;Spatially adjusted;0,353469387755102;6,00956436820798;-5,13273115092716;10,4047874061671
CBA;Prec;10;Spatially adjusted;0,373673469387755;5,35865622003166;-4,52826410922626;10,8688423352746
CBA;Prec;10;Spatially adjusted;0,393877551020408;4,59057689685415;-3,75653554289647;11,1143048058825
CBA;Prec;10;Spatially adjusted;0,414081632653061;3,73482141760633;-2,85001812837572;11,1618838029931
CBA;Prec;10;Spatially adjusted;0,434285714285714;2,8208848012182;-1,84118454210375;11,0322883116105
CBA;Prec;10;Spatially adjusted;0,454489795918367;1,87826206662021;-0,762507460518464;10,7462273167384
CBA;Prec;10;Spatially adjusted;0,47469387755102;0,936448232742805;0,353540439941298;10,3244098033792
CBA;Prec;10;Spatially adjusted;0,494897959183674;0,0249383185168881;1,47448648283626;9,7875447565375
CBA;Prec;10;Spatially adjusted;0,515102040816327;-0,826772657126639;2,56785799172758;9,15634116121555
CBA;Prec;10;Spatially adjusted;0,53530612244898;-1,58918967525869;3,60118229017735;8,45150800241754
CBA;Prec;10;Spatially adjusted;0,555510204081633;-2,23281771694747;4,54198670174583;7,69375426514671
CBA;Prec;10;Spatially adjusted;0,575714285714286;-2,72816176326342;5,35779854999419;6,90378893440675
CBA;Prec;10;Spatially adjusted;0,595918367346939;-3,04572679527519;6,01614515848405;6,10232099519999
CBA;Prec;10;Spatially adjusted;0,616122448979592;-3,15601779405324;6,48455385077705;5,31005943253103
CBA;Prec;10;Spatially adjusted;0,636326530612245;-3,02953974066668;6,73055195043344;4,54771323140267
CBA;Prec;10;Spatially adjusted;0,656530612244898;-2,63679761618459;6,7216667810153;3,83599137681813
CBA;Prec;10;Spatially adjusted;0,676734693877551;-1,94829640167791;6,42542566608336;3,19560285378157
CBA;Prec;10;Spatially adjusted;0,696938775510204;-0,942844978338144;5,81809959008388;2,64284637566425
CBA;Prec;10;Spatially adjusted;0,717142857142857;0,367532172148003;4,91093418100354;2,17637956931367
CBA;Prec;10;Spatially adjusted;0,73734693877551;1,96250666797096;3,72391872771505;1,79044978994489
CBA;Prec;10;Spatially adjusted;0,757551020408163;3,82175012732068;2,27704251909017;1,47930439277388
CBA;Prec;10;Spatially adjusted;0,777755102040816;5,92493416838715;0,590294844000709;1,23719073301572
CBA;Prec;10;Spatially adjusted;0,797959183673469;8,25173040936033;-1,31633500868111;1,05835616588638
CBA;Prec;10;Spatially adjusted;0,818163265306122;10,781810468432;-3,42285775008304;0,937048046601831
CBA;Prec;10;Spatially adjusted;0,838367346938776;13,4948459637913;-5,7092840913333;0,867513730377141
CBA;Prec;10;Spatially adjusted;0,858571428571429;16,370508513628;-8,15562474356011;0,844000572427376
CBA;Prec;10;Spatially adjusted;0,878775510204082;19,3884697361332;-10,7418904178908;0,860755927968967
CBA;Prec;10;Spatially adjusted;0,898979591836735;22,5284012494972;-13,448091825454;0,912027152217433
CBA;Prec;10;Spatially adjusted;0,919183673469388;25,76997467191;-16,254239677377;0,992061600387387
CBA;Prec;10;Spatially adjusted;0,939387755102041;29,092861621562;-19,1403446847885;1,09510662769526
CBA;Prec;10;Spatially adjusted;0,959591836734694;32,4767337166422;-22,0864175588158;1,21540958935657
CBA;Prec;10;Spatially adjusted;0,979795918367347;35,901262575343;-25,0724690105872;1,34721784058729
CBA;Prec;10;Spatially adjusted;1;39,3461198158529;-28,0785097512312;1,48477873660158
CBA;Prec;10;Current landscape;0,0197199042886496;138,082279264869;109,554056581571;40,5666493420326
CBA;Prec;10;Current landscape;0,0756187215447426;121,808698498197;81,3639946245389;5,90973547562271
CBA;Prec;10;Current landscape;0,125278383493423;165,813283786336;122,89451383914;66,7780588797041
CBA;Prec;10;Current landscape;0,173249617218971;138,492909271708;122,562102132923;89,785471179885
CBA;Prec;10;Current landscape;0,230427131056786;127,09612129076;87,8196357047546;61,0038628668563
CBA;Prec;10;Current landscape;0,275919303297997;80,3080878218129;60,4244618264997;71,1124497762317
CBA;Prec;10;Current landscape;0,321454912424088;116,466390469309;92,9370152801334;67,7429885802699
CBA;Prec;10;Current landscape;0,3765849173069;65,0747870278319;50,8391731507459;40,6712826979497
CBA;Prec;10;Current landscape;0,425212442874909;76,884159454849;77,1646528129859;28,0808561267259
CBA;Prec;10;Current landscape;0,473427847027779;75,3155776774747;41,0103150437758;-4,43724929995324
CBA;Prec;10;Current landscape;0,524403154850006;97,9306206761894;23,4891975039886;11,5388065808461
CBA;Prec;10;Current landscape;0,574584364891052;135,218804616522;-6,78502132262702;-10,2001774754772
CBA;Prec;10;Current landscape;0,626477122306824;49,3149752474642;-24,1622328318513;-51,1878101418129
CBA;Prec;10;Current landscape;0,672561049461365;95,9604685421059;-27,8070007718497;-39,7858289911342
CBA;Prec;10;Current landscape;0,72344046831131;28,113193231341;-13,0809484993079;-63,3695022263764
CBA;Prec;10;Current landscape;0,776683211326599;67,0226903769262;-45,3922692904525;-36,1605780299447
CBA;Prec;10;Current landscape;0,824285268783569;-17,160191511528;-132,766868671111;-97,1568946947714
CBA;Prec;10;Current landscape;0,872830033302307;60,2190982787674;-83,5438319985965;-81,0777746573003
CBA;Prec;10;Current landscape;0,930109560489655;20,7403434686735;-96,8471980680315;-161,058482334434
CBA;Prec;10;Current landscape;1;-64,3120945169612;-100,742335550716;-101,39039153616
CBA;Prec;11;Spatially adjusted;0,01;-9,68129053139955;11,4890536592739;-23,0103137178348
CBA;Prec;11;Spatially adjusted;0,0302040816326531;-8,69814962711917;10,0972681056428;-21,7340209041945
CBA;Prec;11;Spatially adjusted;0,0504081632653061;-7,72042547124556;8,71569652235166;-20,4573609680047
CBA;Prec;11;Spatially adjusted;0,0706122448979592;-6,75353481218326;7,35455287973991;-19,179966786714
CBA;Prec;11;Spatially adjusted;0,0908163265306122;-5,80289439833905;6,02405114814837;-17,901471237773
CBA;Prec;11;Spatially adjusted;0,111020408163265;-4,87392097811789;4,73440529791606;-16,6215071986308
CBA;Prec;11;Spatially adjusted;0,131224489795918;-3,97203129992704;3,49582929938242;-15,3397075467383
CBA;Prec;11;Spatially adjusted;0,151428571428571;-3,10264211217191;2,31853712288876;-14,0557051595438
CBA;Prec;11;Spatially adjusted;0,171632653061224;-2,27117016325747;1,21274273877407;-12,7691329144986
CBA;Prec;11;Spatially adjusted;0,191836734693878;-1,48303220159096;0,188660117377822;-11,479623689052
CBA;Prec;11;Spatially adjusted;0,212040816326531;-0,743644975577809;-0,743496770959609;-10,186810360653
CBA;Prec;11;Spatially adjusted;0,232244897959184;-0,0584252336225291;-1,57351395589831;-8,89032580675257
CBA;Prec;11;Spatially adjusted;0,252448979591837;0,567210275865818;-2,29117746709835;-7,58980290479985
CBA;Prec;11;Spatially adjusted;0,27265306122449;1,12784480448454;-2,88627333422073;-6,28487453224489
CBA;Prec;11;Spatially adjusted;0,292857142857143;1,61806160382548;-3,34858758692417;-4,97517356653725
CBA;Prec;11;Spatially adjusted;0,313061224489796;2,03244392548322;-3,6679062548701;-3,66033288512699
CBA;Prec;11;Spatially adjusted;0,333265306122449;2,36557502105279;-3,83401536771771;-2,33998536546414
CBA;Prec;11;Spatially adjusted;0,353469387755102;2,61494710322449;-3,84178733039471;-1,01559243371048
CBA;Prec;11;Spatially adjusted;0,373673469387755;2,78968822907336;-3,70644004889482;0,304070289122592
CBA;Prec;11;Spatially adjusted;0,393877551020408;2,90183541677379;-3,4482778044794;1,60839863331012
CBA;Prec;11;Spatially adjusted;0,414081632653061;2,96342568449882;-3,08760487840891;2,88678842912896
CBA;Prec;11;Spatially adjusted;0,434285714285714;2,98649605042147;-2,64472555194516;4,12863550685461
CBA;Prec;11;Spatially adjusted;0,454489795918367;2,98308353271477;-2,13994410634859;5,32333569676302
CBA;Prec;11;Spatially adjusted;0,47469387755102;2,96522514955132;-1,59356482288013;6,46028482912971
CBA;Prec;11;Spatially adjusted;0,494897959183674;2,94495791910458;-1,02589198280157;7,52887873423151
CBA;Prec;11;Spatially adjusted;0,515102040816327;2,9343188595476;-0,457229867373371;8,51851324234394
CBA;Prec;11;Spatially adjusted;0,53530612244898;2,94534498905296;0,0921172421435585;9,4185841837425
CBA;Prec;11;Spatially adjusted;0,555510204081633;2,99007332579504;0,601845064487861;10,218487388704
CBA;Prec;11;Spatially adjusted;0,575714285714286;3,08054088794461;1,05164931839863;10,9076186875036
CBA;Prec;11;Spatially adjusted;0,595918367346939;3,22878469367697;1,42122572261451;11,4753739104176
CBA;Prec;11;Spatially adjusted;0,616122448979592;3,44684176116425;1,6902699958755;11,911148887722
CBA;Prec;11;Spatially adjusted;0,636326530612245;3,74674910857902;1,83847785691933;12,2043394496932
CBA;Prec;11;Spatially adjusted;0,656530612244898;4,14054375409432;1,84554502448555;12,3443414266058
CBA;Prec;11;Spatially adjusted;0,676734693877551;4,64026271588455;1,69116721731325;12,320550648737
CBA;Prec;11;Spatially adjusted;0,696938775510204;5,25470807852662;1,36031742243495;12,1259469426127
CBA;Prec;11;Spatially adjusted;0,717142857142857;5,97974219221169;0,859077700056787;11,7678461197643
CBA;Prec;11;Spatially adjusted;0,73734693877551;6,80799247353798;0,198807378678794;11,2571479879734
CBA;Prec;11;Spatially adjusted;0,757551020408163;7,73208633910326;-0,609134213199013;10,6047523550219
CBA;Prec;11;Spatially adjusted;0,777755102040816;8,74465120550394;-1,55338774707616;9,82155902868999
CBA;Prec;11;Spatially adjusted;0,797959183673469;9,83831448933643;-2,62259389445353;8,91846781676077
CBA;Prec;11;Spatially adjusted;0,818163265306122;11,0057036071989;-3,80539332683065;7,90637852701502
CBA;Prec;11;Spatially adjusted;0,838367346938776;12,2394459756874;-5,09042671570751;6,79619096723491
CBA;Prec;11;Spatially adjusted;0,858571428571429;13,5321690113992;-6,46633473258407;5,59880494520166
CBA;Prec;11;Spatially adjusted;0,878775510204082;14,876500130933;-7,92175804896033;4,3251202686979
CBA;Prec;11;Spatially adjusted;0,898979591836735;16,2650667508833;-9,44533733633716;2,9860367455035
CBA;Prec;11;Spatially adjusted;0,919183673469388;17,6904962878489;-11,0257132662132;1,59245418340106
CBA;Prec;11;Spatially adjusted;0,939387755102041;19,1454161584256;-12,6515265100898;0,15527239017274
CBA;Prec;11;Spatially adjusted;0,959591836734694;20,6224537792114;-14,3114177394655;-1,31460882640113
CBA;Prec;11;Spatially adjusted;0,979795918367347;22,1142365668034;-15,9940276258417;-2,80628965853748
CBA;Prec;11;Spatially adjusted;1;23,6133919377985;-17,6879968407179;-4,30887029845644
CBA;Prec;11;Current landscape;0,0292790206149221;185,054962308041;167,440969758242;90,4882221508347
CBA;Prec;11;Current landscape;0,0704565122723579;109,45027877795;101,667545267076;36,7837196250166
CBA;Prec;11;Current landscape;0,128524750471115;110,88772610185;71,6538884552788;-25,6670711811389
CBA;Prec;11;Current landscape;0,177509441971779;92,4117333397617;60,1452246470285;-5,83752908666475
CBA;Prec;11;Current landscape;0,229005008935928;152,157436271099;87,4252040497063;27,3952681579826
CBA;Prec;11;Current landscape;0,273755952715874;130,608590489726;87,2785243883991;44,6693082638162
CBA;Prec;11;Current landscape;0,322635352611542;130,462761150333;72,9984454501873;54,4683562175578
CBA;Prec;11;Current landscape;0,373995542526245;135,65383219697;109,176581021511;54,6627731689541
CBA;Prec;11;Current landscape;0,425468981266022;121,714662546085;98,3668097396135;50,291811402783
CBA;Prec;11;Current landscape;0,471817821264267;115,100678611076;64,8472463458566;38,1719501600464
CBA;Prec;11;Current landscape;0,527395367622375;112,156388340203;27,6338885946343;15,3443354243941
CBA;Prec;11;Current landscape;0,574934244155884;188,268656044666;39,5920083628071;30,3868922896681
CBA;Prec;11;Current landscape;0,622113585472107;74,7796225080783;-18,0587193161632;-44,5049294607015
CBA;Prec;11;Current landscape;0,67461746931076;103,999851924407;-23,9707689977258;-32,1683800882074
CBA;Prec;11;Current landscape;0,728448212146759;56,7639764405062;-4,13603673766056;-70,7778773052337
CBA;Prec;11;Current landscape;0,775729298591614;74,3118776618894;-28,0229169954378;-22,3297767268618
CBA;Prec;11;Current landscape;0,827078819274902;7,8068002186742;-107,328598088823;-70,2055837809576
CBA;Prec;11;Current landscape;0,873050689697266;33,7566816414992;-102,134852107067;-103,464945840026
CBA;Prec;11;Current landscape;0,925546586513519;8,15461872866308;-97,1450976200231;-171,778647643427
CBA;Prec;11;Current landscape;1;-84,6085969602409;-94,1850606400053;-109,616377924173
CBA;Prec;12;Spatially adjusted;0,01;-9,4499195680819;-3,41890743194426;-25,1959075346226
CBA;Prec;12;Spatially adjusted;0,0302040816326531;-7,87565929355287;-3,09253921987693;-23,3797300590109
CBA;Prec;12;Spatially adjusted;0,0504081632653061;-6,31212920908638;-2,76889939515513;-21,5687756255556
CBA;Prec;12;Spatially adjusted;0,0706122448979592;-4,77005950474631;-2,4507163451226;-19,7682672764117
CBA;Prec;12;Spatially adjusted;0,0908163265306122;-3,26018037059612;-2,14071845712442;-17,983428053737
CBA;Prec;12;Spatially adjusted;0,111020408163265;-1,79322199669832;-1,84163411850614;-16,2194809996868
CBA;Prec;12;Spatially adjusted;0,131224489795918;-0,379914573115457;-1,55619171661147;-14,481649156417
CBA;Prec;12;Spatially adjusted;0,151428571428571;0,969011710087216;-1,28711963878641;-12,7751555660848
CBA;Prec;12;Spatially adjusted;0,171632653061224;2,24282666284853;-1,03714627237423;-11,1052232708448
CBA;Prec;12;Spatially adjusted;0,191836734693878;3,43080009510459;-0,809000004721838;-9,47707531285414
CBA;Prec;12;Spatially adjusted;0,212040816326531;4,52220181679195;-0,605409223172501;-7,8959347342693
CBA;Prec;12;Spatially adjusted;0,232244897959184;5,50630163784808;-0,429102315071759;-6,3670245772455
CBA;Prec;12;Spatially adjusted;0,252448979591837;6,37236936820955;-0,282807667763791;-4,89556788393929
CBA;Prec;12;Spatially adjusted;0,27265306122449;7,10967481781336;-0,169253668594138;-3,48678769650678
CBA;Prec;12;Spatially adjusted;0,292857142857143;7,70748779659607;-0,0911687049078864;-2,14590705710407
CBA;Prec;12;Spatially adjusted;0,313061224489796;8,1550781144947;-0,0512811640487598;-0,878149007887714
CBA;Prec;12;Spatially adjusted;0,333265306122449;8,44171558144626;-0,0523194333622996;0,311263408987088
CBA;Prec;12;Spatially adjusted;0,353469387755102;8,56190223885596;-0,0961177647814111;1,41793046886323
CBA;Prec;12;Spatially adjusted;0,373673469387755;8,53106905400637;-0,180933868589818;2,44074571708597
CBA;Prec;12;Spatially adjusted;0,393877551020408;8,36987922564822;-0,304131319659064;3,37942601650047
CBA;Prec;12;Spatially adjusted;0,414081632653061;8,09899595253182;-0,463073692861144;4,23368822995099
CBA;Prec;12;Spatially adjusted;0,434285714285714;7,73908243340793;-0,655124563068057;5,00324922028312
CBA;Prec;12;Spatially adjusted;0,454489795918367;7,31080186702775;-0,877647505151344;5,68782585034069
CBA;Prec;12;Spatially adjusted;0,47469387755102;6,83481745214249;-1,128006093983;6,28713498296975
CBA;Prec;12;Spatially adjusted;0,494897959183674;6,33179238750245;-1,40356390443503;6,8008934810141
CBA;Prec;12;Spatially adjusted;0,515102040816327;5,82238987185838;-1,70168451137852;7,22881820731891
CBA;Prec;12;Spatially adjusted;0,53530612244898;5,32727310396058;-2,01973148968591;7,57062602473025
CBA;Prec;12;Spatially adjusted;0,555510204081633;4,86710528256117;-2,35506841422921;7,82603379609145
CBA;Prec;12;Spatially adjusted;0,575714285714286;4,46254960640954;-2,7050588598795;7,99475838424723
CBA;Prec;12;Spatially adjusted;0,595918367346939;4,13426927425735;-3,06706640150924;8,07651665204412
CBA;Prec;12;Spatially adjusted;0,616122448979592;3,9029274848549;-3,43845461398996;8,07102546232591
CBA;Prec;12;Spatially adjusted;0,636326530612245;3,7891874369534;-3,81658707219322;7,9780016779373
CBA;Prec;12;Spatially adjusted;0,656530612244898;3,81371232930405;-4,19882735099145;7,79716216172346
CBA;Prec;12;Spatially adjusted;0,676734693877551;3,99716536065671;-4,58253902525621;7,52822377652956
CBA;Prec;12;Spatially adjusted;0,696938775510204;4,35489512020285;-4,96553720977317;7,17187122062296
CBA;Prec;12;Spatially adjusted;0,717142857142857;4,88099175889238;-5,34744317898139;6,73266053396401
CBA;Prec;12;Spatially adjusted;0,73734693877551;5,5642308181159;-5,72832974723633;6,21611559193707
CBA;Prec;12;Spatially adjusted;0,757551020408163;6,3933878392636;-6,10826972889072;5,62776026992469
CBA;Prec;12;Spatially adjusted;0,777755102040816;7,35723836372699;-6,48733593829911;4,9731184433108
CBA;Prec;12;Spatially adjusted;0,797959183673469;8,44455793289626;-6,8656011898147;4,25771398747884
CBA;Prec;12;Spatially adjusted;0,818163265306122;9,6441220881602;-7,24313829779248;3,48707077781182
CBA;Prec;12;Spatially adjusted;0,838367346938776;10,9447063709108;-7,62002007658475;2,66671268969367
CBA;Prec;12;Spatially adjusted;0,858571428571429;12,3350863225373;-7,99631934054651;1,80216359850783
CBA;Prec;12;Spatially adjusted;0,878775510204082;13,8040374844322;-8,37210890403139;0,89894737963823
CBA;Prec;12;Spatially adjusted;0,898979591836735;15,3403353979834;-8,74746158139305;-0,0374120915325875
CBA;Prec;12;Spatially adjusted;0,919183673469388;16,9327556045828;-9,12245018698513;-1,00139093962116
CBA;Prec;12;Spatially adjusted;0,939387755102041;18,5700736456206;-9,49714753516173;-1,98746528924312
CBA;Prec;12;Spatially adjusted;0,959591836734694;20,241065062487;-9,8716264402774;-2,99011126501591
CBA;Prec;12;Spatially adjusted;0,979795918367347;21,9345053965726;-10,2459597166849;-4,00380499155517
CBA;Prec;12;Spatially adjusted;1;23,639170189268;-10,6202201787387;-5,02302259347789
CBA;Prec;12;Current landscape;0,0263351928442717;93,1649341691268;61,8629896865559;-18,8185420856071
CBA;Prec;12;Current landscape;0,0747204571962357;83,422798097713;37,4170897079484;-27,5736437521546
CBA;Prec;12;Current landscape;0,121262989938259;169,994715669957;141,898414307797;66,8463772592718
CBA;Prec;12;Current landscape;0,175920188426971;95,0357192209394;65,8413020230969;3,01583035693284
CBA;Prec;12;Current landscape;0,225960776209831;94,2842080370656;53,945192897299;35,1777072108453
CBA;Prec;12;Current landscape;0,273342043161392;182,717156197009;125,670265971522;80,8302467975827
CBA;Prec;12;Current landscape;0,325055927038193;181,841747488509;126,547989253058;82,175991066159
CBA;Prec;12;Current landscape;0,377472817897797;126,798859607365;110,721815681015;87,6493921499314
CBA;Prec;12;Current landscape;0,426789134740829;68,3147331091027;44,6431825262621;-7,15800971260796
CBA;Prec;12;Current landscape;0,474198877811432;56,9679997582375;4,03001661235658;4,52890473265188
CBA;Prec;12;Current landscape;0,524230450391769;90,1072515836504;-1,24536465243;-22,327691252101
CBA;Prec;12;Current landscape;0,572302252054215;154,291777702261;22,2862420225297;-7,40704018369888
CBA;Prec;12;Current landscape;0,625652313232422;66,3179347503192;-4,35616946503933;-57,6024375545885
CBA;Prec;12;Current landscape;0,673536717891693;107,507037486924;-39,519765164845;-53,4659020679869
CBA;Prec;12;Current landscape;0,725452452898026;49,8458679656842;-11,6703635134581;-47,7612127881648
CBA;Prec;12;Current landscape;0,775383949279785;75,5536975873247;-30,310715636459;-31,9796955127922
CBA;Prec;12;Current landscape;0,821471929550171;14,9636474500139;-98,7094865708136;-63,4702197281868
CBA;Prec;12;Current landscape;0,877060055732727;33,2504453877473;-98,7555704089323;-103,391843406198
CBA;Prec;12;Current landscape;0,927546918392181;22,8047520867672;-77,5698358530876;-158,424044728376
CBA;Prec;12;Current landscape;1;-100,557298448932;-103,97058564831;-126,507612369232
CBA;Prec;13;Spatially adjusted;0,01;-5,82936567304614;-4,27659983136027;-23,2877671608694
CBA;Prec;13;Spatially adjusted;0,0302040816326531;-4,5615419407568;-4,4052764860412;-20,7696860006436
CBA;Prec;13;Spatially adjusted;0,0504081632653061;-3,30505394097918;-4,52946778489286;-18,2649815464406
CBA;Prec;13;Spatially adjusted;0,0706122448979592;-2,07123740622319;-4,64468837208688;-15,7870305042834
CBA;Prec;13;Spatially adjusted;0,0908163265306122;-0,871428069001468;-4,74645289179352;-13,3492095801939
CBA;Prec;13;Spatially adjusted;0,111020408163265;0,283038338177903;-4,83027598818353;-10,9648954801955
CBA;Prec;13;Spatially adjusted;0,131224489795918;1,38082608280138;-4,89167230542898;-8,64746491031156
CBA;Prec;13;Spatially adjusted;0,151428571428571;2,41059943235859;-4,9261564876997;-6,4102945765635
CBA;Prec;13;Spatially adjusted;0,171632653061224;3,36102265433692;-4,92924317916732;-4,26676118497517
CBA;Prec;13;Spatially adjusted;0,191836734693878;4,22076001622781;-4,89644702400165;-2,23024144156852
CBA;Prec;13;Spatially adjusted;0,212040816326531;4,97847578552;-4,82328266637524;-0,314112052367364
CBA;Prec;13;Spatially adjusted;0,232244897959184;5,6228342297004;-4,7052647504579;1,46825027660634
CBA;Prec;13;Spatially adjusted;0,252448979591837;6,14249961626047;-4,53790792042082;3,10346883932971
CBA;Prec;13;Spatially adjusted;0,27265306122449;6,52613621268711;-4,31672682043563;4,57816692978031
CBA;Prec;13;Spatially adjusted;0,292857142857143;6,76240828646951;-4,0372360946717;5,87896784193436
CBA;Prec;13;Spatially adjusted;0,313061224489796;6,83998010509777;-3,69495038730202;6,99249486976987
CBA;Prec;13;Spatially adjusted;0,333265306122449;6,74751593606015;-3,28538434249549;7,90537130726443
CBA;Prec;13;Spatially adjusted;0,353469387755102;6,48016058721623;-2,80730045033124;8,60925413527639
CBA;Prec;13;Spatially adjusted;0,373673469387755;6,05898102790707;-2,27245258451512;9,11593508219494
CBA;Prec;13;Spatially adjusted;0,393877551020408;5,51152476784637;-1,69584246465865;9,44223956329188
CBA;Prec;13;Spatially adjusted;0,414081632653061;4,86533931674421;-1,09247181037608;9,60499299383673
CBA;Prec;13;Spatially adjusted;0,434285714285714;4,14797218431204;-0,477342341278018;9,62102078910129
CBA;Prec;13;Spatially adjusted;0,454489795918367;3,38697088026538;0,134544223021294;9,50714836435554
CBA;Prec;13;Spatially adjusted;0,47469387755102;2,60988291431431;0,728186162909879;9,28020113487173
CBA;Prec;13;Spatially adjusted;0,494897959183674;1,84425579616936;1,28858175877531;8,95700451592029
CBA;Prec;13;Spatially adjusted;0,515102040816327;1,1176370355447;1,8007292910047;8,55438392277119
CBA;Prec;13;Spatially adjusted;0,53530612244898;0,457574142152225;2,24962703998517;8,0891647706967
CBA;Prec;13;Spatially adjusted;0,555510204081633;-0,108385374296176;2,62027328610384;7,57817247496632
CBA;Prec;13;Spatially adjusted;0,575714285714286;-0,552694004089517;2,89766630974918;7,03823245085232
CBA;Prec;13;Spatially adjusted;0,595918367346939;-0,847804237514083;3,06680439130787;6,48617011362421
CBA;Prec;13;Spatially adjusted;0,616122448979592;-0,96616856485889;3,11268581116701;5,93881087855471
CBA;Prec;13;Spatially adjusted;0,636326530612245;-0,880239476412044;3,02030884971509;5,41298016091287
CBA;Prec;13;Spatially adjusted;0,656530612244898;-0,562469462460285;2,77467178733832;4,92550337597095
CBA;Prec;13;Spatially adjusted;0,676734693877551;0,0146889867073696;2,36077290442472;4,49320593899938
CBA;Prec;13;Spatially adjusted;0,696938775510204;0,871203213092031;1,76801976317302;4,12935897977286
CBA;Prec;13;Spatially adjusted;0,717142857142857;1,99671988784712;1,00345705303062;3,8330164860854
CBA;Prec;13;Spatially adjusted;0,73734693877551;3,37330551441437;0,0785387452579016;3,59967816023436
CBA;Prec;13;Spatially adjusted;0,757551020408163;4,9830265962355;-0,995281188886565;3,42484370451621
CBA;Prec;13;Spatially adjusted;0,777755102040816;6,80794963675362;-2,20654877814331;3,30401282122966
CBA;Prec;13;Spatially adjusted;0,797959183673469;8,83014113940953;-3,54381005125288;3,23268521267073
CBA;Prec;13;Spatially adjusted;0,818163265306122;11,0316676076459;-4,99561103695623;3,20636058113769
CBA;Prec;13;Spatially adjusted;0,838367346938776;13,3945955449044;-6,55049776399392;3,22053862892835
CBA;Prec;13;Spatially adjusted;0,858571428571429;15,9009914546273;-8,19701626110555;3,27071905833918
CBA;Prec;13;Spatially adjusted;0,878775510204082;18,5329218402558;-9,92371255703392;3,352401571668
CBA;Prec;13;Spatially adjusted;0,898979591836735;21,272453205233;-11,7191326805173;3,46108587121216
CBA;Prec;13;Spatially adjusted;0,919183673469388;24,1016520529997;-13,571822660298;3,5922716592695
CBA;Prec;13;Spatially adjusted;0,939387755102041;27,0025848869991;-15,4703285251167;3,74145863813737
CBA;Prec;13;Spatially adjusted;0,959591836734694;29,9573182106728;-17,4031963037123;3,9041465101127
CBA;Prec;13;Spatially adjusted;0,979795918367347;32,9479185274618;-19,3589720248274;4,07583497749329
CBA;Prec;13;Spatially adjusted;1;35,9564523408089;-21,3262017172019;4,25202374257606
CBA;Prec;13;Current landscape;0,0292398985475302;89,9255247440447;47,1855722884616;-28,4885167909251
CBA;Prec;13;Current landscape;0,0736729502677917;74,7421657741484;53,900865247841;-23,5368570404867
CBA;Prec;13;Current landscape;0,130371481180191;156,499211501634;132,628337513712;107,048864321615
CBA;Prec;13;Current landscape;0,174744606018066;158,244560814552;109,607005982371;61,2257524774027
CBA;Prec;13;Current landscape;0,226971983909607;151,301615302323;92,6944105925627;56,3346847402295
CBA;Prec;13;Current landscape;0,275060519576073;124,965294086851;75,4743831137657;45,2791163242014
CBA;Prec;13;Current landscape;0,326224595308304;118,373654075277;108,511293744249;56,6933319702475
CBA;Prec;13;Current landscape;0,378191903233529;81,1995021275243;75,2643954851469;59,5256850076035
CBA;Prec;13;Current landscape;0,425521045923233;23,0287986421854;33,9354192916107;11,7092668311002
CBA;Prec;13;Current landscape;0,4754798412323;80,3482150475543;44,4344116972507;19,1501365569279
CBA;Prec;13;Current landscape;0,526484429836273;127,675088961161;58,9793259803591;22,0660264238732
CBA;Prec;13;Current landscape;0,573886215686798;133,789600905465;-10,0179122270447;-52,7200335061803
CBA;Prec;13;Current landscape;0,625412225723267;55,7122611545615;-35,0083463121541;-63,427554774953
CBA;Prec;13;Current landscape;0,675468504428864;100,900196981734;-46,2362510525613;-63,574864529091
CBA;Prec;13;Current landscape;0,728187620639801;43,1981009566525;10,3303256736044;-22,1809987269717
CBA;Prec;13;Current landscape;0,774162530899048;86,1669054598342;-4,83791037798164;-6,96159101103694
CBA;Prec;13;Current landscape;0,822143375873566;24,8501473429801;-94,7460295994824;-58,0476148011417
CBA;Prec;13;Current landscape;0,881385147571564;65,6618833603634;-77,8519091350736;-77,2713845429917
CBA;Prec;13;Current landscape;0,92908388376236;4,56195818140759;-112,631398184694;-181,103878455216
CBA;Prec;13;Current landscape;1;-69,6049817399667;-95,4832126198403;-100,846550197201
CBA;Prec;14;Spatially adjusted;0,01;-10,9148373948115;-7,07470965702578;-25,0435017110831
CBA;Prec;14;Spatially adjusted;0,0302040816326531;-9,64345686087336;-6,83702763059273;-22,7194993118014
CBA;Prec;14;Spatially adjusted;0,0504081632653061;-8,38172119218689;-6,60028871741088;-20,4046251857026
CBA;Prec;14;Spatially adjusted;0,0706122448979592;-7,13927525400231;-6,36543603073051;-18,1080076059693
CBA;Prec;14;Spatially adjusted;0,0908163265306122;-5,92576391157127;-6,13341268380327;-15,8387748457844
CBA;Prec;14;Spatially adjusted;0,111020408163265;-4,75083203014538;-5,90516178987991;-13,6060551783312
CBA;Prec;14;Spatially adjusted;0,131224489795918;-3,62412447497582;-5,68162646221117;-11,4189768767915
CBA;Prec;14;Spatially adjusted;0,151428571428571;-2,55528611131376;-5,4637498140487;-9,28666821434899
CBA;Prec;14;Spatially adjusted;0,171632653061224;-1,55396180440948;-5,25247495864278;-7,21825746418654
CBA;Prec;14;Spatially adjusted;0,191836734693878;-0,629796419515515;-5,04874500924416;-5,22287289948599
CBA;Prec;14;Spatially adjusted;0,212040816326531;0,207565178117875;-4,85350307910539;-3,30964279343152
CBA;Prec;14;Spatially adjusted;0,232244897959184;0,948478123238147;-4,66769228147496;-1,48769541920456
CBA;Prec;14;Spatially adjusted;0,252448979591837;1,58329755059503;-4,49225572960586;0,233840950010745
CBA;Prec;14;Spatially adjusted;0,27265306122449;2,10237859493873;-4,32813653674839;1,84583804103295
CBA;Prec;14;Spatially adjusted;0,292857142857143;2,49607639101487;-4,17627781615329;3,3391675806779
CBA;Prec;14;Spatially adjusted;0,313061224489796;2,7547460735741;-4,03762268107175;4,7047012957637
CBA;Prec;14;Spatially adjusted;0,333265306122449;2,86874277736524;-3,91311424475452;5,93331091310711
CBA;Prec;14;Spatially adjusted;0,353469387755102;2,83394210985125;-3,80353669292799;7,01844549142197
CBA;Prec;14;Spatially adjusted;0,373673469387755;2,66830156935293;-3,70903850121749;7,96386341700736
CBA;Prec;14;Spatially adjusted;0,393877551020408;2,39529912690477;-3,62960921772356;8,7759004080599
CBA;Prec;14;Spatially adjusted;0,414081632653061;2,03841275354307;-3,56523839054671;9,46089218277575
CBA;Prec;14;Spatially adjusted;0,434285714285714;1,62112042030276;-3,51591556778703;10,0251744593502
CBA;Prec;14;Spatially adjusted;0,454489795918367;1,16690009821832;-3,48163029754596;10,4750829559798
CBA;Prec;14;Spatially adjusted;0,47469387755102;0,699229758325146;-3,46237212792403;10,8169533908599
CBA;Prec;14;Spatially adjusted;0,494897959183674;0,241587371658625;-3,45813060702085;11,0571214821871
CBA;Prec;14;Spatially adjusted;0,515102040816327;-0,182549090744942;-3,46889528293787;11,2019229481575
CBA;Prec;14;Spatially adjusted;0,53530612244898;-0,549701657852893;-3,49465570377515;11,2576935069665
CBA;Prec;14;Spatially adjusted;0,555510204081633;-0,836392358628018;-3,53540141763324;11,2307688768101
CBA;Prec;14;Spatially adjusted;0,575714285714286;-1,01914322203584;-3,59112197261311;11,1274847758855
CBA;Prec;14;Spatially adjusted;0,595918367346939;-1,07447627704096;-3,66180691681484;10,9541769223874
CBA;Prec;14;Spatially adjusted;0,616122448979592;-0,978913552608446;-3,74744579833896;10,7171810345121
CBA;Prec;14;Spatially adjusted;0,636326530612245;-0,708977077703366;-3,84802816528645;10,4228328304557
CBA;Prec;14;Spatially adjusted;0,656530612244898;-0,241188881290327;-3,96354356575785;10,0774680284139
CBA;Prec;14;Spatially adjusted;0,676734693877551;0,447929007666062;-4,09398154785322;9,68742234658384
CBA;Prec;14;Spatially adjusted;0,696938775510204;1,37539148519954;-4,23917806697227;9,25837497889415
CBA;Prec;14;Spatially adjusted;0,717142857142857;2,53236114733772;-4,39835470770777;8,79337902221141
CBA;Prec;14;Spatially adjusted;0,73734693877551;3,90353751510747;-4,570579461953;8,29483104913425
CBA;Prec;14;Spatially adjusted;0,757551020408163;5,4736201095343;-4,75492032159946;7,76512763226265
CBA;Prec;14;Spatially adjusted;0,777755102040816;7,22730845164506;-4,95044527853952;7,20666534419661
CBA;Prec;14;Spatially adjusted;0,797959183673469;9,14930206246572;-5,15622232466512;6,62184075753521
CBA;Prec;14;Spatially adjusted;0,818163265306122;11,2243004630232;-5,37131945186911;6,01305044487845
CBA;Prec;14;Spatially adjusted;0,838367346938776;13,4370031743433;-5,59480465204297;5,38269097882494
CBA;Prec;14;Spatially adjusted;0,858571428571429;15,7721097174526;-5,82574591707908;4,73315893197514
CBA;Prec;14;Spatially adjusted;0,878775510204082;18,2143196133775;-6,06321123887028;4,06685087692858
CBA;Prec;14;Spatially adjusted;0,898979591836735;20,7483323831443;-6,30626860930806;3,38616338628435
CBA;Prec;14;Spatially adjusted;0,919183673469388;23,3588475477791;-6,55398602028481;2,69349303264244
CBA;Prec;14;Spatially adjusted;0,939387755102041;26,0305646283091;-6,80543146369291;1,99123638860237
CBA;Prec;14;Spatially adjusted;0,959591836734694;28,7481831457594;-7,05967293142385;1,28179002676325
CBA;Prec;14;Spatially adjusted;0,979795918367347;31,4964026211578;-7,31577841537091;0,567550519725501
CBA;Prec;14;Spatially adjusted;1;34,2599225755289;-7,57281590742559;-0,149085559912237
CBA;Prec;14;Current landscape;0,022916354238987;96,3692893540419;61,9178765182228;-29,2145790757363
CBA;Prec;14;Current landscape;0,0703256949782372;120,146144192098;83,2209413614251;3,19266370824562
CBA;Prec;14;Current landscape;0,126820012927055;152,560568855306;138,157056080418;74,3428870820699
CBA;Prec;14;Current landscape;0,175768300890923;108,727144700368;75,8768239182837;45,4049147059868
CBA;Prec;14;Current landscape;0,226588144898415;138,173111382602;73,6083046229974;51,1975677729838
CBA;Prec;14;Current landscape;0,273585468530655;188,917067833763;97,6202172003491;49,0141135770528
CBA;Prec;14;Current landscape;0,323456436395645;135,69087802652;105,073359561166;59,2191978099936
CBA;Prec;14;Current landscape;0,377892762422562;90,1847676373573;72,5721347333952;50,4674937592936
CBA;Prec;14;Current landscape;0,426840841770172;71,4449117503373;38,5007496671028;14,0233544163307
CBA;Prec;14;Current landscape;0,472859337925911;116,770608914946;73,6720947773274;19,6807902877999
CBA;Prec;14;Current landscape;0,5232994556427;128,369850824588;48,4558698513793;27,5626758691992
CBA;Prec;14;Current landscape;0,576125532388687;163,134818375554;-4,25854034670829;-18,4931482689858
CBA;Prec;14;Current landscape;0,624800890684128;34,1105549268154;-57,4430220708282;-88,1442376030723
CBA;Prec;14;Current landscape;0,674553096294403;120,617292206485;-17,0938646612722;-37,204564891972
CBA;Prec;14;Current landscape;0,727217257022858;54,7178325118457;16,1195388599649;-8,07847068060073
CBA;Prec;14;Current landscape;0,779106974601746;67,1874060802652;-30,8562257288208;-14,0299384789118
CBA;Prec;14;Current landscape;0,824650228023529;-15,4305578194485;-133,910100505038;-97,5447468393222
CBA;Prec;14;Current landscape;0,875565052032471;41,0257311168293;-95,4851339725665;-98,929366077301
CBA;Prec;14;Current landscape;0,927285552024841;28,8087241338762;-74,6653708888152;-153,196242815633
CBA;Prec;14;Current landscape;1;-85,0533154808168;-97,0024779965875;-118,193177754509
CBA;Prec;15;Spatially adjusted;0,01;-2,90621514684744;-3,70185273760899;-14,3947705842129
CBA;Prec;15;Spatially adjusted;0,0302040816326531;-2,21573566177858;-3,70795915836061;-13,0315737061324
CBA;Prec;15;Spatially adjusted;0,0504081632653061;-1,53171389204181;-3,71095246208279;-11,6744650763667
CBA;Prec;15;Spatially adjusted;0,0706122448979592;-0,860607552971032;-3,70771953174562;-10,3295329432317
CBA;Prec;15;Spatially adjusted;0,0908163265306122;-0,2088743598988;-3,69514725032013;-9,00286555504181
CBA;Prec;15;Spatially adjusted;0,111020408163265;0,417027971843254;-3,67012250077732;-7,70055116011372
CBA;Prec;15;Spatially adjusted;0,131224489795918;1,01064172692122;-3,62953216608639;-6,42867800676095
CBA;Prec;15;Spatially adjusted;0,151428571428571;1,56550919000347;-3,5702631292188;-5,19333434329928
CBA;Prec;15;Spatially adjusted;0,171632653061224;2,07517264575654;-3,48920227314511;-4,00060841804407
CBA;Prec;15;Spatially adjusted;0,191836734693878;2,53317437884698;-3,38323648083542;-2,85658847931063
CBA;Prec;15;Spatially adjusted;0,212040816326531;2,93305667394316;-3,24925263526075;-1,76736277541386
CBA;Prec;15;Spatially adjusted;0,232244897959184;3,26836181571252;-3,08413761939073;-0,73901955466954
CBA;Prec;15;Spatially adjusted;0,252448979591837;3,53263208882208;-2,88477831619639;0,222352934607898
CBA;Prec;15;Spatially adjusted;0,27265306122449;3,71940977793884;-2,64806160864919;1,11066644410312
CBA;Prec;15;Spatially adjusted;0,292857142857143;3,82223716773024;-2,37087437971832;1,91983272550033
CBA;Prec;15;Spatially adjusted;0,313061224489796;3,83465654286329;-2,05010351237434;2,64376353048465
CBA;Prec;15;Spatially adjusted;0,333265306122449;3,75021018800544;-1,68263588958871;3,2763706107412
CBA;Prec;15;Spatially adjusted;0,353469387755102;3,56656972403653;-1,26796965945323;3,81346670192943
CBA;Prec;15;Spatially adjusted;0,373673469387755;3,29792411668495;-0,816048030549155;4,2584684756057
CBA;Prec;15;Spatially adjusted;0,393877551020408;2,9625916678915;-0,339425476579891;4,61669358730296
CBA;Prec;15;Spatially adjusted;0,414081632653061;2,57889067959786;0,149343528752524;4,89345969255237
CBA;Prec;15;Spatially adjusted;0,434285714285714;2,1651394537439;0,637704511743777;5,09408444688643
CBA;Prec;15;Spatially adjusted;0,454489795918367;1,73965629227177;1,11310299869228;5,22388550583764
CBA;Prec;15;Spatially adjusted;0,47469387755102;1,3207594971218;1,56298451589373;5,28818052493625
CBA;Prec;15;Spatially adjusted;0,494897959183674;0,926767370235211;1,97479458964563;5,29228715971522
CBA;Prec;15;Spatially adjusted;0,515102040816327;0,575998213552794;2,33597874624547;5,24152306570704
CBA;Prec;15;Spatially adjusted;0,53530612244898;0,286770329014871;2,63398251198942;5,14120589844197
CBA;Prec;15;Spatially adjusted;0,555510204081633;0,0774020185635891;2,8562514131745;4,99665331345386
CBA;Prec;15;Spatially adjusted;0,575714285714286;-0,0337884158607267;2,99023097609825;4,81318296627342
CBA;Prec;15;Spatially adjusted;0,595918367346939;-0,0284826723172955;3,02336672705724;4,59611251243268
CBA;Prec;15;Spatially adjusted;0,616122448979592;0,111637551135573;2,94310419234898;4,35075960746417
CBA;Prec;15;Spatially adjusted;0,636326530612245;0,404890556437749;2,73688889826963;4,08244190689902
CBA;Prec;15;Spatially adjusted;0,656530612244898;0,869594645531834;2,39216637111622;3,79647706626974
CBA;Prec;15;Spatially adjusted;0,676734693877551;1,52406812035724;1,89638213718672;3,49818274110839
CBA;Prec;15;Spatially adjusted;0,696938775510204;2,38140865245214;1,24077847027411;3,19206335090939
CBA;Prec;15;Spatially adjusted;0,717142857142857;3,43383139174011;0,431784634161886;2,87937037102256
CBA;Prec;15;Spatially adjusted;0,73734693877551;4,6683308577426;-0,520373359870064;2,56054204076054
CBA;Prec;15;Spatially adjusted;0,757551020408163;6,07190156997831;-1,60546950054186;2,23601659943552
CBA;Prec;15;Spatially adjusted;0,777755102040816;7,63153804796957;-2,81327777657361;1,90623228636014
CBA;Prec;15;Spatially adjusted;0,797959183673469;9,33423481123509;-4,13357217668545;1,57162734084704
CBA;Prec;15;Spatially adjusted;0,818163265306122;11,1669863792968;-5,55612668959657;1,23264000220843
CBA;Prec;15;Spatially adjusted;0,838367346938776;13,1167872716746;-7,070715304028;0,889708509757838
CBA;Prec;15;Spatially adjusted;0,858571428571429;15,1706320078879;-8,66711200869895;0,543271102806102
CBA;Prec;15;Spatially adjusted;0,878775510204082;17,3155151074589;-10,33509079233;0,193766020666772
CBA;Prec;15;Spatially adjusted;0,898979591836735;19,5384310899071;-12,0644256436408;-0,15836849734751
CBA;Prec;15;Spatially adjusted;0,919183673469388;21,8263744747528;-13,8448905513519;-0,512694211924554
CBA;Prec;15;Spatially adjusted;0,939387755102041;24,1663397815173;-15,6662595041826;-0,868772883751717
CBA;Prec;15;Spatially adjusted;0,959591836734694;26,5453215297202;-17,5183064908538;-1,2261662735159
CBA;Prec;15;Spatially adjusted;0,979795918367347;28,9503142388817;-19,3908055000843;-1,58443614190583
CBA;Prec;15;Spatially adjusted;1;31,3683124285235;-21,2735305205952;-1,94314424960794
CBA;Prec;15;Current landscape;0,0289901662617922;213,275022183243;195,697453344937;111,416022234122
CBA;Prec;15;Current landscape;0,0733966752886772;121,809858043529;78,2916637598951;49,2814775017573
CBA;Prec;15;Current landscape;0,131133154034615;180,78232231225;129,289610672666;80,8422162610018
CBA;Prec;15;Current landscape;0,174624562263489;148,444146124509;124,315939412583;78,0814114594018
CBA;Prec;15;Current landscape;0,226808935403824;124,548811605444;93,4361907667085;28,0987922372506
CBA;Prec;15;Current landscape;0,27501505613327;137,742266514846;64,1248545013832;25,2483228716174
CBA;Prec;15;Current landscape;0,325145125389099;162,972016355869;113,486746536171;60,703971975126
CBA;Prec;15;Current landscape;0,374123930931091;120,708975671571;97,2846279227224;44,1745495563728
CBA;Prec;15;Current landscape;0,426300168037415;39,6060579855571;15,7980329086531;-16,3905272635266
CBA;Prec;15;Current landscape;0,474752381443977;76,623483234484;51,7499314995839;2,65326160501309
CBA;Prec;15;Current landscape;0,526744276285172;81,7009888381185;32,2831054976987;7,73413015274582
CBA;Prec;15;Current landscape;0,572696030139923;148,920813302838;42,0982068913095;15,9484523534352
CBA;Prec;15;Current landscape;0,623725950717926;57,9027963963799;-39,0234266753828;-78,8579340341721
CBA;Prec;15;Current landscape;0,674132108688355;109,543266168168;-20,3335500356798;-57,7540934036179
CBA;Prec;15;Current landscape;0,722978174686432;83,6314852532078;40,3008472297711;-11,7214733073897
CBA;Prec;15;Current landscape;0,777078330516815;107,348484342557;2,10524755985853;-12,3612743172266
CBA;Prec;15;Current landscape;0,823233664035797;-79,5111947998648;-197,574503959355;-160,89171808269
CBA;Prec;15;Current landscape;0,875497102737427;37,627175357954;-102,364338878716;-102,014548807929
CBA;Prec;15;Current landscape;0,926707357168197;34,3683121935892;-76,1149680320332;-146,831855829492
CBA;Prec;15;Current landscape;1;-81,5589647296783;-102,82481275428;-110,680203711127
CBA;Prec;16;Spatially adjusted;0,01;-10,8643964257108;-0,728020951082726;-28,8702974313273
CBA;Prec;16;Spatially adjusted;0,0302040816326531;-9,44852116570928;-0,897785442142322;-26,451579354798
CBA;Prec;16;Spatially adjusted;0,0504081632653061;-8,04143487685496;-1,06460672653975;-24,0416384237378
CBA;Prec;16;Spatially adjusted;0,0706122448979592;-6,65192653029499;-1,22554159761376;-21,649251783615
CBA;Prec;16;Spatially adjusted;0,0908163265306122;-5,28878509717697;-1,37764684870308;-19,2831965799001
CBA;Prec;16;Spatially adjusted;0,111020408163265;-3,96079954864854;-1,5179792731451;-16,9522499580612
CBA;Prec;16;Spatially adjusted;0,131224489795918;-2,67675885585595;-1,64359566427856;-14,6651890635671
CBA;Prec;16;Spatially adjusted;0,151428571428571;-1,44545198994683;-1,75155281544221;-12,4307910418884
CBA;Prec;16;Spatially adjusted;0,171632653061224;-0,275667922067896;-1,83890751997342;-10,2578330384922
CBA;Prec;16;Spatially adjusted;0,191836734693878;0,82380437663187;-1,90271657121139;-8,15509219884916
CBA;Prec;16;Spatially adjusted;0,212040816326531;1,84417593500666;-1,94003676249395;-6,13134566842746
CBA;Prec;16;Spatially adjusted;0,232244897959184;2,77665778190931;-1,94792488715893;-4,19537059269624
CBA;Prec;16;Spatially adjusted;0,252448979591837;3,61246094619173;-1,92343773854509;-2,35594411712464
CBA;Prec;16;Spatially adjusted;0,27265306122449;4,34279645670767;-1,86363210999116;-0,621843387181798
CBA;Prec;16;Spatially adjusted;0,292857142857143;4,9588753423086;-1,76556479483497;0,99815445166314
CBA;Prec;16;Spatially adjusted;0,313061224489796;5,45190863184826;-1,62629258641437;2,49527225394104
CBA;Prec;16;Spatially adjusted;0,333265306122449;5,81310735417947;-1,44287227806853;3,86073287418321
CBA;Prec;16;Spatially adjusted;0,353469387755102;6,03814525738699;-1,21462666391017;5,08792167834781
CBA;Prec;16;Spatially adjusted;0,373673469387755;6,14054696648555;-0,949942541152723;6,17887407810304
CBA;Prec;16;Spatially adjusted;0,393877551020408;6,1382998257227;-0,659472707784062;7,13778799654256
CBA;Prec;16;Spatially adjusted;0,414081632653061;6,04939117934737;-0,353869961791588;7,96886135676323
CBA;Prec;16;Spatially adjusted;0,434285714285714;5,89180837160575;-0,0437871011645257;8,67629208185826
CBA;Prec;16;Spatially adjusted;0,454489795918367;5,68353874674631;0,260123076109721;9,26427809492407
CBA;Prec;16;Spatially adjusted;0,47469387755102;5,44256964901524;0,547207772042839;9,73701731905567
CBA;Prec;16;Spatially adjusted;0,494897959183674;5,18688842266147;0,806814188647422;10,0987076773467
CBA;Prec;16;Spatially adjusted;0,515102040816327;4,93448241193164;1,02828952793425;10,3535470928941
CBA;Prec;16;Spatially adjusted;0,53530612244898;4,70333896107377;1,20098099191637;10,505733488792
CBA;Prec;16;Spatially adjusted;0,555510204081633;4,51144541433541;1,31423578260547;10,5594647881353
CBA;Prec;16;Spatially adjusted;0,575714285714286;4,37678911596413;1,35740110201277;10,5189389140196
CBA;Prec;16;Spatially adjusted;0,595918367346939;4,31735741020702;1,31982415215043;10,3883537895399
CBA;Prec;16;Spatially adjusted;0,616122448979592;4,35113764131256;1,19085213503104;10,1719073377908
CBA;Prec;16;Spatially adjusted;0,636326530612245;4,49611715352785;0,959832252666729;9,87379748186731
CBA;Prec;16;Spatially adjusted;0,656530612244898;4,77028329109953;0,61611170706783;9,49822214486494
CBA;Prec;16;Spatially adjusted;0,676734693877551;5,19162339827608;0,1490377002483;9,04937924987917
CBA;Prec;16;Spatially adjusted;0,696938775510204;5,7734064982451;-0,448871200916528;8,53148654151801
CBA;Prec;16;Spatially adjusted;0,717142857142857;6,51002832995027;-1,17241097009037;7,94884105044866
CBA;Prec;16;Spatially adjusted;0,73734693877551;7,39116631127581;-2,01320621607283;7,30575962885177
CBA;Prec;16;Spatially adjusted;0,757551020408163;8,40649786010681;-2,96288154766307;6,60655912890798
CBA;Prec;16;Spatially adjusted;0,777755102040816;9,54570039432701;-4,01306157366071;5,85555640279699
CBA;Prec;16;Spatially adjusted;0,797959183673469;10,7984513318197;-5,15537090286489;5,05706830269992
CBA;Prec;16;Spatially adjusted;0,818163265306122;12,1544280904714;-6,38143414407477;4,21541168079784
CBA;Prec;16;Spatially adjusted;0,838367346938776;13,6033080881643;-7,68287590609043;3,33490338927004
CBA;Prec;16;Spatially adjusted;0,858571428571429;15,1347687427833;-9,05132079771056;2,41986028029805
CBA;Prec;16;Spatially adjusted;0,878775510204082;16,7384874722129;-10,4783934277352;1,47459920606207
CBA;Prec;16;Spatially adjusted;0,898979591836735;18,4041416943373;-11,9557184049631;0,503437018743171
CBA;Prec;16;Spatially adjusted;0,919183673469388;20,1214088270399;-13,4749203381948;-0,489309429478908
CBA;Prec;16;Spatially adjusted;0,939387755102041;21,8799662882061;-15,0276238362285;-1,49932328642308
CBA;Prec;16;Spatially adjusted;0,959591836734694;23,6694914957193;-16,6054535078638;-2,52228769990916
CBA;Prec;16;Spatially adjusted;0,979795918367347;25,4796618674645;-18,2000339619003;-3,5538858177556
CBA;Prec;16;Spatially adjusted;1;27,3001548213256;-19,8029898071377;-4,58980078778313
CBA;Prec;16;Current landscape;0,0264335311949253;190,605287789868;170,661298990504;73,0415912639642
CBA;Prec;16;Current landscape;0,0732624754309654;119,643419103719;81,7967516154436;36,2045552949221
CBA;Prec;16;Current landscape;0,127911478281021;106,04589842973;82,9307973072482;17,8143251691045
CBA;Prec;16;Current landscape;0,17562147974968;126,315448088867;92,1948151374845;26,8054367588024
CBA;Prec;16;Current landscape;0,229350313544273;141,445835920125;105,766002761271;53,5299221526652
CBA;Prec;16;Current landscape;0,277336239814758;133,100308511614;93,4883282801716;57,6207916124572
CBA;Prec;16;Current landscape;0,325231045484543;163,933080240899;97,2914834531416;48,4324797188406
CBA;Prec;16;Current landscape;0,376152575016022;107,42978760638;57,5356718196149;16,1154295192364
CBA;Prec;16;Current landscape;0,426675885915756;58,6366999596185;46,0967245486686;31,1370172708835
CBA;Prec;16;Current landscape;0,473841607570648;87,9204049945879;83,062179949734;49,5194191269466
CBA;Prec;16;Current landscape;0,524529755115509;106,89471617436;29,0457122313428;16,5306493579405
CBA;Prec;16;Current landscape;0,575400739908219;185,55936593206;32,2359801061589;6,20674294475839
CBA;Prec;16;Current landscape;0,622089862823486;103,580168385793;9,16735692534894;-11,8529182438474
CBA;Prec;16;Current landscape;0,67378431558609;96,1590370363761;-32,514831383236;-61,9447670014547
CBA;Prec;16;Current landscape;0,724504888057709;68,1349239448628;28,6755594720344;-4,70945191780947
CBA;Prec;16;Current landscape;0,773069143295288;41,5812878020865;-73,7638959284132;-60,0148468219345
CBA;Prec;16;Current landscape;0,823183745145798;-39,9490675926509;-158,470388848472;-121,275454830703
CBA;Prec;16;Current landscape;0,873539030551911;88,0780879678205;-50,7498159045858;-52,2294032688933
CBA;Prec;16;Current landscape;0,928388953208923;6,9388814727804;-102,513427468139;-176,255889557538
CBA;Prec;16;Current landscape;1;-74,8589335834549;-91,5055236284329;-105,482683994946
CBA;Prec;17;Spatially adjusted;0,01;-2,35977174657273;-11,9154902704786;-21,4713184710945
CBA;Prec;17;Spatially adjusted;0,0302040816326531;-2,13195371777374;-11,1997692630594;-19,8083548855511
CBA;Prec;17;Spatially adjusted;0,0504081632653061;-1,90263458131494;-10,4865522470141;-18,1501310085455
CBA;Prec;17;Spatially adjusted;0,0706122448979592;-1,6703132295379;-9,77834321371711;-16,5013865486139
CBA;Prec;17;Spatially adjusted;0,0908163265306122;-1,43348855478325;-9,07764615454289;-14,8668612142947
CBA;Prec;17;Spatially adjusted;0,111020408163265;-1,19065944939166;-8,3869650608649;-13,2512947141245
CBA;Prec;17;Spatially adjusted;0,131224489795918;-0,940324805702403;-7,70880392405752;-11,6594267566411
CBA;Prec;17;Spatially adjusted;0,151428571428571;-0,680983516057495;-7,04566673549516;-10,0959970503804
CBA;Prec;17;Spatially adjusted;0,171632653061224;-0,41113447279804;-6,40005748655176;-8,56574530388161
CBA;Prec;17;Spatially adjusted;0,191836734693878;-0,129276568262867;-5,7744801686008;-7,07341122568096
CBA;Prec;17;Spatially adjusted;0,212040816326531;0,166091305204191;-5,17143877301805;-5,62373452431575
CBA;Prec;17;Spatially adjusted;0,232244897959184;0,476470255265667;-4,59343729117609;-4,22145490832372
CBA;Prec;17;Spatially adjusted;0,252448979591837;0,80336138957955;-4,04297971444976;-2,87131208624169
CBA;Prec;17;Spatially adjusted;0,27265306122449;1,14826581580564;-3,522570034213;-1,57804576660737
CBA;Prec;17;Spatially adjusted;0,292857142857143;1,51268464160194;-3,03471224183977;-0,346395657957601
CBA;Prec;17;Spatially adjusted;0,313061224489796;1,89811897462869;-2,58191032870491;0,818898531170362
CBA;Prec;17;Spatially adjusted;0,333265306122449;2,30606992254525;-2,16666828618145;1,91309709223833
CBA;Prec;17;Spatially adjusted;0,353469387755102;2,73740261210696;-1,79123387633126;2,93228141353029
CBA;Prec;17;Spatially adjusted;0,373673469387755;3,19043824645132;-1,45682994396157;3,87581727061024
CBA;Prec;17;Spatially adjusted;0,393877551020408;3,66286204781318;-1,16442310456614;4,74389153586253
CBA;Prec;17;Spatially adjusted;0,414081632653061;4,15235923842647;-0,914979973640129;5,53669108167196
CBA;Prec;17;Spatially adjusted;0,434285714285714;4,65661504052559;-0,709467166676859;6,25440278042333
CBA;Prec;17;Spatially adjusted;0,454489795918367;5,17331467634358;-0,54885129917102;6,89721350450145
CBA;Prec;17;Spatially adjusted;0,47469387755102;5,70014336811619;-0,4340989866173;7,46531012628975
CBA;Prec;17;Spatially adjusted;0,494897959183674;6,23478633807645;-0,366176844509027;7,95887951817394
CBA;Prec;17;Spatially adjusted;0,515102040816327;6,7749288084583;-0,346051488341345;8,37810855253838
CBA;Prec;17;Spatially adjusted;0,53530612244898;7,31825600149659;-0,374689533608034;8,7231841017674
CBA;Prec;17;Spatially adjusted;0,555510204081633;7,86245313942527;-0,45305759580333;8,99429303824581
CBA;Prec;17;Spatially adjusted;0,575714285714286;8,40520544447873;-0,582122290421467;9,19162223435842
CBA;Prec;17;Spatially adjusted;0,595918367346939;8,94419813889044;-0,762850232957135;9,31535856248911
CBA;Prec;17;Spatially adjusted;0,616122448979592;9,47711644489436;-0,996208038904115;9,36568889502314
CBA;Prec;17;Spatially adjusted;0,636326530612245;10,0016455847258;-1,2831623237571;9,34280010434532
CBA;Prec;17;Spatially adjusted;0,656530612244898;10,5154707806178;-1,62467970300941;9,24687906283953
CBA;Prec;17;Spatially adjusted;0,676734693877551;11,0162772548056;-2,02172679215664;9,07811264289012
CBA;Prec;17;Spatially adjusted;0,696938775510204;11,5022957497686;-2,4745206007201;8,83741343092379
CBA;Prec;17;Spatially adjusted;0,717142857142857;11,9739390889786;-2,98027971433567;8,52859686952752
CBA;Prec;17;Spatially adjusted;0,73734693877551;12,4321656161519;-3,53547311266539;8,15620411532973
CBA;Prec;17;Spatially adjusted;0,757551020408163;12,8779336750044;-4,13656977537403;7,72477632495929
CBA;Prec;17;Spatially adjusted;0,777755102040816;13,3122016092539;-4,78003868212363;7,23885465504554
CBA;Prec;17;Spatially adjusted;0,797959183673469;13,7359277626174;-5,46234881257806;6,70298026221644
CBA;Prec;17;Spatially adjusted;0,818163265306122;14,1500704788123;-6,17996914640025;6,12169430310087
CBA;Prec;17;Spatially adjusted;0,838367346938776;14,5555881015539;-6,92936866325363;5,49953793432769
CBA;Prec;17;Spatially adjusted;0,858571428571429;14,9534389745609;-7,70701634280113;4,84105231252488
CBA;Prec;17;Spatially adjusted;0,878775510204082;15,3445814415486;-8,5093811647057;4,15077859432131
CBA;Prec;17;Spatially adjusted;0,898979591836735;15,7299738462348;-9,33293210863121;3,43325793634631
CBA;Prec;17;Spatially adjusted;0,919183673469388;16,1105745323371;-10,1741381542411;2,69303149522784
CBA;Prec;17;Spatially adjusted;0,939387755102041;16,4873418435714;-11,0294682811978;1,93464042759479
CBA;Prec;17;Spatially adjusted;0,959591836734694;16,8612341236553;-11,8953914691647;1,16262589007556
CBA;Prec;17;Spatially adjusted;0,979795918367347;17,2332097163048;-12,7683766978048;0,381529039299039
CBA;Prec;17;Spatially adjusted;1;17,604226965238;-13,6448929467824;-0,404108968105902
CBA;Prec;17;Current landscape;0,0250174403190613;153,614339375547;107,477162926016;58,2246310273272
CBA;Prec;17;Current landscape;0,0676474757492542;127,703497244022;56,9337753499694;-11,6427168546911
CBA;Prec;17;Current landscape;0,131436027586461;145,537044183607;94,6721150905491;33,710187754652
CBA;Prec;17;Current landscape;0,175944596529007;96,4150565125906;65,1554821462692;10,7038467336797
CBA;Prec;17;Current landscape;0,227788314223289;112,515542768439;72,8471921012438;24,2848176764996
CBA;Prec;17;Current landscape;0,275256305932999;156,946959345811;139,191085869039;65,4216736902404
CBA;Prec;17;Current landscape;0,324992299079895;155,468187649532;142,160360222375;87,9602711910998
CBA;Prec;17;Current landscape;0,377267330884933;97,5273756096253;45,7537869319503;2,52564675041322
CBA;Prec;17;Current landscape;0,425930947065353;61,621621519445;28,8600294107041;-10,205119975039
CBA;Prec;17;Current landscape;0,473499953746796;78,881692133089;30,1664953338727;-10,2109175851056
CBA;Prec;17;Current landscape;0,528427988290787;96,5925637314604;29,9120418191883;2,65762624097761
CBA;Prec;17;Current landscape;0,5741286277771;189,057072791088;42,5996358254779;19,6996854765935
CBA;Prec;17;Current landscape;0,626833975315094;71,070333628174;-8,15636512888477;-29,1599516088818
CBA;Prec;17;Current landscape;0,677257835865021;123,063128788837;-27,4814708374574;-51,6026141196253
CBA;Prec;17;Current landscape;0,726897001266479;49,1350879043198;-2,50748221356662;-28,097527414659
CBA;Prec;17;Current landscape;0,775692939758301;109,042412894265;3,08958241573737;7,7814015686472
CBA;Prec;17;Current landscape;0,827468037605286;-43,9338657573962;-160,058212142886;-122,746972552554
CBA;Prec;17;Current landscape;0,874265432357788;11,0212281450622;-121,320066917632;-122,601296865909
CBA;Prec;17;Current landscape;0,924724638462067;19,222478944675;-80,1957550568113;-154,686604689311
CBA;Prec;17;Current landscape;1;-98,0784153173436;-100,818410105699;-115,976329566581
CBA;Prec;18;Spatially adjusted;0,01;-7,76309591330528;-7,06212101010215;-15,6386406140314
CBA;Prec;18;Spatially adjusted;0,0302040816326531;-6,82534473000851;-6,80448432369167;-14,5476485956647
CBA;Prec;18;Spatially adjusted;0,0504081632653061;-5,89003560954052;-6,54980205891297;-13,4567284105347
CBA;Prec;18;Spatially adjusted;0,0706122448979592;-4,95961061472826;-6,30102863739739;-12,3659518918803
CBA;Prec;18;Spatially adjusted;0,0908163265306122;-4,03651180840188;-6,06111848077671;-11,2753908729374
CBA;Prec;18;Spatially adjusted;0,111020408163265;-3,12318125338925;-5,83302601068181;-10,1851171869453
CBA;Prec;18;Spatially adjusted;0,131224489795918;-2,22206101251868;-5,61970564874582;-9,0952026671398
CBA;Prec;18;Spatially adjusted;0,151428571428571;-1,33559314861805;-5,42411181659873;-8,00571914675811
CBA;Prec;18;Spatially adjusted;0,171632653061224;-0,466219724516577;-5,24919893587321;-6,91673845903915
CBA;Prec;18;Spatially adjusted;0,191836734693878;0,383617196956493;-5,09792142820061;-5,82833243721962
CBA;Prec;18;Spatially adjusted;0,212040816326531;1,21147555297512;-4,9732337152127;-4,7405729145371
CBA;Prec;18;Spatially adjusted;0,232244897959184;2,01491328070915;-4,87809021854037;-3,65353172422829
CBA;Prec;18;Spatially adjusted;0,252448979591837;2,79148831733028;-4,8154453598163;-2,56728069953124
CBA;Prec;18;Spatially adjusted;0,27265306122449;3,53875860001153;-4,78825356067091;-1,481891673684
CBA;Prec;18;Spatially adjusted;0,292857142857143;4,25428206592233;-4,79946924273645;-0,397436479922362
CBA;Prec;18;Spatially adjusted;0,313061224489796;4,93561665223569;-4,8520468276447;0,686013048514724
CBA;Prec;18;Spatially adjusted;0,333265306122449;5,58032029612286;-4,94894073702699;1,76838507839102
CBA;Prec;18;Spatially adjusted;0,353469387755102;6,18656296675135;-5,09155589782131;2,8481227455959
CBA;Prec;18;Spatially adjusted;0,373673469387755;6,75496276127251;-5,27509925819322;3,91772906252982
CBA;Prec;18;Spatially adjusted;0,393877551020408;7,28674980883397;-5,49322827161404;4,96822201072246
CBA;Prec;18;Spatially adjusted;0,414081632653061;7,78315423858339;-5,739600391556;5,99061957170079
CBA;Prec;18;Spatially adjusted;0,434285714285714;8,2454061796675;-6,00787307148994;6,97593972699497
CBA;Prec;18;Spatially adjusted;0,454489795918367;8,67473576123439;-6,2917037648881;7,91520045813104
CBA;Prec;18;Spatially adjusted;0,47469387755102;9,07237311243171;-6,58474992522179;8,79941974663961
CBA;Prec;18;Spatially adjusted;0,494897959183674;9,43954836240573;-6,88066900596277;9,61961557404766
CBA;Prec;18;Spatially adjusted;0,515102040816327;9,77749164030593;-7,17311846058328;10,3668059218844
CBA;Prec;18;Spatially adjusted;0,53530612244898;10,0874330752781;-7,45575574255463;11,0320087716777
CBA;Prec;18;Spatially adjusted;0,555510204081633;10,3706027964699;-7,72223830534858;11,6062421049564
CBA;Prec;18;Spatially adjusted;0,575714285714286;10,6282309330295;-7,966223602436;12,0805239032484
CBA;Prec;18;Spatially adjusted;0,595918367346939;10,8615476141035;-8,18136908728957;12,4458721480823
CBA;Prec;18;Spatially adjusted;0,616122448979592;11,0717829688401;-8,36133221338059;12,6933048209867
CBA;Prec;18;Spatially adjusted;0,636326530612245;11,260167126386;-8,49977043418039;12,8138399034901
CBA;Prec;18;Spatially adjusted;0,656530612244898;11,4279302158893;-8,59034120316164;12,7984953771197
CBA;Prec;18;Spatially adjusted;0,676734693877551;11,5763023664977;-8,62670197379521;12,6382892234055
CBA;Prec;18;Spatially adjusted;0,696938775510204;11,7064978609342;-8,60419804631692;12,3273389649312
CBA;Prec;18;Spatially adjusted;0,717142857142857;11,8196675962322;-8,52492610801755;11,8721602885039
CBA;Prec;18;Spatially adjusted;0,73734693877551;11,9169466230014;-8,39267069295192;11,2823684219879
CBA;Prec;18;Spatially adjusted;0,757551020408163;11,9994699918507;-8,21121633517396;10,5675785932463
CBA;Prec;18;Spatially adjusted;0,777755102040816;12,0683727533883;-7,98434756873985;9,73740603014267
CBA;Prec;18;Spatially adjusted;0,797959183673469;12,1247899582245;-7,71584892770352;8,8014659605401
CBA;Prec;18;Spatially adjusted;0,818163265306122;12,1698566569676;-7,4095049461198;7,7693736123033
CBA;Prec;18;Spatially adjusted;0,838367346938776;12,2047079002291;-7,06910015804306;6,65074421329382
CBA;Prec;18;Spatially adjusted;0,858571428571429;12,2304787386147;-6,69841909752904;5,45519299137732
CBA;Prec;18;Spatially adjusted;0,878775510204082;12,2483042227368;-6,30124629863167;4,1923351744158
CBA;Prec;18;Spatially adjusted;0,898979591836735;12,2593194032029;-5,88136629540577;2,87178599027357
CBA;Prec;18;Spatially adjusted;0,919183673469388;12,2646593306235;-5,44256362190617;1,50316066681307
CBA;Prec;18;Spatially adjusted;0,939387755102041;12,2654590556067;-4,98862281218771;0,0960744318990692
CBA;Prec;18;Spatially adjusted;0,959591836734694;12,2628536287612;-4,52332840030476;-1,33985748660552
CBA;Prec;18;Spatially adjusted;0,979795918367347;12,2579781006984;-4,05046492031261;-2,79501986083687
CBA;Prec;18;Spatially adjusted;1;12,2519675220256;-3,57381690626562;-4,25979746293206
CBA;Prec;18;Current landscape;0,0289901662617922;117,511288493223;101,395382722556;36,7643122983209
CBA;Prec;18;Current landscape;0,0730383172631264;83,6956140229249;61,626806462049;31,7660269804069
CBA;Prec;18;Current landscape;0,126180574297905;108,551773835347;78,9301629494567;27,4951405941215
CBA;Prec;18;Current landscape;0,17313127219677;144,55202802411;109,744696693652;72,3887697201476
CBA;Prec;18;Current landscape;0,227788314223289;147,918191609679;126,327849681081;61,1846199185943
CBA;Prec;18;Current landscape;0,276509806513786;123,940529905218;111,002022117394;54,6575096937245
CBA;Prec;18;Current landscape;0,326115995645523;158,447013276221;136,015457945746;94,3319228231158
CBA;Prec;18;Current landscape;0,374168068170547;102,12350631491;72,7143290843301;71,8193733357425
CBA;Prec;18;Current landscape;0,427329838275909;81,6262273122138;19,6438948342961;4,04353359638162
CBA;Prec;18;Current landscape;0,475901007652283;69,0404728579019;9,04027218570036;0,54668253626005
CBA;Prec;18;Current landscape;0,520853906869889;66,2810435028455;19,3710892477575;28,3985737307853
CBA;Prec;18;Current landscape;0,57678496837616;164,920080105488;3,058135865444;1,92699192036434
CBA;Prec;18;Current landscape;0,624202787876129;103,220432461801;-0,674368315747415;-8,53795342776402
CBA;Prec;18;Current landscape;0,672343909740448;124,182140839509;-18,576680396121;-38,3319373399372
CBA;Prec;18;Current landscape;0,724481970071793;54,8540595013219;3,63321923753801;-37,6133720685702
CBA;Prec;18;Current landscape;0,776130616664886;47,832509374402;-31,0780106584125;-22,169020984848
CBA;Prec;18;Current landscape;0,820270240306854;-14,1595278229993;-127,060172122654;-91,6031299623232
CBA;Prec;18;Current landscape;0,875756740570068;19,0280957869886;-108,394491883216;-114,154125612261
CBA;Prec;18;Current landscape;0,927544116973877;44,7548850128492;-44,2953593329567;-127,835853463017
CBA;Prec;18;Current landscape;1;-77,2939655048549;-64,6700516853975;-93,6061566786061
CBA;Prec;19;Spatially adjusted;0,01;-2,65090727896222;-2,5801646418463;-21,8791976384455
CBA;Prec;19;Spatially adjusted;0,0302040816326531;-2,17417400927252;-3,08133960640407;-19,553326403407
CBA;Prec;19;Spatially adjusted;0,0504081632653061;-1,70059669187685;-3,57447415370143;-17,2384362692223
CBA;Prec;19;Spatially adjusted;0,0706122448979592;-1,23333127906835;-4,05152786647886;-14,9455083367457
CBA;Prec;19;Spatially adjusted;0,0908163265306122;-0,775533723140597;-4,50446032747641;-12,6855237068316
CBA;Prec;19;Spatially adjusted;0,111020408163265;-0,330359976387172;-4,9252311194341;-10,4694634803341
CBA;Prec;19;Spatially adjusted;0,131224489795918;0,099034008898343;-5,30579982509107;-8,30830875810625
CBA;Prec;19;Spatially adjusted;0,151428571428571;0,509492280421455;-5,63812602718872;-6,21304064100286
CBA;Prec;19;Spatially adjusted;0,171632653061224;0,897858885890855;-5,91416930846572;-4,19464022987813
CBA;Prec;19;Spatially adjusted;0,191836734693878;1,26097787301069;-6,1258892516621;-2,26408862558583
CBA;Prec;19;Spatially adjusted;0,212040816326531;1,59569328948828;-6,26524543951882;-0,432366928980173
CBA;Prec;19;Spatially adjusted;0,232244897959184;1,89884918303005;-6,32419745477546;1,28954375908415
CBA;Prec;19;Spatially adjusted;0,252448979591837;2,16728960134196;-6,29470488017159;2,89066233775475
CBA;Prec;19;Spatially adjusted;0,27265306122449;2,39785859213134;-6,16872729844772;4,36000770617648
CBA;Prec;19;Spatially adjusted;0,292857142857143;2,5874002031037;-5,93822429234342;5,68659876349466
CBA;Prec;19;Spatially adjusted;0,313061224489796;2,73275848196545;-5,59515544459873;6,85945440885644
CBA;Prec;19;Spatially adjusted;0,333265306122449;2,83077747642346;-5,13148033795414;7,86759354140668
CBA;Prec;19;Spatially adjusted;0,353469387755102;2,88039993469238;-4,5441403656946;8,70357182186581
CBA;Prec;19;Spatially adjusted;0,373673469387755;2,88896340701513;-3,85000416328739;9,3740919572424
CBA;Prec;19;Spatially adjusted;0,393877551020408;2,86590414414559;-3,07092217674426;9,88939341612195
CBA;Prec;19;Spatially adjusted;0,414081632653061;2,82065839683537;-2,22874485207876;10,2597156670872
CBA;Prec;19;Spatially adjusted;0,434285714285714;2,76266241583789;-1,34532263530309;10,4952981787224
CBA;Prec;19;Spatially adjusted;0,454489795918367;2,70135245190386;-0,442505972429444;10,606380419611
CBA;Prec;19;Spatially adjusted;0,47469387755102;2,6461647557876;0,457854690529075;10,603201858336
CBA;Prec;19;Spatially adjusted;0,494897959183674;2,60653557823935;1,33390890756027;10,4960019634818
CBA;Prec;19;Spatially adjusted;0,515102040816327;2,59190117001299;2,16380623265195;10,2950202036318
CBA;Prec;19;Spatially adjusted;0,53530612244898;2,61169778186058;2,92569621979101;10,01049604737
CBA;Prec;19;Spatially adjusted;0,555510204081633;2,67536166453419;3,59772842296525;9,65266896327967
CBA;Prec;19;Spatially adjusted;0,575714285714286;2,79232906878679;4,15805239616202;9,23177841994493
CBA;Prec;19;Spatially adjusted;0,595918367346939;2,97203624536996;4,58481769336913;8,75806388594901
CBA;Prec;19;Spatially adjusted;0,616122448979592;3,22391944503715;4,85617386857302;8,24176482987514
CBA;Prec;19;Spatially adjusted;0,636326530612245;3,55741491853951;4,95027047576286;7,69312072030834
CBA;Prec;19;Spatially adjusted;0,656530612244898;3,98195891663045;4,84525706892464;7,1223710258314
CBA;Prec;19;Spatially adjusted;0,676734693877551;4,50698769006158;4,51928320204661;6,53975521502798
CBA;Prec;19;Spatially adjusted;0,696938775510204;5,13921977043856;3,95666945038965;5,953823122632
CBA;Prec;19;Spatially adjusted;0,717142857142857;5,87450281277779;3,16642047430832;5,36636604797695
CBA;Prec;19;Spatially adjusted;0,73734693877551;6,70596675294792;2,16371195543115;4,77748565654747
CBA;Prec;19;Spatially adjusted;0,757551020408163;7,62674152681893;0,963719575386222;4,18728361382682
CBA;Prec;19;Spatially adjusted;0,777755102040816;8,62995707025902;-0,418380984197938;3,59586158529919
CBA;Prec;19;Spatially adjusted;0,797959183673469;9,70874331913819;-1,96741404169325;3,0033212364483
CBA;Prec;19;Spatially adjusted;0,818163265306122;10,8562302093251;-3,66820391547162;2,40976423275833
CBA;Prec;19;Spatially adjusted;0,838367346938776;12,0655476766901;-5,50557492390453;1,81529223971302
CBA;Prec;19;Spatially adjusted;0,858571428571429;13,3298256571011;-7,46435138536344;1,22000692279653
CBA;Prec;19;Spatially adjusted;0,878775510204082;14,6421940864275;-9,52935761822073;0,624009947492596
CBA;Prec;19;Spatially adjusted;0,898979591836735;15,9957829005389;-11,6854179408474;0,027402979285398
CBA;Prec;19;Spatially adjusted;0,919183673469388;17,3837220353039;-13,9173566716154;-0,569712316341793
CBA;Prec;19;Spatially adjusted;0,939387755102041;18,7991414265925;-16,2099981288966;-1,16723427390434
CBA;Prec;19;Spatially adjusted;0,959591836734694;20,2351710102739;-18,5481666310629;-1,76506122791898
CBA;Prec;19;Spatially adjusted;0,979795918367347;21,6849407222162;-20,9166864964859;-2,36309151290106
CBA;Prec;19;Spatially adjusted;1;23,1415804982903;-23,300382043537;-2,96122346336733
CBA;Prec;19;Current landscape;0,0322448201477528;92,2571790828447;51,6601392005887;-29,9584787186423
CBA;Prec;19;Current landscape;0,073051892220974;105,64176851751;48,9610034425546;-9,77409370273654
CBA;Prec;19;Current landscape;0,124641984701157;161,476239668813;112,917144815412;69,48972983555
CBA;Prec;19;Current landscape;0,174097508192062;135,0816974405;106,759412092481;63,9563839991388
CBA;Prec;19;Current landscape;0,225841179490089;160,144857417869;95,1760903936133;62,4936201032888
CBA;Prec;19;Current landscape;0,277520507574081;123,474758393584;72,3160119277868;72,6799309574162
CBA;Prec;19;Current landscape;0,322602719068527;115,900712453145;52,1549877588968;28,2008698151085
CBA;Prec;19;Current landscape;0,374520927667618;112,874124746472;75,4207479082766;36,755138358059
CBA;Prec;19;Current landscape;0,425650298595428;26,7530386568287;18,5967378914315;-3,69089164357001
CBA;Prec;19;Current landscape;0,472883075475693;100,239726291491;59,535294904882;37,0799949469442
CBA;Prec;19;Current landscape;0,523656070232391;66,6072456261177;35,3519799737983;5,45824402377821
CBA;Prec;19;Current landscape;0,572592735290527;180,361434080011;20,0147523439905;-5,18814721507442
CBA;Prec;19;Current landscape;0,626703500747681;90,7439472895921;5,36380263455249;-22,2599976090269
CBA;Prec;19;Current landscape;0,672737240791321;73,8196147655326;-60,922451658656;-102,371210072772
CBA;Prec;19;Current landscape;0,723084628582001;66,7494057026174;7,20825691552682;-39,8715619643226
CBA;Prec;19;Current landscape;0,777996629476547;67,1912640480059;-38,4909589161239;-29,2689406827676
CBA;Prec;19;Current landscape;0,821311116218567;-22,2737851963198;-144,089502644413;-106,787839349377
CBA;Prec;19;Current landscape;0,876451075077057;61,0988760140344;-78,0874965501475;-76,7693902231104
CBA;Prec;19;Current landscape;0,926314234733582;6,38056876488781;-100,919039916368;-170,913667562902
CBA;Prec;19;Current landscape;1;-85,9279457956841;-100,752855866641;-107,87533978034
CBA;Prec;20;Spatially adjusted;0,01;-6,88786026860953;-1,28425951075269;-15,0720524795947
CBA;Prec;20;Spatially adjusted;0,0302040816326531;-5,69605841704606;-1,66906216539019;-13,1201055744637
CBA;Prec;20;Spatially adjusted;0,0504081632653061;-4,51380900489039;-2,05050458148708;-11,1780031581229
CBA;Prec;20;Spatially adjusted;0,0706122448979592;-3,35066447154759;-2,42522652050275;-9,25558971936198
CBA;Prec;20;Spatially adjusted;0,0908163265306122;-2,21617725642591;-2,78986774389614;-7,36270974697118
CBA;Prec;20;Spatially adjusted;0,111020408163265;-1,11989979893178;-3,1410680131271;-5,50920772974041
CBA;Prec;20;Spatially adjusted;0,131224489795918;-0,0713845384725573;-3,4754670896541;-3,70492815645957
CBA;Prec;20;Spatially adjusted;0,151428571428571;0,919816085545335;-3,789704734937;-1,95971551591856
CBA;Prec;20;Spatially adjusted;0,171632653061224;1,84414963371455;-4,08042071043519;-0,283414296907267
CBA;Prec;20;Spatially adjusted;0,191836734693878;2,69206366662911;-4,3442547776076;1,3141310117835
CBA;Prec;20;Spatially adjusted;0,212040816326531;3,45400574488076;-4,57784669791363;2,82307592136431
CBA;Prec;20;Spatially adjusted;0,232244897959184;4,12042342906352;-4,77783623281266;4,23357594304525
CBA;Prec;20;Spatially adjusted;0,252448979591837;4,68176427977005;-4,94086314376455;5,53578658803599
CBA;Prec;20;Spatially adjusted;0,27265306122449;5,12847585759391;-5,06356719222777;6,71986336754708
CBA;Prec;20;Spatially adjusted;0,292857142857143;5,45100572312731;-5,14258813966171;7,77596179278726
CBA;Prec;20;Spatially adjusted;0,313061224489796;5,63980143696472;-5,17456574752578;8,69423737496845
CBA;Prec;20;Spatially adjusted;0,333265306122449;5,68531055969743;-5,15613977727935;9,4648456252994
CBA;Prec;20;Spatially adjusted;0,353469387755102;5,58318153294795;-5,0858821297461;10,0812862949547
CBA;Prec;20;Spatially adjusted;0,373673469387755;5,34986632244545;-4,9700932632004;10,5504360949667
CBA;Prec;20;Spatially adjusted;0,393877551020408;5,00701777494714;-4,81700577528454;10,8825159763323
CBA;Prec;20;Spatially adjusted;0,414081632653061;4,57628873721387;-4,63485226363719;11,0877468900485
CBA;Prec;20;Spatially adjusted;0,434285714285714;4,07933205600193;-4,43186532589834;11,1763497871111
CBA;Prec;20;Spatially adjusted;0,454489795918367;3,53780057806898;-4,21627755970894;11,158545618518
CBA;Prec;20;Spatially adjusted;0,47469387755102;2,9733471501745;-3,99632156270809;11,0445553352656
CBA;Prec;20;Spatially adjusted;0,494897959183674;2,40762461907616;-3,78022993253671;10,8445998883503
CBA;Prec;20;Spatially adjusted;0,515102040816327;1,8622858315307;-3,57623526683392;10,56890022877
CBA;Prec;20;Spatially adjusted;0,53530612244898;1,3589836342976;-3,39257016323973;10,22767730752
CBA;Prec;20;Spatially adjusted;0,555510204081633;0,919370874134529;-3,23746721939506;9,83115207559786
CBA;Prec;20;Spatially adjusted;0,575714285714286;0,565100397799597;-3,11915903293948;9,38954548400034
CBA;Prec;20;Spatially adjusted;0,595918367346939;0,317825052050921;-3,04587820151301;8,91307848372435
CBA;Prec;20;Spatially adjusted;0,616122448979592;0,199197683646162;-3,02585732275566;8,41197202576632
CBA;Prec;20;Spatially adjusted;0,636326530612245;0,23087113934389;-3,06732899430745;7,89644706112313
CBA;Prec;20;Spatially adjusted;0,656530612244898;0,434498265901766;-3,17852581380794;7,37672454079166
CBA;Prec;20;Spatially adjusted;0,676734693877551;0,831731910078361;-3,36768037889806;6,86302541576879
CBA;Prec;20;Spatially adjusted;0,696938775510204;1,43837382579159;-3,64075537153485;6,36369793327685
CBA;Prec;20;Spatially adjusted;0,717142857142857;2,246821395609;-3,99463381094984;5,87959952544679
CBA;Prec;20;Spatially adjusted;0,73734693877551;3,24362090925524;-4,42392880068974;5,40971492063363
CBA;Prec;20;Spatially adjusted;0,757551020408163;4,41531865645811;-4,92325344430356;4,95302884719376
CBA;Prec;20;Spatially adjusted;0,777755102040816;5,74846092694224;-5,48722084533893;4,50852603348221
CBA;Prec;20;Spatially adjusted;0,797959183673469;7,2295940104359;-6,11044410734439;4,07519120785628
CBA;Prec;20;Spatially adjusted;0,818163265306122;8,84526419666508;-6,7875363338685;3,65200909867053
CBA;Prec;20;Spatially adjusted;0,838367346938776;10,5820177753553;-7,51311062845844;3,23796443428182
CBA;Prec;20;Spatially adjusted;0,858571428571429;12,426401036234;-8,28178009466319;2,83204194304517
CBA;Prec;20;Spatially adjusted;0,878775510204082;14,364960269028;-9,08815783603131;2,43322635331742
CBA;Prec;20;Spatially adjusted;0,898979591836735;16,3842417634623;-9,92685695610953;2,04050239345406
CBA;Prec;20;Spatially adjusted;0,919183673469388;18,4707918092645;-10,7924905584473;1,65285479181148
CBA;Prec;20;Spatially adjusted;0,939387755102041;20,6111566961608;-11,6796717465922;1,2692682767447
CBA;Prec;20;Spatially adjusted;0,959591836734694;22,7918827138774;-12,5830136240925;0,888727576610563
CBA;Prec;20;Spatially adjusted;0,979795918367347;24,999516152142;-13,497129294497;0,510217419764103
CBA;Prec;20;Spatially adjusted;1;27,2206033006796;-14,4166318613529;0,132722534561708
CBA;Prec;20;Current landscape;0,0263931062072515;164,946828041502;130,012294710289;94,1527400926834
CBA;Prec;20;Current landscape;0,075291208922863;111,026444693395;86,2961431663343;31,2127811714545
CBA;Prec;20;Current landscape;0,126180574297905;164,391638393182;115,468479785176;57,194875890194
CBA;Prec;20;Current landscape;0,173345297574997;127,263593363295;124,846896440817;76,5482039753938
CBA;Prec;20;Current landscape;0,227348372340202;144,016488672769;108,458303682428;84,5941338645657
CBA;Prec;20;Current landscape;0,274168372154236;174,73314962425;122,359940412209;76,7749636534259
CBA;Prec;20;Current landscape;0,32394927740097;157,71903475562;118,471320708413;86,1129443327559
CBA;Prec;20;Current landscape;0,373128324747086;86,986826670221;74,6909864148579;75,6333722033569
CBA;Prec;20;Current landscape;0,425741642713547;58,9044612729731;50,6335146448009;45,6338988119428
CBA;Prec;20;Current landscape;0,475178137421608;120,078651614718;78,126886075856;56,6537877839837
CBA;Prec;20;Current landscape;0,525939583778381;113,01386018578;31,8400671317404;20,8014181813687
CBA;Prec;20;Current landscape;0,574456393718719;144,996665520368;9,48163188319995;-17,7000111133948
CBA;Prec;20;Current landscape;0,623213589191437;32,6348605859917;-64,6548241183041;-68,7183777573487
CBA;Prec;20;Current landscape;0,674688696861267;90,4145220095666;-47,2923275897592;-58,4695049011875
CBA;Prec;20;Current landscape;0,725842952728271;91,9772809240881;33,1251794510554;-24,3694277662239
CBA;Prec;20;Current landscape;0,773990124464035;53,6661169696799;-61,2462398357889;-76,7875889635939
CBA;Prec;20;Current landscape;0,82737272977829;-19,7687262411159;-136,665601435638;-99,4876075084781
CBA;Prec;20;Current landscape;0,877049267292023;75,2492163454699;-64,0611014121769;-65,5469345155279
CBA;Prec;20;Current landscape;0,928470134735107;49,4105785355914;-54,9743995521681;-128,975704815761
CBA;Prec;20;Current landscape;1;-81,7032473509189;-93,5346340560513;-107,831397361362
CBA;Prec;21;Spatially adjusted;0,01;-3,89334883235779;2,02675306746642;-15,0449296773363
CBA;Prec;21;Spatially adjusted;0,0302040816326531;-3,26352631586769;1,80861034711597;-13,6713585222683
CBA;Prec;21;Spatially adjusted;0,0504081632653061;-2,63500152219422;1,592282923742;-12,3028705032157
CBA;Prec;21;Spatially adjusted;0,0706122448979592;-2,00907217415534;1,37958609431962;-10,9445487561929
CBA;Prec;21;Spatially adjusted;0,0908163265306122;-1,38703599456812;1,1723351558262;-9,6014764172146
CBA;Prec;21;Spatially adjusted;0,111020408163265;-0,770190706249196;0,972345405237775;-8,27873662229604
CBA;Prec;21;Spatially adjusted;0,131224489795918;-0,159834032016533;0,781432139529898;-6,98141250745175
CBA;Prec;21;Spatially adjusted;0,151428571428571;0,442736305313247;0,601410655679047;-5,71458720869714
CBA;Prec;21;Spatially adjusted;0,171632653061224;1,03622258292353;0,434096250661241;-4,48334386204715
CBA;Prec;21;Spatially adjusted;0,191836734693878;1,61932707799633;0,281304221452956;-3,29276560351582
CBA;Prec;21;Spatially adjusted;0,212040816326531;2,19075206771458;0,14484986503021;-2,14793556911945
CBA;Prec;21;Spatially adjusted;0,232244897959184;2,74919982926122;0,0265484783690226;-1,05393689487164
CBA;Prec;21;Spatially adjusted;0,252448979591837;3,29337263981961;-0,0717846415545864;-0,0158527167882312
CBA;Prec;21;Spatially adjusted;0,27265306122449;3,82197277657133;-0,148334197763688;0,961233829116281
CBA;Prec;21;Spatially adjusted;0,292857142857143;4,33370251670067;-0,201284893282264;1,87223960682695
CBA;Prec;21;Spatially adjusted;0,313061224489796;4,82726413738965;-0,228821431135202;2,71208148032883
CBA;Prec;21;Spatially adjusted;0,333265306122449;5,30135991582074;-0,229128514345121;3,47567631360744
CBA;Prec;21;Spatially adjusted;0,353469387755102;5,75477004739514;-0,20177225450243;4,15929939126863
CBA;Prec;21;Spatially adjusted;0,373673469387755;6,18658640037666;-0,15184439746281;4,76465968040429
CBA;Prec;21;Spatially adjusted;0,393877551020408;6,59597876125099;-0,0858180976474614;5,29482456872711
CBA;Prec;21;Spatially adjusted;0,414081632653061;6,9821169164984;-0,0101665094766759;5,75286144395068
CBA;Prec;21;Spatially adjusted;0,434285714285714;7,34417065260232;0,0686372126269816;6,1418376937886
CBA;Prec;21;Spatially adjusted;0,454489795918367;7,68130975604663;0,144119914242765;6,46482070595266
CBA;Prec;21;Spatially adjusted;0,47469387755102;7,99270401331387;0,209808440949473;6,72487786815645
CBA;Prec;21;Spatially adjusted;0,494897959183674;8,27752321088656;0,259229638325905;6,92507656811358
CBA;Prec;21;Spatially adjusted;0,515102040816327;8,53493713524722;0,285910351949951;7,06848419353582
CBA;Prec;21;Spatially adjusted;0,53530612244898;8,76411557287884;0,28337742740041;7,15816813213769
CBA;Prec;21;Spatially adjusted;0,555510204081633;8,96422831026575;0,245157710256535;7,19719577163141
CBA;Prec;21;Spatially adjusted;0,575714285714286;9,13444513388913;0,164778046096671;7,18863449973014
CBA;Prec;21;Spatially adjusted;0,595918367346939;9,27393583023195;0,0357652804996178;7,13555170414702
CBA;Prec;21;Spatially adjusted;0,616122448979592;9,38187018577764;-0,148353740955827;7,04101477259519
CBA;Prec;21;Spatially adjusted;0,636326530612245;9,45741798700874;-0,394052172691772;6,9080910927878
CBA;Prec;21;Spatially adjusted;0,656530612244898;9,49974902040867;-0,707803169128511;6,73984805243754
CBA;Prec;21;Spatially adjusted;0,676734693877551;9,50803307246042;-1,09607988468815;6,539353039258
CBA;Prec;21;Spatially adjusted;0,696938775510204;9,48194160267803;-1,56343287645495;6,30946621577141
CBA;Prec;21;Spatially adjusted;0,717142857142857;9,42315276270892;-2,10672231216995;6,05221884373805
CBA;Prec;21;Spatially adjusted;0,73734693877551;9,33384637723248;-2,72088576223541;5,76943495972728
CBA;Prec;21;Spatially adjusted;0,757551020408163;9,21620227092717;-3,40086079705543;5,46293860030983
CBA;Prec;21;Spatially adjusted;0,777755102040816;9,0724002684733;-4,14158498703318;5,1345538020546
CBA;Prec;21;Spatially adjusted;0,797959183673469;8,9046201945489;-4,93799590257231;4,78610460153186
CBA;Prec;21;Spatially adjusted;0,818163265306122;8,71504187383289;-5,7850311140769;4,41941503531189
CBA;Prec;21;Spatially adjusted;0,838367346938776;8,50584513100466;-6,67762819195013;4,03630913996312
CBA;Prec;21;Spatially adjusted;0,858571428571429;8,27920979074406;-7,61072470659474;3,6386109520563
CBA;Prec;21;Spatially adjusted;0,878775510204082;8,03731567772957;-8,57925822841526;3,22814450816122
CBA;Prec;21;Spatially adjusted;0,898979591836735;7,78234261664056;-9,57816632781396;2,80673384484726
CBA;Prec;21;Spatially adjusted;0,919183673469388;7,51647043215598;-10,6023865751959;2,37620299868422
CBA;Prec;21;Spatially adjusted;0,939387755102041;7,24187894895431;-11,6468565409637;1,93837600624238
CBA;Prec;21;Spatially adjusted;0,959591836734694;6,96074799171583;-12,706513795521;1,49507690409109
CBA;Prec;21;Spatially adjusted;0,979795918367347;6,67525738511858;-13,7762959092706;1,04812972880018
CBA;Prec;21;Spatially adjusted;1;6,3875869538424;-14,851140452618;0,599358516939446
CBA;Prec;21;Current landscape;0,0263577830046415;162,736462315658;135,290752509825;62,0255903579855
CBA;Prec;21;Current landscape;0,0757674500346184;127,197240044769;95,7216603248935;43,1741038906853
CBA;Prec;21;Current landscape;0,126716271042824;155,516737511549;103,274792783615;34,3425016042461
CBA;Prec;21;Current landscape;0,177124515175819;148,182370915215;107,508958277422;43,7163560527824
CBA;Prec;21;Current landscape;0,230333149433136;165,074944891352;128,798703530934;67,3216348566721
CBA;Prec;21;Current landscape;0,276599287986755;105,111270759517;76,0462144210533;42,6730796682427
CBA;Prec;21;Current landscape;0,324454426765442;186,327293006443;121,795353903932;88,6688075597522
CBA;Prec;21;Current landscape;0,372761487960815;119,418509900734;100,099586608299;95,6748388188958
CBA;Prec;21;Current landscape;0,427564173936844;109,086624379602;56,1027101176037;19,3160568103726
CBA;Prec;21;Current landscape;0,475277453660965;129,407792730819;78,7597104356028;56,3819768978506
CBA;Prec;21;Current landscape;0,525863170623779;136,511820146483;38,7766273601123;17,0092160046911
CBA;Prec;21;Current landscape;0,572060406208038;174,170107922017;41,1019091443036;-16,7666046872205
CBA;Prec;21;Current landscape;0,624168336391449;57,5842677164446;-44,6908027476497;-80,3724512189415
CBA;Prec;21;Current landscape;0,674316167831421;136,352156822822;-14,2859086238991;-31,8738947882403
CBA;Prec;21;Current landscape;0,724861532449722;65,8380233315547;34,7515182327857;5,75508970829651
CBA;Prec;21;Current landscape;0,775971174240112;90,5550209550474;-5,89792832384364;-15,3460409324853
CBA;Prec;21;Current landscape;0,82836127281189;-5,40252238292487;-113,477930453216;-78,4218696946582
CBA;Prec;21;Current landscape;0,876240134239197;65,6967091338966;-62,9144937421529;-64,9459888289189
CBA;Prec;21;Current landscape;0,922658383846283;24,2639202731107;-66,8830723129549;-141,276510758784
CBA;Prec;21;Current landscape;1;-96,1161556275793;-89,6243408784635;-104,166743821499
CBA;Prec;22;Spatially adjusted;0,01;-5,67579754634153;-5,58807469943167;0,676296681421263
CBA;Prec;22;Spatially adjusted;0,0302040816326531;-4,71996305493258;-5,84137148944683;1,12551561146847
CBA;Prec;22;Spatially adjusted;0,0504081632653061;-3,77243079881509;-6,09071125636774;1,57396408885325
CBA;Prec;22;Spatially adjusted;0,0706122448979592;-2,84150301328145;-6,33213697710016;2,02087166091269
CBA;Prec;22;Spatially adjusted;0,0908163265306122;-1,93548193362312;-6,56169162855031;2,46546787498482
CBA;Prec;22;Spatially adjusted;0,111020408163265;-1,06266979513202;-6,77541818762347;2,9069822784063
CBA;Prec;22;Spatially adjusted;0,131224489795918;-0,231368833099623;-6,96935963122496;3,34464441851515
CBA;Prec;22;Spatially adjusted;0,151428571428571;0,550118717181249;-7,13955893626144;3,77768384264937
CBA;Prec;22;Spatially adjusted;0,171632653061224;1,27349062042003;-7,28205907963866;4,20533009814608
CBA;Prec;22;Spatially adjusted;0,191836734693878;1,9304446413239;-7,39290303826238;4,62681273234193
CBA;Prec;22;Spatially adjusted;0,212040816326531;2,51267854460139;-7,46813378903789;5,04136129257495
CBA;Prec;22;Spatially adjusted;0,232244897959184;3,01189009496147;-7,50379430887142;5,44820532618314
CBA;Prec;22;Spatially adjusted;0,252448979591837;3,41977705711133;-7,49592757466871;5,84657438050317
CBA;Prec;22;Spatially adjusted;0,27265306122449;3,7280371957595;-7,44057656333462;6,23569800287305
CBA;Prec;22;Spatially adjusted;0,292857142857143;3,92836827561405;-7,33378425177671;6,61480574062989
CBA;Prec;22;Spatially adjusted;0,313061224489796;4,01246806138352;-7,17159361689937;6,98312714111125
CBA;Prec;22;Spatially adjusted;0,333265306122449;3,97203431777552;-6,95004763560883;7,3398917516547
CBA;Prec;22;Spatially adjusted;0,353469387755102;3,80375683344892;-6,66767412370609;7,68371689280139
CBA;Prec;22;Spatially adjusted;0,373673469387755;3,52429349285467;-6,33294025257328;8,01077097790994
CBA;Prec;22;Spatially adjusted;0,393877551020408;3,15529420439725;-5,95679803248731;8,31661019354033
CBA;Prec;22;Spatially adjusted;0,414081632653061;2,71840887647932;-5,55019947372466;8,59679072625568
CBA;Prec;22;Spatially adjusted;0,434285714285714;2,23528741750351;-5,12409658656407;8,84686876261731
CBA;Prec;22;Spatially adjusted;0,454489795918367;1,72757973587204;-4,68944138128154;9,06240048918562
CBA;Prec;22;Spatially adjusted;0,47469387755102;1,216935739988;-4,25718586815447;9,23894209252421
CBA;Prec;22;Spatially adjusted;0,494897959183674;0,72500533825405;-3,83828205746022;9,37204975919303
CBA;Prec;22;Spatially adjusted;0,515102040816327;0,273438439073743;-3,44368195947527;9,45727967575476
CBA;Prec;22;Spatially adjusted;0,53530612244898;-0,11611504915254;-3,08433758447791;9,49018802877026
CBA;Prec;22;Spatially adjusted;0,555510204081633;-0,422005218019422;-2,77120094274414;9,46633100480176
CBA;Prec;22;Spatially adjusted;0,575714285714286;-0,622582159126523;-2,51522404455181;9,38126479041057
CBA;Prec;22;Spatially adjusted;0,595918367346939;-0,69619596406892;-2,32735890017739;9,23054557215801
CBA;Prec;22;Spatially adjusted;0,616122448979592;-0,621196724445781;-2,2185575198996;9,00972953660676
CBA;Prec;22;Spatially adjusted;0,636326530612245;-0,375934531852636;-2,19977191399312;8,71437287031722
CBA;Prec;22;Spatially adjusted;0,656530612244898;0,0612405221118024;-2,28195409273712;8,34003175985163
CBA;Prec;22;Spatially adjusted;0,676734693877551;0,71197834584973;-2,47605606640809;7,88226239177175
CBA;Prec;22;Spatially adjusted;0,696938775510204;1,59187039763492;-2,78992459559959;7,33827692228533
CBA;Prec;22;Spatially adjusted;0,717142857142857;2,69227433521064;-3,21898544216992;6,71191138618724
CBA;Prec;22;Spatially adjusted;0,73734693877551;3,99848936619128;-3,7555591182936;6,0086577879174
CBA;Prec;22;Spatially adjusted;0,757551020408163;5,49581469819123;-4,39196613614558;5,23400813191711
CBA;Prec;22;Spatially adjusted;0,777755102040816;7,1695495388235;-5,12052700790127;4,3934544226272
CBA;Prec;22;Spatially adjusted;0,797959183673469;9,00499309570296;-5,93356224573427;3,49248866448852
CBA;Prec;22;Spatially adjusted;0,818163265306122;10,9874445764431;-6,82339236181952;2,5366028619419
CBA;Prec;22;Spatially adjusted;0,838367346938776;13,1022031886582;-7,78233786833243;1,53128901942773
CBA;Prec;22;Spatially adjusted;0,858571428571429;15,334568139961;-8,80271927744752;0,482039141387759
CBA;Prec;22;Spatially adjusted;0,878775510204082;17,6698386379671;-9,87685710133974;-0,605654767738542
CBA;Prec;22;Spatially adjusted;0,898979591836735;20,0933138902901;-10,9970718521831;-1,72630070350942
CBA;Prec;22;Spatially adjusted;0,919183673469388;22,5902931045425;-12,1556840421522;-2,87440666148405
CBA;Prec;22;Spatially adjusted;0,939387755102041;25,1460754883392;-13,3450141834232;-4,04448063722202
CBA;Prec;22;Spatially adjusted;0,959591836734694;27,745960249295;-14,5573827881694;-5,23103062628297
CBA;Prec;22;Spatially adjusted;0,979795918367347;30,3752465950229;-15,7851103685666;-6,42856462422515
CBA;Prec;22;Spatially adjusted;1;33,0192337331359;-17,0205174367889;-7,6315906266077
CBA;Prec;22;Current landscape;0,025095833465457;147,526911736735;131,684740945468;56,0083741483272
CBA;Prec;22;Current landscape;0,0749576464295387;108,773881111989;69,0684449449409;-4,57835886775774
CBA;Prec;22;Current landscape;0,127186149358749;107,034592456076;91,9739034789009;25,0918075837349
CBA;Prec;22;Current landscape;0,176080286502838;160,577041150968;109,810002125697;76,0691380023795
CBA;Prec;22;Current landscape;0,229556754231453;207,647867114961;149,539109698821;126,509596020655
CBA;Prec;22;Current landscape;0,277459979057312;126,972142322104;79,1773074371395;38,8520996779835
CBA;Prec;22;Current landscape;0,321167528629303;103,760398904391;76,1836365432319;44,8597896382153
CBA;Prec;22;Current landscape;0,375480204820633;140,184432074194;100,484544435943;87,7037558276188
CBA;Prec;22;Current landscape;0,426758319139481;44,8850881190415;-3,45856097408932;-5,31962732491229
CBA;Prec;22;Current landscape;0,472194582223892;115,151606176616;56,0837379213203;49,3898844257838
CBA;Prec;22;Current landscape;0,528988063335419;56,6270393281493;20,6369305139424;5,63076882376572
CBA;Prec;22;Current landscape;0,575486898422242;148,569245151942;45,5979094330414;29,5878312226723
CBA;Prec;22;Current landscape;0,627421051263809;70,9824000197032;-6,46383721734901;-20,4865956470999
CBA;Prec;22;Current landscape;0,67443311214447;123,596061147656;-8,63734196161749;-14,7786909153206
CBA;Prec;22;Current landscape;0,723051786422729;51,7144232756587;-11,3782511769705;-53,4184016704089
CBA;Prec;22;Current landscape;0,77237868309021;96,1997839212913;-7,2905390415981;-24,3566331926909
CBA;Prec;22;Current landscape;0,821980476379395;-27,4061518109652;-147,43577033087;-111,164121494565
CBA;Prec;22;Current landscape;0,874195456504822;49,8172844866704;-91,1129850228244;-93,7696134754328
CBA;Prec;22;Current landscape;0,926848500967026;20,4146432238085;-88,0347850969774;-163,963369388959
CBA;Prec;22;Current landscape;1;-69,703694699348;-87,2873007393637;-104,20831094882
CBA;Prec;23;Spatially adjusted;0,01;-11,7164554235533;0,670310338268337;-17,5661410735224
CBA;Prec;23;Spatially adjusted;0,0302040816326531;-10,135553522709;0,601167881730817;-15,9776261474462
CBA;Prec;23;Spatially adjusted;0,0504081632653061;-8,56485729492806;0,531786562651178;-14,3936003296903
CBA;Prec;23;Spatially adjusted;0,0706122448979592;-7,01457241327489;0,461927518487755;-12,8185527285773
CBA;Prec;23;Spatially adjusted;0,0908163265306122;-5,49490455081423;0,391351886697976;-11,2569724524274
CBA;Prec;23;Spatially adjusted;0,111020408163265;-4,01605938060811;0,31982080473972;-9,71334860956131
CBA;Prec;23;Spatially adjusted;0,131224489795918;-2,58824257572087;0,247095410071779;-8,19217030830077
CBA;Prec;23;Spatially adjusted;0,151428571428571;-1,22165980921773;0,172936840151579;-6,6979266569665
CBA;Prec;23;Spatially adjusted;0,171632653061224;0,0734832458383607;0,0971062324374543;-5,23510676387969
CBA;Prec;23;Spatially adjusted;0,191836734693878;1,28698091638398;0,0193647243863779;-3,80819973736107
CBA;Prec;23;Spatially adjusted;0,212040816326531;2,40862752935436;-0,0605265465428602;-2,42169468573184
CBA;Prec;23;Spatially adjusted;0,232244897959184;3,42821741168655;-0,142806442892379;-1,08008071731365
CBA;Prec;23;Spatially adjusted;0,252448979591837;4,33554489031621;-0,227713827204298;0,212153059573666
CBA;Prec;23;Spatially adjusted;0,27265306122449;5,12040429217859;-0,31548756202028;1,450517536608
CBA;Prec;23;Spatially adjusted;0,292857142857143;5,77258994421163;-0,406366509883355;2,63052360546817
CBA;Prec;23;Spatially adjusted;0,313061224489796;6,28189617335011;-0,500589533334733;3,74768215783388
CBA;Prec;23;Spatially adjusted;0,333265306122449;6,63811730653106;-0,598395494916531;4,79750408538439
CBA;Prec;23;Spatially adjusted;0,353469387755102;6,83600615246496;-0,700274132705545;5,7760882110756
CBA;Prec;23;Spatially adjusted;0,373673469387755;6,89014944696282;-0,807718686918634;6,68188508297953
CBA;Prec;23;Spatially adjusted;0,393877551020408;6,82009240761317;-0,922473273306878;7,51393318044438
CBA;Prec;23;Spatially adjusted;0,414081632653061;6,645380252;-1,04628200762045;8,27127098281972
CBA;Prec;23;Spatially adjusted;0,434285714285714;6,38555819771091;-1,18088900561088;8,95293696945419
CBA;Prec;23;Spatially adjusted;0,454489795918367;6,06017146233216;-1,32803838302971;9,55796961969691
CBA;Prec;23;Spatially adjusted;0,47469387755102;5,68876526345048;-1,48947425562801;10,085407412897
CBA;Prec;23;Spatially adjusted;0,494897959183674;5,29088481865165;-1,66694073915642;10,5342888284035
CBA;Prec;23;Spatially adjusted;0,515102040816327;4,88607534552284;-1,862181949366;10,9036523455648
CBA;Prec;23;Spatially adjusted;0,53530612244898;4,49388206165077;-2,07694200200922;11,1925364437311
CBA;Prec;23;Spatially adjusted;0,555510204081633;4,13385018462031;-2,31296501283487;11,3999796022504
CBA;Prec;23;Spatially adjusted;0,575714285714286;3,82552493201865;-2,57199509759585;11,5250203004725
CBA;Prec;23;Spatially adjusted;0,595918367346939;3,58845152143385;-2,85577637204278;11,5666970177458
CBA;Prec;23;Spatially adjusted;0,616122448979592;3,4421751704499;-3,16605295192676;11,5240482334198
CBA;Prec;23;Spatially adjusted;0,636326530612245;3,40624109665487;-3,50456895299885;11,396112426843
CBA;Prec;23;Spatially adjusted;0,656530612244898;3,50019451763455;-3,87306849100969;11,1819280773657
CBA;Prec;23;Spatially adjusted;0,676734693877551;3,74358065097522;-4,27329568171172;10,880533664335
CBA;Prec;23;Spatially adjusted;0,696938775510204;4,15092699122943;-4,70635529064157;10,4920463745448
CBA;Prec;23;Spatially adjusted;0,717142857142857;4,71669014080953;-5,17079468248585;10,0208982245645
CBA;Prec;23;Spatially adjusted;0,73734693877551;5,43030897909375;-5,66452187171581;9,47259993840544
CBA;Prec;23;Spatially adjusted;0,757551020408163;6,28122238545984;-6,18544487280406;8,85266224008183
CBA;Prec;23;Spatially adjusted;0,777755102040816;7,25886923928692;-6,73147170022457;8,16659585360549
CBA;Prec;23;Spatially adjusted;0,797959183673469;8,35268841995412;-7,3005103684477;7,41991150298918
CBA;Prec;23;Spatially adjusted;0,818163265306122;9,55211880683783;-7,89046889194742;6,61811991224613
CBA;Prec;23;Spatially adjusted;0,838367346938776;10,8465992793172;-8,49925528519452;5,76673180538774
CBA;Prec;23;Spatially adjusted;0,858571428571429;12,2255687167708;-9,12477756266344;4,87125790642858
CBA;Prec;23;Spatially adjusted;0,878775510204082;13,678465998576;-9,76494373882497;3,93720893938007
CBA;Prec;23;Spatially adjusted;0,898979591836735;15,1947300041115;-10,4176618281517;2,97009562825542
CBA;Prec;23;Spatially adjusted;0,919183673469388;16,7637996127564;-11,0808398451168;1,97542869706695
CBA;Prec;23;Spatially adjusted;0,939387755102041;18,375113703888;-11,7523858041918;0,958718869827862
CBA;Prec;23;Spatially adjusted;0,959591836734694;20,018111156885;-12,4302077198504;-0,074523129449517
CBA;Prec;23;Spatially adjusted;0,979795918367347;21,6822308511246;-13,1122136065637;-1,11878657675197
CBA;Prec;23;Spatially adjusted;1;23,3569116659869;-13,7963114788045;-2,16856074806765
CBA;Prec;23;Current landscape;0,0234051439911127;173,991682694944;153,539532259799;86,1295687296956
CBA;Prec;23;Current landscape;0,0747204571962357;109,212248290053;90,8973916714222;17,5229958400842
CBA;Prec;23;Current landscape;0,129977285861969;128,14165350856;96,9774805751772;62,2112401762165
CBA;Prec;23;Current landscape;0,174796372652054;166,541071726056;143,622090253942;86,5899528449604
CBA;Prec;23;Current landscape;0,228558152914047;100,789714412636;71,7499866002672;31,7897898128017
CBA;Prec;23;Current landscape;0,273918181657791;138,503084274922;92,8336661982171;68,4799740369513
CBA;Prec;23;Current landscape;0,323688268661499;185,024416119141;118,93842411406;93,5918826409306
CBA;Prec;23;Current landscape;0,377808451652527;111,300884389611;62,7923574215438;8,84878070870991
CBA;Prec;23;Current landscape;0,424911648035049;73,2085788101513;41,4341252117952;20,3454920652407
CBA;Prec;23;Current landscape;0,474146097898483;61,534616566335;24,9162198423014;3,10550542447754
CBA;Prec;23;Current landscape;0,525943905115128;79,1099882500371;22,5224092146159;-0,95455584020192
CBA;Prec;23;Current landscape;0,574984312057495;179,340075196855;23,921304721342;8,68287650183402
CBA;Prec;23;Current landscape;0,624462574720383;71,6657638978782;-12,2270850106747;-42,2456978501896
CBA;Prec;23;Current landscape;0,671541571617126;101,082468695698;-32,4244521598744;-58,9124724072021
CBA;Prec;23;Current landscape;0,723684728145599;59,8732893223642;-5,85606090254169;-38,2506874351993
CBA;Prec;23;Current landscape;0,773391008377075;92,237836080747;-48,6793151523216;-31,7020661880661
CBA;Prec;23;Current landscape;0,82287722826004;-17,088476476767;-131,111821099816;-94,6937718889581
CBA;Prec;23;Current landscape;0,87762862443924;8,80941342344522;-127,178506704823;-128,719764874708
CBA;Prec;23;Current landscape;0,926469147205353;64,1495046196264;-38,5261860356118;-114,433362842608
CBA;Prec;23;Current landscape;1;-81,5951952492278;-89,8628316531772;-108,579707465533
CBA;Prec;24;Spatially adjusted;0,01;-6,14660173311358;-7,41176048011539;-6,90474973206392
CBA;Prec;24;Spatially adjusted;0,0302040816326531;-5,10111943195852;-7,04283966606727;-7,08939911033804
CBA;Prec;24;Spatially adjusted;0,0504081632653061;-4,06449780255753;-6,67330473618449;-7,26603776113279
CBA;Prec;24;Spatially adjusted;0,0706122448979592;-3,04559751666329;-6,30254157463423;-7,42665495696838
CBA;Prec;24;Spatially adjusted;0,0908163265306122;-2,0532792460308;-5,92993606558093;-7,56323997036452
CBA;Prec;24;Spatially adjusted;0,111020408163265;-1,0964036624132;-5,55487409319039;-7,66778207384232
CBA;Prec;24;Spatially adjusted;0,131224489795918;-0,183831437564095;-5,17674154162933;-7,73227053992059
CBA;Prec;24;Spatially adjusted;0,151428571428571;0,675576756761984;-4,79492429506308;-7,74869464112135
CBA;Prec;24;Spatially adjusted;0,171632653061224;1,47296024881234;-4,40880823765792;-7,70904364996386
CBA;Prec;24;Spatially adjusted;0,191836734693878;2,199458366832;-4,01777925357874;-7,60530683896832
CBA;Prec;24;Spatially adjusted;0,212040816326531;2,84621043906873;-3,62122322699179;-7,42947348065582
CBA;Prec;24;Spatially adjusted;0,232244897959184;3,40435579376799;-3,21852604206333;-7,17353284754609
CBA;Prec;24;Spatially adjusted;0,252448979591837;3,86503375917528;-2,80907358295872;-6,82947421215977
CBA;Prec;24;Spatially adjusted;0,27265306122449;4,21938366353743;-2,39225173384375;-6,38928684701659
CBA;Prec;24;Spatially adjusted;0,292857142857143;4,45854483510129;-1,96744637888423;-5,84496002463675
CBA;Prec;24;Spatially adjusted;0,313061224489796;4,57365660211235;-1,53404340224597;-5,18848301754133
CBA;Prec;24;Spatially adjusted;0,333265306122449;4,55585829281745;-1,09142868809568;-4,41184509825007
CBA;Prec;24;Spatially adjusted;0,353469387755102;4,40156085682111;-0,640301998269024;-3,51193194875441
CBA;Prec;24;Spatially adjusted;0,373673469387755;4,1282617291613;-0,186618605288913;-2,50521488893037
CBA;Prec;24;Spatially adjusted;0,393877551020408;3,7587299662332;0,262352340649613;-1,41306164812431
CBA;Prec;24;Spatially adjusted;0,414081632653061;3,31573462443475;0,699341689353332;-0,256839955682608
CBA;Prec;24;Spatially adjusted;0,434285714285714;2,82204476016113;1,11708029062811;0,942082459047469
CBA;Prec;24;Spatially adjusted;0,454489795918367;2,3004294298089;1,50829899428027;2,16233786672001
CBA;Prec;24;Spatially adjusted;0,47469387755102;1,77365768977506;1,86572865011567;3,38255853798728
CBA;Prec;24;Spatially adjusted;0,494897959183674;1,26449859645436;2,18210010794019;4,58137674350337
CBA;Prec;24;Spatially adjusted;0,515102040816327;0,795721206244252;2,45014421755968;5,73742475392191
CBA;Prec;24;Spatially adjusted;0,53530612244898;0,390094575541752;2,66259182878048;6,82933483989473
CBA;Prec;24;Spatially adjusted;0,555510204081633;0,0703877607411414;2,81217379140799;7,83573927207681
CBA;Prec;24;Spatially adjusted;0,575714285714286;-0,140630181759661;2,89162095524898;8,73527032112042
CBA;Prec;24;Spatially adjusted;0,595918367346939;-0,220190195564555;2,89366417010933;9,50656025767876
CBA;Prec;24;Spatially adjusted;0,616122448979592;-0,145523224277895;2,8110342857949;10,1282413524063
CBA;Prec;24;Spatially adjusted;0,636326530612245;0,106139788496876;2,63646215211156;10,578945875955
CBA;Prec;24;Spatially adjusted;0,656530612244898;0,557567899155856;2,36267861886563;10,8373060989788
CBA;Prec;24;Spatially adjusted;0,676734693877551;1,23153016409651;1,98241453586343;10,8819542921315
CBA;Prec;24;Spatially adjusted;0,696938775510204;2,14444555520276;1,49079717065024;10,697532761782
CBA;Prec;24;Spatially adjusted;0,717142857142857;3,28733270631983;0,892539461733577;10,2927239571654
CBA;Prec;24;Spatially adjusted;0,73734693877551;4,64486016677847;0,194750765359913;9,68222036323232
CBA;Prec;24;Spatially adjusted;0,757551020408163;6,20169648591264;-0,595459562223823;8,88071446493495
CBA;Prec;24;Spatially adjusted;0,777755102040816;7,94251021305445;-1,4709821647707;7,90289874722339
CBA;Prec;24;Spatially adjusted;0,797959183673469;9,85196989753649;-2,42470768603334;6,76346569504949
CBA;Prec;24;Spatially adjusted;0,818163265306122;11,9147440886927;-3,44952676976527;5,47710779336421
CBA;Prec;24;Spatially adjusted;0,838367346938776;14,1155013358539;-4,53833005971956;4,05851752711851
CBA;Prec;24;Spatially adjusted;0,858571428571429;16,4389101883539;-5,68400819964882;2,5223873812638
CBA;Prec;24;Spatially adjusted;0,878775510204082;18,8696391955245;-6,87945183330703;0,883409840751028
CBA;Prec;24;Spatially adjusted;0,898979591836735;21,3923569066997;-8,11755160444636;-0,843722609468387
CBA;Prec;24;Spatially adjusted;0,919183673469388;23,9917318712114;-9,39119815682079;-2,6443174844444
CBA;Prec;24;Spatially adjusted;0,939387755102041;26,6524326383924;-10,693282134182;-4,50368229922424
CBA;Prec;24;Spatially adjusted;0,959591836734694;29,3591277575756;-12,0166941802845;-6,4071245688574
CBA;Prec;24;Spatially adjusted;0,979795918367347;32,0964857780932;-13,3543249388808;-8,33995180839293
CBA;Prec;24;Spatially adjusted;1;34,8491752492778;-14,6990650537241;-10,2874715328799
CBA;Prec;24;Current landscape;0,0270160380750895;155,286566554598;123,144983452055;56,4707355917858
CBA;Prec;24;Current landscape;0,073967020958662;110,248293977439;56,1321733244254;25,4302298630319
CBA;Prec;24;Current landscape;0,128589436411858;131,278599934166;89,7166686528499;60,5492798678665
CBA;Prec;24;Current landscape;0,17308022081852;128,134001134028;81,9531917072677;24,1568551212081
CBA;Prec;24;Current landscape;0,228276535868645;132,303368782676;120,964827359883;52,4071300135702
CBA;Prec;24;Current landscape;0,27501505613327;171,629858046572;115,055787221217;47,9861047382037
CBA;Prec;24;Current landscape;0,322396039962769;162,250333390408;133,396301675728;76,2417056593849
CBA;Prec;24;Current landscape;0,374579429626465;114,17315871652;55,4096518909778;33,3713921662229
CBA;Prec;24;Current landscape;0,424139976501465;93,4621703464454;47,6970321369927;14,2141160161477
CBA;Prec;24;Current landscape;0,478172451257706;103,991465112918;71,1736651708497;28,9077878527774
CBA;Prec;24;Current landscape;0,52541595697403;80,0589711521543;-0,873786429420761;-5,50326699571042
CBA;Prec;24;Current landscape;0,576866090297699;203,533389661422;15,9642945765354;-28,2938958117329
CBA;Prec;24;Current landscape;0,625457108020782;91,6036899859137;12,1351845164327;-21,0177471683569
CBA;Prec;24;Current landscape;0,675970792770386;96,8527432074066;-21,4095465605037;-55,0079113315887
CBA;Prec;24;Current landscape;0,725594013929367;77,3743977827626;23,3604056425274;-22,7609195028094
CBA;Prec;24;Current landscape;0,778328597545624;84,2255087335352;-9,34047118700983;4,81853289430774
CBA;Prec;24;Current landscape;0,822824776172638;-25,3042952035385;-142,462339086937;-108,293356165723
CBA;Prec;24;Current landscape;0,874963104724884;52,3413528987358;-87,1047400047951;-92,3958418206757
CBA;Prec;24;Current landscape;0,9283766746521;40,1521349262007;-70,2604005070753;-149,76536514072
CBA;Prec;24;Current landscape;1;-77,7827399445619;-97,7885891219662;-119,903356548849
CBA;Prec;25;Spatially adjusted;0,01;-3,05118362539542;-6,82467467156312;-17,2886034601156
CBA;Prec;25;Spatially adjusted;0,0302040816326531;-3,02572374432248;-6,76872334807285;-16,1489857522283
CBA;Prec;25;Spatially adjusted;0,0504081632653061;-2,99794478196964;-6,71070345664703;-15,0098418356024
CBA;Prec;25;Spatially adjusted;0,0706122448979592;-2,96552765705474;-6,64854642934824;-13,8716455014983
CBA;Prec;25;Spatially adjusted;0,0908163265306122;-2,92615328829925;-6,58018369824231;-12,7348705411773
CBA;Prec;25;Spatially adjusted;0,111020408163265;-2,87750259442055;-6,50354669539183;-11,5999907459009
CBA;Prec;25;Spatially adjusted;0,131224489795918;-2,8172564941392;-6,41656685286125;-10,4674799069298
CBA;Prec;25;Spatially adjusted;0,151428571428571;-2,74309590617531;-6,31717560271454;-9,33781181552467
CBA;Prec;25;Spatially adjusted;0,171632653061224;-2,65270174924763;-6,20330437701568;-8,21146026294764
CBA;Prec;25;Spatially adjusted;0,191836734693878;-2,54375494207534;-6,07288460782911;-7,08889904045873
CBA;Prec;25;Spatially adjusted;0,212040816326531;-2,4139364033781;-5,92384772721835;-5,9706019393193
CBA;Prec;25;Spatially adjusted;0,232244897959184;-2,26092705187466;-5,75412516724691;-4,8570427507907
CBA;Prec;25;Spatially adjusted;0,252448979591837;-2,08240780628648;-5,5616483599797;-3,74869526613384
CBA;Prec;25;Spatially adjusted;0,27265306122449;-1,87605958533095;-5,34434873748023;-2,64603327660916
CBA;Prec;25;Spatially adjusted;0,292857142857143;-1,63956330772908;-5,10015773181203;-1,54953057347848
CBA;Prec;25;Spatially adjusted;0,313061224489796;-1,37059989219824;-4,82700677504045;-0,459660948002693
CBA;Prec;25;Spatially adjusted;0,333265306122449;-1,06685025746037;-4,52282729922808;0,623101808556839
CBA;Prec;25;Spatially adjusted;0,353469387755102;-0,726832004889275;-4,18718374301761;1,69682451613653
CBA;Prec;25;Spatially adjusted;0,373673469387755;-0,352409466482641;-3,82617257136599;2,75373643945841
CBA;Prec;25;Spatially adjusted;0,393877551020408;0,0537163431067711;-3,44752325580794;3,78460745444181
CBA;Prec;25;Spatially adjusted;0,414081632653061;0,488844409224839;-3,05896526787819;4,78020743700699
CBA;Prec;25;Spatially adjusted;0,434285714285714;0,950273717219261;-2,66822807911149;5,73130626307238
CBA;Prec;25;Spatially adjusted;0,454489795918367;1,43530325243592;-2,28304116104255;6,62867380855823
CBA;Prec;25;Spatially adjusted;0,47469387755102;1,94123200022204;-1,91113398520702;7,46307994938252
CBA;Prec;25;Spatially adjusted;0,494897959183674;2,46535894592444;-1,56023602313871;8,2252945614664
CBA;Prec;25;Spatially adjusted;0,515102040816327;3,00498307489033;-1,23807674637328;8,9060875207274
CBA;Prec;25;Spatially adjusted;0,53530612244898;3,55740337246561;-0,952385626444993;9,49622870308667
CBA;Prec;25;Spatially adjusted;0,555510204081633;4,11991882399752;-0,710892134889036;9,98648798446266
CBA;Prec;25;Spatially adjusted;0,575714285714286;4,68982841483285;-0,521325743240141;10,3676352407747
CBA;Prec;25;Spatially adjusted;0,595918367346939;5,26443113031883;-0,391415923033492;10,6304403479426
CBA;Prec;25;Spatially adjusted;0,616122448979592;5,8410259558018;-0,328892145803366;10,7656731818856
CBA;Prec;25;Spatially adjusted;0,636326530612245;6,41691187662809;-0,341483883085402;10,7641036185223
CBA;Prec;25;Spatially adjusted;0,656530612244898;6,98938787814586;-0,436920606413878;10,6165015337738
CBA;Prec;25;Spatially adjusted;0,676734693877551;7,55575294570008;-0,622931787323523;10,313636803558
CBA;Prec;25;Spatially adjusted;0,696938775510204;8,1138480248801;-0,904934652831798;9,84953112415769
CBA;Prec;25;Spatially adjusted;0,717142857142857;8,66368190223147;-1,27909745188708;9,23121347330652
CBA;Prec;25;Spatially adjusted;0,73734693877551;9,20580532454505;-1,73927618891867;8,46896464910151
CBA;Prec;25;Spatially adjusted;0,757551020408163;9,74076903860805;-2,2793268683572;7,57306544963922
CBA;Prec;25;Spatially adjusted;0,777755102040816;10,2691237912081;-2,89310549463335;6,55379667301668
CBA;Prec;25;Spatially adjusted;0,797959183673469;10,7914203291361;-3,57446807217639;5,42143911732956
CBA;Prec;25;Spatially adjusted;0,818163265306122;11,3082093991784;-4,31727060541743;4,18627358067579
CBA;Prec;25;Spatially adjusted;0,838367346938776;11,8200417481253;-5,11536909878623;2,8585808611515
CBA;Prec;25;Spatially adjusted;0,858571428571429;12,3274681227635;-5,96261955671344;1,44864175685325
CBA;Prec;25;Spatially adjusted;0,878775510204082;12,8310392698827;-6,85287798362879;-0,0332629341219217
CBA;Prec;25;Spatially adjusted;0,898979591836735;13,3313059362713;-7,78000038396294;-1,57685241367699
CBA;Prec;25;Spatially adjusted;0,919183673469388;13,8288188687166;-8,73784276214565;-3,17184588371583
CBA;Prec;25;Spatially adjusted;0,939387755102041;14,324128814008;-9,72026112260755;-4,80796254614188
CBA;Prec;25;Spatially adjusted;0,959591836734694;14,8177865189346;-10,7211114697784;-6,47492160285765
CBA;Prec;25;Spatially adjusted;0,979795918367347;15,310342730284;-11,7342498080898;-8,16244225576702
CBA;Prec;25;Spatially adjusted;1;15,8023481948449;-12,75353214197;-9,86024370677296
CBA;Prec;25;Current landscape;0,0284941364079714;82,8537978403574;31,6346062835901;-20,9971182045506
CBA;Prec;25;Current landscape;0,0744071751832962;75,5892659263773;40,9457608013695;1,12403540207151
CBA;Prec;25;Current landscape;0,129977285861969;89,6822767267536;65,9348205962751;11,9172270349732
CBA;Prec;25;Current landscape;0,173310980200768;134,310635235101;125,57198845106;76,8808007363732
CBA;Prec;25;Current landscape;0,229594677686692;112,788916913064;70,814878411752;40,3381935101934
CBA;Prec;25;Current landscape;0,276861786842346;141,088061922207;123,024661774239;58,1014723997973
CBA;Prec;25;Current landscape;0,325049534440041;144,016395687538;132,67779076467;87,603976770125
CBA;Prec;25;Current landscape;0,378073155879974;117,396116930981;93,1500304639581;70,2450040758954
CBA;Prec;25;Current landscape;0,421433314681053;54,3413883809376;8,94182320048822;11,967368719017
CBA;Prec;25;Current landscape;0,476810991764069;71,8299257537046;51,9737720522517;13,0921527254391
CBA;Prec;25;Current landscape;0,527564525604248;111,735435387641;43,0492320916101;32,2444827744675
CBA;Prec;25;Current landscape;0,57474559545517;192,824273234501;27,7971049119938;11,5040777024219
CBA;Prec;25;Current landscape;0,625683009624481;53,9654419360518;-33,2767593698036;-74,454946013072
CBA;Prec;25;Current landscape;0,677121222019196;92,0040204498837;-45,2754186811289;-62,3574566967664
CBA;Prec;25;Current landscape;0,720745086669922;70,3865919310215;30,8043684722197;-24,0656700693717
CBA;Prec;25;Current landscape;0,778566211462021;90,4533891527294;-27,3146709467296;-14,6800867120792
CBA;Prec;25;Current landscape;0,822888016700745;18,1804346765789;-93,8137813648614;-58,3615276522824
CBA;Prec;25;Current landscape;0,876757204532623;60,6886014241554;-70,1639713318864;-75,2105645834195
CBA;Prec;25;Current landscape;0,929780006408691;36,6102868264361;-58,9815734569356;-139,112267486276
CBA;Prec;25;Current landscape;1;-100,108666354878;-96,6296725306479;-118,813962753844
CBA;Prec;26;Spatially adjusted;0,01;-1,58592494079176;6,68231094520843;-19,3517585675531
CBA;Prec;26;Spatially adjusted;0,0302040816326531;-0,587075355829711;5,36251385460173;-17,6594366282197
CBA;Prec;26;Spatially adjusted;0,0504081632653061;0,405153784123741;4,0536678294684;-15,9731306793647
CBA;Prec;26;Spatially adjusted;0,0706122448979592;1,38414203406137;2,76672393527997;-14,298856711468
CBA;Prec;26;Spatially adjusted;0,0908163265306122;2,34326894897504;1,51263323750982;-12,6426307150091
CBA;Prec;26;Spatially adjusted;0,111020408163265;3,27591408385706;0,302346801630392;-11,0104686804661
CBA;Prec;26;Spatially adjusted;0,131224489795918;4,17545699369839;-0,853184306885851;-9,40838659831888
CBA;Prec;26;Spatially adjusted;0,151428571428571;5,03527723349225;-1,943009022566;-7,84240045904608
CBA;Prec;26;Spatially adjusted;0,171632653061224;5,8487543582296;-2,95617627993715;-6,3185262531274
CBA;Prec;26;Spatially adjusted;0,191836734693878;6,60926792290275;-3,88173501352685;-4,84277997104073
CBA;Prec;26;Spatially adjusted;0,212040816326531;7,31019748250492;-4,70873415786264;-3,42117760326664
CBA;Prec;26;Spatially adjusted;0,232244897959184;7,94492259202525;-5,4262226474716;-2,05973514028301
CBA;Prec;26;Spatially adjusted;0,252448979591837;8,50682280645879;-6,0232494168813;-0,764468572569967
CBA;Prec;26;Spatially adjusted;0,27265306122449;8,98927768079602;-6,48886340061881;0,458606109394168
CBA;Prec;26;Spatially adjusted;0,292857142857143;9,38566677002882;-6,81211353321169;1,60347291513017
CBA;Prec;26;Spatially adjusted;0,313061224489796;9,68936962914904;-6,98204874918656;2,66411585415881
CBA;Prec;26;Spatially adjusted;0,333265306122449;9,89376581314991;-6,98771798307143;3,6345189360004
CBA;Prec;26;Spatially adjusted;0,353469387755102;9,99547203018392;-6,82357994007407;4,50981161296431
CBA;Prec;26;Spatially adjusted;0,373673469387755;10,0040536010483;-6,50573240812628;5,28970510850832
CBA;Prec;26;Spatially adjusted;0,393877551020408;9,93231299970421;-6,05568294583964;5,97505608887786
CBA;Prec;26;Spatially adjusted;0,414081632653061;9,79305270011037;-5,49493911182617;6,56672122031887
CBA;Prec;26;Spatially adjusted;0,434285714285714;9,5990751762256;-4,84500846469882;7,06555716907587
CBA;Prec;26;Spatially adjusted;0,454489795918367;9,36318290201052;-4,12739856306825;7,47242060139524
CBA;Prec;26;Spatially adjusted;0,47469387755102;9,09817835142394;-3,36361696554741;7,78816818352289
CBA;Prec;26;Spatially adjusted;0,494897959183674;8,81686399842556;-2,57517123074831;8,0136565817038
CBA;Prec;26;Spatially adjusted;0,515102040816327;8,53204231697418;-1,78356891728299;8,14974246218344
CBA;Prec;26;Spatially adjusted;0,53530612244898;8,25651578103043;-1,01031758376348;8,19728249120772
CBA;Prec;26;Spatially adjusted;0,555510204081633;8,0030868645531;-0,276924788801807;8,15713333502208
CBA;Prec;26;Spatially adjusted;0,575714285714286;7,7845580415019;0,395101908989545;8,03015165987245
CBA;Prec;26;Spatially adjusted;0,595918367346939;7,61373178583608;0,984254950999457;7,81719413200381
CBA;Prec;26;Spatially adjusted;0,616122448979592;7,503410571514;1,46902677861453;7,51911741766162
CBA;Prec;26;Spatially adjusted;0,636326530612245;7,46639687249717;1,82790983322366;7,1367781830927
CBA;Prec;26;Spatially adjusted;0,656530612244898;7,51549316274395;2,03939655621434;6,67103309454114
CBA;Prec;26;Spatially adjusted;0,676734693877551;7,66350191621405;2,08197938897547;6,12273881825331
CBA;Prec;26;Spatially adjusted;0,696938775510204;7,91992816394441;1,93971881858761;5,49346020653184
CBA;Prec;26;Spatially adjusted;0,717142857142857;8,28108716528368;1,61894751490991;4,78759485591354
CBA;Prec;26;Spatially adjusted;0,73734693877551;8,73999673665821;1,13156619349547;4,01024854899015
CBA;Prec;26;Spatially adjusted;0,757551020408163;9,28967469449299;0,489475569896058;3,16652706835566
CBA;Prec;26;Spatially adjusted;0,777755102040816;9,92313885521571;-0,295423640334775;2,26153619660317
CBA;Prec;26;Spatially adjusted;0,797959183673469;10,6334070352509;-1,21123072164482;1,30038171632486
CBA;Prec;26;Spatially adjusted;0,818163265306122;11,4134970510254;-2,24604495848143;0,288169410115643
CBA;Prec;26;Spatially adjusted;0,838367346938776;12,256426718965;-3,38796563529195;-0,769994939432763
CBA;Prec;26;Spatially adjusted;0,858571428571429;13,1552138554962;-4,62509203652417;-1,86900554972635
CBA;Prec;26;Spatially adjusted;0,878775510204082;14,1028762770443;-5,94552344662407;-3,00375663817204
CBA;Prec;26;Spatially adjusted;0,898979591836735;15,092431800037;-7,33735915004036;-4,16914242217763
CBA;Prec;26;Spatially adjusted;0,919183673469388;16,116898240899;-8,78869843121993;-5,36005711914868
CBA;Prec;26;Spatially adjusted;0,939387755102041;17,169293416056;-10,2876405746101;-6,57139494649209
CBA;Prec;26;Spatially adjusted;0,959591836734694;18,2426351419349;-11,8222848646583;-7,79805012161523
CBA;Prec;26;Spatially adjusted;0,979795918367347;19,3299412349616;-13,3807305858113;-9,03491686192501
CBA;Prec;26;Spatially adjusted;1;20,4242295115628;-14,9510770225174;-10,2768893848274
CBA;Prec;26;Current landscape;0,0233358759433031;151,630646966827;128,547938019624;32,9009445789029
CBA;Prec;26;Current landscape;0,0715934932231903;146,904096936588;114,763532141491;63,2615528748343
CBA;Prec;26;Current landscape;0,12616066634655;131,669111044206;76,988710798481;15,1822471299988
CBA;Prec;26;Current landscape;0,177124515175819;161,36447484483;71,3624306941124;26,0333467872442
CBA;Prec;26;Current landscape;0,228694319725037;166,494466528578;90,329505405236;61,8751349992244
CBA;Prec;26;Current landscape;0,275986969470978;134,116715706773;60,4088752363491;14,3203271588727
CBA;Prec;26;Current landscape;0,324417918920517;183,094251864945;117,898395764208;80,7488856442569
CBA;Prec;26;Current landscape;0,377949118614197;112,696353150152;72,2780942963304;28,3365006278841
CBA;Prec;26;Current landscape;0,42861807346344;61,028389060416;41,4945848278412;16,5309994189101
CBA;Prec;26;Current landscape;0,473935782909393;142,364097071454;49,0090182193649;33,0990781414084
CBA;Prec;26;Current landscape;0,524529755115509;63,4281801561206;-29,1199765171118;-29,3676413236049
CBA;Prec;26;Current landscape;0,574293851852417;145,295859410275;5,16156316827482;-6,48965609171592
CBA;Prec;26;Current landscape;0,627914547920227;48,2544234263023;-42,7330599240149;-69,1054927738314
CBA;Prec;26;Current landscape;0,672543942928314;129,204451278032;-10,4657297468461;-32,1666975694106
CBA;Prec;26;Current landscape;0,72331303358078;60,1503814893199;9,67266317816984;-43,1055433050788
CBA;Prec;26;Current landscape;0,774280369281769;56,6132843763981;-39,2011250119963;-36,5240796318913
CBA;Prec;26;Current landscape;0,821640014648438;-36,6940137039555;-151,597309311682;-116,763980921043
CBA;Prec;26;Current landscape;0,872568845748901;48,360193223074;-82,5954461225101;-86,401337589743
CBA;Prec;26;Current landscape;0,926281332969666;4,20550394428892;-93,005160469238;-169,867547178334
CBA;Prec;26;Current landscape;1;-103,765538831357;-109,677164110869;-128,828191933585
CBA;Prec;27;Spatially adjusted;0,01;-9,88950219733715;-5,15056676492441;-19,1899773926457
CBA;Prec;27;Spatially adjusted;0,0302040816326531;-7,66906149458009;-5,17071478512935;-17,5722896776829
CBA;Prec;27;Spatially adjusted;0,0504081632653061;-5,4660625454294;-5,18984490041839;-15,9607518801067
CBA;Prec;27;Spatially adjusted;0,0706122448979592;-3,2979471034937;-5,20693920587519;-14,361513917303
CBA;Prec;27;Spatially adjusted;0,0908163265306122;-1,18215692237754;-5,22097979658429;-12,7807257066579
CBA;Prec;27;Spatially adjusted;0,111020408163265;0,863866244311339;-5,23094876762889;-11,2245371655576
CBA;Prec;27;Spatially adjusted;0,131224489795918;2,82268064296568;-5,235828214094;-9,6990982113889
CBA;Prec;27;Spatially adjusted;0,151428571428571;4,67684451997866;-5,23460023106236;-8,21055876153741
CBA;Prec;27;Spatially adjusted;0,171632653061224;6,40891612174437;-5,22624691361943;-6,76506873339031
CBA;Prec;27;Spatially adjusted;0,191836734693878;8,00145369465508;-5,20975035684796;-5,36877804433289
CBA;Prec;27;Spatially adjusted;0,212040816326531;9,43701548510353;-5,18409265583205;-4,02783661175181
CBA;Prec;27;Spatially adjusted;0,232244897959184;10,6981597394847;-5,1482559056567;-2,74839435303329
CBA;Prec;27;Spatially adjusted;0,252448979591837;11,7674447041904;-5,10122220140465;-1,53660118556354
CBA;Prec;27;Spatially adjusted;0,27265306122449;12,6274286256139;-5,04197363816047;-0,398607026728769
CBA;Prec;27;Spatially adjusted;0,292857142857143;13,2606697501474;-4,96949231100825;0,659438206084815
CBA;Prec;27;Spatially adjusted;0,313061224489796;13,6497263241863;-4,8827603150321;1,63138459549054
CBA;Prec;27;Spatially adjusted;0,333265306122449;13,7771565941225;-4,78075974531566;2,51108222410221
CBA;Prec;27;Spatially adjusted;0,353469387755102;13,6343688746533;-4,66307854178012;3,29397307722365
CBA;Prec;27;Spatially adjusted;0,373673469387755;13,2481717536998;-4,53172802369409;3,98186675091392
CBA;Prec;27;Spatially adjusted;0,393877551020408;12,6542238874836;-4,38932535516324;4,57816474392303
CBA;Prec;27;Spatially adjusted;0,414081632653061;11,8881839322303;-4,23848770029326;5,08626855500052
CBA;Prec;27;Spatially adjusted;0,434285714285714;10,9857105441629;-4,0818322231903;5,50957968289549
CBA;Prec;27;Spatially adjusted;0,454489795918367;9,98246237950571;-3,92197608795959;5,85149962635751
CBA;Prec;27;Spatially adjusted;0,47469387755102;8,9140980944826;-3,76153645870772;6,11542988413612
CBA;Prec;27;Spatially adjusted;0,494897959183674;7,81627634531787;-3,60313049953902;6,30477195498042
CBA;Prec;27;Spatially adjusted;0,515102040816327;6,72465578823494;-3,44937537456099;6,42292733763998
CBA;Prec;27;Spatially adjusted;0,53530612244898;5,67489507945811;-3,30288824787749;6,47329753086433
CBA;Prec;27;Spatially adjusted;0,555510204081633;4,70265287521079;-3,16628628359558;6,45928403340304
CBA;Prec;27;Spatially adjusted;0,575714285714286;3,84358783171774;-3,04218664582049;6,3842883440052
CBA;Prec;27;Spatially adjusted;0,595918367346939;3,13335860520192;-2,93320649865882;6,25171196142037
CBA;Prec;27;Spatially adjusted;0,616122448979592;2,60762385188809;-2,84196300621488;6,06495638439765
CBA;Prec;27;Spatially adjusted;0,636326530612245;2,30204222799921;-2,77107333259528;5,82742311168749
CBA;Prec;27;Spatially adjusted;0,656530612244898;2,25227238976049;-2,72315464190524;5,5425136420381
CBA;Prec;27;Spatially adjusted;0,676734693877551;2,49397299339489;-2,70082409825136;5,21362947419948
CBA;Prec;27;Spatially adjusted;0,696938775510204;3,05345199098429;-2,70596886639669;4,84402782795678
CBA;Prec;27;Spatially adjusted;0,717142857142857;3,91961451803991;-2,7375561137369;4,43638880723938
CBA;Prec;27;Spatially adjusted;0,73734693877551;5,07201500593101;-2,79382300832549;3,99324823701227
CBA;Prec;27;Spatially adjusted;0,757551020408163;6,49020788602502;-2,87300671821686;3,51714194223996
CBA;Prec;27;Spatially adjusted;0,777755102040816;8,15374758969392;-2,9733444114645;3,01060574788789
CBA;Prec;27;Spatially adjusted;0,797959183673469;10,0421885483033;-3,09307325612144;2,4761754789206
CBA;Prec;27;Spatially adjusted;0,818163265306122;12,1350851932243;-3,2304304202421;1,91638696030395
CBA;Prec;27;Spatially adjusted;0,838367346938776;14,4119919558248;-3,38365307187951;1,33377601700204
CBA;Prec;27;Spatially adjusted;0,858571428571429;16,8524632674739;-3,55097837908761;0,730878473980283
CBA;Prec;27;Spatially adjusted;0,878775510204082;19,4360535595411;-3,7306435099199;0,110230156203215
CBA;Prec;27;Spatially adjusted;0,898979591836735;22,142317263394;-3,92088563243078;-0,525633111363732
CBA;Prec;27;Spatially adjusted;0,919183673469388;24,950808810403;-4,11994191467284;-1,17417550375512
CBA;Prec;27;Spatially adjusted;0,939387755102041;27,8410826319359;-4,32604952470092;-1,83286119600643
CBA;Prec;27;Spatially adjusted;0,959591836734694;30,7926931593624;-4,53744563056716;-2,49915436315314
CBA;Prec;27;Spatially adjusted;0,979795918367347;33,7851948240514;-4,75236740032642;-3,1705191802298
CBA;Prec;27;Spatially adjusted;1;36,7981420573706;-4,96905200203219;-3,84441982227145
CBA;Prec;27;Current landscape;0,02199119143188;62,5571292940408;39,3782941247182;-16,8386956812669
CBA;Prec;27;Current landscape;0,0730526447296143;159,083124099786;113,172790782516;75,9454512341599
CBA;Prec;27;Current landscape;0,128885224461555;160,685737610525;103,87426896901;65,2916177809161
CBA;Prec;27;Current landscape;0,173534989356995;134,144739517723;100,685659582776;41,9625625129365
CBA;Prec;27;Current landscape;0,228822663426399;125,038493288502;57,38657501629;24,6431501613511
CBA;Prec;27;Current landscape;0,273778021335602;162,066324421492;109,783881933196;68,1980060861306
CBA;Prec;27;Current landscape;0,321908965706825;178,140299438196;110,372766345762;47,5750237832799
CBA;Prec;27;Current landscape;0,37593400478363;119,868780192703;60,8574291390164;34,0053396793942
CBA;Prec;27;Current landscape;0,428410083055496;99,2910311704582;43,785922205298;20,0371592086262
CBA;Prec;27;Current landscape;0,475224673748016;115,922741913795;43,650626585425;37,2697958297717
CBA;Prec;27;Current landscape;0,523820459842682;81,1225286230301;-3,82747314406106;-20,4108511040399
CBA;Prec;27;Current landscape;0,573873162269592;196,908762352975;28,1341316720104;5,33521464145224
CBA;Prec;27;Current landscape;0,627016007900238;35,0577439881495;-64,6524883181496;-69,9724169097349
CBA;Prec;27;Current landscape;0,67581582069397;86,9580782714052;-51,2635076406773;-55,8612429638561
CBA;Prec;27;Current landscape;0,722651541233063;80,5382099665017;30,3183778078392;-7,03932226871393
CBA;Prec;27;Current landscape;0,774014592170715;75,9966157096828;-30,0911207018908;-2,31630104860733
CBA;Prec;27;Current landscape;0,826457381248474;-15,366762547857;-131,226987999715;-97,3193269209364
CBA;Prec;27;Current landscape;0,872935235500336;51,6824915326256;-83,7440837718418;-90,5871862001718
CBA;Prec;27;Current landscape;0,925251364707947;42,1611741738893;-60,7252434289885;-142,07369782623
CBA;Prec;27;Current landscape;1;-100,669602340995;-108,698419876251;-132,302649276321
CBA;Prec;28;Spatially adjusted;0,01;-2,8533866831317;-10,9220783108258;-15,8530687614416
CBA;Prec;28;Spatially adjusted;0,0302040816326531;-2,00682151663341;-10,1308713471581;-14,0477455078258
CBA;Prec;28;Spatially adjusted;0,0504081632653061;-1,16595124163086;-9,34409983046498;-12,2510369848314
CBA;Prec;28;Spatially adjusted;0,0706122448979592;-0,336470749617547;-8,56619920772209;-10,4715579230783
CBA;Prec;28;Spatially adjusted;0,0908163265306122;0,475925067909429;-7,80160492590312;-8,71792305318877
CBA;Prec;28;Spatially adjusted;0,111020408163265;1,26554131945613;-7,05475243198407;-6,99874710578251
CBA;Prec;28;Spatially adjusted;0,131224489795918;2,02668311352727;-6,33007717293958;-5,32264481148104
CBA;Prec;28;Spatially adjusted;0,151428571428571;2,75365555862754;-5,63201459574384;-3,6982309009054
CBA;Prec;28;Spatially adjusted;0,171632653061224;3,44076376326211;-4,96500014737239;-2,13412010467664
CBA;Prec;28;Spatially adjusted;0,191836734693878;4,08231283593477;-4,33346927479943;-0,638927153415352
CBA;Prec;28;Spatially adjusted;0,212040816326531;4,67260788515205;-3,74185742500094;0,77873322225696
CBA;Prec;28;Spatially adjusted;0,232244897959184;5,20595401941728;-3,19460004495068;2,11024629172016
CBA;Prec;28;Spatially adjusted;0,252448979591837;5,67665634723653;-2,69613258162417;3,34699732435229
CBA;Prec;28;Spatially adjusted;0,27265306122449;6,07901997711406;-2,25089048199561;4,48037158953366
CBA;Prec;28;Spatially adjusted;0,292857142857143;6,40735001755411;-1,86330919304055;5,50175435664232
CBA;Prec;28;Spatially adjusted;0,313061224489796;6,65595157706321;-1,53782416173408;6,40253089505768
CBA;Prec;28;Spatially adjusted;0,333265306122449;6,81912976414424;-1,27887083505038;7,17408647415823
CBA;Prec;28;Spatially adjusted;0,353469387755102;6,89428991034447;-1,08945351646935;7,81054991343626
CBA;Prec;28;Spatially adjusted;0,373673469387755;6,8912382393687;-0,966851935490922;8,31702423283241
CBA;Prec;28;Spatially adjusted;0,393877551020408;6,82288119796567;-0,906914678119392;8,7013560024011
CBA;Prec;28;Spatially adjusted;0,414081632653061;6,70212523288228;-0,905490330359953;8,97139179219448
CBA;Prec;28;Spatially adjusted;0,434285714285714;6,5418767908659;-0,958427478216436;9,13497817226653
CBA;Prec;28;Spatially adjusted;0,454489795918367;6,35504231866389;-1,06157470769404;9,19996171267076
CBA;Prec;28;Spatially adjusted;0,47469387755102;6,15452826302317;-1,21078060479795;9,17418898346159
CBA;Prec;28;Spatially adjusted;0,494897959183674;5,95324107069064;-1,40189375553155;9,06550655469164
CBA;Prec;28;Spatially adjusted;0,515102040816327;5,76408718841458;-1,63076274590048;8,88176099641441
CBA;Prec;28;Spatially adjusted;0,53530612244898;5,59997306294144;-1,89323616190904;8,63079887868389
CBA;Prec;28;Spatially adjusted;0,555510204081633;5,4738051410186;-2,18516258956151;8,32046677155313
CBA;Prec;28;Spatially adjusted;0,575714285714286;5,39848986939342;-2,50239061486263;7,95861124507655
CBA;Prec;28;Spatially adjusted;0,595918367346939;5,38693369481325;-2,8407688238176;7,55307886930632
CBA;Prec;28;Spatially adjusted;0,616122448979592;5,45204306402638;-3,19614580243024;7,1117162142973
CBA;Prec;28;Spatially adjusted;0,636326530612245;5,60672442377745;-3,5643701367062;6,64236985010257
CBA;Prec;28;Spatially adjusted;0,656530612244898;5,86388422081564;-3,94129041264932;6,15288634677563
CBA;Prec;28;Spatially adjusted;0,676734693877551;6,23642890188876;-4,32275521626434;5,6511122743691
CBA;Prec;28;Spatially adjusted;0,696938775510204;6,73377747125642;-4,7053009409542;5,14363273291929
CBA;Prec;28;Spatially adjusted;0,717142857142857;7,35139916323124;-5,08821520971605;4,63198694238281
CBA;Prec;28;Spatially adjusted;0,73734693877551;8,08127576963989;-5,47147345294525;4,11645265269954
CBA;Prec;28;Spatially adjusted;0,757551020408163;8,91538908230723;-5,85505110103622;3,59730761380797
CBA;Prec;28;Spatially adjusted;0,777755102040816;9,84572089306175;-6,2389235843857;3,07482957564798
CBA;Prec;28;Spatially adjusted;0,797959183673469;10,8642529937283;-6,62306633338676;2,54929628815762
CBA;Prec;28;Spatially adjusted;0,818163265306122;11,9629671761331;-7,00745477843611;2,02098550127675
CBA;Prec;28;Spatially adjusted;0,838367346938776;13,1338452321024;-7,39206434992866;1,49017496494434
CBA;Prec;28;Spatially adjusted;0,858571428571429;14,3688689534624;-7,77687047825975;0,957142429099349
CBA;Prec;28;Spatially adjusted;0,878775510204082;15,6600201320393;-8,16184859382383;0,422165643680273
CBA;Prec;28;Spatially adjusted;0,898979591836735;16,9992805596594;-8,54697412701671;-0,114477641372559
CBA;Prec;28;Spatially adjusted;0,919183673469388;18,3786320281479;-8,93222250823374;-0,652509676121099
CBA;Prec;28;Spatially adjusted;0,939387755102041;19,7900563293324;-9,31756916786981;-1,19165271062639
CBA;Prec;28;Spatially adjusted;0,959591836734694;21,2255352550383;-9,70298953632027;-1,7316289949481
CBA;Prec;28;Spatially adjusted;0,979795918367347;22,6770505970912;-10,0884590439805;-2,27216077914818
CBA;Prec;28;Spatially adjusted;1;24,1365841473184;-10,4739531212458;-2,81297031328768
CBA;Prec;28;Current landscape;0,0310810022056103;179,295424739718;117,200624420874;49,5245176929461
CBA;Prec;28;Current landscape;0,0736310482025146;125,664570110536;86,1913978784096;38,4811659056359
CBA;Prec;28;Current landscape;0,126180574297905;146,609639823509;112,782434692984;46,2085462287205
CBA;Prec;28;Current landscape;0,175030916929245;111,607471212658;72,2372927734518;50,3061832903336
CBA;Prec;28;Current landscape;0,229113459587097;120,138897034216;103,097266847505;81,0303098840022
CBA;Prec;28;Current landscape;0,275552868843079;102,328665721879;67,9331164296887;52,6460932442519
CBA;Prec;28;Current landscape;0,324677556753159;157,382612426907;109,395750229488;53,0662973689055
CBA;Prec;28;Current landscape;0,374482274055481;134,756059692004;92,8531007282104;67,475197858887
CBA;Prec;28;Current landscape;0,425515592098236;47,5857280670475;22,0515327812582;-7,41588994028325
CBA;Prec;28;Current landscape;0,473587706685066;79,683194331491;50,0757827924135;10,1418208334017
CBA;Prec;28;Current landscape;0,526943594217301;82,2959584220912;16,7720514806833;6,96888417303853
CBA;Prec;28;Current landscape;0,57151198387146;134,218734211428;-13,0286264388665;-21,6329253039803
CBA;Prec;28;Current landscape;0,624598205089569;79,1660346205536;-4,68963280022263;-32,7064881038573
CBA;Prec;28;Current landscape;0,67386656999588;88,2308850606642;-50,951786775317;-79,3073155259967
CBA;Prec;28;Current landscape;0,722994923591614;73,6327449522282;10,141429093002;-20,5063605608998
CBA;Prec;28;Current landscape;0,774299204349518;98,9482032001993;-0,831577690968061;-8,8068450239557
CBA;Prec;28;Current landscape;0,826739966869354;28,113233363486;-88,8626887835949;-53,1558724103893
CBA;Prec;28;Current landscape;0,878549486398697;30,7305242105636;-104,286215591892;-107,551692605392
CBA;Prec;28;Current landscape;0,923388451337815;-33,4446100143068;-131,773468761831;-208,19463701124
CBA;Prec;28;Current landscape;1;-90,9902974846809;-97,184149332395;-115,958160816699
CBA;Prec;29;Spatially adjusted;0,01;-6,31532762212055;-11,626454263007;-18,7895517675229
CBA;Prec;29;Spatially adjusted;0,0302040816326531;-5,54536919883776;-10,4614097356662;-16,8286721407144
CBA;Prec;29;Spatially adjusted;0,0504081632653061;-4,78120198532952;-9,30365611745765;-14,8779223140423
CBA;Prec;29;Spatially adjusted;0,0706122448979592;-4,02861719137172;-8,16048431751187;-12,9474320876434
CBA;Prec;29;Spatially adjusted;0,0908163265306122;-3,2934060267371;-7,03918524496203;-11,0473312616546
CBA;Prec;29;Spatially adjusted;0,111020408163265;-2,58135970120247;-5,94704980893857;-9,18774963621127
CBA;Prec;29;Spatially adjusted;0,131224489795918;-1,89826942454147;-4,8913689185747;-7,37881701145034
CBA;Prec;29;Spatially adjusted;0,151428571428571;-1,24992640652863;-3,87943348300132;-5,63066318750862
CBA;Prec;29;Spatially adjusted;0,171632653061224;-0,642121856940321;-2,91853441135072;-3,95341796452294
CBA;Prec;29;Spatially adjusted;0,191836734693878;-0,0806469855497198;-2,01596261275336;-2,35721114262924
CBA;Prec;29;Spatially adjusted;0,212040816326531;0,428706997867721;-1,17900899634287;-0,852172521963894
CBA;Prec;29;Spatially adjusted;0,232244897959184;0,880148883537913;-0,414964471250187;0,551568097335803
CBA;Prec;29;Spatially adjusted;0,252448979591837;1,26788746168495;0,268880053393787;1,84388091513392
CBA;Prec;29;Spatially adjusted;0,27265306122449;1,58613152253429;0,865233668455858;3,01463613129363
CBA;Prec;29;Spatially adjusted;0,292857142857143;1,82908985631184;1,36680546480511;4,05370394567899
CBA;Prec;29;Spatially adjusted;0,313061224489796;1,99097125324215;1,76630453330927;4,95095455815317
CBA;Prec;29;Spatially adjusted;0,333265306122449;2,06598450355114;2,05643996483695;5,69625816857933
CBA;Prec;29;Spatially adjusted;0,353469387755102;2,05193322401965;2,23241447717601;6,28311732224211
CBA;Prec;29;Spatially adjusted;0,373673469387755;1,96100033765379;2,29940529579289;6,7195639461097
CBA;Prec;29;Spatially adjusted;0,393877551020408;1,80896359401413;2,26508327307465;7,01726231257089
CBA;Prec;29;Spatially adjusted;0,414081632653061;1,6116007426649;2,13711926140786;7,1878766940149
CBA;Prec;29;Spatially adjusted;0,434285714285714;1,38468953316669;1,92318411317819;7,24307136283096
CBA;Prec;29;Spatially adjusted;0,454489795918367;1,14400771508099;1,6309486807736;7,19451059140693
CBA;Prec;29;Spatially adjusted;0,47469387755102;0,905333037971559;1,26808381657975;7,05385865213293
CBA;Prec;29;Spatially adjusted;0,494897959183674;0,684443251398534;0,842260372982764;6,83277981739821
CBA;Prec;29;Spatially adjusted;0,515102040816327;0,497116104924317;0,361149202370143;6,54293835959061
CBA;Prec;29;Spatially adjusted;0,53530612244898;0,359129348110855;-0,167578842872445;6,19599855109982
CBA;Prec;29;Spatially adjusted;0,555510204081633;0,286260730521462;-0,736252910357052;5,80362466431507
CBA;Prec;29;Spatially adjusted;0,575714285714286;0,294288001715358;-1,33720214769892;5,37748097162466
CBA;Prec;29;Spatially adjusted;0,595918367346939;0,398988911256311;-1,96275570251055;4,92923174541875
CBA;Prec;29;Spatially adjusted;0,616122448979592;0,616141208706722;-2,60524272240491;4,47054125808472
CBA;Prec;29;Spatially adjusted;0,636326530612245;0,961522643627177;-3,25699235499678;4,01307378201318
CBA;Prec;29;Spatially adjusted;0,656530612244898;1,45091096558008;-3,91033374789868;3,56849358959153
CBA;Prec;29;Spatially adjusted;0,676734693877551;2,10008392412738;-4,55759604872446;3,14846495321035
CBA;Prec;29;Spatially adjusted;0,696938775510204;2,92036086904864;-5,19253010907278;2,76233085164677
CBA;Prec;29;Spatially adjusted;0,717142857142857;3,90522755099164;-5,81457359648766;2,41014908923489
CBA;Prec;29;Spatially adjusted;0,73734693877551;5,04371132082179;-6,42458588249747;2,08965617669855
CBA;Prec;29;Spatially adjusted;0,757551020408163;6,32483952940356;-7,02342633863145;1,79858862476021
CBA;Prec;29;Spatially adjusted;0,777755102040816;7,73763952760237;-7,61195433641797;1,5346829441437
CBA;Prec;29;Spatially adjusted;0,797959183673469;9,27113866628406;-8,19102924738581;1,29567564557192
CBA;Prec;29;Spatially adjusted;0,818163265306122;10,9143642963136;-8,76151044306516;1,07930323976825
CBA;Prec;29;Spatially adjusted;0,838367346938776;12,6563437685559;-9,32425729498391;0,883302237455609
CBA;Prec;29;Spatially adjusted;0,858571428571429;14,4861044338768;-9,88012917467131;0,705409149357365
CBA;Prec;29;Spatially adjusted;0,878775510204082;16,3926736431408;-10,4299854536557;0,543360486196434
CBA;Prec;29;Spatially adjusted;0,898979591836735;18,3650787472134;-10,9746855034673;0,394892758696642
CBA;Prec;29;Spatially adjusted;0,919183673469388;20,3923470969603;-11,5150886956339;0,257742477580905
CBA;Prec;29;Spatially adjusted;0,939387755102041;22,4635060432456;-12,0520544016845;0,129646153572139
CBA;Prec;29;Spatially adjusted;0,959591836734694;24,5675829369357;-12,586441993149;0,00834029739371545
CBA;Prec;29;Spatially adjusted;0,979795918367347;26,6936051288958;-13,1191108415551;-0,108438580230995
CBA;Prec;29;Spatially adjusted;1;28,8305999699901;-13,6509203184323;-0,222953968578622
CBA;Prec;29;Current landscape;0,0250902883708477;150,165599116432;92,9308638702846;36,8657669618401
CBA;Prec;29;Current landscape;0,0726786702871323;141,286267597258;99,9052570922832;48,5424550450025
CBA;Prec;29;Current landscape;0,126180574297905;216,809513597769;159,401550415873;96,8552744741851
CBA;Prec;29;Current landscape;0,173995241522789;126,234538687007;131,227720160306;65,0265246876456
CBA;Prec;29;Current landscape;0,226414903998375;133,776876258341;105,380672949148;66,1048932940953
CBA;Prec;29;Current landscape;0,276728063821793;133,978166236514;109,67150949565;58,4092647773327
CBA;Prec;29;Current landscape;0,320305377244949;183,387764221147;115,735792840444;79,4628584205066
CBA;Prec;29;Current landscape;0,376080721616745;103,536746334934;97,0928995389395;59,5845696712217
CBA;Prec;29;Current landscape;0,425058484077454;44,2874974358333;36,5515683870835;8,05315110462152
CBA;Prec;29;Current landscape;0,474451154470444;106,41236713844;80,0739780433301;29,0937648276745
CBA;Prec;29;Current landscape;0,522526681423187;108,268638209002;40,6142401901202;-15,6359639903621
CBA;Prec;29;Current landscape;0,575312376022339;176,450793408565;33,0530416136335;10,4795214494916
CBA;Prec;29;Current landscape;0,624668180942535;69,3057209333497;-28,0334359372732;-53,6847768070425
CBA;Prec;29;Current landscape;0,672149896621704;109,077626271543;-13,9400564808025;-33,995465716921
CBA;Prec;29;Current landscape;0,722869098186493;63,569771447203;18,5025143091229;-14,1720494162723
CBA;Prec;29;Current landscape;0,775041103363037;44,15581292364;-57,9293265531069;-71,2812564802903
CBA;Prec;29;Current landscape;0,827902019023895;-45,1514802809838;-160,789090795072;-128,051171901062
CBA;Prec;29;Current landscape;0,875995814800262;58,5675381359579;-79,8921323423997;-83,8794634025253
CBA;Prec;29;Current landscape;0,927298903465271;13,0448843331983;-94,3062749183641;-171,572502998346
CBA;Prec;29;Current landscape;1;-93,3282381797499;-108,131547290087;-125,802869862247
CBA;Prec;30;Spatially adjusted;0,01;-10,5948456629862;5,65987679277441;-15,709287575874
CBA;Prec;30;Spatially adjusted;0,0302040816326531;-9,07143295823698;5,21023430107653;-14,0966681360924
CBA;Prec;30;Spatially adjusted;0,0504081632653061;-7,55897780253372;4,76206940578686;-12,4919853568026
CBA;Prec;30;Spatially adjusted;0,0706122448979592;-6,06843774492108;4,31685970331364;-10,9031758984952
CBA;Prec;30;Spatially adjusted;0,0908163265306122;-4,61077033444462;3,87608279006508;-9,33817642166105
CBA;Prec;30;Spatially adjusted;0,111020408163265;-3,19693312015033;3,44121626244851;-7,80492358679203
CBA;Prec;30;Spatially adjusted;0,131224489795918;-1,8378836510833;3,01373771687258;-6,31135405437863
CBA;Prec;30;Spatially adjusted;0,151428571428571;-0,544579476288618;2,59512474974599;-4,86540448491223
CBA;Prec;30;Spatially adjusted;0,171632653061224;0,672021855187722;2,18685495747604;-3,47501153888425
CBA;Prec;30;Spatially adjusted;0,191836734693878;1,80096279429972;1,79040593647142;-2,14811187678652
CBA;Prec;30;Spatially adjusted;0,212040816326531;2,83128579200411;1,40725528313988;-0,892642159109073
CBA;Prec;30;Spatially adjusted;0,232244897959184;3,75203329925262;1,03888059388964;0,283460953656231
CBA;Prec;30;Spatially adjusted;0,252448979591837;4,55224776700197;0,686759465128944;1,37226080101846
CBA;Prec;30;Spatially adjusted;0,27265306122449;5,22097164620482;0,352369493265542;2,36582072248666
CBA;Prec;30;Spatially adjusted;0,292857142857143;5,74724738781652;0,0371882747085692;3,25620405756899
CBA;Prec;30;Spatially adjusted;0,313061224489796;6,12011744279289;-0,257306594134661;4,03547414577452
CBA;Prec;30;Spatially adjusted;0,333265306122449;6,32862426208749;-0,529637516855928;4,69569432661228
CBA;Prec;30;Spatially adjusted;0,353469387755102;6,36742896324131;-0,77925058976416;5,23159805022215
CBA;Prec;30;Spatially adjusted;0,373673469387755;6,25366733014971;-1,00928668003735;5,64859920926983
CBA;Prec;30;Spatially adjusted;0,393877551020408;6,01009381329232;-1,22381034756972;5,95478180705322
CBA;Prec;30;Spatially adjusted;0,414081632653061;5,65946286314966;-1,42688615225734;6,15822984686929
CBA;Prec;30;Spatially adjusted;0,434285714285714;5,22452893020409;-1,62257865399397;6,26702733201501
CBA;Prec;30;Spatially adjusted;0,454489795918367;4,72804646493478;-1,81495241267521;6,28925826578779
CBA;Prec;30;Spatially adjusted;0,47469387755102;4,19276991782317;-2,0080719881953;6,23300665148508
CBA;Prec;30;Spatially adjusted;0,494897959183674;3,64145373935071;-2,20600194045073;6,10635649240385
CBA;Prec;30;Spatially adjusted;0,515102040816327;3,09685237999793;-2,41280682933484;5,91739179184151
CBA;Prec;30;Spatially adjusted;0,53530612244898;2,5817202902449;-2,63255121474322;5,6741965530955
CBA;Prec;30;Spatially adjusted;0,555510204081633;2,11881192057399;-2,869299656571;5,38485477946233
CBA;Prec;30;Spatially adjusted;0,575714285714286;1,7308817214639;-3,12711671471288;5,05745047424034
CBA;Prec;30;Spatially adjusted;0,595918367346939;1,4406841433979;-3,41006694906355;4,70006764072559
CBA;Prec;30;Spatially adjusted;0,616122448979592;1,27097363685562;-3,72221491951859;4,32079028221642
CBA;Prec;30;Spatially adjusted;0,636326530612245;1,24450465231803;-4,06762518597179;3,92770240200935
CBA;Prec;30;Spatially adjusted;0,656530612244898;1,38403164026613;-4,4503623083192;3,52888800340224
CBA;Prec;30;Spatially adjusted;0,676734693877551;1,71230905118045;-4,87449084645505;3,13243108969209
CBA;Prec;30;Spatially adjusted;0,696938775510204;2,24609575136356;-5,34292443387949;2,74495956479041
CBA;Prec;30;Spatially adjusted;0,717142857142857;2,97816827040379;-5,85397299850638;2,36727693507146
CBA;Prec;30;Spatially adjusted;0,73734693877551;3,89530755371015;-6,40479554185777;1,99873060752225
CBA;Prec;30;Spatially adjusted;0,757551020408163;4,98429454669213;-6,99255106545115;1,63866798913023
CBA;Prec;30;Spatially adjusted;0,777755102040816;6,23191019476008;-7,61439857080768;1,28643648688421
CBA;Prec;30;Spatially adjusted;0,797959183673469;7,62493544332347;-8,26749705944621;0,941383507771661
CBA;Prec;30;Spatially adjusted;0,818163265306122;9,1501512377904;-8,94900553288744;0,602856458780479
CBA;Prec;30;Spatially adjusted;0,838367346938776;10,7943385235726;-9,65608299265114;0,270202746898121
CBA;Prec;30;Spatially adjusted;0,858571428571429;12,5442782460773;-10,3858884402562;-0,0572302208870497
CBA;Prec;30;Spatially adjusted;0,878775510204082;14,3867513507157;-11,1355808772232;-0,380095037587125
CBA;Prec;30;Spatially adjusted;0,898979591836735;16,3085387828974;-11,9023193050716;-0,699044296214652
CBA;Prec;30;Spatially adjusted;0,919183673469388;18,2964214880312;-12,6832627253207;-1,01473058978127
CBA;Prec;30;Spatially adjusted;0,939387755102041;20,3371804115263;-13,4755701394911;-1,32780651129906
CBA;Prec;30;Spatially adjusted;0,959591836734694;22,4175964987926;-14,2764005491017;-1,63892465378103
CBA;Prec;30;Spatially adjusted;0,979795918367347;24,5244506952404;-15,0829129556737;-1,94873761023837
CBA;Prec;30;Spatially adjusted;1;26,6445239462787;-15,8922663607254;-2,25789797368361
CBA;Prec;30;Current landscape;0,0264355875551701;186,018967572127;170,793563652636;92,0245725870059
CBA;Prec;30;Current landscape;0,0749576464295387;170,393759170982;121,656266360459;80,180449627575
CBA;Prec;30;Current landscape;0,125895977020264;113,593152611812;88,591693346636;10,2148583277644
CBA;Prec;30;Current landscape;0,174796372652054;150,497468821416;106,479472930145;48,0660701589468
CBA;Prec;30;Current landscape;0,227788314223289;163,70659458247;112,595916281179;69,4426613994706
CBA;Prec;30;Current landscape;0,276349365711212;174,469123389455;104,321124896529;83,8501636761657
CBA;Prec;30;Current landscape;0,32575124502182;140,975786792684;104,606538972893;58,3107190006645
CBA;Prec;30;Current landscape;0,374780744314194;74,771727282212;46,5351723347208;16,9331136894057
CBA;Prec;30;Current landscape;0,423047512769699;24,3045721046224;-2,21164694677236;-17,3252936213626
CBA;Prec;30;Current landscape;0,477029740810395;88,7744605848766;52,1826106832778;-11,3484722045941
CBA;Prec;30;Current landscape;0,524829030036926;111,433587954406;29,8973518781695;17,2134527219391
CBA;Prec;30;Current landscape;0,573790907859802;141,06508682952;-3,67489386347916;-2,88506953965771
CBA;Prec;30;Current landscape;0,622918009757996;45,6784073786353;-21,3781374162577;-57,1073619316208
CBA;Prec;30;Current landscape;0,674330115318298;125,422651355597;2,75068284082454;-9,48759682102082
CBA;Prec;30;Current landscape;0,72419399023056;66,5965524491176;3,49132628589496;-36,4295266248432
CBA;Prec;30;Current landscape;0,772720336914062;85,4988646169872;-43,9700895587603;-48,0635892553287
CBA;Prec;30;Current landscape;0,82414847612381;16,4298322645195;-101,835063730787;-61,6868770492379
CBA;Prec;30;Current landscape;0,876247882843018;98,8512168607303;-40,1795249807251;-38,4047960026528
CBA;Prec;30;Current landscape;0,92437806725502;33,3544642530137;-71,2601291897668;-142,976805058077
CBA;Prec;30;Current landscape;1;-80,9719656824746;-91,6528809437746;-103,49084738025
